[trap] num=-28 (0xffffffffffffffe4) pc=0x140001654 args=[0x27ff918,0x8,0x1400e0090,0x27ff3bf,0x27ff508,0x1400647cc,0x0,0x0]
[trap] num=-26 (0xffffffffffffffe6) pc=0x14000163c args=[0x203,0x8,0x1400e0090,0x27ff3bf,0x27ff508,0x1400647cc,0x0,0x0]
[trap] num=372 (0x174) pc=0x140004b14 args=[0x0,0x8,0x1400e0090,0x27ff3bf,0x27ff508,0x1400647cc,0x0,0x0]
[trap] num=2147483648 (0x80000000) pc=0x14008194c args=[0x1400b9ee0,0x8,0x1400e0090,0x2,0x27ff508,0x1400647cc,0x0,0x0]
[retrace warn] dyld __mac_syscall(Sandbox) synthesized as success/unsandboxed (not forwarded; host would fault)
[trap] num=38 (0x26) pc=0x1400815a0 args=[0x0,0x0,0x0,0x27ff5b8,0x0,0x1400647cc,0x0,0x0]
[trap] num=-14 (0xfffffffffffffff2) pc=0x1400015b8 args=[0x203,0x1400bc000,0x200f0,0x0,0x3,0x1400647cc,0x0,0x0]
[trap] num=483 (0x1e3) pc=0x140004e08 args=[0x0,0x27ff57c,0x4,0x0,0x3,0x1400647cc,0x0,0x0]
[trap] num=38 (0x26) pc=0x1400815a0 args=[0x0,0x0,0x0,0x27ff538,0x0,0x1400647cc,0x0,0x0]
[trap] num=-14 (0xfffffffffffffff2) pc=0x1400015b8 args=[0x203,0x1400bc000,0x200f0,0x0,0x1,0x1400bc0f0,0x20000,0x0]
[trap] num=-14 (0xfffffffffffffff2) pc=0x1400015b8 args=[0x203,0x1400bc000,0x200f0,0x0,0x3,0x1400bc0f0,0x20000,0x0]
[trap] num=-14 (0xfffffffffffffff2) pc=0x1400015b8 args=[0x203,0x1400bc000,0x200f0,0x0,0x1,0x63,0x20000,0xec0]
[trap] num=294 (0x126) pc=0x1400062f8 args=[0x27ff8e0,0x27ff8e0,0x27ff8d0,0x27ff8e0,0x27ff940,0x63,0x20000,0xec0]
[trap] num=-14 (0xfffffffffffffff2) pc=0x1400015b8 args=[0x203,0x1400bc000,0x200f0,0x0,0x3,0x63,0x20000,0xec0]
[trap] num=-15 (0xfffffffffffffff1) pc=0x1400015c4 args=[0x203,0x27fed60,0x20000,0x3fff,0x3c000001,0x3,0x0,0x0]
[trap] num=20 (0x14) pc=0x140004f48 args=[0x0,0x3,0x74380663dfc,0x2,0x1,0x27ff4b0,0x65,0x0]
[trap] num=-12 (0xfffffffffffffff4) pc=0x1400015a0 args=[0x203,0x1003c0000,0x20000,0x0,0x0,0x0,0x0,0x0]
[trap] num=-14 (0xfffffffffffffff2) pc=0x1400015b8 args=[0x203,0x1400bc000,0x200f0,0x0,0x1,0x0,0x0,0x0]
[trap] num=38 (0x26) pc=0x1400815a0 args=[0x0,0x0,0x0,0x27ff6c8,0x1,0x0,0x0,0x0]
[trap] num=483 (0x1e3) pc=0x140004e08 args=[0x0,0x27ff6dc,0x4,0x27ff748,0x1,0x0,0x0,0x0]
[trap] num=-14 (0xfffffffffffffff2) pc=0x1400015b8 args=[0x203,0x1400bc000,0x200f0,0x0,0x3,0x0,0x0,0x0]
[trap] num=-15 (0xfffffffffffffff1) pc=0x1400015c4 args=[0x203,0x27fed60,0x20000,0x3fff,0x3c000001,0x3,0x0,0x0]
[trap] num=-12 (0xfffffffffffffff4) pc=0x1400015a0 args=[0x203,0x1003c0000,0x20000,0x0,0x0,0x0,0x0,0x0]
[trap] num=-14 (0xfffffffffffffff2) pc=0x1400015b8 args=[0x203,0x1400bc000,0x200f0,0x0,0x1,0x0,0x0,0x0]
[trap] num=336 (0x150) pc=0x14000600c args=[0xf,0x10cfe,0x0,0x0,0x1ec6f7f80,0x170,0x0,0x0]
[trap] num=-28 (0xffffffffffffffe4) pc=0x180115654 args=[0x1,0x0,0x0,0x0,0x0,0x0,0x0,0x0]
[trap] num=-26 (0xffffffffffffffe6) pc=0x18011563c args=[0x203,0x0,0x0,0x0,0x0,0x0,0x0,0x0]
[trap] num=372 (0x174) pc=0x180118b14 args=[0x0,0x0,0x0,0x0,0x0,0x0,0x0,0x0]
[trap] num=2147483648 (0x80000000) pc=0x18019594c args=[0x1ec6f9e60,0x0,0x0,0x2,0x0,0x0,0x0,0x0]
[retrace warn] dyld __mac_syscall(Sandbox) synthesized as success/unsandboxed (not forwarded; host would fault)
[trap] num=38 (0x26) pc=0x1801955a0 args=[0x0,0x0,0x0,0x27ff5b8,0x0,0x0,0x0,0x0]
[trap] num=-14 (0xfffffffffffffff2) pc=0x1801155b8 args=[0x203,0x1ec444000,0x24000,0x0,0x13,0x0,0x0,0x0]
[trap] num=483 (0x1e3) pc=0x180118e08 args=[0x0,0x27ff57c,0x4,0x0,0x13,0x0,0x0,0x0]
[trap] num=38 (0x26) pc=0x1801955a0 args=[0x0,0x0,0x0,0x27ff538,0x0,0x0,0x0,0x0]
[trap] num=-14 (0xfffffffffffffff2) pc=0x1801155b8 args=[0x203,0x1ec444000,0x24000,0x0,0x1,0x1ec444140,0x20000,0x0]
[trap] num=-14 (0xfffffffffffffff2) pc=0x1801155b8 args=[0x203,0x1ec444000,0x24000,0x0,0x13,0x1ec444140,0x20000,0x0]
[trap] num=-14 (0xfffffffffffffff2) pc=0x1801155b8 args=[0x203,0x1ec444000,0x24000,0x0,0x1,0x63,0x20000,0xec0]
[trap] num=294 (0x126) pc=0x18011a2f8 args=[0x27ff8e0,0x27ff8e0,0x27ff8d0,0x27ff8e0,0x27ff940,0x63,0x20000,0xec0]
[trap] num=-19 (0xffffffffffffffed) pc=0x1801155e8 args=[0x203,0x203,0x0,0xffffffff,0x27ff940,0x63,0x20000,0xec0]
[trap] num=-14 (0xfffffffffffffff2) pc=0x1801155b8 args=[0x203,0x1ec444000,0x24000,0x0,0x3,0x63,0x20000,0xec0]
[trap] num=-15 (0xfffffffffffffff1) pc=0x1801155c4 args=[0x203,0x27fed60,0x20000,0x3fff,0x3c000001,0x3,0x0,0x0]
[trap] num=20 (0x14) pc=0x180118f48 args=[0x0,0x3,0x7438067a5fc,0x2,0x1,0x27ff4b0,0x65,0x0]
[trap] num=-12 (0xfffffffffffffff4) pc=0x1801155a0 args=[0x203,0x1003c0000,0x20000,0x0,0x0,0x0,0x0,0x0]
[trap] num=-14 (0xfffffffffffffff2) pc=0x1801155b8 args=[0x203,0x1ec444000,0x24000,0x0,0x1,0x0,0x0,0x0]
[trap] num=73 (0x49) pc=0x18011823c args=[0x140000000,0xa8000,0x27ff63f,0x2,0x8,0x0,0x0,0x0]
[trap] num=73 (0x49) pc=0x18011823c args=[0x1400a8000,0x4000,0x27ff63f,0x2,0x8,0x0,0x0,0x0]
[trap] num=73 (0x49) pc=0x18011823c args=[0x1400ac000,0x8000,0x27ff63f,0x2,0x8,0x0,0x0,0x0]
[trap] num=73 (0x49) pc=0x18011823c args=[0x1400b4000,0x4000,0x27ff63f,0x2,0x8,0x0,0x0,0x0]
[trap] num=73 (0x49) pc=0x18011823c args=[0x1400bc000,0x24000,0x27ff63f,0x2,0x8,0x0,0x0,0x0]
[trap] num=73 (0x49) pc=0x18011823c args=[0x1400e0000,0x60000,0x27ff63f,0x2,0x8,0x0,0x0,0x0]
[trap] num=-14 (0xfffffffffffffff2) pc=0x1801155b8 args=[0x203,0x1ec444000,0x24000,0x0,0x3,0x0,0x0,0x0]
[trap] num=38 (0x26) pc=0x1801955a0 args=[0x0,0x0,0x0,0x27ff1f8,0x1,0x0,0x0,0x0]
[trap] num=5 (0x5) pc=0x180119f50 args=[0x27ffe98,0x0,0x0,0x0,0x1,0x0,0x0,0x0]
[trap] num=92 (0x5c) pc=0x1801180d8 args=[0x3,0x32,0x27fedf8,0x0,0x1,0x0,0x0,0x0]
[trap] num=6 (0x6) pc=0x180116750 args=[0x3,0x32,0x27fedf8,0x0,0x1,0x0,0x0,0x0]
[trap] num=483 (0x1e3) pc=0x180118e08 args=[0x0,0x27ff20c,0x4,0x1a,0x67,0x4d,0x0,0x0]
[trap] num=381 (0x17d) pc=0x180119ecc args=[0x1801b7eb4,0x2,0x27ff130,0xa,0x73,0x69,0x0,0x0]
[m47] num=381 args=[0x1801b7eb4,0x2,0x27ff130] policy="Sandbox" op="syscall-unix" ret=0xe err=true writes=0
[trap] num=483 (0x1e3) pc=0x180118e08 args=[0x0,0x27ff21c,0x4,0x26,0x67,0x41,0x0,0x90]
[trap] num=202 (0xca) pc=0x18011a37c args=[0x27ff1d0,0x2,0x27ff198,0x27ff190,0x1801ab70b,0x20,0x0,0x90]
[trap] num=202 (0xca) pc=0x18011a37c args=[0x27ff198,0x3,0x27ff22c,0x27ff220,0x0,0x0,0x0,0x90]
[trap] num=381 (0x17d) pc=0x180119ecc args=[0x1801b4bf1,0x5a,0x27ff1b0,0x2,0x8,0x72,0x0,0x90]
[m47] amfi policy_resident="AMFI\0"
[probe] AMFI dyld policy in=0x0 r=0 out=0x1df out_ptr=0x27ff1a8
[trap] num=202 (0xca) pc=0x18011a37c args=[0x27fe420,0x2,0x27fe3e8,0x27fe3e0,0x1801b698e,0xd,0x1ec444f10,0x90]
[trap] num=202 (0xca) pc=0x18011a37c args=[0x27fe3e8,0x2,0x27fe498,0x27fe490,0x0,0x0,0x1ec444f10,0x90]
[trap] num=5 (0x5) pc=0x180119f50 args=[0x1801aaaf1,0x20100000,0x0,0xfffffffffffffff0,0x0,0x72,0x0,0x80]
[trap] num=463 (0x1cf) pc=0x180119f7c args=[0x3,0x1801b4c4b,0x100000,0x0,0x0,0x72,0x0,0x80]
[trap] num=41 (0x29) pc=0x18011a484 args=[0x4,0x1801b625c,0x100000,0x0,0x0,0x72,0x0,0x80]
[trap] num=470 (0x1d6) pc=0x18011a5e4 args=[0x4,0x27fdf71,0x27fdee0,0x0,0x27fdfc0,0x72,0x0,0x80]
[trap] num=463 (0x1cf) pc=0x180119f7c args=[0x4,0x27fdf71,0x100000,0x0,0x27fdfc0,0x72,0x0,0x80]
[trap] num=92 (0x5c) pc=0x1801180d8 args=[0x6,0x32,0x27fdf70,0x0,0x27fdfc0,0x72,0x0,0x80]
[trap] num=41 (0x29) pc=0x18011a484 args=[0x6,0x1801b6e25,0x27fee00,0x0,0x27fdfc0,0x72,0x0,0x80]
[trap] num=41 (0x29) pc=0x18011a484 args=[0x5,0x1801b6e25,0x27fee00,0x0,0x27fdfc0,0x72,0x0,0x80]
[trap] num=6 (0x6) pc=0x180116750 args=[0x3,0x1801b6cb4,0x27fee00,0x0,0x27fdfc0,0x72,0x0,0x80]
[trap] num=6 (0x6) pc=0x180116750 args=[0x5,0x1801b6cf2,0x27fee00,0x0,0x27fdfc0,0x72,0x0,0x80]
[trap] num=6 (0x6) pc=0x180116750 args=[0x4,0x1801b6d1f,0x27fee00,0x0,0x27fdfc0,0x72,0x0,0x80]
[trap] num=6 (0x6) pc=0x180116750 args=[0x6,0x1801b6d4a,0x27fee00,0x0,0x27fdfc0,0x72,0x0,0x80]
[trap] num=381 (0x17d) pc=0x180119ecc args=[0x1801b7eb4,0x2,0x27fec80,0xa,0x73,0x69,0x0,0x80]
[m47] num=381 args=[0x1801b7eb4,0x2,0x27fec80] policy="Sandbox" op="syscall-unix" ret=0xe err=true writes=0
[trap] num=294 (0x126) pc=0x18011a2f8 args=[0x27fecc8,0x27fed98,0x27fed98,0x27fedc4,0x73,0x69,0x0,0x80]
[trap] num=-14 (0xfffffffffffffff2) pc=0x1801155b8 args=[0x203,0x1ec444000,0x24000,0x0,0x3,0x0,0x0,0x5c0]
[trap] num=427 (0x1ab) pc=0x18011a5b8 args=[0x27fee30,0x400,0x27fedb4,0x748e8,0x3,0x0,0x0,0x5c0]
[trap] num=92 (0x5c) pc=0x1801180d8 args=[0x8,0x32,0x27fee30,0x1ec445272,0xfffffffe163b9bd0,0x20,0x0,0x5c0]
[trap] num=6 (0x6) pc=0x180116750 args=[0x8,0x1801b6a74,0x4,0x180115e30,0x1,0x20,0x0,0x5c0]
[trap] num=6 (0x6) pc=0x180116750 args=[0x7,0x1801b6a98,0x4,0x180115e30,0x1,0x20,0x0,0x5c0]
[trap] num=338 (0x152) pc=0x180116c48 args=[0x1ec445210,0x27fe950,0x1ec445210,0x27fea48,0x27fea70,0x27fea50,0x0,0x27fea78]
[trap] num=5 (0x5) pc=0x180119f50 args=[0x1ec445210,0x0,0x0,0x27fea48,0x27fea70,0x27fea50,0x0,0x27fea78]
[trap] num=197 (0xc5) pc=0x180119190 args=[0x0,0x388830,0x1,0x40002,0x3,0x0,0x0,0x27fea78]
[trap] num=92 (0x5c) pc=0x1801180d8 args=[0x3,0x32,0x27fea78,0x40002,0x3,0x0,0x0,0x27fea78]
[trap] num=73 (0x49) pc=0x18011823c args=[0xa00000000,0x388830,0x388830,0x0,0x27fea50,0x27fea78,0x3,0x27fea78]
[trap] num=6 (0x6) pc=0x180116750 args=[0x3,0x388830,0x388830,0x0,0x27fea50,0x27fea78,0x3,0x27fea78]
[trap] num=338 (0x152) pc=0x180116c48 args=[0x1ec445210,0x27feed0,0x27fef90,0x0,0x27fea50,0x27fea78,0x3,0x27fea78]
[trap] num=338 (0x152) pc=0x180116c48 args=[0x1000006b8,0x27fddd0,0x27fded0,0x27fdeb8,0x1000006c2,0x1801ac864,0x73,0x900]
[M28 BANDSHRINK] syscall 338 band past ipa 0x1000006b8 len 65536 shrunk 64 -> 0 by an overlapping window of the same call
[trap] num=-10 (0xfffffffffffffff6) pc=0x180115588 args=[0x203,0x27fdd90,0x4000,0x3c000001,0x1000006c2,0x1801ac864,0x73,0x900]
[trap] num=338 (0x152) pc=0x180116c48 args=[0x27fe3c0,0x27fdd50,0x27fde50,0x27fde38,0x27fe3ee,0x1801ac864,0x0,0x7c0]
[trap] num=-12 (0xfffffffffffffff4) pc=0x1801155a0 args=[0x203,0xa0038c000,0x4000,0x1a0500,0x0,0x0,0x0,0x140]
[trap] num=338 (0x152) pc=0x180116c48 args=[0x100000720,0x27fddd0,0x27fded0,0x27fdeb8,0x75,0x41,0x27fe618,0x7c0]
[trap] num=-10 (0xfffffffffffffff6) pc=0x180115588 args=[0x203,0x27fdd90,0x4000,0x3c000001,0x75,0x41,0x27fe618,0x7c0]
[trap] num=338 (0x152) pc=0x180116c48 args=[0x27fe3f0,0x27fdd80,0x27fde80,0x27fde68,0x27fe404,0x1ec4452e4,0x0,0x7c0]
[trap] num=-12 (0xfffffffffffffff4) pc=0x1801155a0 args=[0x203,0xa00390000,0x4000,0x1a0500,0x0,0x0,0x0,0xbc0]
[trap] num=338 (0x152) pc=0x180116c48 args=[0x100000750,0x27fddd0,0x27fded0,0x27fdeb8,0x75,0x41,0x27fe618,0x7c0]
[trap] num=-10 (0xfffffffffffffff6) pc=0x180115588 args=[0x203,0x27fdd90,0x4000,0x3c000001,0x75,0x41,0x27fe618,0x7c0]
[trap] num=338 (0x152) pc=0x180116c48 args=[0x27fe3f0,0x27fdd80,0x27fde80,0x27fde68,0x27fe404,0x1ec4452e4,0x0,0x7c0]
[trap] num=-12 (0xfffffffffffffff4) pc=0x1801155a0 args=[0x203,0xa00394000,0x4000,0x1a0500,0x0,0x0,0x0,0xbc0]
[trap] num=338 (0x152) pc=0x180116c48 args=[0x100000788,0x27fddd0,0x27fded0,0x27fdeb8,0x100000792,0x1801ac864,0x27fe618,0x900]
[M28 BANDSHRINK] syscall 338 band past ipa 0x100000788 len 65536 shrunk 64 -> 0 by an overlapping window of the same call
[trap] num=-10 (0xfffffffffffffff6) pc=0x180115588 args=[0x203,0x27fdd90,0x4000,0x3c000001,0x100000792,0x1801ac864,0x27fe618,0x900]
[trap] num=338 (0x152) pc=0x180116c48 args=[0x27fe3f0,0x27fdd80,0x27fde80,0x27fde68,0x27fe41e,0x1801ac864,0x0,0x7c0]
[trap] num=-12 (0xfffffffffffffff4) pc=0x1801155a0 args=[0x203,0xa00398000,0x4000,0x1a0500,0x0,0x0,0x0,0xbc0]
[trap] num=338 (0x152) pc=0x180116c48 args=[0x1000007c0,0x27fddd0,0x27fded0,0x27fdeb8,0x1000007ca,0x1801ac864,0x6e,0x7c0]
[M28 BANDSHRINK] syscall 338 band past ipa 0x1000007c0 len 65536 shrunk 64 -> 0 by an overlapping window of the same call
[trap] num=-10 (0xfffffffffffffff6) pc=0x180115588 args=[0x203,0x27fdd90,0x4000,0x3c000001,0x1000007ca,0x1801ac864,0x6e,0x7c0]
[trap] num=338 (0x152) pc=0x180116c48 args=[0x27fe3c0,0x27fdd50,0x27fde50,0x27fde38,0x27fe3ee,0x1801ac864,0x0,0x7c0]
[trap] num=-12 (0xfffffffffffffff4) pc=0x1801155a0 args=[0x203,0xa0039c000,0x4000,0x1a0500,0x0,0x0,0x0,0xbc0]
[trap] num=5 (0x5) pc=0x180119f50 args=[0x1ec447838,0x0,0x0,0x0,0x0,0x27fcaf8,0x1,0x27fca58]
[trap] num=381 (0x17d) pc=0x180119ecc args=[0x1801b7eb4,0x2,0x27fbd50,0xa,0x73,0x69,0x1,0x27fca58]
[m47] num=381 args=[0x1801b7eb4,0x2,0x27fbd50] policy="Sandbox" op="syscall-unix" ret=0xe err=true writes=0
[trap] num=550 (0x226) pc=0x180119ef8 args=[0x27fb460,0x2,0x27fb4b0,0x858,0x1778,0x18,0x0,0x27fcaf8]
[trap] num=6 (0x6) pc=0x180116750 args=[0x3,0x3,0x27fb502,0x3,0x1,0x18,0x0,0x27fcaf8]
[trap] num=74 (0x4a) pc=0x180119f24 args=[0x1002ec000,0x10000,0x1,0x1,0x8,0x18,0x0,0x27fcaf8]
[trap] num=-14 (0xfffffffffffffff2) pc=0x1801155b8 args=[0x203,0x1e5908000,0x2324000,0x0,0x13,0x13,0x4,0x4000]
[trap] num=-14 (0xfffffffffffffff2) pc=0x1801155b8 args=[0x203,0x1edc84000,0x7b90000,0x0,0x13,0x13,0x5,0x6380000]
[trap] num=-14 (0xfffffffffffffff2) pc=0x1801155b8 args=[0x203,0x28f64c000,0x2c2c000,0x0,0x13,0x13,0x4,0x4000]
[trap] num=-14 (0xfffffffffffffff2) pc=0x1801155b8 args=[0x203,0x29a1cc000,0x5678000,0x0,0x13,0x13,0x5,0x8b84000]
[trap] num=-14 (0xfffffffffffffff2) pc=0x1801155b8 args=[0x203,0x2d0bac000,0x2a4000,0x0,0x13,0x13,0x4,0x4000]
[trap] num=-14 (0xfffffffffffffff2) pc=0x1801155b8 args=[0x203,0x2d361c000,0xac8000,0x0,0x13,0x13,0x5,0xa74000]
[trap] num=-14 (0xfffffffffffffff2) pc=0x1801155b8 args=[0x203,0x1e5908000,0x2324000,0x0,0x1,0x1,0x4,0x4000]
[trap] num=-14 (0xfffffffffffffff2) pc=0x1801155b8 args=[0x203,0x1edc84000,0x7b90000,0x0,0x1,0x1,0x5,0x6380000]
[trap] num=-14 (0xfffffffffffffff2) pc=0x1801155b8 args=[0x203,0x28f64c000,0x2c2c000,0x0,0x1,0x1,0x4,0x4000]
[trap] num=-14 (0xfffffffffffffff2) pc=0x1801155b8 args=[0x203,0x29a1cc000,0x5678000,0x0,0x1,0x1,0x5,0x8b84000]
[trap] num=-14 (0xfffffffffffffff2) pc=0x1801155b8 args=[0x203,0x2d0bac000,0x2a4000,0x0,0x1,0x1,0x4,0x4000]
[trap] num=-14 (0xfffffffffffffff2) pc=0x1801155b8 args=[0x203,0x2d361c000,0xac8000,0x0,0x1,0x1,0x5,0xa74000]
[trap] num=-15 (0xfffffffffffffff1) pc=0x1801155c4 args=[0x203,0x27f7e90,0x20000,0x3fff,0x3c000001,0x3,0x0,0x0]
[trap] num=347 (0x15b) pc=0x18011a6ec args=[0x0,0x0,0x2,0x2,0x1,0x27f7a20,0xa0,0x0]
[trap] num=-15 (0xfffffffffffffff1) pc=0x1801155c4 args=[0x203,0x27f74b0,0x20000,0x3fff,0x3c000001,0x3,0x0,0x0]
[trap] num=347 (0x15b) pc=0x18011a6ec args=[0x1003e0060,0xb1d8,0x2,0x2,0x1,0x1003e0000,0x20000,0x0]
[M28 BANDSHRINK] syscall 347 band past ipa 0x1003e0000 len 65536 shrunk 64 -> 0 by an overlapping window of the same call
[trap] num=220 (0xdc) pc=0x180116e90 args=[0x1003e00b8,0x27f7998,0x27f7ae0,0x40,0x0,0x0,0x20000,0x0]
[trap] num=-12 (0xfffffffffffffff4) pc=0x1801155a0 args=[0x203,0x1003e0000,0x20000,0x87,0x2,0x1000038,0xffffffffffffffff,0x0]
[trap] num=-12 (0xfffffffffffffff4) pc=0x1801155a0 args=[0x203,0x1003c0000,0x20000,0x0,0x0,0x0,0x0,0x0]
[trap] num=5 (0x5) pc=0x180119f50 args=[0x1801ab41a,0x2,0x0,0xa,0x0,0x0,0x0,0x0]
[trap] num=54 (0x36) pc=0x180116724 args=[0x3,0x80086804,0x27f4b68,0xa,0x0,0x0,0x0,0x0]
[trap] num=6 (0x6) pc=0x180116750 args=[0x3,0xffffffffffffffff,0x27f4b68,0xa,0x0,0x0,0x0,0x0]
[trap] num=294 (0x126) pc=0x18011a2f8 args=[0xffffffffffffffff,0x1f070030,0x0,0x0,0x0,0x0,0x0,0x0]
[trap] num=-14 (0xfffffffffffffff2) pc=0x1801155b8 args=[0x203,0x1ec444000,0x24000,0x0,0x1,0x0,0x0,0x0]
[trap] num=-28 (0xffffffffffffffe4) pc=0x1804adb5c args=[0x0,0x1804e2db8,0x27ffdf0,0x1ec445388,0x1ec445388,0x0,0x0,0x0]
[trap] num=-26 (0xffffffffffffffe6) pc=0x1804adb44 args=[0x203,0x1804e2db8,0x27ffdf0,0x1ec445388,0x1ec445388,0x0,0x0,0x0]
[trap] num=33 (0x21) pc=0x1804ae668 args=[0x1804e2dda,0x0,0x27ffdf0,0x1ec445388,0x1ec445388,0x0,0x0,0x0]
[trap] num=-15 (0xfffffffffffffff1) pc=0x1804adacc args=[0x203,0x27fb638,0x8000,0x0,0x49000001,0x3,0x0,0x0]
[trap] num=-29 (0xffffffffffffffe3) pc=0x1804adb68 args=[0x1eec6fd98,0x27ffde8,0x27ffdf0,0x1ec445388,0x49000001,0x3,0x0,0x0]
[trap] num=-24 (0xffffffffffffffe8) pc=0x1804adb2c args=[0x203,0x27fb4e0,0x0,0x27fb4fc,0x49000001,0x3,0x0,0x0]
[trap] num=-47 (0xffffffffffffffd1) pc=0x1804adc34 args=[0x27fb520,0x200000003,0x2800001513,0x160300001d03,0xc800000000,0x160300000000,0x140,0x0]
[mach_msg2] msgh_id=200 dest=0x1d03 reply=0x1603 options=0x200000003 bits=0x1513 send_size=40 rcv_size=320
  send+000: 13 15 00 00 28 00 00 00 03 1d 00 00 03 16 00 00
  send+010: 00 00 00 00 c8 00 00 00 00 00 00 00 01 00 00 00
  send+020: 05 00 00 00 08 00 00 00
[retrace] forwarding mach_msg2 host_info (msgh_id 200) to host (decided allowlist)
[mach_msg2] host ret=0x0 err=false
  reply@0x27fb520+000: 00 12 00 00 48 00 00 00 00 00 00 00 03 16 00 00
  reply@0x27fb520+010: 00 00 00 00 2c 01 00 00 00 00 00 00 01 00 00 00
  reply@0x27fb520+020: 00 00 00 00 08 00 00 00 50 00 00 00 50 00 00 00
  reply@0x27fb520+030: 40 00 00 00 1f 00 00 00 00 00 00 00 00 00 00 00
  reply@0x27fb520+040: 00 00 00 00 4f 00 00 00 00 00 00 00 08 00 00 00
  reply@0x27fb520+050: 00 00 00 00 00 00 00 00 00 00 00 00 00 00 00 00
  reply@0x27fb520+060: 00 00 00 00 00 00 00 00 00 00 00 00 00 00 00 00
  reply@0x27fb520+070: 00 00 00 00 00 00 00 00 00 00 00 00 00 00 00 00
  reply@0x27fb520+080: 00 00 00 00 00 00 00 00 00 00 00 00 00 00 00 00
  reply@0x27fb520+090: 00 00 00 00 00 00 00 00 00 00 00 00 00 00 00 00
  reply@0x27fb520+0a0: 00 00 00 00 00 00 00 00 00 00 00 00 00 00 00 00
  reply@0x27fb520+0b0: 00 00 00 00 00 00 00 00 00 00 00 00 00 00 00 00
  reply@0x27fb520+0c0: 00 00 00 00 00 00 00 00 00 00 00 00 00 00 00 00
  reply@0x27fb520+0d0: 00 00 00 00 00 00 00 00 00 00 00 00 00 00 00 00
  reply@0x27fb520+0e0: 00 00 00 00 00 00 00 00 00 00 00 00 00 00 00 00
  reply@0x27fb520+0f0: 00 00 00 00 00 00 00 00 00 00 00 00 00 00 00 00
[trap] num=-18 (0xffffffffffffffee) pc=0x1804adae4 args=[0x203,0x1d03,0x0,0x27fb710,0xc800000000,0x160300000000,0x4f00000000,0x0]
[trap] num=202 (0xca) pc=0x1804af460 args=[0x27fb718,0x2,0x27fb6e8,0x27fb6b0,0x0,0x0,0x4f00000000,0x0]
[trap] num=-27 (0xffffffffffffffe5) pc=0x1804adb50 args=[0x2ff20,0x0,0xb,0x1804f8a06,0x0,0x0,0x4f00000000,0x0]
[trap] num=-24 (0xffffffffffffffe8) pc=0x1804adb2c args=[0x203,0x27fb660,0x0,0x27fb67c,0x0,0x0,0x4f00000000,0x0]
[trap] num=366 (0x16e) pc=0x1804b3d2c args=[0x1804ecc14,0x1804ecc08,0x4000,0x27fb6b0,0x38,0xa0,0x4f00000000,0x0]
[trap] num=-29 (0xffffffffffffffe3) pc=0x1804adb68 args=[0x10030,0x103,0x1804f8cd8,0x103,0x38,0xa0,0x4f00000000,0x0]
[trap] num=-47 (0xffffffffffffffd1) pc=0x1804adc34 args=[0x27fb6f0,0x200000003,0x2400001513,0x120300001d03,0xce00000000,0x120300000000,0x30,0x0]
[mach_msg2] msgh_id=206 dest=0x1d03 reply=0x1203 options=0x200000003 bits=0x1513 send_size=36 rcv_size=48
  send+000: 13 15 00 00 24 00 00 00 03 1d 00 00 03 12 00 00
  send+010: 00 00 00 00 ce 00 00 00 00 00 00 00 01 00 00 00
  send+020: 00 00 00 00
[retrace] forwarding mach_msg2 host_get_clock_service (msgh_id 206) to host (decided allowlist)
[mach_msg2] host ret=0x0 err=false
  reply@0x27fb6f0+000: 00 12 00 80 28 00 00 00 00 00 00 00 03 12 00 00
  reply@0x27fb6f0+010: 00 00 00 00 32 01 00 00 01 00 00 00 03 09 00 00
  reply@0x27fb6f0+020: 00 00 00 00 00 00 11 00 00 00 00 00 08 00 00 00
  reply@0x27fb6f0+030: b8 fd c6 ee 01 00 00 00 03 1d 00 00 00 00 00 00
  reply@0x27fb6f0+040: 50 b7 7f 02 00 00 00 00 14 e8 39 80 01 00 00 00
  reply@0x27fb6f0+050: b8 fd c6 ee 01 00 00 00 f0 fd 7f 02 00 00 00 00
  reply@0x27fb6f0+060: 70 b7 7f 02 00 00 00 00 a0 e6 39 80 01 00 00 00
  reply@0x27fb6f0+070: 88 53 44 ec 01 00 00 00 f0 fd 7f 02 00 00 00 00
  reply@0x27fb6f0+080: e0 b7 7f 02 00 00 00 00 04 13 34 90 01 00 00 00
  reply@0x27fb6f0+090: 48 02 34 90 01 00 00 00 a0 00 00 00 00 00 00 00
  reply@0x27fb6f0+0a0: 06 00 00 00 00 00 00 00 18 01 34 90 01 00 00 00
  reply@0x27fb6f0+0b0: c0 1b 34 90 01 00 00 00 10 53 44 ec 01 00 00 00
  reply@0x27fb6f0+0c0: 5c 12 34 90 01 00 00 00 00 b8 7f 02 00 00 00 00
  reply@0x27fb6f0+0d0: c0 1b 34 90 01 00 00 00 10 53 44 ec 01 00 00 00
  reply@0x27fb6f0+0e0: 5c 12 34 90 01 00 00 00 08 bd 7f 02 00 00 00 00
  reply@0x27fb6f0+0f0: 90 b8 7f 02 00 00 00 00 30 0e 16 80 01 00 00 00
[trap] num=-47 (0xffffffffffffffd1) pc=0x1804adc34 args=[0x27fb6f0,0x200000003,0x2800001513,0x120300000203,0xd5a00000000,0x120300000000,0x30,0x0]
[mach_msg2] msgh_id=3418 dest=0x203 reply=0x1203 options=0x200000003 bits=0x1513 send_size=40 rcv_size=48
  send+000: 13 15 00 00 28 00 00 00 03 02 00 00 03 12 00 00
  send+010: 00 00 00 00 5a 0d 00 00 00 00 00 00 01 00 00 00
  send+020: 00 00 00 00 00 00 00 00
[retrace] forwarding mach_msg2 semaphore_create (msgh_id 3418) to host (decided allowlist)
[mach_msg2] host ret=0x0 err=false
  reply@0x27fb6f0+000: 00 12 00 80 28 00 00 00 00 00 00 00 03 12 00 00
  reply@0x27fb6f0+010: 00 00 00 00 be 0d 00 00 01 00 00 00 03 15 00 00
  reply@0x27fb6f0+020: 00 00 00 00 00 00 11 00 00 00 00 00 08 00 00 00
  reply@0x27fb6f0+030: d8 5d 70 ec 01 00 00 00 03 1d 00 00 00 00 00 00
  reply@0x27fb6f0+040: 50 b7 7f 02 00 00 00 00 38 e8 39 80 01 00 00 00
  reply@0x27fb6f0+050: b8 fd c6 ee 01 00 00 00 f0 fd 7f 02 00 00 00 00
  reply@0x27fb6f0+060: 70 b7 7f 02 00 00 00 00 a0 e6 39 80 01 00 00 00
  reply@0x27fb6f0+070: 88 53 44 ec 01 00 00 00 f0 fd 7f 02 00 00 00 00
  reply@0x27fb6f0+080: e0 b7 7f 02 00 00 00 00 04 13 34 90 01 00 00 00
  reply@0x27fb6f0+090: 48 02 34 90 01 00 00 00 a0 00 00 00 00 00 00 00
  reply@0x27fb6f0+0a0: 06 00 00 00 00 00 00 00 18 01 34 90 01 00 00 00
  reply@0x27fb6f0+0b0: c0 1b 34 90 01 00 00 00 10 53 44 ec 01 00 00 00
  reply@0x27fb6f0+0c0: 5c 12 34 90 01 00 00 00 00 b8 7f 02 00 00 00 00
  reply@0x27fb6f0+0d0: c0 1b 34 90 01 00 00 00 10 53 44 ec 01 00 00 00
  reply@0x27fb6f0+0e0: 5c 12 34 90 01 00 00 00 08 bd 7f 02 00 00 00 00
  reply@0x27fb6f0+0f0: 90 b8 7f 02 00 00 00 00 30 0e 16 80 01 00 00 00
[trap] num=-18 (0xffffffffffffffee) pc=0x1804adae4 args=[0x203,0x1d03,0x2800001513,0x120300000203,0xd5a00000000,0x120300000000,0x30,0x0]
[trap] num=20 (0x14) pc=0x1804ae198 args=[0x0,0x0,0xffffffffffffffd0,0x27fb5d0,0x27fb280,0x63,0x0,0xc80]
[trap] num=266 (0x10a) pc=0x1804af558 args=[0x18037ff36,0x0,0x18ce3a000,0x103,0x27fb280,0x63,0x0,0xc80]
[trap] num=339 (0x153) pc=0x1804bc288 args=[0x3,0x27fb060,0x18ce3a000,0x103,0x27fb280,0x63,0x0,0xc80]
[trap] num=197 (0xc5) pc=0x1804aea18 args=[0x0,0x8000,0x1,0x40001,0x3,0x0,0x0,0xc80]
[trap] num=6 (0x6) pc=0x1804ae8f0 args=[0x3,0x8000,0x1,0x40001,0x3,0x0,0x0,0xc80]
[trap] num=169 (0xa9) pc=0x1804af8dc args=[0x10cfe,0x0,0x27fb1bc,0x4,0x3,0x0,0x0,0xc80]
[trap] num=500 (0x1f4) pc=0x1804ae144 args=[0x1ec6fd858,0x10,0x4,0x1804f8a0c,0x63,0x63,0x38,0x830]
[trap] num=54 (0x36) pc=0x1804b2338 args=[0x2,0x4004667a,0x27fb12c,0x103,0x63,0x63,0x38,0x830]
[trap] num=54 (0x36) pc=0x1804b2338 args=[0x2,0x40487413,0x27fb130,0x103,0x63,0x63,0x38,0x830]
[trap] num=116 (0x74) pc=0x1804b1b60 args=[0x27faea0,0x0,0x0,0xfffffc088,0x67,0x6d,0x38,0x830]
[trap] num=500 (0x1f4) pc=0x1804ae144 args=[0x27fafd8,0x20,0x27fafd8,0x1c725a0a,0x180267bdc,0x6d,0x38,0x830]
[trap] num=116 (0x74) pc=0x1804b1b60 args=[0x27faec0,0x0,0x0,0xfffffc088,0x180267bdc,0x6d,0x38,0x830]
[trap] num=116 (0x74) pc=0x1804b1b60 args=[0x27faee0,0x0,0x0,0xfffffc088,0x1ec6fcf70,0x1ec6fcfa8,0x1000,0x20]
[trap] num=116 (0x74) pc=0x1804b1b60 args=[0x27faee0,0x0,0x0,0xfffffc088,0x27fae40,0x1802361b0,0x28f3ceea000ceda8,0x27faf00]
[trap] num=-47 (0xffffffffffffffd1) pc=0x1804adc34 args=[0x27fb078,0x200000003,0x6480001513,0x120300000203,0x12cb00000000,0x120300000001,0x34,0x0]
[mach_msg2] msgh_id=4811 dest=0x203 reply=0x1203 options=0x200000003 bits=0x80001513 send_size=100 rcv_size=52
  send+000: 13 15 00 80 64 00 00 00 03 02 00 00 03 12 00 00
  send+010: 00 00 00 00 cb 12 00 00 01 00 00 00 00 00 00 00
  send+020: 00 00 00 00 00 00 13 00 00 00 00 00 01 00 00 00
  send+030: 00 00 00 00 00 00 00 00 00 00 4a 00 00 00 00 00
  send+040: 00 00 00 00 00 00 00 00 01 00 00 01 00 00 00 00
  send+050: 00 00 00 00 00 00 00 00 00 00 00 00 00 00 00 00
  send+060: 01 00 00 00
[trap] num=-12 (0xfffffffffffffff4) pc=0x1804adaa8 args=[0x203,0xa005c0000,0x100000,0x120300000203,0x12cb00000000,0x120300000001,0x34,0x0]
[trap] num=116 (0x74) pc=0x1804b1b60 args=[0x27fabc0,0x0,0x0,0xfffffc088,0x12cb00000000,0x120300000001,0x34,0x0]
[trap] num=-15 (0xfffffffffffffff1) pc=0x1804adacc args=[0x203,0x27fac88,0x408000,0x0,0x1000001,0x3,0x0,0x0]
[trap] num=74 (0x4a) pc=0x1804b1b04 args=[0x4c000,0x4000,0x0,0x40000000,0x0,0x3,0x0,0x0]
[trap] num=74 (0x4a) pc=0x1804b1b04 args=[0x450000,0x4000,0x0,0x40000000,0x0,0x3,0x0,0x0]
[trap] num=-15 (0xfffffffffffffff1) pc=0x1804adacc args=[0x203,0x27fad08,0x400000,0x0,0x7004000,0x3,0x0,0x0]
[trap] num=-89 (0xffffffffffffffa7) pc=0x1804add00 args=[0x1ec705d78,0x180327210,0x0,0x1804f8a08,0x7004000,0x3,0x0,0x0]
[trap] num=-15 (0xfffffffffffffff1) pc=0x1804adacc args=[0x203,0x27facf8,0x3e000,0x0,0x1000001,0x3,0x0,0x0]
[trap] num=-47 (0xffffffffffffffd1) pc=0x1804adc34 args=[0x27fac50,0x200000003,0x2800001513,0x120300000203,0x12d600000000,0x120300000000,0x3c,0x0]
[mach_msg2] msgh_id=4822 dest=0x203 reply=0x1203 options=0x200000003 bits=0x1513 send_size=40 rcv_size=60
  send+000: 13 15 00 00 28 00 00 00 03 02 00 00 03 12 00 00
  send+010: 00 00 00 00 d6 12 00 00 00 00 00 00 01 00 00 00
  send+020: f8 03 00 00 f8 03 40 00
[trap] num=-10 (0xfffffffffffffff6) pc=0x1804ada90 args=[0x203,0x27fa648,0x4000,0x1,0x180327599,0x27fad00,0x3c,0x0]
[trap] num=336 (0x150) pc=0x1804af110 args=[0x2,0x10cfe,0x11,0x0,0x27fa628,0x38,0x180327461,0xa00848028]
[trap] num=97 (0x61) pc=0x1804b1fa0 args=[0x1,0x2,0x0,0x103,0x27fa628,0x38,0x0,0xa00848028]
[trap] num=92 (0x5c) pc=0x1804ae8c4 args=[0x3,0x2,0x1,0x103,0x27fa628,0x38,0x0,0xa00848028]
[trap] num=98 (0x62) pc=0x1804b2364 args=[0x3,0x27f9c56,0x6a,0x27f9c68,0x27fa628,0x38,0x676f6c7379732f,0xa00848028]
[trap] num=133 (0x85) pc=0x1804b2390 args=[0x3,0x27f9d60,0xfa,0x0,0x0,0x0,0x0,0xa00848028]
[trap] num=-12 (0xfffffffffffffff4) pc=0x1804adaa8 args=[0x203,0xa00848000,0x4000,0x0,0x0,0x0,0x0,0xa00848028]
[trap] num=-47 (0xffffffffffffffd1) pc=0x1804adc34 args=[0x27fabe8,0x200000003,0x6480001513,0x120300000203,0x12cb00000000,0x120300000001,0x34,0x0]
[mach_msg2] msgh_id=4811 dest=0x203 reply=0x1203 options=0x200000003 bits=0x80001513 send_size=100 rcv_size=52
  send+000: 13 15 00 80 64 00 00 00 03 02 00 00 03 12 00 00
  send+010: 00 00 00 00 cb 12 00 00 01 00 00 00 00 00 00 00
  send+020: 00 00 00 00 00 00 13 00 00 00 00 00 01 00 00 00
  send+030: 00 00 00 00 04 00 00 00 00 00 00 00 06 00 00 00
  send+040: 00 00 00 00 00 00 00 00 00 00 00 00 00 00 00 00
  send+050: 00 00 00 00 00 00 00 00 00 00 00 00 00 00 00 00
  send+060: 01 00 00 00
[trap] num=116 (0x74) pc=0x1804b1b60 args=[0x27faad0,0x0,0x0,0xfffffc088,0x0,0x700,0xa005eb378,0x0]
[trap] num=-15 (0xfffffffffffffff1) pc=0x1804adacc args=[0x203,0x27fb128,0x4000,0x0,0x1000001,0x3,0x0,0x0]
[trap] num=74 (0x4a) pc=0x1804b1b04 args=[0xa00600000,0x4000,0x1,0xa00600008,0x1000001,0x3,0x0,0x0]
[trap] num=-14 (0xfffffffffffffff2) pc=0x1801155b8 args=[0x203,0x1ec444000,0x24000,0x0,0x3,0x3,0x0,0x0]
[trap] num=-14 (0xfffffffffffffff2) pc=0x1801155b8 args=[0x203,0x1ec444000,0x24000,0x0,0x1,0x3,0x0,0x0]
[trap] num=327 (0x147) pc=0x1804ad92c args=[0x10cfe,0x3,0x103,0x103,0x1,0x3,0x0,0x0]
[trap] num=-47 (0xffffffffffffffd1) pc=0x1804adc34 args=[0x27fb22c,0x200000003,0x7400001513,0x120300000203,0x1f4000000000,0x120300000000,0x2c,0x0]
[mach_msg2] msgh_id=8000 dest=0x203 reply=0x1203 options=0x200000003 bits=0x1513 send_size=116 rcv_size=44
  send+000: 13 15 00 00 74 00 00 00 03 02 00 00 03 12 00 00
  send+010: 00 00 00 00 40 1f 00 00 00 00 00 00 01 00 00 00
  send+020: 05 00 00 00 88 5c 09 80 01 00 00 00 78 00 78 00
  send+030: 00 00 00 00 20 58 09 80 01 00 00 00 5c 00 5c 00
  send+040: 00 00 00 00 38 5a 09 80 01 00 00 00 5c 00 5c 00
  send+050: 00 00 00 00 00 59 09 80 01 00 00 00 78 00 78 00
  send+060: 00 00 00 00 b8 5a 09 80 01 00 00 00 78 00 78 00
  send+070: 00 00 00 00
[trap] num=-47 (0xffffffffffffffd1) pc=0x1804adc34 args=[0x27fb630,0x200000003,0x1800001513,0x120300000203,0x1f4100000000,0x120300000000,0x2c,0x0]
[mach_msg2] msgh_id=8001 dest=0x203 reply=0x1203 options=0x200000003 bits=0x1513 send_size=24 rcv_size=44
  send+000: 13 15 00 00 18 00 00 00 03 02 00 00 03 12 00 00
  send+010: 00 00 00 00 41 1f 00 00
[trap] num=-14 (0xfffffffffffffff2) pc=0x1801155b8 args=[0x203,0x1ec444000,0x24000,0x0,0x3,0x53,0x2c,0x0]
[trap] num=-15 (0xfffffffffffffff1) pc=0x1804adacc args=[0x203,0x27f4f68,0x8000,0x0,0x1000001,0x3,0x0,0x0]
[trap] num=-15 (0xfffffffffffffff1) pc=0x1804adacc args=[0x203,0x27f4fc8,0x8000,0x0,0xb004000,0x3,0x0,0x0]
[trap] num=116 (0x74) pc=0x1804b1b60 args=[0x27f4eb0,0x0,0x0,0xfffffc088,0x8,0x41,0x0,0xb40]
[trap] num=116 (0x74) pc=0x1804b1b60 args=[0x27f4e00,0x0,0x0,0xfffffc088,0x8,0x41,0x3c7360d2f9627547,0xb40]
[trap] num=116 (0x74) pc=0x1804b1b60 args=[0x27f4e00,0x0,0x0,0xfffffc088,0x8,0x41,0x5a1b765bcbc690fb,0xb40]
[trap] num=116 (0x74) pc=0x1804b1b60 args=[0x27f4e00,0x0,0x0,0xfffffc088,0x8,0x41,0x9b157c308d635543,0xb40]
[trap] num=116 (0x74) pc=0x1804b1b60 args=[0x27f4e00,0x0,0x0,0xfffffc088,0x8,0x41,0x2ed18014f8a5ebcd,0xb40]
[trap] num=116 (0x74) pc=0x1804b1b60 args=[0x27f4e00,0x0,0x0,0xfffffc088,0x8,0x41,0x73d146060b1fbf6e,0xb40]
[trap] num=116 (0x74) pc=0x1804b1b60 args=[0x27f4e00,0x0,0x0,0xfffffc088,0x8,0x41,0xf949b6d7ec7f5f05,0xb40]
[trap] num=116 (0x74) pc=0x1804b1b60 args=[0x27f4e00,0x0,0x0,0xfffffc088,0x8,0x41,0x41fc2ec982e0daeb,0xb40]
[trap] num=116 (0x74) pc=0x1804b1b60 args=[0x27f4e00,0x0,0x0,0xfffffc088,0x8,0x41,0xf31a2a128e63a7a5,0xb40]
[trap] num=116 (0x74) pc=0x1804b1b60 args=[0x27f4e00,0x0,0x0,0xfffffc088,0x8,0x41,0x20da16d7fd82d89a,0xb40]
[trap] num=116 (0x74) pc=0x1804b1b60 args=[0x27f4e00,0x0,0x0,0xfffffc088,0x8,0x41,0x9f62db5ba0cc1422,0xb40]
[trap] num=116 (0x74) pc=0x1804b1b60 args=[0x27f4e00,0x0,0x0,0xfffffc088,0x8,0x41,0xde0e04d148803544,0xb40]
[trap] num=-15 (0xfffffffffffffff1) pc=0x1804adacc args=[0x203,0x27f4d58,0x400000,0x0,0x2004000,0x3,0x0,0x0]
[trap] num=-15 (0xfffffffffffffff1) pc=0x1804adacc args=[0x203,0x27f4ca8,0x80000,0x3fff,0x1000001,0x3,0x0,0x0]
[trap] num=-14 (0xfffffffffffffff2) pc=0x1801155b8 args=[0x203,0x1ec444000,0x24000,0x0,0x1,0x0,0xffffffffbfc007ff,0xfffff0003ffff800]
[trap] num=202 (0xca) pc=0x1804af460 args=[0x27fb620,0x2,0x27fb5e8,0x27fb5e0,0x180205f3c,0x15,0xffffffffbfc007ff,0xfffff0003ffff800]
[trap] num=202 (0xca) pc=0x1804af460 args=[0x27fb5e8,0x2,0x27fb6a0,0x27fb690,0x0,0x0,0xffffffffbfc007ff,0xfffff0003ffff800]
[trap] num=202 (0xca) pc=0x1804af460 args=[0x27fb620,0x2,0x27fb5e8,0x27fb5e0,0x180205f9b,0x16,0xffffffffbfc007ff,0xfffff0003ffff800]
[trap] num=202 (0xca) pc=0x1804af460 args=[0x27fb5e8,0x2,0x27fb6a0,0x27fb690,0x0,0x0,0xffffffffbfc007ff,0xfffff0003ffff800]
[trap] num=202 (0xca) pc=0x1804af460 args=[0x27fb620,0x2,0x27fb5e8,0x27fb5e0,0x180205f3c,0x15,0xffffffffbfc007ff,0xfffff0003ffff800]
[trap] num=202 (0xca) pc=0x1804af460 args=[0x27fb5e8,0x2,0x27fb6a0,0x27fb690,0x0,0x0,0xffffffffbfc007ff,0xfffff0003ffff800]
[trap] num=-47 (0xffffffffffffffd1) pc=0x1804adc34 args=[0x27fb6c0,0x200000003,0x2400001513,0x120300000203,0xd5100000000,0x120300000000,0x30,0x0]
[mach_msg2] msgh_id=3409 dest=0x203 reply=0x1203 options=0x200000003 bits=0x1513 send_size=36 rcv_size=48
  send+000: 13 15 00 00 24 00 00 00 03 02 00 00 03 12 00 00
  send+010: 00 00 00 00 51 0d 00 00 00 00 00 00 01 00 00 00
  send+020: 04 00 00 00
[trap] num=-19 (0xffffffffffffffed) pc=0x1804adaf0 args=[0x203,0x1403,0x0,0x1,0xd5100000000,0x120300000000,0x30,0x0]
[trap] num=-19 (0xffffffffffffffed) pc=0x1804adaf0 args=[0x203,0x1403,0x0,0x1,0xd5100000000,0x120300000000,0x30,0x0]
[trap] num=-19 (0xffffffffffffffed) pc=0x1804adaf0 args=[0x203,0x1403,0x0,0x1,0x0,0x120300000000,0x30,0x0]
[trap] num=-15 (0xfffffffffffffff1) pc=0x1804adacc args=[0x203,0x27f9b78,0x400000,0x0,0x2004000,0x3,0x0,0x0]
[trap] num=-14 (0xfffffffffffffff2) pc=0x1801155b8 args=[0x203,0x1ec444000,0x24000,0x0,0x3,0x27fb4ef,0xffffffffbfc007ff,0xa0]
[trap] num=-14 (0xfffffffffffffff2) pc=0x1801155b8 args=[0x203,0x1ec444000,0x24000,0x0,0x1,0x27fb4ef,0xffffffffbfc007ff,0xa0]
[trap] num=5 (0x5) pc=0x180119f50 args=[0x63a00,0x0,0x0,0x63a00,0x0,0x27fb4ef,0x0,0xa0]
[trap] num=92 (0x5c) pc=0x1801180d8 args=[0x4,0x32,0x27fafb8,0x63a00,0x0,0x27fb4ef,0x0,0xa0]
[trap] num=6 (0x6) pc=0x180116750 args=[0x4,0x32,0x27fafb8,0x63a00,0x0,0x27fb4ef,0x0,0xa0]
[trap] num=220 (0xdc) pc=0x1804ae63c args=[0x63a00,0x27fafe0,0x27faffc,0x40c,0x0,0x27fb4ef,0x0,0xa0]
[trap] num=33 (0x21) pc=0x1804ae668 args=[0x63a80,0x4,0x63910,0x639a0,0x0,0x56,0x0,0x470]
[M28 BANDSHRINK] syscall 33 band past ipa 0x63910 len 65536 shrunk 64 -> 0 by an overlapping window of the same call
[M28 BANDSHRINK] syscall 33 band past ipa 0x639a0 len 65536 shrunk 64 -> 0 by an overlapping window of the same call
[trap] num=5 (0x5) pc=0x1804ae694 args=[0x63a80,0x0,0x0,0x639a0,0x0,0x56,0x0,0x470]
[M28 BANDSHRINK] syscall 5 band past ipa 0x639a0 len 65536 shrunk 64 -> 0 by an overlapping window of the same call
[trap] num=339 (0x153) pc=0x1804bc288 args=[0x4,0x63910,0x0,0x639a0,0x0,0x56,0x0,0x470]
[M28 BANDSHRINK] syscall 339 band past ipa 0x63910 len 65536 shrunk 64 -> 0 by an overlapping window of the same call
[trap] num=483 (0x1e3) pc=0x1804ae6f0 args=[0x0,0x27fb20c,0x4,0x639a0,0x0,0x56,0x0,0x470]
[trap] num=228 (0xe4) pc=0x1804b1694 args=[0x4,0x27fb2d0,0x27fb230,0x28,0x0,0x56,0x0,0x470]
[trap] num=381 (0x17d) pc=0x1804af730 args=[0x18df1ac55,0x2,0x27fb230,0x28,0x0,0x56,0x0,0x470]
[m47] num=381 args=[0x18df1ac55,0x2,0x27fb230] policy="Sandbox" op="file-write-data" ret=0x16 err=true writes=0
[trap] num=92 (0x5c) pc=0x1804ae8c4 args=[0x4,0x32,0x27faf28,0x27fb2e8,0x27faf80,0x56,0x0,0x470]
[trap] num=6 (0x6) pc=0x1804ae8f0 args=[0x4,0x27faf5b,0x0,0x63af3,0x0,0x56,0x0,0x470]
[trap] num=5 (0x5) pc=0x1804ae694 args=[0x63b00,0x0,0x0,0x63b3d,0x18020b535,0x27fb3f0,0x74,0x470]
[M28 BANDSHRINK] syscall 5 band past ipa 0x63b00 len 65536 shrunk 64 -> 0 by an overlapping window of the same call
[trap] num=336 (0x150) pc=0x1804af110 args=[0x2,0x10cfe,0xd,0x1,0x27fb660,0x40,0x74,0x470]
[trap] num=-24 (0xffffffffffffffe8) pc=0x1804adb2c args=[0x203,0x27fb720,0x71b75ace,0x27fb71c,0x0,0x5,0x0,0x0]
[trap] num=-47 (0xffffffffffffffd1) pc=0x1804adc34 args=[0x27fb6b8,0x200000003,0x3480001513,0x120300000203,0xd5200000000,0x120300000001,0x2c,0x0]
[mach_msg2] msgh_id=3410 dest=0x203 reply=0x1203 options=0x200000003 bits=0x80001513 send_size=52 rcv_size=44
  send+000: 13 15 00 80 34 00 00 00 03 02 00 00 03 12 00 00
  send+010: 00 00 00 00 52 0d 00 00 01 00 00 00 03 13 00 00
  send+020: 00 00 00 00 00 00 13 00 00 00 00 00 01 00 00 00
  send+030: 0a 00 00 00
[trap] num=-47 (0xffffffffffffffd1) pc=0x1804adc34 args=[0x27fb438,0x200000003,0x2800001513,0x120300000203,0xd4d00000000,0x120300000000,0x1a8,0x0]
[mach_msg2] msgh_id=3405 dest=0x203 reply=0x1203 options=0x200000003 bits=0x1513 send_size=40 rcv_size=424
  send+000: 13 15 00 00 28 00 00 00 03 02 00 00 03 12 00 00
  send+010: 00 00 00 00 4d 0d 00 00 00 00 00 00 01 00 00 00
  send+020: 0f 00 00 00 08 00 00 00
[retrace] forwarding mach_msg2 task_info (msgh_id 3405) to host (decided allowlist)
[mach_msg2] host ret=0x0 err=false
  reply@0x27fb438+000: 00 12 00 00 48 00 00 00 00 00 00 00 03 12 00 00
  reply@0x27fb438+010: 00 00 00 00 b1 0d 00 00 00 00 00 00 01 00 00 00
  reply@0x27fb438+020: 00 00 00 00 08 00 00 00 f5 01 00 00 f5 01 00 00
  reply@0x27fb438+030: 14 00 00 00 f5 01 00 00 14 00 00 00 fe 0c 01 00
  reply@0x27fb438+040: b9 86 01 00 91 ed 48 00 00 00 00 00 08 00 00 00
  reply@0x27fb438+050: 00 00 00 00 00 00 00 00 00 00 00 00 00 00 00 00
  reply@0x27fb438+060: 00 00 00 00 00 00 00 00 00 00 00 00 00 00 00 00
  reply@0x27fb438+070: 00 00 00 00 00 00 00 00 00 00 00 00 00 00 00 00
  reply@0x27fb438+080: 00 00 00 00 00 00 00 00 00 00 00 00 00 00 00 00
  reply@0x27fb438+090: 00 00 00 00 00 00 00 00 00 00 00 00 00 00 00 00
  reply@0x27fb438+0a0: 00 00 00 00 00 00 00 00 00 00 00 00 00 00 00 00
  reply@0x27fb438+0b0: 00 00 00 00 00 00 00 00 00 00 00 00 00 00 00 00
  reply@0x27fb438+0c0: 00 00 00 00 00 00 00 00 00 00 00 00 00 00 00 00
  reply@0x27fb438+0d0: 00 00 00 00 00 00 00 00 00 00 00 00 00 00 00 00
  reply@0x27fb438+0e0: 00 00 00 00 00 00 00 00 00 00 00 00 00 00 00 00
  reply@0x27fb438+0f0: 00 00 00 00 00 00 00 00 00 00 00 00 00 00 00 00
[trap] num=170 (0xaa) pc=0x1804ae5d0 args=[0x10cfe,0x10,0x27fb250,0x408,0x10478,0x120300000000,0x48ed91000186b9,0x0]
[trap] num=202 (0xca) pc=0x1804af460 args=[0x27fb650,0x2,0x27fb618,0x27fb610,0x1844cfba7,0x15,0x72,0x400]
[trap] num=202 (0xca) pc=0x1804af460 args=[0x27fb618,0x2,0x27fb6a8,0x27fb6a0,0x0,0x0,0x72,0x400]
[trap] num=-14 (0xfffffffffffffff2) pc=0x1801155b8 args=[0x203,0x1ec444000,0x24000,0x0,0x3,0x0,0x0,0x0]
[trap] num=-15 (0xfffffffffffffff1) pc=0x1801155c4 args=[0x203,0x27fb300,0x20000,0x3fff,0x3c000001,0x3,0x0,0x0]
[trap] num=-12 (0xfffffffffffffff4) pc=0x1801155a0 args=[0x203,0x1003c0000,0x20000,0x103,0xffffffff13f7dfd0,0x10,0x63,0x0]
[trap] num=-14 (0xfffffffffffffff2) pc=0x1801155b8 args=[0x203,0x1ec444000,0x24000,0x0,0x1,0x0,0x0,0x0]
[trap] num=-14 (0xfffffffffffffff2) pc=0x1801155b8 args=[0x203,0x1ec444000,0x24000,0x0,0x3,0x0,0x0,0x0]
[trap] num=-14 (0xfffffffffffffff2) pc=0x1801155b8 args=[0x203,0x1ec444000,0x24000,0x0,0x1,0x0,0x0,0x0]
[trap] num=-14 (0xfffffffffffffff2) pc=0x1801155b8 args=[0x203,0x1ec444000,0x24000,0x0,0x3,0x0,0x0,0x0]
[trap] num=-14 (0xfffffffffffffff2) pc=0x1801155b8 args=[0x203,0x1ec444000,0x24000,0x0,0x1,0x0,0x0,0x0]
[trap] num=-14 (0xfffffffffffffff2) pc=0x1801155b8 args=[0x203,0x1ec444000,0x24000,0x0,0x3,0x0,0x0,0x0]
[trap] num=-14 (0xfffffffffffffff2) pc=0x1801155b8 args=[0x203,0x1ec444000,0x24000,0x0,0x1,0x0,0x0,0x0]
[trap] num=-14 (0xfffffffffffffff2) pc=0x1801155b8 args=[0x203,0x1ec444000,0x24000,0x0,0x3,0x0,0x0,0x0]
[trap] num=-14 (0xfffffffffffffff2) pc=0x1801155b8 args=[0x203,0x1ec444000,0x24000,0x0,0x1,0x0,0x0,0x0]
[trap] num=-14 (0xfffffffffffffff2) pc=0x1801155b8 args=[0x203,0x1ec444000,0x24000,0x0,0x3,0x0,0x0,0x0]
[trap] num=25 (0x19) pc=0x1804af050 args=[0x1edd8d978,0x180533098,0x180533098,0x103,0x1ec445388,0x0,0x0,0x0]
[trap] num=24 (0x18) pc=0x1804af858 args=[0x1f5,0x180533098,0x180533098,0x103,0x1ec445388,0x0,0x0,0x0]
[trap] num=202 (0xca) pc=0x1804af460 args=[0x27fa4c0,0x4,0x27fa4d0,0x27fa4b8,0x0,0x0,0x0,0x0]
[trap] num=286 (0x11e) pc=0x1804af884 args=[0x27fa770,0x27fa774,0x1805331c8,0x27fa4b8,0x0,0x0,0x0,0x0]
[trap] num=25 (0x19) pc=0x1804af050 args=[0xffffffffffffffff,0xffffffffffffffff,0x1805331c8,0x27fa4b8,0x0,0x0,0x0,0x0]
[trap] num=43 (0x2b) pc=0x1804af8b0 args=[0x1f5,0xffffffffffffffff,0x1805331c8,0x27fa4b8,0x0,0x0,0x0,0x0]
[trap] num=169 (0xa9) pc=0x1804af8dc args=[0x10cfe,0x10,0x27f9cf0,0x408,0x408,0x0,0x0,0x3f0]
[trap] num=169 (0xa9) pc=0x1804af8dc args=[0x10cfe,0x10,0x27f9e10,0x408,0x408,0x73,0x72,0x400]
[trap] num=-19 (0xffffffffffffffed) pc=0x1804adaf0 args=[0x203,0x1403,0x0,0x1,0x0,0x58,0x65,0x400]
[trap] num=-50 (0xffffffffffffffce) pc=0x1804adc58 args=[0x1ec6fbd20,0x103,0x103,0x0,0x6,0x0,0x73,0x400]
[trap] num=-29 (0xffffffffffffffe3) pc=0x1804adb68 args=[0x0,0x18035aad8,0x18035aad8,0x66238,0x0,0x13,0x0,0x400]
[trap] num=-47 (0xffffffffffffffd1) pc=0x1804adc34 args=[0x27f9df0,0x200000003,0x2800001513,0x120300001d03,0x19c00000000,0x120300000000,0x30,0x0]
[mach_msg2] msgh_id=412 dest=0x1d03 reply=0x1203 options=0x200000003 bits=0x1513 send_size=40 rcv_size=48
  send+000: 13 15 00 00 28 00 00 00 03 1d 00 00 03 12 00 00
  send+010: 00 00 00 00 9c 01 00 00 00 00 00 00 01 00 00 00
  send+020: ff ff ff ff 01 00 00 00
[retrace] forwarding mach_msg2 host_get_special_port (msgh_id 412) to host (decided allowlist)
[mach_msg2] host ret=0x0 err=false
  reply@0x27f9df0+000: 00 12 00 00 24 00 00 00 00 00 00 00 03 12 00 00
  reply@0x27f9df0+010: 00 00 00 00 00 02 00 00 00 00 00 00 01 00 00 00
  reply@0x27f9df0+020: 04 00 00 00 00 00 00 00 08 00 00 00 00 00 00 00
  reply@0x27f9df0+030: 80 18 06 00 00 00 00 00 03 1d 00 00 00 00 00 00
  reply@0x27f9df0+040: 60 9e 7f 02 00 00 00 00 08 ab 35 80 01 00 00 00
  reply@0x27f9df0+050: 03 14 00 00 00 00 00 00 80 5e 06 00 00 00 00 00
  reply@0x27f9df0+060: 80 18 06 00 00 00 00 00 f0 fa 6f ec 01 00 00 00
  reply@0x27f9df0+070: 70 9e 7f 02 00 00 00 00 b0 04 35 80 01 00 00 00
  reply@0x27f9df0+080: 90 9e 7f 02 00 00 00 00 30 96 33 80 01 00 00 00
  reply@0x27f9df0+090: 80 18 06 00 00 00 00 00 28 f9 6f ec 01 00 00 00
  reply@0x27f9df0+0a0: a0 9e 7f 02 00 00 00 00 cc aa 35 80 01 00 00 00
  reply@0x27f9df0+0b0: c0 9e 7f 02 00 00 00 00 34 c5 35 80 01 00 00 00
  reply@0x27f9df0+0c0: 2e 00 00 00 00 00 00 00 6e 0a 2f a6 00 00 00 00
  reply@0x27f9df0+0d0: d0 9e 7f 02 00 00 00 00 b0 04 35 80 01 00 00 00
  reply@0x27f9df0+0e0: f0 9e 7f 02 00 00 00 00 30 96 33 80 01 00 00 00
  reply@0x27f9df0+0f0: 80 18 06 00 00 00 00 00 38 62 06 00 00 00 00 00
[trap] num=-70 (0xffffffffffffffba) pc=0x1804adcc4 args=[0x1d03,0x180373fb0,0x10,0x27f9ebc,0x19c00000000,0x120300000000,0x30,0x0]
[trap] num=-47 (0xffffffffffffffd1) pc=0x1804adc34 args=[0x66238,0x403114207,0xf880131513,0x200300001403,0x400000cf00000b03,0x200300000001,0xf8,0x0]
[mach_msg2] msgh_id=1073742031 dest=0x1403 reply=0x2003 options=0x403114207 bits=0x80131513 send_size=248 rcv_size=248
  send+000: 13 15 13 80 f8 00 00 00 03 14 00 00 03 20 00 00
  send+010: 03 0b 00 00 cf 00 00 40 01 00 00 00 03 14 00 00
  send+020: 00 00 00 00 00 00 13 00 43 50 58 40 05 00 00 00
  send+030: 00 f0 00 00 c0 00 00 00 07 00 00 00 68 61 6e 64
  send+040: 6c 65 00 00 00 40 00 00 00 00 00 00 00 00 00 00
  send+050: 69 6e 73 74 61 6e 63 65 00 00 00 00 00 a0 00 00
  send+060: 00 00 00 00 00 00 00 00 00 00 00 00 00 00 00 00
  send+070: 66 6c 61 67 73 00 00 00 00 40 00 00 08 00 00 00
  send+080: 00 00 00 00 6e 61 6d 65 00 00 00 00 00 90 00 00
  send+090: 25 00 00 00 63 6f 6d 2e 61 70 70 6c 65 2e 73 79
  send+0a0: 73 74 65 6d 2e 6e 6f 74 69 66 69 63 61 74 69 6f
  send+0b0: 6e 5f 63 65 6e 74 65 72 00 00 00 00 74 79 70 65
  send+0c0: 00 00 00 00 00 40 00 00 07 00 00 00 00 00 00 00
  send+0d0: 74 61 72 67 65 74 70 69 64 00 00 00 00 30 00 00
  send+0e0: 00 00 00 00 00 00 00 00 64 6f 6d 61 69 6e 2d 70
  send+0f0: 6f 72 74 00 00 d0 00 00
[retrace] refusing mach_msg2 message-queue send (msgh_id 0x400000cf dest 0x1403 send_size 248): the box hosts no message-queue receivers
[trap] num=-18 (0xffffffffffffffee) pc=0x1804adae4 args=[0x203,0x1403,0x1801c8220,0x66060,0x660c0,0x200300000001,0xf8,0x0]
[M28 BANDSHRINK] syscall -18 band past ipa 0x66060 len 65536 shrunk 64 -> 0 by an overlapping window of the same call
[trap] num=327 (0x147) pc=0x1804ad92c args=[0x0,0x103,0x103,0x103,0x0,0x0,0x0,0x0]
[trap] num=327 (0x147) pc=0x1804ad92c args=[0x0,0x103,0x103,0x103,0x2,0x63,0x0,0x0]
[trap] num=327 (0x147) pc=0x1804ad92c args=[0x0,0x0,0x0,0x103,0x2,0x63,0x0,0x0]
[trap] num=25 (0x19) pc=0x1804af050 args=[0x1ec7182a0,0x0,0x1f5,0x2,0x65f40,0x0,0x65,0x400]
[trap] num=194 (0xc2) pc=0x1804b00c8 args=[0x1008,0x27fa5a8,0x1804edb6c,0x2,0x65f40,0x0,0x65,0x400]
[trap] num=398 (0x18e) pc=0x1804ae948 args=[0x18052cc13,0x0,0x0,0x2,0x65f40,0x0,0x65,0x400]
[trap] num=339 (0x153) pc=0x1804bc288 args=[0x4,0x27fa5b0,0x120a8,0x1ec7035c0,0x27fa728,0x27fa720,0x65,0x400]
[trap] num=339 (0x153) pc=0x1804bc288 args=[0x4,0x27f94a0,0x27f9564,0x1ec7035c0,0x27fa728,0x27fa720,0x65,0x400]
[trap] num=396 (0x18c) pc=0x1804afcac args=[0x4,0x66050,0x1000,0x100,0x0,0x27fa720,0x65,0x400]
[trap] num=396 (0x18c) pc=0x1804afcac args=[0x4,0x66050,0x1000,0x27f9645,0x700c0c080,0x27fa427,0x65,0xfffff0007ffff800]
[trap] num=396 (0x18c) pc=0x1804afcac args=[0x4,0x66050,0x1000,0x27f963a,0x700c0c080,0x0,0x61,0xfffff0003ffff800]
[trap] num=396 (0x18c) pc=0x1804afcac args=[0x4,0x66050,0x1000,0xa,0x70100c080,0x0,0x0,0xfffff0003ffff800]
[trap] num=399 (0x18f) pc=0x1804af584 args=[0x4,0x0,0x1804edb6c,0xa,0x70100c080,0x0,0x0,0xfffff0003ffff800]
[trap] num=169 (0xa9) pc=0x1804af8dc args=[0x10cfe,0x0,0x27fb504,0x4,0x700c01ec0,0x0,0xffffffffbfc007ff,0xfffff0003ffff800]
[trap] num=327 (0x147) pc=0x1804ad92c args=[0x0,0x1edd85ee8,0x180503ca0,0x1f5,0x2,0x0,0x0,0xfffff0007ffff800]
[trap] num=25 (0x19) pc=0x1804af050 args=[0x1ec7182a0,0x0,0x1f5,0x2,0x66200,0x0,0x65,0xfffff0003ffff800]
[trap] num=194 (0xc2) pc=0x1804b00c8 args=[0x1008,0x27fa578,0x1804edb6c,0x2,0x66200,0x0,0x65,0xfffff0003ffff800]
[trap] num=398 (0x18e) pc=0x1804ae948 args=[0x18052cc13,0x0,0x0,0x2,0x66200,0x0,0x65,0xfffff0003ffff800]
[trap] num=339 (0x153) pc=0x1804bc288 args=[0x4,0x27fa580,0x120a8,0x1ec7035c0,0x27fa6f8,0x27fa6f0,0x65,0xfffff0003ffff800]
[trap] num=339 (0x153) pc=0x1804bc288 args=[0x4,0x27f9470,0x27f9534,0x1ec7035c0,0x27fa6f8,0x27fa6f0,0x65,0xfffff0003ffff800]
[trap] num=396 (0x18c) pc=0x1804afcac args=[0x4,0x701018000,0x1000,0x1,0x0,0x1,0x0,0x0]
[trap] num=396 (0x18c) pc=0x1804afcac args=[0x4,0x701018000,0x1000,0x27f9615,0x700c0c080,0x0,0x65,0xfffff0003ffff800]
[trap] num=396 (0x18c) pc=0x1804afcac args=[0x4,0x701018000,0x1000,0x27f960a,0x700c0c080,0x0,0x61,0xfffff0003ffff800]
[trap] num=396 (0x18c) pc=0x1804afcac args=[0x4,0x701018000,0x1000,0xfffff0007fc00000,0x70100c0c0,0x0,0x0,0xfffff0003ffff800]
[M28 BANDSHRINK] syscall 396 band past ipa 0x70100c0c0 len 65536 shrunk 64 -> 0 by an overlapping window of the same call
[trap] num=399 (0x18f) pc=0x1804af584 args=[0x4,0x0,0x1804edb6c,0xfffff0007fc00000,0x70100c0c0,0x0,0x0,0xfffff0003ffff800]
[trap] num=327 (0x147) pc=0x1804ad92c args=[0x0,0x100,0x193c16a30,0x27ffdf0,0x1ec445388,0x0,0x0,0x0]
[trap] num=169 (0xa9) pc=0x1804af8dc args=[0x10cfe,0x0,0x27fb428,0x4,0x1ec445388,0x0,0x0,0x0]
[trap] num=327 (0x147) pc=0x1804ad92c args=[0x1,0x194057bf0,0xf,0x1804f8a01,0x1ec445388,0x0,0x0,0x0]
[trap] num=169 (0xa9) pc=0x1804af8dc args=[0x10cfe,0x0,0x27fb42c,0x4,0x1ec445388,0x0,0x0,0x0]
[trap] num=54 (0x36) pc=0x1804b2338 args=[0x1,0x4004667a,0x27fb3ac,0x4,0x1ec445388,0x0,0x0,0x0]
[trap] num=54 (0x36) pc=0x1804b2338 args=[0x1,0x40487413,0x27fb3b0,0x4,0x1ec445388,0x0,0x0,0x0]
[trap] num=54 (0x36) pc=0x1804b2338 args=[0x1,0x4004667a,0x27fb3ac,0x4,0x1ec445388,0x0,0x0,0x0]
[trap] num=54 (0x36) pc=0x1804b2338 args=[0x1,0x40487413,0x27fb3b0,0x4,0x1ec445388,0x0,0x0,0x0]
[trap] num=116 (0x74) pc=0x1804b1b60 args=[0x27fb280,0x0,0x0,0xfffffc088,0x1ec445388,0x0,0x0,0x0]
[trap] num=116 (0x74) pc=0x1804b1b60 args=[0x27fb280,0x0,0x0,0xfffffc088,0x1ec445388,0x0,0x564585d73a6dbc9,0x0]
[trap] num=483 (0x1e3) pc=0x1804ae6f0 args=[0x0,0x27fb4dc,0x4,0x27ffdf0,0x1ec445388,0x0,0x0,0x0]
[trap] num=-15 (0xfffffffffffffff1) pc=0x1801155c4 args=[0x203,0x27fb380,0x20000,0x3fff,0x3c000001,0x3,0x0,0x0]
[trap] num=-12 (0xfffffffffffffff4) pc=0x1801155a0 args=[0x203,0x1003c0000,0x20000,0x103,0xffffffff13f7dfd0,0x10,0x63,0x0]
[trap] num=-14 (0xfffffffffffffff2) pc=0x1801155b8 args=[0x203,0x1ec444000,0x24000,0x0,0x1,0x10,0x63,0x0]
[trap] num=116 (0x74) pc=0x1804b1b60 args=[0x27ff650,0x0,0x0,0xfffffc088,0x1,0x10,0x63,0x0]
[trap] num=5 (0x5) pc=0x1804ae694 args=[0x1002878e6,0x2,0x0,0xfffffc088,0x1,0x10,0x63,0x0]
[trap] num=6 (0x6) pc=0x1804ae8f0 args=[0x4,0x2,0x0,0xfffffc088,0x1,0x10,0x63,0x0]
[trap] num=48 (0x30) pc=0x1804b13d8 args=[0x2,0x27ff6bc,0x0,0xfffffc088,0x1,0x10,0x63,0x0]
[trap] num=46 (0x2e) pc=0x1804b4478 args=[0xd,0x27ff648,0x27ff670,0xfffffc088,0x1,0x10,0x63,0x0]
[trap] num=33 (0x21) pc=0x1804ae668 args=[0x6b9e0,0x4,0x0,0x6ba27,0x10027b3f7,0x27ff4e0,0x6769666e6f637469,0xfffff0003ffff800]
[M28 BANDSHRINK] syscall 33 band past ipa 0x6b9e0 len 65536 shrunk 64 -> 0 by an overlapping window of the same call
[trap] num=194 (0xc2) pc=0x1804b00c8 args=[0x1008,0x27ff368,0x1804edb6c,0x7,0x0,0x27ff4e0,0x6769666e6f637469,0xfffff0003ffff800]
[trap] num=398 (0x18e) pc=0x1804ae948 args=[0x6b9e0,0x0,0x0,0x7,0x0,0x27ff4e0,0x6769666e6f637469,0xfffff0003ffff800]
[trap] num=339 (0x153) pc=0x1804bc288 args=[0x4,0x27ff430,0x120a8,0x7,0x0,0x27ff4e0,0x6769666e6f637469,0xfffff0003ffff800]
[trap] num=339 (0x153) pc=0x1804bc288 args=[0x4,0x27ff1d0,0x27ff294,0x700c1001f,0xfffffff8ff45b9c8,0x8,0x3ff800,0xfffff0007ffff800]
[trap] num=396 (0x18c) pc=0x1804afcac args=[0x4,0x701018000,0x1000,0xa00610188,0x0,0x27ff227,0x3ff800,0xfffff0007ffff800]
[trap] num=396 (0x18c) pc=0x1804afcac args=[0x4,0x701018000,0x1000,0xfffffffffffffff2,0x69,0x63,0x3ff800,0x370]
[trap] num=399 (0x18f) pc=0x1804af584 args=[0x4,0x0,0x1804edb6c,0xa0,0x6bfc0,0x63,0x3ff800,0x370]
[trap] num=33 (0x21) pc=0x1804ae668 args=[0x701014030,0x4,0x1,0x103,0x6bfc0,0x63,0x3ff800,0x370]
[trap] num=398 (0x18e) pc=0x1804ae948 args=[0x1803fd5e6,0x1000000,0x0,0x96,0x0,0x63,0x3ff800,0x370]
[trap] num=339 (0x153) pc=0x1804bc288 args=[0x4,0x27ff470,0x0,0x96,0x0,0x63,0x3ff800,0x370]
[trap] num=406 (0x196) pc=0x1804b2174 args=[0x4,0x32,0x27fefe0,0x27ff3a0,0x27ff040,0x63,0x3ff800,0x370]
[trap] num=399 (0x18f) pc=0x1804af584 args=[0x4,0x32,0x27fefe0,0x27ff3a0,0x27ff040,0x63,0x3ff800,0x370]
[trap] num=338 (0x152) pc=0x1804b988c args=[0x27fefe0,0x27ff3e0,0x27fefe0,0x27ff3a0,0x27ff040,0x63,0x3ff800,0x370]
[trap] num=12 (0xc) pc=0x1804af75c args=[0x27fff3b,0x10027a22e,0x0,0x16,0x43,0x2d,0x3ff800,0x370]
[trap] num=398 (0x18e) pc=0x1804ae948 args=[0x1803fd5e6,0x1000000,0x0,0x64,0x0,0x0,0x0,0x640]
[trap] num=339 (0x153) pc=0x1804bc288 args=[0x4,0x27feff0,0x0,0x64,0x0,0x0,0x0,0x640]
[trap] num=406 (0x196) pc=0x1804b2174 args=[0x4,0x32,0x27feb60,0x27fef20,0x27febc0,0x0,0x0,0x640]
[trap] num=399 (0x18f) pc=0x1804af584 args=[0x4,0x32,0x27feb60,0x27fef20,0x27febc0,0x0,0x0,0x640]
[trap] num=338 (0x152) pc=0x1804b988c args=[0x27feb60,0x27fef60,0x27feb60,0x27fef20,0x27febc0,0x0,0x0,0x640]
[trap] num=398 (0x18e) pc=0x1804ae948 args=[0x1803fd5e6,0x1000000,0x0,0xa,0x6be00,0x20,0x0,0x640]
[trap] num=339 (0x153) pc=0x1804bc288 args=[0x4,0x27feff0,0x0,0xa,0x6be00,0x20,0x0,0x640]
[trap] num=406 (0x196) pc=0x1804b2174 args=[0x4,0x32,0x27feb60,0x27fef20,0x27febc0,0x20,0x0,0x640]
[trap] num=399 (0x18f) pc=0x1804af584 args=[0x4,0x32,0x27feb60,0x27fef20,0x27febc0,0x20,0x0,0x640]
[trap] num=338 (0x152) pc=0x1804b988c args=[0x27feb60,0x27fef60,0x27feb60,0x27fef20,0x27febc0,0x20,0x0,0x640]
[trap] num=338 (0x152) pc=0x1804b988c args=[0x6bf60,0x27ff0c0,0x103,0x103,0xfffffffffffffec0,0x20,0x0,0x640]
[trap] num=338 (0x152) pc=0x1804b988c args=[0x6c000,0x27ff0a0,0x0,0x6c08f,0x6bfc0,0x20,0x74,0x640]
[M28 BANDSHRINK] syscall 338 band past ipa 0x6c000 len 65536 shrunk 64 -> 0 by an overlapping window of the same call
[M28 BANDSHRINK] syscall 338 band past ipa 0x6bfc0 len 65536 shrunk 64 -> 0 by an overlapping window of the same call
[trap] num=340 (0x154) pc=0x1804b9860 args=[0x6c1a0,0x27fef70,0x0,0x6c234,0x6c180,0x20,0x44,0x640]
[M28 BANDSHRINK] syscall 340 band past ipa 0x6c1a0 len 65536 shrunk 64 -> 0 by an overlapping window of the same call
[M28 BANDSHRINK] syscall 340 band past ipa 0x6c180 len 65536 shrunk 64 -> 0 by an overlapping window of the same call
[trap] num=5 (0x5) pc=0x1804ae694 args=[0x6c1a0,0x0,0x0,0x6c234,0x6c180,0x20,0x44,0x640]
[M28 BANDSHRINK] syscall 5 band past ipa 0x6c1a0 len 65536 shrunk 64 -> 0 by an overlapping window of the same call
[M28 BANDSHRINK] syscall 5 band past ipa 0x6c180 len 65536 shrunk 64 -> 0 by an overlapping window of the same call
[trap] num=3 (0x3) pc=0x1804ae91c args=[0x4,0x27ff028,0xff,0x6c234,0x6c180,0x20,0x44,0x640]
[M28 BANDSHRINK] syscall 3 band past ipa 0x6c180 len 65536 shrunk 64 -> 0 by an overlapping window of the same call
[trap] num=3 (0x3) pc=0x1804ae91c args=[0x4,0x27ff03d,0xea,0x6c234,0x6c180,0x20,0x44,0x640]
[M28 BANDSHRINK] syscall 3 band past ipa 0x6c180 len 65536 shrunk 64 -> 0 by an overlapping window of the same call
[trap] num=6 (0x6) pc=0x1804ae8f0 args=[0x4,0x27ff03d,0xea,0x6c234,0x6c180,0x20,0x44,0x640]
[M28 BANDSHRINK] syscall 6 band past ipa 0x6c180 len 65536 shrunk 64 -> 0 by an overlapping window of the same call
[trap] num=340 (0x154) pc=0x1804b9860 args=[0x6c2a0,0x27fee40,0x0,0x6c339,0xfffffffffffffd60,0x20,0x72,0x0]
[M28 BANDSHRINK] syscall 340 band past ipa 0x6c2a0 len 65536 shrunk 64 -> 0 by an overlapping window of the same call
[trap] num=33 (0x21) pc=0x1804ae668 args=[0x6c1a0,0x1,0x0,0x6c237,0x6c300,0x20,0x737463656a626f2f,0x0]
[M28 BANDSHRINK] syscall 33 band past ipa 0x6c1a0 len 65536 shrunk 64 -> 0 by an overlapping window of the same call
[M28 BANDSHRINK] syscall 33 band past ipa 0x6c237 len 65536 shrunk 64 -> 0 by an overlapping window of the same call
[trap] num=33 (0x21) pc=0x1804ae668 args=[0x6c1a0,0x1,0x0,0x6c234,0x6c300,0x20,0x73,0x0]
[M28 BANDSHRINK] syscall 33 band past ipa 0x6c1a0 len 65536 shrunk 64 -> 0 by an overlapping window of the same call
[M28 BANDSHRINK] syscall 33 band past ipa 0x6c234 len 65536 shrunk 64 -> 0 by an overlapping window of the same call
[trap] num=340 (0x154) pc=0x1804b9860 args=[0x6c000,0x27ff0a8,0x103,0x103,0xfffffff8ff462480,0x20,0xffffffffbfc007ff,0xfffff0003ffff800]
[trap] num=25 (0x19) pc=0x1804af050 args=[0x0,0x27ff0a8,0x103,0x103,0xfffffff8ff462480,0x20,0xffffffffbfc007ff,0xfffff0003ffff800]
[trap] num=340 (0x154) pc=0x1804b9860 args=[0x700c09b80,0x27ff0a8,0x103,0x103,0xfffffff8ff462480,0x20,0xffffffffbfc007ff,0xfffff0003ffff800]
[trap] num=25 (0x19) pc=0x1804af050 args=[0x0,0x27ff0a8,0x103,0x103,0xfffffff8ff462480,0x20,0xffffffffbfc007ff,0xfffff0003ffff800]
[trap] num=340 (0x154) pc=0x1804b9860 args=[0x70101c000,0x27ff090,0x0,0x70101c00e,0x1002adcb8,0x27ff130,0x72,0xfffff0007ffff800]
[M28 BANDSHRINK] syscall 340 band past ipa 0x70101c000 len 65536 shrunk 64 -> 0 by an overlapping window of the same call
[trap] num=194 (0xc2) pc=0x1804b00c8 args=[0x1008,0x27fefa8,0x1804edb6c,0x0,0x0,0x27ff130,0x67,0xfffff0007ffff800]
[trap] num=398 (0x18e) pc=0x1804ae948 args=[0x6bf60,0x0,0x0,0x0,0x0,0x27ff130,0x67,0xfffff0007ffff800]
[trap] num=339 (0x153) pc=0x1804bc288 args=[0x4,0x27ff070,0x120a8,0x0,0x0,0x27ff130,0x67,0xfffff0007ffff800]
[trap] num=339 (0x153) pc=0x1804bc288 args=[0x4,0x27fee10,0x27feed4,0x701010503,0x7010104e0,0x0,0x67,0xfffff0003ffff800]
[M28 BANDSHRINK] syscall 339 band past ipa 0x7010104e0 len 65536 shrunk 64 -> 0 by an overlapping window of the same call
[trap] num=396 (0x18c) pc=0x1804afcac args=[0x4,0x701018000,0x1000,0xa00610188,0x0,0x27fee67,0x3ff800,0xfffff0007ffff800]
[trap] num=396 (0x18c) pc=0x1804afcac args=[0x4,0x701018000,0x1000,0xfffffffffffffff5,0x70,0x77,0x3ff800,0x3f0]
[trap] num=399 (0x18f) pc=0x1804af584 args=[0x4,0x0,0x1804edb6c,0xa0,0x6cbc0,0x77,0x3ff800,0x3f0]
[trap] num=398 (0x18e) pc=0x1804ae948 args=[0x1803fd5e6,0x1000000,0x0,0x8,0x0,0x77,0x0,0x3f0]
[trap] num=339 (0x153) pc=0x1804bc288 args=[0x4,0x27fee10,0x0,0x8,0x0,0x77,0x0,0x3f0]
[trap] num=406 (0x196) pc=0x1804b2174 args=[0x4,0x32,0x27fe980,0x27fed40,0x27fea00,0x77,0x0,0x3f0]
[trap] num=399 (0x18f) pc=0x1804af584 args=[0x4,0x32,0x27fe980,0x27fed40,0x27fea00,0x77,0x0,0x3f0]
[trap] num=338 (0x152) pc=0x1804b988c args=[0x27fe980,0x27fed80,0x27fe980,0x27fed40,0x27fea00,0x77,0x0,0x3f0]
[trap] num=398 (0x18e) pc=0x1804ae948 args=[0x1803fd5e6,0x1000000,0x0,0xa,0x6c180,0x20,0x0,0x3f0]
[trap] num=339 (0x153) pc=0x1804bc288 args=[0x4,0x27fee10,0x0,0xa,0x6c180,0x20,0x0,0x3f0]
[trap] num=406 (0x196) pc=0x1804b2174 args=[0x4,0x32,0x27fe980,0x27fed40,0x27fea00,0x20,0x0,0x3f0]
[trap] num=399 (0x18f) pc=0x1804af584 args=[0x4,0x32,0x27fe980,0x27fed40,0x27fea00,0x20,0x0,0x3f0]
[trap] num=338 (0x152) pc=0x1804b988c args=[0x27fe980,0x27fed80,0x27fe980,0x27fed40,0x27fea00,0x20,0x0,0x3f0]
[trap] num=338 (0x152) pc=0x1804b988c args=[0x100283d67,0x27ff090,0x27ff1d0,0x103,0x0,0x0,0x2e,0x290]
[trap] num=340 (0x154) pc=0x1804b9860 args=[0x70101c000,0x27ff050,0x0,0x70101c00e,0x1002adcb8,0x27ff0f0,0x72,0xfffff0003ffff800]
[M28 BANDSHRINK] syscall 340 band past ipa 0x70101c000 len 65536 shrunk 64 -> 0 by an overlapping window of the same call
[trap] num=340 (0x154) pc=0x1804b9860 args=[0x6c120,0x27ff0b0,0x0,0x6c126,0x5,0x10,0x73,0xfffff0003ffff800]
[M28 BANDSHRINK] syscall 340 band past ipa 0x6c120 len 65536 shrunk 64 -> 0 by an overlapping window of the same call
[trap] num=340 (0x154) pc=0x1804b9860 args=[0x6c120,0x27ff0b0,0x0,0x6c132,0x0,0x10,0x6d,0xfffff0003ffff800]
[M28 BANDSHRINK] syscall 340 band past ipa 0x6c120 len 65536 shrunk 64 -> 0 by an overlapping window of the same call
[trap] num=340 (0x154) pc=0x1804b9860 args=[0x6c160,0x27ff0b0,0x0,0x6c17c,0x0,0x10,0x73,0xfffff0003ffff800]
[M28 BANDSHRINK] syscall 340 band past ipa 0x6c160 len 65536 shrunk 64 -> 0 by an overlapping window of the same call
[trap] num=340 (0x154) pc=0x1804b9860 args=[0x6c160,0x27ff0b0,0x0,0x6c183,0x0,0x10,0x62,0xfffff0003ffff800]
[M28 BANDSHRINK] syscall 340 band past ipa 0x6c160 len 65536 shrunk 64 -> 0 by an overlapping window of the same call
[trap] num=340 (0x154) pc=0x1804b9860 args=[0x6c160,0x27ff0b0,0x0,0x6c18b,0x0,0x10,0x65,0xfffff0003ffff800]
[M28 BANDSHRINK] syscall 340 band past ipa 0x6c160 len 65536 shrunk 64 -> 0 by an overlapping window of the same call
[trap] num=340 (0x154) pc=0x1804b9860 args=[0x6c160,0x27ff0b0,0x0,0x6c193,0x0,0x10,0x65,0xfffff0003ffff800]
[M28 BANDSHRINK] syscall 340 band past ipa 0x6c160 len 65536 shrunk 64 -> 0 by an overlapping window of the same call
[trap] num=340 (0x154) pc=0x1804b9860 args=[0x6bf60,0x27ff0b0,0x0,0x6bf9d,0x6c1c0,0x20,0x73,0xfffff0003ffff800]
[M28 BANDSHRINK] syscall 340 band past ipa 0x6bf60 len 65536 shrunk 64 -> 0 by an overlapping window of the same call
[M28 BANDSHRINK] syscall 340 band past ipa 0x6bf9d len 65536 shrunk 64 -> 0 by an overlapping window of the same call
[trap] num=340 (0x154) pc=0x1804b9860 args=[0x6bf60,0x27ff0b0,0x0,0x6bfaa,0x0,0x20,0x65,0xfffff0003ffff800]
[M28 BANDSHRINK] syscall 340 band past ipa 0x6bf60 len 65536 shrunk 64 -> 0 by an overlapping window of the same call
[trap] num=33 (0x21) pc=0x1804ae668 args=[0x6b9e0,0x4,0x0,0x103,0x1002ade74,0x27ff210,0x656572746b726f77,0xfffff0003ffff800]
[trap] num=194 (0xc2) pc=0x1804b00c8 args=[0x1008,0x27ff038,0x1804edb6c,0x7,0x0,0x27ff210,0x656572746b726f77,0xfffff0003ffff800]
[trap] num=398 (0x18e) pc=0x1804ae948 args=[0x6b9e0,0x0,0x0,0x7,0x0,0x27ff210,0x656572746b726f77,0xfffff0003ffff800]
[trap] num=339 (0x153) pc=0x1804bc288 args=[0x4,0x27ff100,0x120a8,0x7,0x0,0x27ff210,0x656572746b726f77,0xfffff0003ffff800]
[trap] num=339 (0x153) pc=0x1804bc288 args=[0x4,0x27feea0,0x27fef64,0xff,0x700c1004f,0x6ba17,0x7,0x0]
[trap] num=396 (0x18c) pc=0x1804afcac args=[0x4,0x701018000,0x1000,0xa00610188,0x0,0x27feef7,0x3ff800,0xfffff0007ffff800]
[trap] num=396 (0x18c) pc=0x1804afcac args=[0x4,0x701018000,0x1000,0xfffffffffffffff2,0x69,0x63,0x3ff800,0x370]
[trap] num=399 (0x18f) pc=0x1804af584 args=[0x4,0x0,0x1804edb6c,0xa0,0x6cbc0,0x63,0x3ff800,0x370]
[trap] num=33 (0x21) pc=0x1804ae668 args=[0x7010140a0,0x4,0x0,0x103,0x6cbc0,0x63,0x3ff800,0x370]
[trap] num=33 (0x21) pc=0x1804ae668 args=[0x70101c0f0,0x4,0x0,0x103,0x6cbc0,0x63,0x3ff800,0x370]
[trap] num=194 (0xc2) pc=0x1804b00c8 args=[0x1008,0x27ff038,0x1804edb6c,0x3,0x0,0x63,0x3ff800,0x370]
[trap] num=398 (0x18e) pc=0x1804ae948 args=[0x70101c0f0,0x0,0x0,0x3,0x0,0x63,0x3ff800,0x370]
[trap] num=339 (0x153) pc=0x1804bc288 args=[0x4,0x27ff100,0x120a8,0x3,0x0,0x63,0x3ff800,0x370]
[trap] num=339 (0x153) pc=0x1804bc288 args=[0x4,0x27feea0,0x27fef64,0x0,0x67,0x67,0xffffffffbfc007ff,0xfffff0003ffff800]
[trap] num=396 (0x18c) pc=0x1804afcac args=[0x4,0x701018000,0x1000,0xa005c71a0,0x701018000,0x0,0xffffffffbfc007ff,0xfffff0003ffff800]
[trap] num=396 (0x18c) pc=0x1804afcac args=[0x4,0x701018000,0x1000,0xfffffffffffffff0,0x63,0x69,0xffffffffbfc007ff,0x370]
[trap] num=399 (0x18f) pc=0x1804af584 args=[0x4,0x0,0x1804edb6c,0xa,0x63,0x69,0xffffffffbfc007ff,0x370]
[trap] num=398 (0x18e) pc=0x1804ae948 args=[0x1803fd5e6,0x1000000,0x0,0x10,0x0,0x69,0xffffffffbfc007ff,0x370]
[trap] num=339 (0x153) pc=0x1804bc288 args=[0x4,0x27ff110,0x0,0x10,0x0,0x69,0xffffffffbfc007ff,0x370]
[trap] num=406 (0x196) pc=0x1804b2174 args=[0x4,0x32,0x27fec80,0x27ff040,0x27fed00,0x69,0xffffffffbfc007ff,0x370]
[trap] num=399 (0x18f) pc=0x1804af584 args=[0x4,0x32,0x27fec80,0x27ff040,0x27fed00,0x69,0xffffffffbfc007ff,0x370]
[trap] num=338 (0x152) pc=0x1804b988c args=[0x27fec80,0x27ff080,0x27fec80,0x27ff040,0x27fed00,0x69,0xffffffffbfc007ff,0x370]
[trap] num=398 (0x18e) pc=0x1804ae948 args=[0x1803fd5e6,0x1000000,0x0,0x1a,0x6bfc0,0x20,0xffffffffbfc007ff,0x370]
[trap] num=339 (0x153) pc=0x1804bc288 args=[0x4,0x27ff110,0x0,0x1a,0x6bfc0,0x20,0xffffffffbfc007ff,0x370]
[trap] num=406 (0x196) pc=0x1804b2174 args=[0x4,0x32,0x27fec80,0x27ff040,0x27fed00,0x20,0xffffffffbfc007ff,0x370]
[trap] num=399 (0x18f) pc=0x1804af584 args=[0x4,0x32,0x27fec80,0x27ff040,0x27fed00,0x20,0xffffffffbfc007ff,0x370]
[trap] num=338 (0x152) pc=0x1804b988c args=[0x27fec80,0x27ff080,0x27fec80,0x27ff040,0x27fed00,0x20,0xffffffffbfc007ff,0x370]
[trap] num=12 (0xc) pc=0x1804af75c args=[0x6c1a0,0x6c6e0,0xa,0x1804f8a10,0x2792620,0x20,0xffffffffbfc007ff,0x370]
[M28 BANDSHRINK] syscall 12 band past ipa 0x6c1a0 len 65536 shrunk 64 -> 0 by an overlapping window of the same call
[trap] num=33 (0x21) pc=0x1804ae668 args=[0x6b9e0,0x4,0x0,0x103,0x1002ade74,0x27fe330,0x656572746b726f77,0xfffff0003ffff800]
[trap] num=194 (0xc2) pc=0x1804b00c8 args=[0x1008,0x27fe158,0x1804edb6c,0x7,0x0,0x27fe330,0x656572746b726f77,0xfffff0003ffff800]
[trap] num=398 (0x18e) pc=0x1804ae948 args=[0x6b9e0,0x0,0x0,0x7,0x0,0x27fe330,0x656572746b726f77,0xfffff0003ffff800]
[trap] num=339 (0x153) pc=0x1804bc288 args=[0x4,0x27fe220,0x120a8,0x7,0x0,0x27fe330,0x656572746b726f77,0xfffff0003ffff800]
[trap] num=339 (0x153) pc=0x1804bc288 args=[0x4,0x27fdfc0,0x27fe084,0xff,0x700c1004f,0x6ba17,0xffffffffbfc007ff,0xfffff0003ffff800]
[trap] num=396 (0x18c) pc=0x1804afcac args=[0x4,0x701018000,0x1000,0xa005c71a0,0x701018000,0x0,0xffffffffbfc007ff,0xfffff0003ffff800]
[trap] num=396 (0x18c) pc=0x1804afcac args=[0x4,0x701018000,0x1000,0xfffffffffffffff2,0x69,0x63,0x0,0x370]
[trap] num=399 (0x18f) pc=0x1804af584 args=[0x4,0x0,0x1804edb6c,0xfffff0007fc00000,0x69,0x63,0x0,0x370]
[trap] num=33 (0x21) pc=0x1804ae668 args=[0x7010140a0,0x4,0x0,0x103,0x69,0x63,0x0,0x370]
[trap] num=33 (0x21) pc=0x1804ae668 args=[0x70101c140,0x4,0x0,0x103,0x69,0x63,0x0,0x370]
[trap] num=194 (0xc2) pc=0x1804b00c8 args=[0x1008,0x27fe158,0x1804edb6c,0x3,0x0,0x63,0x0,0x370]
[trap] num=398 (0x18e) pc=0x1804ae948 args=[0x70101c140,0x0,0x0,0x3,0x0,0x63,0x0,0x370]
[trap] num=339 (0x153) pc=0x1804bc288 args=[0x4,0x27fe220,0x120a8,0x3,0x0,0x63,0x0,0x370]
[trap] num=339 (0x153) pc=0x1804bc288 args=[0x4,0x27fdfc0,0x27fe084,0x0,0x67,0x67,0xffffffffbfc007ff,0xfffff0003ffff800]
[trap] num=396 (0x18c) pc=0x1804afcac args=[0x4,0x701018000,0x1000,0xa005c71a0,0x701018000,0x0,0xffffffffbfc007ff,0xfffff0003ffff800]
[trap] num=396 (0x18c) pc=0x1804afcac args=[0x4,0x701018000,0x1000,0xfffffffffffffff0,0x63,0x69,0x0,0x370]
[trap] num=399 (0x18f) pc=0x1804af584 args=[0x4,0x0,0x1804edb6c,0xfffff0007fc00000,0x63,0x69,0x0,0x370]
[trap] num=340 (0x154) pc=0x1804b9860 args=[0x70101c0f0,0x27fe310,0x0,0x70101c0fe,0x1002adcb8,0x27fe3b0,0x72,0xfffff0003ffff800]
[M28 BANDSHRINK] syscall 340 band past ipa 0x70101c0f0 len 65536 shrunk 64 -> 0 by an overlapping window of the same call
[trap] num=340 (0x154) pc=0x1804b9860 args=[0x70101c140,0x27fe280,0x0,0x70101c149,0x10027b3f7,0x27fe1e0,0x44,0xfffff0003ffff800]
[M28 BANDSHRINK] syscall 340 band past ipa 0x70101c140 len 65536 shrunk 64 -> 0 by an overlapping window of the same call
[trap] num=5 (0x5) pc=0x1804ae694 args=[0x70101c140,0x0,0x0,0x70101c149,0x10027b3f7,0x27fe1e0,0x44,0xfffff0003ffff800]
[M28 BANDSHRINK] syscall 5 band past ipa 0x70101c140 len 65536 shrunk 64 -> 0 by an overlapping window of the same call
[trap] num=3 (0x3) pc=0x1804ae91c args=[0x4,0x6d460,0x100,0x0,0x0,0x27fe1e0,0x44,0xfffff0003ffff800]
[trap] num=3 (0x3) pc=0x1804ae91c args=[0x4,0x6d475,0xeb,0x0,0x0,0x27fe1e0,0x44,0xfffff0003ffff800]
[trap] num=6 (0x6) pc=0x1804ae8f0 args=[0x4,0x6d475,0xeb,0x0,0x0,0x27fe1e0,0x44,0xfffff0003ffff800]
[trap] num=340 (0x154) pc=0x1804b9860 args=[0x70101c140,0x27fe280,0x0,0x70101c154,0x10027b3f7,0x27fe1e0,0x6e,0xfffff0003ffff800]
[M28 BANDSHRINK] syscall 340 band past ipa 0x70101c140 len 65536 shrunk 64 -> 0 by an overlapping window of the same call
[trap] num=5 (0x5) pc=0x1804ae694 args=[0x70101c140,0x0,0x0,0x70101c154,0x10027b3f7,0x27fe1e0,0x6e,0xfffff0003ffff800]
[M28 BANDSHRINK] syscall 5 band past ipa 0x70101c140 len 65536 shrunk 64 -> 0 by an overlapping window of the same call
[trap] num=3 (0x3) pc=0x1804ae91c args=[0x4,0x6d460,0x100,0x0,0x0,0x27fe1e0,0x6e,0xfffff0003ffff800]
[trap] num=3 (0x3) pc=0x1804ae91c args=[0x4,0x6d489,0xd7,0x0,0x0,0x27fe1e0,0x6e,0xfffff0003ffff800]
[trap] num=6 (0x6) pc=0x1804ae8f0 args=[0x4,0x6d489,0xd7,0x0,0x0,0x27fe1e0,0x6e,0xfffff0003ffff800]
[trap] num=340 (0x154) pc=0x1804b9860 args=[0x6d4a0,0x27fe420,0xc45,0x1,0x0,0x6f,0x44,0xdb0]
[trap] num=340 (0x154) pc=0x1804b9860 args=[0x70101c140,0x27fe230,0x0,0x70101c155,0x10027b3f7,0x27fe190,0x444145485f4b4349,0xfffff0003ffff800]
[M28 BANDSHRINK] syscall 340 band past ipa 0x70101c140 len 65536 shrunk 64 -> 0 by an overlapping window of the same call
[trap] num=5 (0x5) pc=0x1804ae694 args=[0x70101c0f0,0x0,0x0,0xa005c5fc0,0x70100c0c0,0x0,0xffffffffbfc007ff,0xfffff0003ffff800]
[M28 BANDSHRINK] syscall 5 band past ipa 0x70100c0c0 len 65536 shrunk 64 -> 48 by an overlapping window of the same call
[trap] num=340 (0x154) pc=0x1804b9860 args=[0x70101c190,0x27fdfd0,0x0,0x70101c199,0x10027b3f7,0x27fdf30,0x44,0xfffff0003ffff800]
[M28 BANDSHRINK] syscall 340 band past ipa 0x70101c190 len 65536 shrunk 64 -> 0 by an overlapping window of the same call
[trap] num=5 (0x5) pc=0x1804ae694 args=[0x70101c190,0x0,0x0,0x70101c199,0x10027b3f7,0x27fdf30,0x44,0xfffff0003ffff800]
[M28 BANDSHRINK] syscall 5 band past ipa 0x70101c190 len 65536 shrunk 64 -> 0 by an overlapping window of the same call
[trap] num=3 (0x3) pc=0x1804ae91c args=[0x4,0x6d4c0,0x100,0x0,0x0,0x27fdf30,0x44,0xfffff0003ffff800]
[trap] num=3 (0x3) pc=0x1804ae91c args=[0x4,0x6d4d5,0xeb,0x0,0x0,0x27fdf30,0x44,0xfffff0003ffff800]
[trap] num=6 (0x6) pc=0x1804ae8f0 args=[0x4,0x6d4d5,0xeb,0x0,0x0,0x27fdf30,0x44,0xfffff0003ffff800]
[trap] num=340 (0x154) pc=0x1804b9860 args=[0x70101c190,0x27fdfd0,0x0,0x70101c1a4,0x10027b3f7,0x27fdf30,0x6e,0xfffff0003ffff800]
[M28 BANDSHRINK] syscall 340 band past ipa 0x70101c190 len 65536 shrunk 64 -> 0 by an overlapping window of the same call
[trap] num=5 (0x5) pc=0x1804ae694 args=[0x70101c190,0x0,0x0,0x70101c1a4,0x10027b3f7,0x27fdf30,0x6e,0xfffff0003ffff800]
[M28 BANDSHRINK] syscall 5 band past ipa 0x70101c190 len 65536 shrunk 64 -> 0 by an overlapping window of the same call
[trap] num=3 (0x3) pc=0x1804ae91c args=[0x4,0x6d4c0,0x100,0x0,0x0,0x27fdf30,0x6e,0xfffff0003ffff800]
[trap] num=3 (0x3) pc=0x1804ae91c args=[0x4,0x6d4e9,0xd7,0x0,0x0,0x27fdf30,0x6e,0xfffff0003ffff800]
[trap] num=6 (0x6) pc=0x1804ae8f0 args=[0x4,0x6d4e9,0xd7,0x0,0x0,0x27fdf30,0x6e,0xfffff0003ffff800]
[trap] num=340 (0x154) pc=0x1804b9860 args=[0x70101c190,0x27fdfd0,0x0,0x70101c19e,0x10027b3f7,0x27fdf30,0x44,0xfffff0003ffff800]
[M28 BANDSHRINK] syscall 340 band past ipa 0x70101c190 len 65536 shrunk 64 -> 0 by an overlapping window of the same call
[trap] num=338 (0x152) pc=0x1804b988c args=[0x70101c0f0,0x27fdd90,0x1002d265f,0x100306f98,0x27fe140,0x27fdfcc,0x1001af3d4,0x8c0]
[trap] num=340 (0x154) pc=0x1804b9860 args=[0x70101c190,0x27fdfd0,0x0,0x70101c1a3,0x10027b3f7,0x27fdf30,0x44,0xfffff0003ffff800]
[M28 BANDSHRINK] syscall 340 band past ipa 0x70101c190 len 65536 shrunk 64 -> 0 by an overlapping window of the same call
[trap] num=338 (0x152) pc=0x1804b988c args=[0x70101c0f0,0x27fdd90,0x1002d265f,0x100306f98,0x27fe140,0x27fdfcc,0x1001af3d4,0x8c0]
[trap] num=340 (0x154) pc=0x1804b9860 args=[0x70101c190,0x27fdfd0,0x0,0x70101c1a4,0x10027b3f7,0x27fdf30,0x44,0xfffff0003ffff800]
[M28 BANDSHRINK] syscall 340 band past ipa 0x70101c190 len 65536 shrunk 64 -> 0 by an overlapping window of the same call
[trap] num=338 (0x152) pc=0x1804b988c args=[0x70101c0f0,0x27fdd90,0x1002d265f,0x100306f98,0x27fe140,0x27fdfcc,0x1001af3d4,0x8c0]
[trap] num=340 (0x154) pc=0x1804b9860 args=[0x70101c190,0x27fdfd0,0x0,0x70101c1a6,0x10027b3f7,0x27fdf30,0x44,0xfffff0003ffff800]
[M28 BANDSHRINK] syscall 340 band past ipa 0x70101c190 len 65536 shrunk 64 -> 0 by an overlapping window of the same call
[trap] num=338 (0x152) pc=0x1804b988c args=[0x70101c0f0,0x27fdd90,0x1002d265f,0x100306f98,0x27fe140,0x27fdfcc,0x1001af3d4,0x8c0]
[trap] num=340 (0x154) pc=0x1804b9860 args=[0x70101c190,0x27fdfd0,0x0,0x70101c1ab,0x10027b3f7,0x27fdf30,0x44,0xfffff0003ffff800]
[M28 BANDSHRINK] syscall 340 band past ipa 0x70101c190 len 65536 shrunk 64 -> 0 by an overlapping window of the same call
[trap] num=338 (0x152) pc=0x1804b988c args=[0x70101c0f0,0x27fdd90,0x1002d265f,0x100306f98,0x27fe140,0x27fdfcc,0x1001af3d4,0x8c0]
[trap] num=398 (0x18e) pc=0x1804ae948 args=[0x70101c140,0x1100000,0x0,0x0,0x0,0x27fe120,0x2f,0xfffff0003ffff800]
[trap] num=346 (0x15a) pc=0x1804b9980 args=[0x4,0x27fd890,0x0,0x0,0x0,0x27fe120,0x2f,0xfffff0003ffff800]
[trap] num=327 (0x147) pc=0x1804ad92c args=[0x1ec7f8110,0x0,0xfffffffffffffff8,0x1ec7f83f8,0x1ec7f8180,0x27fe120,0x2f,0xfffff0003ffff800]
[trap] num=-14 (0xfffffffffffffff2) pc=0x1801155b8 args=[0x203,0x1ec444000,0x24000,0x0,0x3,0x27fcd9f,0x0,0x100]
[trap] num=338 (0x152) pc=0x180116c48 args=[0x1ec7f8468,0x27fbbd0,0x27fbcd0,0x27fbcb8,0x1ec7f8472,0x1801ac864,0x27fc418,0x700]
[trap] num=-10 (0xfffffffffffffff6) pc=0x180115588 args=[0x203,0x27fbb90,0x4000,0x3c000001,0x1ec7f8472,0x1801ac864,0x27fc418,0x700]
[trap] num=338 (0x152) pc=0x180116c48 args=[0x27fc1f0,0x27fbb80,0x27fbc80,0x27fbc68,0x27fc21e,0x1801ac864,0x0,0x210]
[trap] num=-12 (0xfffffffffffffff4) pc=0x1801155a0 args=[0x203,0xa0084c000,0x4000,0x1a0500,0x0,0x0,0x0,0xbc0]
[trap] num=-15 (0xfffffffffffffff1) pc=0x1801155c4 args=[0x203,0x27fb820,0x20000,0x3fff,0x3c000001,0x3,0x0,0x0]
[trap] num=-12 (0xfffffffffffffff4) pc=0x1801155a0 args=[0x203,0x1003c0000,0x20000,0x103,0x0,0x0,0x0,0x0]
[trap] num=-14 (0xfffffffffffffff2) pc=0x1801155b8 args=[0x203,0x1ec444000,0x24000,0x0,0x1,0x0,0x0,0x0]
[trap] num=5 (0x5) pc=0x1804ae694 args=[0x27fc278,0x1000000,0x0,0x27fc29a,0x190380f65,0x27fc260,0x62,0xfffff0003ffff800]
[trap] num=339 (0x153) pc=0x1804bc288 args=[0x5,0x27fc1a0,0x0,0x27fc29a,0x190380f65,0x27fc260,0x62,0xfffff0003ffff800]
[trap] num=197 (0xc5) pc=0x1804aea18 args=[0x0,0x7810,0x1,0x40002,0x5,0x0,0x62,0xfffff0003ffff800]
[trap] num=6 (0x6) pc=0x1804ae8f0 args=[0x5,0x7810,0x1,0x40002,0x5,0x0,0x62,0xfffff0003ffff800]
[trap] num=73 (0x49) pc=0x1804b1728 args=[0xa00850000,0x7810,0x60,0xfffff0007fc00000,0x7010141c0,0x0,0x0,0xfffff0003ffff800]
[trap] num=5 (0x5) pc=0x1804ae694 args=[0x27fc278,0x1000000,0x0,0x27fc298,0x190380f65,0x27fc260,0x62,0xfffff0003ffff800]
[trap] num=339 (0x153) pc=0x1804bc288 args=[0x5,0x27fc1a0,0x0,0x27fc298,0x190380f65,0x27fc260,0x62,0xfffff0003ffff800]
[trap] num=197 (0xc5) pc=0x1804aea18 args=[0x0,0x3590,0x1,0x40002,0x5,0x0,0x62,0xfffff0003ffff800]
[trap] num=6 (0x6) pc=0x1804ae8f0 args=[0x5,0x3590,0x1,0x40002,0x5,0x0,0x62,0xfffff0003ffff800]
[trap] num=73 (0x49) pc=0x1804b1728 args=[0xa00858000,0x3590,0x60,0xfffff0007fc00000,0x0,0x27fc6c0,0x62,0xfffff0003ffff800]
[trap] num=5 (0x5) pc=0x1804ae694 args=[0x27fc764,0x1000000,0x0,0x27fc78b,0x190380d90,0x27fc720,0x62,0xfffff0003ffff800]
[trap] num=339 (0x153) pc=0x1804bc288 args=[0x5,0x27fc660,0x0,0x27fc78b,0x190380d90,0x27fc720,0x62,0xfffff0003ffff800]
[trap] num=197 (0xc5) pc=0x1804aea18 args=[0x0,0x170,0x1,0x40002,0x5,0x0,0x62,0xfffff0003ffff800]
[trap] num=6 (0x6) pc=0x1804ae8f0 args=[0x5,0x170,0x1,0x40002,0x5,0x0,0x62,0xfffff0003ffff800]
[trap] num=73 (0x49) pc=0x1804b1728 args=[0xa0085c000,0x170,0x60,0xfffff0007fc00000,0x7010141f0,0x0,0x0,0xfffff0003ffff800]
[trap] num=5 (0x5) pc=0x1804ae694 args=[0x27fc278,0x1000000,0x0,0x27fc29a,0x190380f65,0x27fc260,0x62,0xfffff0003ffff800]
[trap] num=339 (0x153) pc=0x1804bc288 args=[0x5,0x27fc1a0,0x0,0x27fc29a,0x190380f65,0x27fc260,0x62,0xfffff0003ffff800]
[trap] num=197 (0xc5) pc=0x1804aea18 args=[0x0,0x7810,0x1,0x40002,0x5,0x0,0x62,0xfffff0003ffff800]
[trap] num=6 (0x6) pc=0x1804ae8f0 args=[0x5,0x7810,0x1,0x40002,0x5,0x0,0x62,0xfffff0003ffff800]
[trap] num=73 (0x49) pc=0x1804b1728 args=[0xa00860000,0x7810,0x60,0xfffff0007fc00000,0x701014200,0x0,0x0,0xfffff0003ffff800]
[trap] num=5 (0x5) pc=0x1804ae694 args=[0x27fc278,0x1000000,0x0,0x27fc298,0x190380f65,0x27fc260,0x62,0xfffff0003ffff800]
[trap] num=339 (0x153) pc=0x1804bc288 args=[0x5,0x27fc1a0,0x0,0x27fc298,0x190380f65,0x27fc260,0x62,0xfffff0003ffff800]
[trap] num=197 (0xc5) pc=0x1804aea18 args=[0x0,0x3590,0x1,0x40002,0x5,0x0,0x62,0xfffff0003ffff800]
[trap] num=6 (0x6) pc=0x1804ae8f0 args=[0x5,0x3590,0x1,0x40002,0x5,0x0,0x62,0xfffff0003ffff800]
[trap] num=73 (0x49) pc=0x1804b1728 args=[0xa00868000,0x3590,0x60,0xfffff0007fc00000,0x0,0x27fc6c0,0x62,0xfffff0003ffff800]
[trap] num=5 (0x5) pc=0x1804ae694 args=[0x27fc764,0x1000000,0x0,0x27fc787,0x190380d90,0x27fc720,0x62,0xfffff0003ffff800]
[trap] num=339 (0x153) pc=0x1804bc288 args=[0x5,0x27fc660,0x0,0x27fc787,0x190380d90,0x27fc720,0x62,0xfffff0003ffff800]
[trap] num=197 (0xc5) pc=0x1804aea18 args=[0x0,0x170,0x1,0x40002,0x5,0x0,0x62,0xfffff0003ffff800]
[trap] num=6 (0x6) pc=0x1804ae8f0 args=[0x5,0x170,0x1,0x40002,0x5,0x0,0x62,0xfffff0003ffff800]
[trap] num=73 (0x49) pc=0x1804b1728 args=[0xa0086c000,0x170,0x60,0xfffff0007fc00000,0x701014230,0x0,0x0,0xfffff0003ffff800]
[trap] num=-14 (0xfffffffffffffff2) pc=0x1801155b8 args=[0x203,0x1ec444000,0x24000,0x0,0x3,0x27fccaf,0x0,0xfffff0003ffff800]
[trap] num=338 (0x152) pc=0x180116c48 args=[0x1ec7f8468,0x27fbae0,0x27fbbe0,0x27fbbc8,0x1ec7f8472,0x1801ac864,0x27fc328,0x700]
[trap] num=-10 (0xfffffffffffffff6) pc=0x180115588 args=[0x203,0x27fbaa0,0x4000,0x3c000001,0x1ec7f8472,0x1801ac864,0x27fc328,0x700]
[trap] num=338 (0x152) pc=0x180116c48 args=[0x27fc100,0x27fba90,0x27fbb90,0x27fbb78,0x27fc12e,0x1801ac864,0x0,0x210]
[trap] num=-12 (0xfffffffffffffff4) pc=0x1801155a0 args=[0x203,0xa00870000,0x4000,0x1a0500,0x0,0x0,0x0,0xbc0]
[trap] num=-15 (0xfffffffffffffff1) pc=0x1801155c4 args=[0x203,0x27fb730,0x20000,0x3fff,0x3c000001,0x3,0x0,0x0]
[trap] num=-12 (0xfffffffffffffff4) pc=0x1801155a0 args=[0x203,0x1003c0000,0x20000,0x103,0x0,0x0,0x0,0x0]
[trap] num=-14 (0xfffffffffffffff2) pc=0x1801155b8 args=[0x203,0x1ec444000,0x24000,0x0,0x1,0x0,0x0,0x0]
[trap] num=-14 (0xfffffffffffffff2) pc=0x1801155b8 args=[0x203,0x1ec444000,0x24000,0x0,0x3,0x27fccaf,0x0,0xfffff0003ffff800]
[trap] num=338 (0x152) pc=0x180116c48 args=[0x1ec7f8468,0x27fbae0,0x27fbbe0,0x27fbbc8,0x1ec7f8472,0x1801ac864,0x27fc328,0x700]
[trap] num=-10 (0xfffffffffffffff6) pc=0x180115588 args=[0x203,0x27fbaa0,0x4000,0x3c000001,0x1ec7f8472,0x1801ac864,0x27fc328,0x700]
[trap] num=338 (0x152) pc=0x180116c48 args=[0x27fc100,0x27fba90,0x27fbb90,0x27fbb78,0x27fc12e,0x1801ac864,0x0,0x210]
[trap] num=-12 (0xfffffffffffffff4) pc=0x1801155a0 args=[0x203,0xa00874000,0x4000,0x1a0500,0x0,0x0,0x0,0xbc0]
[trap] num=-15 (0xfffffffffffffff1) pc=0x1801155c4 args=[0x203,0x27fb730,0x20000,0x3fff,0x3c000001,0x3,0x0,0x0]
[trap] num=-12 (0xfffffffffffffff4) pc=0x1801155a0 args=[0x203,0x1003c0000,0x20000,0x103,0x0,0x0,0x0,0x0]
[trap] num=-14 (0xfffffffffffffff2) pc=0x1801155b8 args=[0x203,0x1ec444000,0x24000,0x0,0x1,0x0,0x0,0x0]
[trap] num=338 (0x152) pc=0x1804b988c args=[0x27fae88,0x27fadf0,0x0,0x27faeab,0x190380d90,0x27fade0,0x72,0xfffff0003ffff800]
[trap] num=5 (0x5) pc=0x1804ae694 args=[0x27fae28,0x1000000,0x0,0x27fae51,0x190380f65,0x27fae10,0x62,0xfffff0003ffff800]
[trap] num=5 (0x5) pc=0x1804ae694 args=[0x190380d69,0x1000000,0x0,0x27fae51,0x190380f65,0x27fae10,0x62,0xfffff0003ffff800]
[trap] num=5 (0x5) pc=0x1804ae694 args=[0x27fae28,0x1000000,0x0,0x27fae51,0x190380f65,0x27fae10,0x62,0xfffff0003ffff800]
[trap] num=5 (0x5) pc=0x1804ae694 args=[0x190380d69,0x1000000,0x0,0x27fae51,0x190380f65,0x27fae10,0x62,0xfffff0003ffff800]
[trap] num=-14 (0xfffffffffffffff2) pc=0x1801155b8 args=[0x203,0x1ec444000,0x24000,0x0,0x3,0x27fab5f,0x0,0xfffff0003ffff800]
[trap] num=338 (0x152) pc=0x180116c48 args=[0x1ec7f8468,0x27f9990,0x27f9a90,0x27f9a78,0x1ec7f8472,0x1801ac864,0x27fa1d8,0x700]
[trap] num=-10 (0xfffffffffffffff6) pc=0x180115588 args=[0x203,0x27f9950,0x4000,0x3c000001,0x1ec7f8472,0x1801ac864,0x27fa1d8,0x700]
[trap] num=338 (0x152) pc=0x180116c48 args=[0x27f9fb0,0x27f9940,0x27f9a40,0x27f9a28,0x27f9fde,0x1801ac864,0x0,0x210]
[trap] num=-12 (0xfffffffffffffff4) pc=0x1801155a0 args=[0x203,0xa00878000,0x4000,0x1a0500,0x0,0x0,0x0,0xbc0]
[trap] num=-15 (0xfffffffffffffff1) pc=0x1801155c4 args=[0x203,0x27f95e0,0x20000,0x3fff,0x3c000001,0x3,0x0,0x0]
[trap] num=-12 (0xfffffffffffffff4) pc=0x1801155a0 args=[0x203,0x1003c0000,0x20000,0x103,0x0,0x0,0x0,0x0]
[trap] num=-14 (0xfffffffffffffff2) pc=0x1801155b8 args=[0x203,0x1ec444000,0x24000,0x0,0x1,0x0,0x0,0x0]
[trap] num=344 (0x158) pc=0x1804af9c4 args=[0x4,0x6e800,0x2000,0x6d978,0x6da00,0x1,0x2f,0x0]
[M28 BANDSHRINK] syscall 344 band past ipa 0x6d978 len 65536 shrunk 64 -> 0 by an overlapping window of the same call
[M28 BANDSHRINK] syscall 344 band past ipa 0x6da00 len 65536 shrunk 64 -> 0 by an overlapping window of the same call
[trap] num=399 (0x18f) pc=0x1804af584 args=[0x4,0xd8e,0xd8e,0xa,0x6d940,0x74,0x2f,0xfffff0003ffff800]
[trap] num=338 (0x152) pc=0x1804b988c args=[0x70101c0f0,0x27fe020,0x1002d264c,0x1,0x1,0x68,0x1,0xf20]
[trap] num=5 (0x5) pc=0x1804ae694 args=[0x70101c140,0x0,0x0,0x70101c15c,0x1002ca5de,0x27fdec0,0x736574616e726574,0xfffff0003ffff800]
[M28 BANDSHRINK] syscall 5 band past ipa 0x70101c140 len 65536 shrunk 64 -> 0 by an overlapping window of the same call
[trap] num=5 (0x5) pc=0x1804ae694 args=[0x70101c140,0x1000000,0x0,0x1,0x1002c7006,0x27fdd70,0x78,0xfffff0003ffff800]
[trap] num=5 (0x5) pc=0x1804ae694 args=[0x70101c1e0,0x1000000,0x0,0x70101c21b,0x1002c7026,0x27fdd70,0x6e,0xfffff0003ffff800]
[M28 BANDSHRINK] syscall 5 band past ipa 0x70101c1e0 len 65536 shrunk 64 -> 0 by an overlapping window of the same call
[trap] num=398 (0x18e) pc=0x1804ae948 args=[0x6d780,0x1100000,0x0,0xa00610268,0x0,0x27fde17,0x3ff800,0xfffff0007ffff800]
[trap] num=346 (0x15a) pc=0x1804b9980 args=[0x4,0x27fd5d0,0xd86,0x12,0x0,0x27fde17,0x3ff800,0xfffff0007ffff800]
[trap] num=344 (0x158) pc=0x1804af9c4 args=[0x4,0x700c20000,0x2000,0x6d858,0x6e700,0x1,0x0,0x0]
[M28 BANDSHRINK] syscall 344 band past ipa 0x6d858 len 65536 shrunk 64 -> 0 by an overlapping window of the same call
[trap] num=399 (0x18f) pc=0x1804af584 args=[0x4,0xd7c,0xd7c,0xa,0x6d840,0x1,0x0,0x0]
[trap] num=5 (0x5) pc=0x1804ae694 args=[0x6d7a0,0x1000000,0x0,0x2,0x0,0x500,0x0,0x600]
[trap] num=339 (0x153) pc=0x1804bc288 args=[0x4,0x27fe000,0x27fe190,0x2,0x0,0x500,0x0,0x600]
[trap] num=197 (0xc5) pc=0x1804aea18 args=[0x0,0x78,0x1,0x40002,0x4,0x0,0x0,0x600]
[trap] num=6 (0x6) pc=0x1804ae8f0 args=[0x4,0x78,0x1,0x40002,0x4,0x0,0x0,0x600]
[trap] num=-15 (0xfffffffffffffff1) pc=0x1804adacc args=[0x203,0x27fdd58,0x400000,0x3fffff,0x2000001,0x3,0x0,0x0]
[trap] num=73 (0x49) pc=0x1804b1728 args=[0xa0087c000,0x78,0xe6a,0x1c0,0x6e700,0x74,0x3765666166666566,0x19028de90]
[trap] num=5 (0x5) pc=0x1804ae694 args=[0x6d7a0,0x1000000,0x0,0x6d7ac,0x6e700,0x74,0x73,0x19028de90]
[M28 BANDSHRINK] syscall 5 band past ipa 0x6d7a0 len 65536 shrunk 64 -> 0 by an overlapping window of the same call
[M28 BANDSHRINK] syscall 5 band past ipa 0x6d7ac len 65536 shrunk 64 -> 0 by an overlapping window of the same call
[trap] num=339 (0x153) pc=0x1804bc288 args=[0x4,0x27fe000,0x27fe190,0x6d7ac,0x6e700,0x74,0x73,0x19028de90]
[M28 BANDSHRINK] syscall 339 band past ipa 0x6d7ac len 65536 shrunk 64 -> 0 by an overlapping window of the same call
[trap] num=197 (0xc5) pc=0x1804aea18 args=[0x0,0x78,0x1,0x40002,0x4,0x0,0x73,0x19028de90]
[trap] num=6 (0x6) pc=0x1804ae8f0 args=[0x4,0x78,0x1,0x40002,0x4,0x0,0x73,0x19028de90]
[trap] num=73 (0x49) pc=0x1804b1728 args=[0xa00c80000,0x78,0x0,0xa,0xfffff0007fc00000,0x74,0x700c40098,0x19028de90]
[trap] num=-15 (0xfffffffffffffff1) pc=0x1804adacc args=[0x203,0x27fe208,0x400000,0x0,0x2004000,0x3,0x0,0x0]
[trap] num=194 (0xc2) pc=0x1804b00c8 args=[0x1008,0x27fe128,0x1804edb6c,0x5c,0x0,0x1,0x0,0x0]
[trap] num=398 (0x18e) pc=0x1804ae948 args=[0x70101c050,0x0,0x0,0x5c,0x0,0x1,0x0,0x0]
[trap] num=194 (0xc2) pc=0x1804b00c8 args=[0x1008,0x27fdcd8,0x1804edb6c,0x1,0x0,0x6f,0x77,0x0]
[trap] num=398 (0x18e) pc=0x1804ae948 args=[0x6d780,0x0,0x0,0x1,0x0,0x6f,0x77,0x0]
[trap] num=5 (0x5) pc=0x1804ae694 args=[0x70101c140,0x1000000,0x0,0x70101c15e,0x1002b5469,0x27fe1f0,0x68,0xfffff0003ffff800]
[M28 BANDSHRINK] syscall 5 band past ipa 0x70101c140 len 65536 shrunk 64 -> 0 by an overlapping window of the same call
[trap] num=5 (0x5) pc=0x1804ae694 args=[0x70101c140,0x1000000,0x0,0x70101c172,0x1002b547e,0x27fe1f0,0x6e,0xfffff0003ffff800]
[M28 BANDSHRINK] syscall 5 band past ipa 0x70101c140 len 65536 shrunk 64 -> 0 by an overlapping window of the same call
[trap] num=5 (0x5) pc=0x1804ae694 args=[0x70101c0a0,0x0,0x0,0x1002cf1e9,0x100320cc8,0x10027b987,0x27fddc0,0x100285a06]
[M28 BANDSHRINK] syscall 5 band past ipa 0x10027b987 len 65536 shrunk 64 -> 0 by an overlapping window of the same call
[trap] num=339 (0x153) pc=0x1804bc288 args=[0x4,0x27fd310,0x0,0x1002cf1e9,0x100320cc8,0x10027b987,0x27fddc0,0x100285a06]
[M28 BANDSHRINK] syscall 339 band past ipa 0x10027b987 len 65536 shrunk 64 -> 0 by an overlapping window of the same call
[trap] num=197 (0xc5) pc=0x1804aea18 args=[0x0,0x89,0x1,0x40002,0x4,0x0,0x27fddc0,0x100285a06]
[trap] num=6 (0x6) pc=0x1804ae8f0 args=[0x4,0x89,0x1,0x40002,0x4,0x0,0x27fddc0,0x100285a06]
[trap] num=73 (0x49) pc=0x1804b1728 args=[0xa00c84000,0x89,0x1002f5210,0x1002b4c3d,0x100320cc8,0x0,0x27fd210,0xfffff0003ffff800]
[trap] num=58 (0x3a) pc=0x1804b015c args=[0x70102c040,0x6d8a0,0x20,0xb,0x0,0x0,0x78,0xfffff0003ffff800]
[trap] num=398 (0x18e) pc=0x1804ae948 args=[0x1803fd5e6,0x1000000,0x0,0x36,0x0,0x0,0xffffffffbfc007ff,0xfffff0003ffff800]
[trap] num=339 (0x153) pc=0x1804bc288 args=[0x4,0x27fda90,0x0,0x36,0x0,0x0,0xffffffffbfc007ff,0xfffff0003ffff800]
[trap] num=406 (0x196) pc=0x1804b2174 args=[0x4,0x32,0x27fd600,0x27fd9c0,0x27fd680,0x0,0xffffffffbfc007ff,0xfffff0003ffff800]
[trap] num=399 (0x18f) pc=0x1804af584 args=[0x4,0x32,0x27fd600,0x27fd9c0,0x27fd680,0x0,0xffffffffbfc007ff,0xfffff0003ffff800]
[trap] num=338 (0x152) pc=0x1804b988c args=[0x27fd600,0x27fda00,0x27fd600,0x27fd9c0,0x27fd680,0x0,0xffffffffbfc007ff,0xfffff0003ffff800]
[trap] num=398 (0x18e) pc=0x1804ae948 args=[0x1803fd5e6,0x1000000,0x0,0x40,0x6de00,0x20,0xffffffffbfc007ff,0xfffff0003ffff800]
[trap] num=339 (0x153) pc=0x1804bc288 args=[0x4,0x27fda90,0x0,0x40,0x6de00,0x20,0xffffffffbfc007ff,0xfffff0003ffff800]
[trap] num=406 (0x196) pc=0x1804b2174 args=[0x4,0x32,0x27fd600,0x27fd9c0,0x27fd680,0x20,0xffffffffbfc007ff,0xfffff0003ffff800]
[trap] num=399 (0x18f) pc=0x1804af584 args=[0x4,0x32,0x27fd600,0x27fd9c0,0x27fd680,0x20,0xffffffffbfc007ff,0xfffff0003ffff800]
[trap] num=338 (0x152) pc=0x1804b988c args=[0x27fd600,0x27fda00,0x27fd600,0x27fd9c0,0x27fd680,0x20,0xffffffffbfc007ff,0xfffff0003ffff800]
[trap] num=5 (0x5) pc=0x1804ae694 args=[0x6de20,0x1000a02,0x1b6,0x6deba,0x701028080,0x20,0x6b,0xfffff0003ffff800]
[M28 BANDSHRINK] syscall 5 band past ipa 0x6de20 len 65536 shrunk 64 -> 0 by an overlapping window of the same call
[trap] num=46 (0x2e) pc=0x1804b4478 args=[0x2,0x27fdd78,0x27fdda0,0x1a,0x0,0x20,0x6b,0xfffff0003ffff800]
[trap] num=46 (0x2e) pc=0x1804b4478 args=[0x1,0x27fdd78,0x27fdda0,0xe,0x0,0x20,0x6b,0xfffff0003ffff800]
[trap] num=46 (0x2e) pc=0x1804b4478 args=[0xf,0x27fdd78,0x27fdda0,0x0,0x0,0x20,0x6b,0xfffff0003ffff800]
[trap] num=46 (0x2e) pc=0x1804b4478 args=[0x3,0x27fdd78,0x27fdda0,0x0,0x0,0x20,0x6b,0xfffff0003ffff800]
[trap] num=46 (0x2e) pc=0x1804b4478 args=[0xd,0x27fdd98,0x27fddc0,0x1,0x0,0x1,0x0,0x0]
[trap] num=116 (0x74) pc=0x1804b1b60 args=[0x27fd230,0x0,0x0,0xfffffc088,0x0,0x1002d5018,0x0,0x100279f56]
[trap] num=340 (0x154) pc=0x1804b9860 args=[0x6dd24,0x27fd280,0x6dd24,0x5,0x0,0x701014220,0x0,0x100279f56]
[trap] num=340 (0x154) pc=0x1804b9860 args=[0x701000a70,0x27fcf40,0x0,0x1002bc077,0x100320cc8,0x0,0x27fcf40,0xfffff0003ffff800]
[trap] num=202 (0xca) pc=0x1804af460 args=[0x27fcd40,0x2,0x27fcd34,0x27fcd38,0x0,0x0,0x27fcd60,0x0]
[trap] num=5 (0x5) pc=0x1804ae694 args=[0x701000a70,0x0,0x0,0x27fcf40,0x1,0x74,0x27fcd60,0x0]
[trap] num=5 (0x5) pc=0x1804ae694 args=[0x6d900,0x0,0x0,0x6d94b,0x10027b3f7,0x27fca20,0x73,0xfffff0003ffff800]
[M28 BANDSHRINK] syscall 5 band past ipa 0x6d900 len 65536 shrunk 64 -> 0 by an overlapping window of the same call
[trap] num=406 (0x196) pc=0x1804b2174 args=[0x6,0x3,0x0,0x6d94b,0x10027b3f7,0x27fca20,0x73,0xfffff0003ffff800]
[trap] num=194 (0xc2) pc=0x1804b00c8 args=[0x1008,0x27fc898,0x1804edb6c,0x6d94b,0x10027b3f7,0x27fca20,0x73,0xfffff0003ffff800]
[trap] num=339 (0x153) pc=0x1804bc288 args=[0x6,0x27fc980,0x1804edb6c,0x6d94b,0x10027b3f7,0x27fca20,0x73,0xfffff0003ffff800]
[trap] num=339 (0x153) pc=0x1804bc288 args=[0x6,0x27fc780,0x27fc844,0x1ec7035c0,0x7010105a0,0x0,0xffffffffbfc007ff,0xfffff0003ffff800]
[trap] num=396 (0x18c) pc=0x1804afcac args=[0x6,0x701018000,0x1000,0xa005c71a0,0x701018000,0x0,0xffffffffbfc007ff,0xfffff0003ffff800]
[trap] num=396 (0x18c) pc=0x1804afcac args=[0x6,0x701018000,0x1000,0x1ec7035c0,0x66,0x66,0x74,0xfffff0003ffff800]
[trap] num=399 (0x18f) pc=0x1804af584 args=[0x6,0x0,0x1804edb6c,0x1ec7035c0,0x66,0x66,0x74,0xfffff0003ffff800]
[trap] num=5 (0x5) pc=0x1804ae694 args=[0x700c02e40,0x0,0x0,0x700c02e53,0x700c02e40,0x0,0x0,0xfffff0003ffff800]
[M28 BANDSHRINK] syscall 5 band past ipa 0x700c02e40 len 65536 shrunk 64 -> 0 by an overlapping window of the same call
[M28 BANDSHRINK] syscall 5 band past ipa 0x700c02e40 len 65536 shrunk 64 -> 0 by an overlapping window of the same call
[trap] num=5 (0x5) pc=0x1804ae694 args=[0x1002b1a90,0x100,0x0,0x3,0x700c02e40,0x0,0x0,0xfffff0003ffff800]
[trap] num=5 (0x5) pc=0x1804ae694 args=[0x70102c060,0x0,0x0,0x1,0x0,0x6f,0x73,0xfffff0003ffff800]
[trap] num=3 (0x3) pc=0x1804ae91c args=[0x5,0x66e60,0x8,0x0,0x0,0x0,0xffffffffbfc007ff,0xfffff0003ffff800]
[trap] num=33 (0x21) pc=0x1804ae668 args=[0x6ec20,0x0,0x60,0xfffff0007fc00000,0x0,0x0,0x0,0xfffff0003ffff800]
[trap] num=116 (0x74) pc=0x1804b1b60 args=[0x27fad60,0x0,0x0,0xfffffc088,0x58,0x58,0x58,0xfffff0003ffff800]
[trap] num=5 (0x5) pc=0x1804ae694 args=[0x6eca0,0xa02,0x124,0x1ec6fd538,0x58,0x58,0x652dc3b7fa127ef5,0xfffff0003ffff800]
[trap] num=136 (0x88) pc=0x1804af788 args=[0x6eca0,0x1ff,0x0,0x6ecaf,0x58,0x58,0x31,0xfffff0003ffff800]
[M28 BANDSHRINK] syscall 136 band past ipa 0x6eca0 len 65536 shrunk 64 -> 0 by an overlapping window of the same call
[trap] num=116 (0x74) pc=0x1804b1b60 args=[0x27fad60,0x0,0x0,0xfffffc088,0x58,0x58,0x58,0xfffff0003ffff800]
[trap] num=5 (0x5) pc=0x1804ae694 args=[0x6eca0,0xa02,0x124,0x1ec6fd540,0x58,0x58,0x1ce59ec94b418be,0xfffff0003ffff800]
[trap] num=4 (0x4) pc=0x1804b1834 args=[0x6,0x27fba88,0x17,0x27fb153,0x2d,0x3,0xa6f77740a656e6f,0x8]
[trap] num=75 (0x4b) pc=0x1804b09b0 args=[0x7009a4000,0x10000,0x7,0x0,0x0,0x3,0xa6f77740a656e6f,0x8]
[m47] num=75 args=[0x7009a4000,0x10000,0x7] policy="" op="" ret=0x0 err=false writes=0
[trap] num=75 (0x4b) pc=0x1804b09b0 args=[0xa008c0000,0x10000,0x7,0x0,0x0,0x0,0x0,0x8]
[m47] num=75 args=[0xa008c0000,0x10000,0x7] policy="" op="" ret=0x0 err=false writes=0
[trap] num=75 (0x4b) pc=0x1804b09b0 args=[0xa008b0000,0x10000,0x7,0x0,0x0,0x0,0x0,0x8]
[m47] num=75 args=[0xa008b0000,0x10000,0x7] policy="" op="" ret=0x0 err=false writes=0
[trap] num=75 (0x4b) pc=0x1804b09b0 args=[0xa008a0000,0x10000,0x7,0x0,0x0,0x0,0x0,0x8]
[m47] num=75 args=[0xa008a0000,0x10000,0x7] policy="" op="" ret=0x0 err=false writes=0
[trap] num=6 (0x6) pc=0x1804ae8f0 args=[0x6,0x6,0x6eca0,0xfff7dfff,0x0,0xc6c3b21d,0xd3ebeea6,0xf802e791]
[trap] num=9 (0x9) pc=0x1804b26f0 args=[0x6eca0,0x6ec60,0x1,0xfff7dfff,0x0,0xc6c3b21d,0xd3ebeea6,0xf802e791]
[M28 BANDSHRINK] syscall 9 band past ipa 0x6ec60 len 65536 shrunk 64 -> 0 by an overlapping window of the same call
[trap] num=10 (0xa) pc=0x1804b1cac args=[0x6eca0,0x6ec60,0x1,0xfff7dfff,0x0,0xc6c3b21d,0xd3ebeea6,0xf802e791]
[M28 BANDSHRINK] syscall 10 band past ipa 0x6ec60 len 65536 shrunk 64 -> 0 by an overlapping window of the same call
[trap] num=6 (0x6) pc=0x1804ae8f0 args=[0x5,0x6e6,0x6e6,0x1,0x0,0xc6c3b21d,0xd3ebeea6,0xf802e791]
[trap] num=340 (0x154) pc=0x1804b9860 args=[0x6ee30,0x27fdaf8,0x60,0xfffff0007fc00000,0x0,0x0,0x0,0xfffff0003ffff800]
[trap] num=33 (0x21) pc=0x1804ae668 args=[0x6ec20,0x0,0x0,0x6ec2c,0x0,0xdd7a17c6,0x73,0xd87b283e]
[M28 BANDSHRINK] syscall 33 band past ipa 0x6ec20 len 65536 shrunk 64 -> 0 by an overlapping window of the same call
[trap] num=116 (0x74) pc=0x1804b1b60 args=[0x27fbfa0,0x0,0x0,0xfffffc088,0x58,0x58,0x58,0x27fdd78]
[trap] num=5 (0x5) pc=0x1804ae694 args=[0x6eca0,0xa02,0x124,0x1ec6fd548,0x58,0x58,0xe87d1dec02fdf523,0x27fdd78]
[trap] num=136 (0x88) pc=0x1804af788 args=[0x6eca0,0x1ff,0x0,0x6ecaf,0x58,0x58,0x32,0x27fdd78]
[M28 BANDSHRINK] syscall 136 band past ipa 0x6eca0 len 65536 shrunk 64 -> 0 by an overlapping window of the same call
[trap] num=116 (0x74) pc=0x1804b1b60 args=[0x27fbfa0,0x0,0x0,0xfffffc088,0x58,0x58,0x58,0x27fdd78]
[trap] num=5 (0x5) pc=0x1804ae694 args=[0x6eca0,0xa02,0x124,0x1ec6fd550,0x58,0x58,0x4262ff6d7150cf56,0x27fdd78]
[trap] num=4 (0x4) pc=0x1804b1834 args=[0x5,0x27fccc8,0x32,0x27fc3ad,0x7b,0x9,0xf2,0x29]
[trap] num=75 (0x4b) pc=0x1804b09b0 args=[0x7009a4000,0x10000,0x7,0x0,0x0,0x9,0xf2,0x29]
[m47] num=75 args=[0x7009a4000,0x10000,0x7] policy="" op="" ret=0x0 err=false writes=0
[trap] num=75 (0x4b) pc=0x1804b09b0 args=[0xa008c0000,0x10000,0x7,0x0,0x0,0x0,0x0,0x29]
[m47] num=75 args=[0xa008c0000,0x10000,0x7] policy="" op="" ret=0x0 err=false writes=0
[trap] num=75 (0x4b) pc=0x1804b09b0 args=[0xa008b0000,0x10000,0x7,0x0,0x0,0x0,0x0,0x29]
[m47] num=75 args=[0xa008b0000,0x10000,0x7] policy="" op="" ret=0x0 err=false writes=0
[trap] num=75 (0x4b) pc=0x1804b09b0 args=[0xa008a0000,0x10000,0x7,0x0,0x0,0x0,0x0,0x29]
[m47] num=75 args=[0xa008a0000,0x10000,0x7] policy="" op="" ret=0x0 err=false writes=0
[trap] num=6 (0x6) pc=0x1804ae8f0 args=[0x5,0x5,0x6eca0,0xfff7dfff,0x0,0xdd7a17c6,0xab795481,0xd87b283e]
[trap] num=9 (0x9) pc=0x1804b26f0 args=[0x6eca0,0x6ec60,0x1,0xfff7dfff,0x0,0xdd7a17c6,0xab795481,0xd87b283e]
[M28 BANDSHRINK] syscall 9 band past ipa 0x6ec60 len 65536 shrunk 64 -> 0 by an overlapping window of the same call
[trap] num=10 (0xa) pc=0x1804b1cac args=[0x6eca0,0x6ec60,0x1,0xfff7dfff,0x0,0xdd7a17c6,0xab795481,0xd87b283e]
[M28 BANDSHRINK] syscall 10 band past ipa 0x6ec60 len 65536 shrunk 64 -> 0 by an overlapping window of the same call
[trap] num=116 (0x74) pc=0x1804b1b60 args=[0x27fdb80,0x0,0x0,0xfffffc088,0x100320cc8,0x10027b987,0x27fdde0,0xd87b283e]
[trap] num=4 (0x4) pc=0x1804b1834 args=[0x4,0x7009a4000,0x75,0x6eed9,0x0,0xb0334baf,0x87,0x5def08a9]
[trap] num=4 (0x4) pc=0x1804b1834 args=[0x4,0x7009a4000,0x14,0x6b914,0x0,0x43418bf3,0xb0,0xbadf19e4]
[trap] num=75 (0x4b) pc=0x1804b09b0 args=[0x7009a4000,0x20000,0x7,0x0,0x0,0x43418bf3,0xb0,0xbadf19e4]
[m47] num=75 args=[0x7009a4000,0x20000,0x7] policy="" op="" ret=0x0 err=false writes=0
[trap] num=6 (0x6) pc=0x1804ae8f0 args=[0x4,0x0,0xee7,0xa0,0x6eec0,0x0,0x0,0xbadf19e4]
[trap] num=338 (0x152) pc=0x1804b988c args=[0x6de20,0x27fdcd8,0xee7,0xa0,0x6eec0,0x0,0x0,0xbadf19e4]
[M28 BANDSHRINK] syscall 338 band past ipa 0x6de20 len 65536 shrunk 64 -> 0 by an overlapping window of the same call
[trap] num=33 (0x21) pc=0x1804ae668 args=[0x6ee70,0x1,0xab0,0x1,0x0,0x6f,0x65,0xfffff0003ffff800]
[trap] num=116 (0x74) pc=0x1804b1b60 args=[0x27fe470,0x0,0x0,0xfffffc088,0x0,0x0,0x0,0xfffff0003ffff800]
[trap] num=33 (0x21) pc=0x1804ae668 args=[0x1803fed70,0x4,0x0,0x27fdfaf,0x701020000,0x0,0x0,0xfffff0003ffff800]
[trap] num=398 (0x18e) pc=0x1804ae948 args=[0x1803fed70,0x0,0x0,0x27fdfaf,0x701020000,0x0,0x0,0xfffff0003ffff800]
[trap] num=339 (0x153) pc=0x1804bc288 args=[0x4,0x27fdea0,0x0,0x27fdfaf,0x701020000,0x0,0x0,0xfffff0003ffff800]
[trap] num=396 (0x18c) pc=0x1804afcac args=[0x4,0xa008c0000,0xa1e8,0x3,0x1,0x0,0x0,0x0]
[trap] num=399 (0x18f) pc=0x1804af584 args=[0x4,0xa008c0000,0xa1e8,0x3,0x1,0x0,0x0,0x0]
[trap] num=327 (0x147) pc=0x1804ad92c args=[0x1803fedf5,0xa008a5000,0x0,0x0,0xa008a5000,0x0,0x3ff800,0xffffffffbfc007ff]
[trap] num=398 (0x18e) pc=0x1804ae948 args=[0x701020000,0x0,0x0,0x0,0x0,0x27fdc57,0x0,0xfffff0007ffff800]
[trap] num=339 (0x153) pc=0x1804bc288 args=[0x4,0x27fdcd0,0x0,0x0,0x0,0x27fdc57,0x0,0xfffff0007ffff800]
[trap] num=396 (0x18c) pc=0x1804afcac args=[0x4,0xa008cc000,0xa1e8,0x3,0x1,0x0,0x0,0x0]
[trap] num=399 (0x18f) pc=0x1804af584 args=[0x4,0xa008cc000,0xa1e8,0x3,0x1,0x0,0x0,0x0]
[trap] num=75 (0x4b) pc=0x1804b09b0 args=[0xa008cc000,0xc000,0x7,0x0,0x0,0x0,0x1,0x0]
[m47] num=75 args=[0xa008cc000,0xc000,0x7] policy="" op="" ret=0x0 err=false writes=0
[trap] num=75 (0x4b) pc=0x1804b09b0 args=[0xa008c0000,0xc000,0x7,0x0,0x0,0x0,0x33,0x0]
[m47] num=75 args=[0xa008c0000,0xc000,0x7] policy="" op="" ret=0x0 err=false writes=0
[trap] num=33 (0x21) pc=0x1804ae668 args=[0x6ee70,0x1,0xab0,0x1,0x0,0x6f,0x74,0xfffff0003ffff800]
[trap] num=194 (0xc2) pc=0x1804b00c8 args=[0x1008,0x27fe408,0x1804edb6c,0x1,0x0,0x6f,0x47,0xfffff0003ffff800]
[trap] num=398 (0x18e) pc=0x1804ae948 args=[0x70102c0c0,0x601,0x1b6,0x1,0x0,0x6f,0x47,0xfffff0003ffff800]
[trap] num=339 (0x153) pc=0x1804bc288 args=[0x4,0x27fe2f0,0x27fe3b4,0x1ec7035c0,0x0,0x6f,0x47,0xfffff0003ffff800]
[trap] num=340 (0x154) pc=0x1804b9860 args=[0x70101c280,0x27fdfd0,0x0,0x70101c289,0x10027b3f7,0x27fdf30,0x44,0xfffff0003ffff800]
[M28 BANDSHRINK] syscall 340 band past ipa 0x70101c280 len 65536 shrunk 64 -> 0 by an overlapping window of the same call
[trap] num=5 (0x5) pc=0x1804ae694 args=[0x70101c280,0x0,0x0,0x70101c289,0x10027b3f7,0x27fdf30,0x44,0xfffff0003ffff800]
[M28 BANDSHRINK] syscall 5 band past ipa 0x70101c280 len 65536 shrunk 64 -> 0 by an overlapping window of the same call
[trap] num=3 (0x3) pc=0x1804ae91c args=[0x5,0x701028000,0x100,0xa00610268,0x0,0x27fdeb7,0x3ff800,0xfffff0007ffff800]
[trap] num=3 (0x3) pc=0x1804ae91c args=[0x5,0x701028015,0xeb,0xa00610268,0x0,0x27fdeb7,0x3ff800,0xfffff0007ffff800]
[trap] num=6 (0x6) pc=0x1804ae8f0 args=[0x5,0x701028015,0xeb,0xa00610268,0x0,0x27fdeb7,0x3ff800,0xfffff0007ffff800]
[trap] num=340 (0x154) pc=0x1804b9860 args=[0x70101c280,0x27fdfd0,0x0,0x70101c294,0x10027b3f7,0x27fdf30,0x6e,0xfffff0003ffff800]
[M28 BANDSHRINK] syscall 340 band past ipa 0x70101c280 len 65536 shrunk 64 -> 0 by an overlapping window of the same call
[trap] num=5 (0x5) pc=0x1804ae694 args=[0x70101c280,0x0,0x0,0x70101c294,0x10027b3f7,0x27fdf30,0x6e,0xfffff0003ffff800]
[M28 BANDSHRINK] syscall 5 band past ipa 0x70101c280 len 65536 shrunk 64 -> 0 by an overlapping window of the same call
[trap] num=3 (0x3) pc=0x1804ae91c args=[0x5,0x701028000,0x100,0xa00610268,0x0,0x27fdeb7,0x3ff800,0xfffff0007ffff800]
[trap] num=3 (0x3) pc=0x1804ae91c args=[0x5,0x701028029,0xd7,0xa00610268,0x0,0x27fdeb7,0x3ff800,0xfffff0007ffff800]
[trap] num=6 (0x6) pc=0x1804ae8f0 args=[0x5,0x701028029,0xd7,0xa00610268,0x0,0x27fdeb7,0x3ff800,0xfffff0007ffff800]
[trap] num=340 (0x154) pc=0x1804b9860 args=[0x70101c280,0x27fdfd0,0x0,0x70101c28e,0x10027b3f7,0x27fdf30,0x44,0xfffff0003ffff800]
[M28 BANDSHRINK] syscall 340 band past ipa 0x70101c280 len 65536 shrunk 64 -> 0 by an overlapping window of the same call
[trap] num=338 (0x152) pc=0x1804b988c args=[0x70101c0f0,0x27fdd90,0x1002d265f,0x100306f98,0x27fe140,0x27fdfcc,0x1001af3d4,0x8c0]
[trap] num=340 (0x154) pc=0x1804b9860 args=[0x70101c280,0x27fdfd0,0x0,0x70101c293,0x10027b3f7,0x27fdf30,0x44,0xfffff0003ffff800]
[M28 BANDSHRINK] syscall 340 band past ipa 0x70101c280 len 65536 shrunk 64 -> 0 by an overlapping window of the same call
[trap] num=338 (0x152) pc=0x1804b988c args=[0x70101c0f0,0x27fdd90,0x1002d265f,0x100306f98,0x27fe140,0x27fdfcc,0x1001af3d4,0x8c0]
[trap] num=340 (0x154) pc=0x1804b9860 args=[0x70101c280,0x27fdfd0,0x0,0x70101c294,0x10027b3f7,0x27fdf30,0x44,0xfffff0003ffff800]
[M28 BANDSHRINK] syscall 340 band past ipa 0x70101c280 len 65536 shrunk 64 -> 0 by an overlapping window of the same call
[trap] num=338 (0x152) pc=0x1804b988c args=[0x70101c0f0,0x27fdd90,0x1002d265f,0x100306f98,0x27fe140,0x27fdfcc,0x1001af3d4,0x8c0]
[trap] num=340 (0x154) pc=0x1804b9860 args=[0x70101c280,0x27fdfd0,0x0,0x70101c296,0x10027b3f7,0x27fdf30,0x44,0xfffff0003ffff800]
[M28 BANDSHRINK] syscall 340 band past ipa 0x70101c280 len 65536 shrunk 64 -> 0 by an overlapping window of the same call
[trap] num=338 (0x152) pc=0x1804b988c args=[0x70101c0f0,0x27fdd90,0x1002d265f,0x100306f98,0x27fe140,0x27fdfcc,0x1001af3d4,0x8c0]
[trap] num=340 (0x154) pc=0x1804b9860 args=[0x70101c280,0x27fdfd0,0x0,0x70101c29b,0x10027b3f7,0x27fdf30,0x44,0xfffff0003ffff800]
[M28 BANDSHRINK] syscall 340 band past ipa 0x70101c280 len 65536 shrunk 64 -> 0 by an overlapping window of the same call
[trap] num=338 (0x152) pc=0x1804b988c args=[0x70101c0f0,0x27fdd90,0x1002d265f,0x100306f98,0x27fe140,0x27fdfcc,0x1001af3d4,0x8c0]
[trap] num=340 (0x154) pc=0x1804b9860 args=[0x70101c280,0x27fd310,0x0,0x70101c289,0x10027b3f7,0x27fd270,0x44,0xfffff0003ffff800]
[M28 BANDSHRINK] syscall 340 band past ipa 0x70101c280 len 65536 shrunk 64 -> 0 by an overlapping window of the same call
[trap] num=5 (0x5) pc=0x1804ae694 args=[0x70101c280,0x0,0x0,0x70101c289,0x10027b3f7,0x27fd270,0x44,0xfffff0003ffff800]
[M28 BANDSHRINK] syscall 5 band past ipa 0x70101c280 len 65536 shrunk 64 -> 0 by an overlapping window of the same call
[trap] num=3 (0x3) pc=0x1804ae91c args=[0x5,0x701028000,0x100,0xa005c6620,0x701028000,0x0,0xffffffffbfc007ff,0xfffff0003ffff800]
[trap] num=3 (0x3) pc=0x1804ae91c args=[0x5,0x701028015,0xeb,0xa005c6620,0x701028000,0x0,0xffffffffbfc007ff,0xfffff0003ffff800]
[M28 BANDSHRINK] syscall 3 band past ipa 0x701028000 len 65536 shrunk 64 -> 0 by an overlapping window of the same call
[trap] num=6 (0x6) pc=0x1804ae8f0 args=[0x5,0x701028015,0xeb,0xa005c6620,0x701028000,0x0,0xffffffffbfc007ff,0xfffff0003ffff800]
[M28 BANDSHRINK] syscall 6 band past ipa 0x701028000 len 65536 shrunk 64 -> 0 by an overlapping window of the same call
[trap] num=340 (0x154) pc=0x1804b9860 args=[0x70101c280,0x27fd310,0x0,0x70101c294,0x10027b3f7,0x27fd270,0x6e,0xfffff0003ffff800]
[M28 BANDSHRINK] syscall 340 band past ipa 0x70101c280 len 65536 shrunk 64 -> 0 by an overlapping window of the same call
[trap] num=5 (0x5) pc=0x1804ae694 args=[0x70101c280,0x0,0x0,0x70101c294,0x10027b3f7,0x27fd270,0x6e,0xfffff0003ffff800]
[M28 BANDSHRINK] syscall 5 band past ipa 0x70101c280 len 65536 shrunk 64 -> 0 by an overlapping window of the same call
[trap] num=3 (0x3) pc=0x1804ae91c args=[0x5,0x701028000,0x100,0xa005c6620,0x701028000,0x0,0xffffffffbfc007ff,0xfffff0003ffff800]
[trap] num=3 (0x3) pc=0x1804ae91c args=[0x5,0x701028029,0xd7,0xa005c6620,0x701028000,0x0,0xffffffffbfc007ff,0xfffff0003ffff800]
[M28 BANDSHRINK] syscall 3 band past ipa 0x701028000 len 65536 shrunk 64 -> 0 by an overlapping window of the same call
[trap] num=6 (0x6) pc=0x1804ae8f0 args=[0x5,0x701028029,0xd7,0xa005c6620,0x701028000,0x0,0xffffffffbfc007ff,0xfffff0003ffff800]
[M28 BANDSHRINK] syscall 6 band past ipa 0x701028000 len 65536 shrunk 64 -> 0 by an overlapping window of the same call
[trap] num=340 (0x154) pc=0x1804b9860 args=[0x70101c280,0x27fd310,0x0,0x70101c28e,0x10027b3f7,0x27fd270,0x44,0xfffff0003ffff800]
[M28 BANDSHRINK] syscall 340 band past ipa 0x70101c280 len 65536 shrunk 64 -> 0 by an overlapping window of the same call
[trap] num=338 (0x152) pc=0x1804b988c args=[0x70101c0f0,0x27fd0d0,0x1002d265f,0x100306f98,0x27fd480,0x27fd30c,0x1001af3d4,0x8c0]
[trap] num=340 (0x154) pc=0x1804b9860 args=[0x70101c280,0x27fd310,0x0,0x70101c293,0x10027b3f7,0x27fd270,0x44,0xfffff0003ffff800]
[M28 BANDSHRINK] syscall 340 band past ipa 0x70101c280 len 65536 shrunk 64 -> 0 by an overlapping window of the same call
[trap] num=338 (0x152) pc=0x1804b988c args=[0x70101c0f0,0x27fd0d0,0x1002d265f,0x100306f98,0x27fd480,0x27fd30c,0x1001af3d4,0x8c0]
[trap] num=340 (0x154) pc=0x1804b9860 args=[0x70101c280,0x27fd310,0x0,0x70101c294,0x10027b3f7,0x27fd270,0x44,0xfffff0003ffff800]
[M28 BANDSHRINK] syscall 340 band past ipa 0x70101c280 len 65536 shrunk 64 -> 0 by an overlapping window of the same call
[trap] num=338 (0x152) pc=0x1804b988c args=[0x70101c0f0,0x27fd0d0,0x1002d265f,0x100306f98,0x27fd480,0x27fd30c,0x1001af3d4,0x8c0]
[trap] num=340 (0x154) pc=0x1804b9860 args=[0x70101c280,0x27fd310,0x0,0x70101c296,0x10027b3f7,0x27fd270,0x44,0xfffff0003ffff800]
[M28 BANDSHRINK] syscall 340 band past ipa 0x70101c280 len 65536 shrunk 64 -> 0 by an overlapping window of the same call
[trap] num=338 (0x152) pc=0x1804b988c args=[0x70101c0f0,0x27fd0d0,0x1002d265f,0x100306f98,0x27fd480,0x27fd30c,0x1001af3d4,0x8c0]
[trap] num=340 (0x154) pc=0x1804b9860 args=[0x70101c280,0x27fd310,0x0,0x70101c29b,0x10027b3f7,0x27fd270,0x44,0xfffff0003ffff800]
[M28 BANDSHRINK] syscall 340 band past ipa 0x70101c280 len 65536 shrunk 64 -> 0 by an overlapping window of the same call
[trap] num=338 (0x152) pc=0x1804b988c args=[0x70101c0f0,0x27fd0d0,0x1002d265f,0x100306f98,0x27fd480,0x27fd30c,0x1001af3d4,0x8c0]
[trap] num=5 (0x5) pc=0x1804ae694 args=[0x6d7a0,0x1000000,0x0,0x6d7ac,0x2,0x1002d5018,0x73,0x100279f56]
[M28 BANDSHRINK] syscall 5 band past ipa 0x6d7a0 len 65536 shrunk 64 -> 0 by an overlapping window of the same call
[trap] num=339 (0x153) pc=0x1804bc288 args=[0x5,0x27fce20,0x27fcfb0,0x6d7ac,0x2,0x1002d5018,0x73,0x100279f56]
[trap] num=197 (0xc5) pc=0x1804aea18 args=[0x0,0x32,0x1,0x40002,0x5,0x0,0x73,0x100279f56]
[trap] num=6 (0x6) pc=0x1804ae8f0 args=[0x5,0x32,0x1,0x40002,0x5,0x0,0x73,0x100279f56]
[trap] num=73 (0x49) pc=0x1804b1728 args=[0xa00c88000,0x32,0x0,0xa,0xfffff0007fc00000,0x65,0x700c40098,0x19028de90]
[trap] num=33 (0x21) pc=0x1804ae668 args=[0x70102c080,0x4,0x0,0x1,0x0,0x6f,0x65,0xfffff0003ffff800]
[trap] num=5 (0x5) pc=0x1804ae694 args=[0x70102c080,0x0,0x0,0x6f880,0x0,0x0,0x0,0xfffff0003ffff800]
[trap] num=339 (0x153) pc=0x1804bc288 args=[0x5,0x27fcf48,0x0,0x6f880,0x0,0x0,0x0,0xfffff0003ffff800]
[trap] num=3 (0x3) pc=0x1804ae91c args=[0x5,0x70480,0xf0,0x0,0x0,0x0,0x0,0xfffff0003ffff800]
[trap] num=6 (0x6) pc=0x1804ae8f0 args=[0x5,0x70480,0xf0,0x0,0x0,0x0,0x0,0xfffff0003ffff800]
[trap] num=397 (0x18d) pc=0x1804b1be4 args=[0x4,0x701018000,0x7,0x84,0x6f080,0x0,0x27fd4f0,0xfffff0003ffff800]
[trap] num=399 (0x18f) pc=0x1804af584 args=[0x4,0x701018000,0x7,0x84,0x6f080,0x0,0x27fd4f0,0xfffff0003ffff800]
[trap] num=340 (0x154) pc=0x1804b9860 args=[0x6ee30,0x27fe058,0x0,0x6ee3c,0x0,0x27fe48c,0x73,0xfffff0003ffff800]
[M28 BANDSHRINK] syscall 340 band past ipa 0x6ee30 len 65536 shrunk 64 -> 0 by an overlapping window of the same call
[trap] num=33 (0x21) pc=0x1804ae668 args=[0x6ee70,0x1,0xab0,0x1,0x0,0x6f,0x67,0xfffff0003ffff800]
[trap] num=33 (0x21) pc=0x1804ae668 args=[0x6ee70,0x1,0xab0,0x1,0x0,0x6f,0x67,0xfffff0003ffff800]
[trap] num=5 (0x5) pc=0x1804ae694 args=[0x70102c0c0,0x0,0x0,0x0,0x0,0x6f,0x67,0xfffff0003ffff800]
[trap] num=3 (0x3) pc=0x1804ae91c args=[0x4,0x700c68000,0x2000,0xa0060c5e8,0x0,0x27fe3d7,0x3ff800,0xfffff0007ffff800]
[trap] num=3 (0x3) pc=0x1804ae91c args=[0x4,0x700c68007,0x1ff9,0xa0060c5e8,0x0,0x27fe3d7,0x3ff800,0xfffff0007ffff800]
[trap] num=6 (0x6) pc=0x1804ae8f0 args=[0x4,0x700c68007,0x1ff9,0xa0060c5e8,0x0,0x27fe3d7,0x3ff800,0xfffff0007ffff800]
[trap] num=75 (0x4b) pc=0x1804b09b0 args=[0x7009a4000,0x80000,0xb,0x20,0x1,0x0,0x0,0x0]
[probe] MADV_ZERO addr=0x7009a4000 len=0x80000 (emulated as a recorded zero write)
[trap] num=5 (0x5) pc=0x1804ae694 args=[0x6d7a0,0x1000000,0x0,0x6d7ac,0x27fe60c,0x6eef0,0x73,0x0]
[M28 BANDSHRINK] syscall 5 band past ipa 0x6d7a0 len 65536 shrunk 64 -> 0 by an overlapping window of the same call
[M28 BANDSHRINK] syscall 5 band past ipa 0x6d7ac len 65536 shrunk 64 -> 0 by an overlapping window of the same call
[trap] num=339 (0x153) pc=0x1804bc288 args=[0x4,0x27fdef0,0x27fe080,0x6d7ac,0x27fe60c,0x6eef0,0x73,0x0]
[M28 BANDSHRINK] syscall 339 band past ipa 0x6d7ac len 65536 shrunk 64 -> 0 by an overlapping window of the same call
[trap] num=197 (0xc5) pc=0x1804aea18 args=[0x0,0x32,0x1,0x40002,0x4,0x0,0x73,0x0]
[trap] num=6 (0x6) pc=0x1804ae8f0 args=[0x4,0x32,0x1,0x40002,0x4,0x0,0x73,0x0]
[trap] num=73 (0x49) pc=0x1804b1728 args=[0xa00c8c000,0x32,0x0,0xa,0xfffff0007fc00000,0x65,0x438a5f2fb8272942,0x19028de90]
[trap] num=33 (0x21) pc=0x1804ae668 args=[0x6ec20,0x0,0x0,0x6ec2c,0x0,0x88a53a6e,0x73,0xe8f28405]
[M28 BANDSHRINK] syscall 33 band past ipa 0x6ec20 len 65536 shrunk 64 -> 0 by an overlapping window of the same call
[trap] num=116 (0x74) pc=0x1804b1b60 args=[0x27fc4f0,0x0,0x0,0xfffffc088,0x58,0x58,0x58,0x27fe2c8]
[trap] num=5 (0x5) pc=0x1804ae694 args=[0x6eca0,0xa02,0x124,0x1ec6fd558,0x58,0x58,0xe99701653051844,0x27fe2c8]
[trap] num=136 (0x88) pc=0x1804af788 args=[0x6eca0,0x1ff,0x0,0x6ecaf,0x58,0x58,0x32,0x27fe2c8]
[M28 BANDSHRINK] syscall 136 band past ipa 0x6eca0 len 65536 shrunk 64 -> 0 by an overlapping window of the same call
[trap] num=116 (0x74) pc=0x1804b1b60 args=[0x27fc4f0,0x0,0x0,0xfffffc088,0x58,0x58,0x58,0x27fe2c8]
[trap] num=5 (0x5) pc=0x1804ae694 args=[0x6eca0,0xa02,0x124,0x1ec6fd560,0x58,0x58,0xcabfb0ffc4edbe54,0x27fe2c8]
[trap] num=4 (0x4) pc=0x1804b1834 args=[0x4,0x27fd218,0x98,0x27fc8fc,0x0,0x77d8cbc7,0xa646e6f6365730a,0x74ea63c5]
[trap] num=75 (0x4b) pc=0x1804b09b0 args=[0x700a24000,0x10000,0x7,0x0,0x0,0x77d8cbc7,0xa646e6f6365730a,0x74ea63c5]
[m47] num=75 args=[0x700a24000,0x10000,0x7] policy="" op="" ret=0x0 err=false writes=0
[trap] num=75 (0x4b) pc=0x1804b09b0 args=[0xa008e0000,0x10000,0x7,0x0,0x0,0x0,0x0,0x74ea63c5]
[m47] num=75 args=[0xa008e0000,0x10000,0x7] policy="" op="" ret=0x0 err=false writes=0
[trap] num=75 (0x4b) pc=0x1804b09b0 args=[0xa008d0000,0x10000,0x7,0x0,0x0,0x0,0x0,0x74ea63c5]
[m47] num=75 args=[0xa008d0000,0x10000,0x7] policy="" op="" ret=0x0 err=false writes=0
[trap] num=75 (0x4b) pc=0x1804b09b0 args=[0xa008c0000,0x10000,0x7,0x0,0x0,0x0,0x0,0x74ea63c5]
[m47] num=75 args=[0xa008c0000,0x10000,0x7] policy="" op="" ret=0x0 err=false writes=0
[trap] num=6 (0x6) pc=0x1804ae8f0 args=[0x4,0x4,0x6eca0,0xfff7dfff,0x0,0x88a53a6e,0x7ce37ab0,0xe8f28405]
[trap] num=9 (0x9) pc=0x1804b26f0 args=[0x6eca0,0x6ec60,0x1,0xfff7dfff,0x0,0x88a53a6e,0x7ce37ab0,0xe8f28405]
[M28 BANDSHRINK] syscall 9 band past ipa 0x6ec60 len 65536 shrunk 64 -> 0 by an overlapping window of the same call
[trap] num=10 (0xa) pc=0x1804b1cac args=[0x6eca0,0x6ec60,0x1,0xfff7dfff,0x0,0x88a53a6e,0x7ce37ab0,0xe8f28405]
[M28 BANDSHRINK] syscall 10 band past ipa 0x6ec60 len 65536 shrunk 64 -> 0 by an overlapping window of the same call
[trap] num=340 (0x154) pc=0x1804b9860 args=[0x70101c230,0x27fe0c0,0x0,0x70101c239,0x10027b3f7,0x27fe020,0x44,0xfffff0003ffff800]
[M28 BANDSHRINK] syscall 340 band past ipa 0x70101c230 len 65536 shrunk 64 -> 0 by an overlapping window of the same call
[trap] num=5 (0x5) pc=0x1804ae694 args=[0x70101c230,0x0,0x0,0x70101c239,0x10027b3f7,0x27fe020,0x44,0xfffff0003ffff800]
[M28 BANDSHRINK] syscall 5 band past ipa 0x70101c230 len 65536 shrunk 64 -> 0 by an overlapping window of the same call
[trap] num=3 (0x3) pc=0x1804ae91c args=[0x4,0x701028000,0x100,0xa005c6620,0x701028000,0x0,0xffffffffbfc007ff,0xfffff0003ffff800]
[trap] num=3 (0x3) pc=0x1804ae91c args=[0x4,0x701028015,0xeb,0xa005c6620,0x701028000,0x0,0xffffffffbfc007ff,0xfffff0003ffff800]
[M28 BANDSHRINK] syscall 3 band past ipa 0x701028000 len 65536 shrunk 64 -> 0 by an overlapping window of the same call
[trap] num=6 (0x6) pc=0x1804ae8f0 args=[0x4,0x701028015,0xeb,0xa005c6620,0x701028000,0x0,0xffffffffbfc007ff,0xfffff0003ffff800]
[M28 BANDSHRINK] syscall 6 band past ipa 0x701028000 len 65536 shrunk 64 -> 0 by an overlapping window of the same call
[trap] num=338 (0x152) pc=0x1804b988c args=[0x70101c230,0x27fe200,0x0,0x70101c239,0x10027b3f7,0x27fe260,0x44,0xfffff0003ffff800]
[M28 BANDSHRINK] syscall 338 band past ipa 0x70101c230 len 65536 shrunk 64 -> 0 by an overlapping window of the same call
[trap] num=398 (0x18e) pc=0x1804ae948 args=[0x1803fd5e6,0x1000000,0x0,0x7a,0x0,0x0,0xffffffffbfc007ff,0xfffff0003ffff800]
[trap] num=339 (0x153) pc=0x1804bc288 args=[0x4,0x27fddd0,0x0,0x7a,0x0,0x0,0xffffffffbfc007ff,0xfffff0003ffff800]
[trap] num=406 (0x196) pc=0x1804b2174 args=[0x4,0x32,0x27fd940,0x27fdd00,0x27fd9c0,0x0,0xffffffffbfc007ff,0xfffff0003ffff800]
[trap] num=399 (0x18f) pc=0x1804af584 args=[0x4,0x32,0x27fd940,0x27fdd00,0x27fd9c0,0x0,0xffffffffbfc007ff,0xfffff0003ffff800]
[trap] num=338 (0x152) pc=0x1804b988c args=[0x27fd940,0x27fdd40,0x27fd940,0x27fdd00,0x27fd9c0,0x0,0xffffffffbfc007ff,0xfffff0003ffff800]
[trap] num=398 (0x18e) pc=0x1804ae948 args=[0x1803fd5e6,0x1000000,0x0,0x84,0x6f080,0x20,0x3ff800,0xfffff0007ffff800]
[trap] num=339 (0x153) pc=0x1804bc288 args=[0x4,0x27fddd0,0x0,0x84,0x6f080,0x20,0x3ff800,0xfffff0007ffff800]
[trap] num=406 (0x196) pc=0x1804b2174 args=[0x4,0x32,0x27fd940,0x27fdd00,0x27fd9c0,0x20,0x3ff800,0xfffff0007ffff800]
[trap] num=399 (0x18f) pc=0x1804af584 args=[0x4,0x32,0x27fd940,0x27fdd00,0x27fd9c0,0x20,0x3ff800,0xfffff0007ffff800]
[trap] num=338 (0x152) pc=0x1804b988c args=[0x27fd940,0x27fdd40,0x27fd940,0x27fdd00,0x27fd9c0,0x20,0x3ff800,0xfffff0007ffff800]
[trap] num=5 (0x5) pc=0x1804ae694 args=[0x6f0b0,0x1000a02,0x1b6,0x6f149,0x701028080,0x10,0x6b,0xfffff0007ffff800]
[M28 BANDSHRINK] syscall 5 band past ipa 0x6f0b0 len 65536 shrunk 64 -> 0 by an overlapping window of the same call
[trap] num=340 (0x154) pc=0x1804b9860 args=[0x70101c2d0,0x27fe170,0x0,0x70101c2d9,0x10027b3f7,0x27fe0d0,0x44,0xfffff0003ffff800]
[M28 BANDSHRINK] syscall 340 band past ipa 0x70101c2d0 len 65536 shrunk 64 -> 0 by an overlapping window of the same call
[trap] num=5 (0x5) pc=0x1804ae694 args=[0x70101c2d0,0x0,0x0,0x70101c2d9,0x10027b3f7,0x27fe0d0,0x44,0xfffff0003ffff800]
[M28 BANDSHRINK] syscall 5 band past ipa 0x70101c2d0 len 65536 shrunk 64 -> 0 by an overlapping window of the same call
[trap] num=3 (0x3) pc=0x1804ae91c args=[0x5,0x701028000,0x100,0xa005c6620,0x701028000,0x0,0xffffffffbfc007ff,0xfffff0003ffff800]
[trap] num=3 (0x3) pc=0x1804ae91c args=[0x5,0x701028015,0xeb,0xa005c6620,0x701028000,0x0,0xffffffffbfc007ff,0xfffff0003ffff800]
[M28 BANDSHRINK] syscall 3 band past ipa 0x701028000 len 65536 shrunk 64 -> 0 by an overlapping window of the same call
[trap] num=6 (0x6) pc=0x1804ae8f0 args=[0x5,0x701028015,0xeb,0xa005c6620,0x701028000,0x0,0xffffffffbfc007ff,0xfffff0003ffff800]
[M28 BANDSHRINK] syscall 6 band past ipa 0x701028000 len 65536 shrunk 64 -> 0 by an overlapping window of the same call
[trap] num=6 (0x6) pc=0x1804ae8f0 args=[0x4,0x7010142d0,0x0,0x7010142e0,0x7010142d0,0x0,0x6e69616d2f7364,0xfffff0003ffff800]
[M28 BANDSHRINK] syscall 6 band past ipa 0x7010142d0 len 65536 shrunk 64 -> 0 by an overlapping window of the same call
[M28 BANDSHRINK] syscall 6 band past ipa 0x7010142d0 len 65536 shrunk 64 -> 0 by an overlapping window of the same call
[trap] num=338 (0x152) pc=0x1804b988c args=[0x70101c230,0x27fe200,0x0,0x70101c244,0x10027b3f7,0x27fe260,0x6e,0xfffff0003ffff800]
[M28 BANDSHRINK] syscall 338 band past ipa 0x70101c230 len 65536 shrunk 64 -> 0 by an overlapping window of the same call
[trap] num=338 (0x152) pc=0x1804b988c args=[0x70101c230,0x27fe200,0x0,0x70101c244,0x10027b3f7,0x27fe260,0x6e,0xfffff0003ffff800]
[M28 BANDSHRINK] syscall 338 band past ipa 0x70101c230 len 65536 shrunk 64 -> 0 by an overlapping window of the same call
[trap] num=338 (0x152) pc=0x1804b988c args=[0x70101c230,0x27fe200,0x0,0x70101c244,0x10027b3f7,0x27fe260,0x6e,0xfffff0003ffff800]
[M28 BANDSHRINK] syscall 338 band past ipa 0x70101c230 len 65536 shrunk 64 -> 0 by an overlapping window of the same call
[trap] num=398 (0x18e) pc=0x1804ae948 args=[0x1803fd5e6,0x1000000,0x0,0x60,0x0,0x0,0xffffffffbfc007ff,0xfffff0003ffff800]
[trap] num=339 (0x153) pc=0x1804bc288 args=[0x4,0x27fddd0,0x0,0x60,0x0,0x0,0xffffffffbfc007ff,0xfffff0003ffff800]
[trap] num=406 (0x196) pc=0x1804b2174 args=[0x4,0x32,0x27fd940,0x27fdd00,0x27fd9c0,0x0,0xffffffffbfc007ff,0xfffff0003ffff800]
[trap] num=399 (0x18f) pc=0x1804af584 args=[0x4,0x32,0x27fd940,0x27fdd00,0x27fd9c0,0x0,0xffffffffbfc007ff,0xfffff0003ffff800]
[trap] num=338 (0x152) pc=0x1804b988c args=[0x27fd940,0x27fdd40,0x27fd940,0x27fdd00,0x27fd9c0,0x0,0xffffffffbfc007ff,0xfffff0003ffff800]
[trap] num=398 (0x18e) pc=0x1804ae948 args=[0x1803fd5e6,0x1000000,0x0,0x6a,0x6f200,0x20,0xffffffffbfc007ff,0xfffff0003ffff800]
[trap] num=339 (0x153) pc=0x1804bc288 args=[0x4,0x27fddd0,0x0,0x6a,0x6f200,0x20,0xffffffffbfc007ff,0xfffff0003ffff800]
[trap] num=406 (0x196) pc=0x1804b2174 args=[0x4,0x32,0x27fd940,0x27fdd00,0x27fd9c0,0x20,0xffffffffbfc007ff,0xfffff0003ffff800]
[trap] num=399 (0x18f) pc=0x1804af584 args=[0x4,0x32,0x27fd940,0x27fdd00,0x27fd9c0,0x20,0xffffffffbfc007ff,0xfffff0003ffff800]
[trap] num=338 (0x152) pc=0x1804b988c args=[0x27fd940,0x27fdd40,0x27fd940,0x27fdd00,0x27fd9c0,0x20,0xffffffffbfc007ff,0xfffff0003ffff800]
[trap] num=5 (0x5) pc=0x1804ae694 args=[0x6f1b0,0x1000a02,0x1b6,0x6f254,0x701028080,0x10,0x6b,0x0]
[M28 BANDSHRINK] syscall 5 band past ipa 0x6f1b0 len 65536 shrunk 64 -> 0 by an overlapping window of the same call
[trap] num=340 (0x154) pc=0x1804b9860 args=[0x70101c320,0x27fe170,0x0,0x70101c334,0x10027b3f7,0x27fe0d0,0x6e,0xfffff0003ffff800]
[M28 BANDSHRINK] syscall 340 band past ipa 0x70101c320 len 65536 shrunk 64 -> 0 by an overlapping window of the same call
[trap] num=5 (0x5) pc=0x1804ae694 args=[0x70101c320,0x0,0x0,0x70101c334,0x10027b3f7,0x27fe0d0,0x6e,0xfffff0003ffff800]
[M28 BANDSHRINK] syscall 5 band past ipa 0x70101c320 len 65536 shrunk 64 -> 0 by an overlapping window of the same call
[trap] num=3 (0x3) pc=0x1804ae91c args=[0x5,0x701028000,0x100,0xa005c6620,0x701028000,0x0,0xffffffffbfc007ff,0xfffff0003ffff800]
[trap] num=3 (0x3) pc=0x1804ae91c args=[0x5,0x701028029,0xd7,0xa005c6620,0x701028000,0x0,0xffffffffbfc007ff,0xfffff0003ffff800]
[M28 BANDSHRINK] syscall 3 band past ipa 0x701028000 len 65536 shrunk 64 -> 0 by an overlapping window of the same call
[trap] num=6 (0x6) pc=0x1804ae8f0 args=[0x5,0x701028029,0xd7,0xa005c6620,0x701028000,0x0,0xffffffffbfc007ff,0xfffff0003ffff800]
[M28 BANDSHRINK] syscall 6 band past ipa 0x701028000 len 65536 shrunk 64 -> 0 by an overlapping window of the same call
[trap] num=5 (0x5) pc=0x1804ae694 args=[0x6d7a0,0x1000000,0x0,0x6d7ac,0x27fe550,0x0,0x73,0xfffff0003ffff800]
[M28 BANDSHRINK] syscall 5 band past ipa 0x6d7a0 len 65536 shrunk 64 -> 0 by an overlapping window of the same call
[trap] num=339 (0x153) pc=0x1804bc288 args=[0x5,0x27fddf0,0x27fdf80,0x6d7ac,0x27fe550,0x0,0x73,0xfffff0003ffff800]
[trap] num=197 (0xc5) pc=0x1804aea18 args=[0x0,0x98,0x1,0x40002,0x5,0x0,0x73,0xfffff0003ffff800]
[trap] num=6 (0x6) pc=0x1804ae8f0 args=[0x5,0x98,0x1,0x40002,0x5,0x0,0x73,0xfffff0003ffff800]
[trap] num=73 (0x49) pc=0x1804b1728 args=[0xa00c90000,0x98,0x0,0xa,0xfffff0007fc00000,0x74,0x3566383561316366,0x19028de90]
[trap] num=5 (0x5) pc=0x1804ae694 args=[0x6d7a0,0x1000000,0x0,0x6d7ac,0xfffff0007fc00000,0x74,0x73,0x19028de90]
[M28 BANDSHRINK] syscall 5 band past ipa 0x6d7a0 len 65536 shrunk 64 -> 0 by an overlapping window of the same call
[trap] num=339 (0x153) pc=0x1804bc288 args=[0x5,0x27fddf0,0x27fdf80,0x6d7ac,0xfffff0007fc00000,0x74,0x73,0x19028de90]
[trap] num=197 (0xc5) pc=0x1804aea18 args=[0x0,0x98,0x1,0x40002,0x5,0x0,0x73,0x19028de90]
[trap] num=6 (0x6) pc=0x1804ae8f0 args=[0x5,0x98,0x1,0x40002,0x5,0x0,0x73,0x19028de90]
[trap] num=73 (0x49) pc=0x1804b1728 args=[0xa00c94000,0x98,0xffffffffb0000000,0x60,0xfffff0007fc00000,0x74,0x700c40098,0x19028de90]
[trap] num=4 (0x4) pc=0x1804b1834 args=[0x4,0x10031fdaf,0x28,0xdd,0x0,0x27fe230,0x7ce37ab0,0xe8f28405]
[trap] num=4 (0x4) pc=0x1804b1834 args=[0x4,0x100307140,0x1,0xdd,0x0,0x27fe230,0x7ce37ab0,0xe8f28405]
[trap] num=6 (0x6) pc=0x1804ae8f0 args=[0x4,0x4,0x1,0xdd,0x0,0x27fe230,0x7ce37ab0,0xe8f28405]
[trap] num=33 (0x21) pc=0x1804ae668 args=[0x6ee70,0x1,0x6e4,0x1,0x0,0x6f,0x6e,0xe8f28405]
[trap] num=5 (0x5) pc=0x1804ae694 args=[0x70101c230,0x209,0x1b6,0xfffffffffffffff4,0x0,0x0,0x44,0x870]
[trap] num=4 (0x4) pc=0x1804b1834 args=[0x4,0x6f390,0x94,0x6f423,0x701030080,0x10,0x64,0xfffff0007ffff800]
[M28 BANDSHRINK] syscall 4 band past ipa 0x6f390 len 65536 shrunk 64 -> 0 by an overlapping window of the same call
[trap] num=6 (0x6) pc=0x1804ae8f0 args=[0x4,0x0,0xf39,0x4c,0x6f400,0x10,0x64,0xfffff0007ffff800]
[trap] num=5 (0x5) pc=0x1804ae694 args=[0x70101c230,0x209,0x1b6,0x70101c249,0x1002d2273,0x27fe1b0,0x6e,0xfffff0003ffff800]
[M28 BANDSHRINK] syscall 5 band past ipa 0x70101c230 len 65536 shrunk 64 -> 0 by an overlapping window of the same call
[trap] num=4 (0x4) pc=0x1804b1834 args=[0x4,0x6f390,0x94,0x6f423,0x701030080,0x10,0x64,0xfffff0007ffff800]
[M28 BANDSHRINK] syscall 4 band past ipa 0x6f390 len 65536 shrunk 64 -> 0 by an overlapping window of the same call
[trap] num=6 (0x6) pc=0x1804ae8f0 args=[0x4,0x0,0xf39,0x4c,0x6f400,0x10,0x64,0xfffff0007ffff800]
[trap] num=340 (0x154) pc=0x1804b9860 args=[0x700c603c0,0x27fe2a0,0xffffffffffffffe4,0xfffffffffffffff4,0x0,0x0,0xffffffffbfc007ff,0xbc0]
[trap] num=128 (0x80) pc=0x1804b188c args=[0x6f1b0,0x700c603c0,0xffffffffffffffe4,0xfffffffffffffff4,0x0,0x0,0xffffffffbfc007ff,0xbc0]
[trap] num=10 (0xa) pc=0x1804b1cac args=[0x6f0b0,0x701000af0,0x60,0xfffff0007fc00000,0x700c60440,0x0,0xffffffffbfc007ff,0xbc0]
[trap] num=33 (0x21) pc=0x1804ae668 args=[0x6ee70,0x1,0x6e4,0x1,0x0,0x6f,0x6e,0xbc0]
[trap] num=340 (0x154) pc=0x1804b9860 args=[0x70101c280,0x27fe1c0,0x0,0x70101c295,0x10027b3f7,0x27fe120,0x444145485f4b4349,0xfffff0003ffff800]
[M28 BANDSHRINK] syscall 340 band past ipa 0x70101c280 len 65536 shrunk 64 -> 0 by an overlapping window of the same call
[trap] num=338 (0x152) pc=0x1804b988c args=[0x70101c0f0,0x27fdf80,0x1002d265f,0x100306f98,0x27fe330,0x27fe1bc,0x1001af3d4,0xfffff0003ffff800]
[trap] num=340 (0x154) pc=0x1804b9860 args=[0x70101c280,0x27fe1c0,0x0,0x70101c290,0x10027b3f7,0x27fe120,0x44,0xfffff0003ffff800]
[M28 BANDSHRINK] syscall 340 band past ipa 0x70101c280 len 65536 shrunk 64 -> 0 by an overlapping window of the same call
[trap] num=338 (0x152) pc=0x1804b988c args=[0x70101c0f0,0x27fdf80,0x1002d265f,0x100306f98,0x27fe330,0x27fe1bc,0x1001af3d4,0xfffff0003ffff800]
[trap] num=340 (0x154) pc=0x1804b9860 args=[0x70101c280,0x27fdfa0,0x0,0x70101c289,0x10027b3f7,0x27fdf00,0x44,0xfffff0003ffff800]
[M28 BANDSHRINK] syscall 340 band past ipa 0x70101c280 len 65536 shrunk 64 -> 0 by an overlapping window of the same call
[trap] num=5 (0x5) pc=0x1804ae694 args=[0x70101c280,0x0,0x0,0x70101c289,0x10027b3f7,0x27fdf00,0x44,0xfffff0003ffff800]
[M28 BANDSHRINK] syscall 5 band past ipa 0x70101c280 len 65536 shrunk 64 -> 0 by an overlapping window of the same call
[trap] num=3 (0x3) pc=0x1804ae91c args=[0x4,0x701028000,0x100,0xa005c6620,0x701028000,0x0,0xffffffffbfc007ff,0xfffff0003ffff800]
[trap] num=3 (0x3) pc=0x1804ae91c args=[0x4,0x701028015,0xeb,0xa005c6620,0x701028000,0x0,0xffffffffbfc007ff,0xfffff0003ffff800]
[M28 BANDSHRINK] syscall 3 band past ipa 0x701028000 len 65536 shrunk 64 -> 0 by an overlapping window of the same call
[trap] num=6 (0x6) pc=0x1804ae8f0 args=[0x4,0x701028015,0xeb,0xa005c6620,0x701028000,0x0,0xffffffffbfc007ff,0xfffff0003ffff800]
[M28 BANDSHRINK] syscall 6 band past ipa 0x701028000 len 65536 shrunk 64 -> 0 by an overlapping window of the same call
[trap] num=338 (0x152) pc=0x1804b988c args=[0x70101c280,0x27fe0e0,0x0,0x70101c28f,0x10027b3f7,0x27fe140,0x45,0xfffff0003ffff800]
[M28 BANDSHRINK] syscall 338 band past ipa 0x70101c280 len 65536 shrunk 64 -> 0 by an overlapping window of the same call
[trap] num=398 (0x18e) pc=0x1804ae948 args=[0x1803fd5e6,0x1000000,0x0,0xa005c6320,0x701030000,0x0,0xffffffffbfc007ff,0xfffff0003ffff800]
[trap] num=339 (0x153) pc=0x1804bc288 args=[0x4,0x27fdcb0,0x0,0xa005c6320,0x701030000,0x0,0xffffffffbfc007ff,0xfffff0003ffff800]
[trap] num=406 (0x196) pc=0x1804b2174 args=[0x4,0x32,0x27fd820,0x27fdbe0,0x27fd880,0x0,0xffffffffbfc007ff,0xfffff0003ffff800]
[trap] num=399 (0x18f) pc=0x1804af584 args=[0x4,0x32,0x27fd820,0x27fdbe0,0x27fd880,0x0,0xffffffffbfc007ff,0xfffff0003ffff800]
[trap] num=338 (0x152) pc=0x1804b988c args=[0x27fd820,0x27fdc20,0x27fd820,0x27fdbe0,0x27fd880,0x0,0xffffffffbfc007ff,0xfffff0003ffff800]
[trap] num=398 (0x18e) pc=0x1804ae948 args=[0x1803fd5e6,0x1000000,0x0,0xfffff0007fc00000,0x701030080,0x20,0x3ff800,0xfffff0007ffff800]
[trap] num=339 (0x153) pc=0x1804bc288 args=[0x4,0x27fdcb0,0x0,0xfffff0007fc00000,0x701030080,0x20,0x3ff800,0xfffff0007ffff800]
[trap] num=406 (0x196) pc=0x1804b2174 args=[0x4,0x32,0x27fd820,0x27fdbe0,0x27fd880,0x20,0x3ff800,0xfffff0007ffff800]
[trap] num=399 (0x18f) pc=0x1804af584 args=[0x4,0x32,0x27fd820,0x27fdbe0,0x27fd880,0x20,0x3ff800,0xfffff0007ffff800]
[trap] num=338 (0x152) pc=0x1804b988c args=[0x27fd820,0x27fdc20,0x27fd820,0x27fdbe0,0x27fd880,0x20,0x3ff800,0xfffff0007ffff800]
[trap] num=5 (0x5) pc=0x1804ae694 args=[0x701034000,0x1000a02,0x1b6,0x70103409f,0x701028080,0x20,0x6b,0x0]
[M28 BANDSHRINK] syscall 5 band past ipa 0x701034000 len 65536 shrunk 64 -> 0 by an overlapping window of the same call
[M28 BANDSHRINK] syscall 5 band past ipa 0x701028080 len 65536 shrunk 64 -> 0 by an overlapping window of the same call
[trap] num=340 (0x154) pc=0x1804b9860 args=[0x70101c230,0x27fe050,0x0,0x70101c23f,0x10027b3f7,0x27fdfb0,0x45,0xfffff0003ffff800]
[M28 BANDSHRINK] syscall 340 band past ipa 0x70101c230 len 65536 shrunk 64 -> 0 by an overlapping window of the same call
[trap] num=338 (0x152) pc=0x1804b988c args=[0x70101c0f0,0x27fde10,0x1002d265f,0x27fe240,0x701004428,0x27fe04c,0x1001af3d4,0xfffff0003ffff800]
[trap] num=6 (0x6) pc=0x1804ae8f0 args=[0x4,0x70100c2d0,0x27fe370,0xa005c68c0,0x700c64400,0x1,0xffffffffbfc007ff,0xfffff0003ffff800]
[trap] num=338 (0x152) pc=0x1804b988c args=[0x70101c0f0,0x27fddc0,0x1002d264c,0x1,0x70102c100,0x0,0x45,0xfffff0003ffff800]
[M28 BANDSHRINK] syscall 338 band past ipa 0x70101c0f0 len 65536 shrunk 64 -> 16 by an overlapping window of the same call
[trap] num=58 (0x3a) pc=0x1804b015c args=[0x70102c100,0x6d6c0,0x20,0x9,0x0,0x0,0x736665722d64656b,0xfffff0003ffff800]
[trap] num=398 (0x18e) pc=0x1804ae948 args=[0x1803fd5e6,0x1000000,0x0,0xa005c6320,0x701030000,0x0,0xffffffffbfc007ff,0xfffff0003ffff800]
[trap] num=339 (0x153) pc=0x1804bc288 args=[0x4,0x27fdc70,0x0,0xa005c6320,0x701030000,0x0,0xffffffffbfc007ff,0xfffff0003ffff800]
[trap] num=406 (0x196) pc=0x1804b2174 args=[0x4,0x32,0x27fd7e0,0x27fdba0,0x27fd840,0x0,0xffffffffbfc007ff,0xfffff0003ffff800]
[trap] num=399 (0x18f) pc=0x1804af584 args=[0x4,0x32,0x27fd7e0,0x27fdba0,0x27fd840,0x0,0xffffffffbfc007ff,0xfffff0003ffff800]
[trap] num=338 (0x152) pc=0x1804b988c args=[0x27fd7e0,0x27fdbe0,0x27fd7e0,0x27fdba0,0x27fd840,0x0,0xffffffffbfc007ff,0xfffff0003ffff800]
[trap] num=398 (0x18e) pc=0x1804ae948 args=[0x1803fd5e6,0x1000000,0x0,0xfffff0007fc00000,0x701030080,0x20,0x3ff800,0xfffff0007ffff800]
[trap] num=339 (0x153) pc=0x1804bc288 args=[0x4,0x27fdc70,0x0,0xfffff0007fc00000,0x701030080,0x20,0x3ff800,0xfffff0007ffff800]
[trap] num=406 (0x196) pc=0x1804b2174 args=[0x4,0x32,0x27fd7e0,0x27fdba0,0x27fd840,0x20,0x3ff800,0xfffff0007ffff800]
[trap] num=399 (0x18f) pc=0x1804af584 args=[0x4,0x32,0x27fd7e0,0x27fdba0,0x27fd840,0x20,0x3ff800,0xfffff0007ffff800]
[trap] num=338 (0x152) pc=0x1804b988c args=[0x27fd7e0,0x27fdbe0,0x27fd7e0,0x27fdba0,0x27fd840,0x20,0x3ff800,0xfffff0007ffff800]
[trap] num=5 (0x5) pc=0x1804ae694 args=[0x701034100,0x1000a02,0x1b6,0x7010341a0,0x701028080,0x20,0x6b,0xfffff0003ffff800]
[M28 BANDSHRINK] syscall 5 band past ipa 0x701034100 len 65536 shrunk 64 -> 0 by an overlapping window of the same call
[M28 BANDSHRINK] syscall 5 band past ipa 0x701028080 len 65536 shrunk 64 -> 0 by an overlapping window of the same call
[trap] num=6 (0x6) pc=0x1804ae8f0 args=[0x4,0xffffffffb0000000,0x60,0xfffff0007fc00000,0x701028080,0x20,0x6b,0xfffff0003ffff800]
[trap] num=5 (0x5) pc=0x1804ae694 args=[0x70101c0f0,0x0,0x0,0xa005c5fc0,0x70100c0c0,0x0,0xffffffffbfc007ff,0xfffff0003ffff800]
[M28 BANDSHRINK] syscall 5 band past ipa 0x70100c0c0 len 65536 shrunk 64 -> 48 by an overlapping window of the same call
[trap] num=33 (0x21) pc=0x1804ae668 args=[0x6ee70,0x1,0xece,0x2,0x0,0x6f,0x6e,0xfffff0003ffff800]
[trap] num=33 (0x21) pc=0x1804ae668 args=[0x6ee70,0x1,0x6e4,0x1,0x0,0x6f,0x6e,0xfffff0003ffff800]
[trap] num=10 (0xa) pc=0x1804b1cac args=[0x70101c230,0x14,0x0,0x70101c244,0x1002d2273,0x27fe1c0,0x45,0xfffff0003ffff800]
[M28 BANDSHRINK] syscall 10 band past ipa 0x70101c230 len 65536 shrunk 64 -> 0 by an overlapping window of the same call
[trap] num=10 (0xa) pc=0x1804b1cac args=[0x70101c230,0x27fe370,0x0,0x70101c23f,0x10027b3f7,0x27fe1c0,0x45,0xfffff0003ffff800]
[M28 BANDSHRINK] syscall 10 band past ipa 0x70101c230 len 65536 shrunk 64 -> 0 by an overlapping window of the same call
[trap] num=10 (0xa) pc=0x1804b1cac args=[0x701034000,0x701000af0,0x0,0x70101c23f,0x10027b3f7,0x27fe1c0,0x45,0xfffff0003ffff800]
[trap] num=10 (0xa) pc=0x1804b1cac args=[0x701034100,0x3,0x1002d30a9,0xfffff0007fc00000,0x70100c340,0x27fe1c0,0x45,0xfffff0003ffff800]
[trap] num=33 (0x21) pc=0x1804ae668 args=[0x6ee70,0x1,0x6e4,0x1,0x0,0x6f,0x6e,0xfffff0003ffff800]
[trap] num=10 (0xa) pc=0x1804b1cac args=[0x6d4a0,0xffffffffb0000000,0x60,0xfffff0007fc00000,0x70100c380,0x6f,0x6e,0xfffff0003ffff800]
[trap] num=10 (0xa) pc=0x1804b1cac args=[0x70102c0e0,0x0,0x6e4,0x1,0x0,0x6f,0x47,0xfffff0003ffff800]
[trap] num=10 (0xa) pc=0x1804b1cac args=[0x70102c140,0x0,0x6e4,0x1,0x0,0x6f,0x45,0xfffff0003ffff800]
[trap] num=10 (0xa) pc=0x1804b1cac args=[0x70102c100,0x0,0x6e4,0x1,0x0,0x6f,0x47,0xfffff0003ffff800]
[trap] num=128 (0x80) pc=0x1804b188c args=[0x6de20,0x701030000,0xfffffffffffffffa,0x0,0x0,0x0,0xffffffffbfc007ff,0xfffff0003ffff800]
[trap] num=338 (0x152) pc=0x1804b988c args=[0x70102c120,0x27fe1f0,0x6e4,0x1,0x0,0x6f,0x65686361632d7272,0xfffff0003ffff800]
[trap] num=33 (0x21) pc=0x1804ae668 args=[0x6ee70,0x1,0x6e4,0x1,0x0,0x6f,0x74,0xfffff0003ffff800]
[trap] num=340 (0x154) pc=0x1804b9860 args=[0x70101c140,0x27fe230,0x0,0x70101c154,0x10027b3f7,0x27fe190,0x48,0xfffff0003ffff800]
[M28 BANDSHRINK] syscall 340 band past ipa 0x70101c140 len 65536 shrunk 64 -> 0 by an overlapping window of the same call
[trap] num=338 (0x152) pc=0x1804b988c args=[0x70101c0f0,0x27fdff0,0x1002d265f,0x100306f98,0x27fe3a0,0x27fe22c,0x1001af3d4,0xfffff0003ffff800]
[trap] num=339 (0x153) pc=0x1804bc288 args=[0x1,0x27ff3c8,0x120a8,0xa,0xfffff0007fc00000,0x27fe22c,0x1001af3d4,0xfffff0003ffff800]
[trap] num=399 (0x18f) pc=0x1804af584 args=[0x1,0x0,0x1804edb6c,0xa,0xfffff0007fc00000,0x27fe22c,0x1001af3d4,0xfffff0003ffff800]
[trap] num=1 (0x1) pc=0x1804b5584 args=[0x0,0x1,0x120a8,0x1ec701508,0x1803a78bc,0x27fe22c,0x1001af3d4,0xfffff0003ffff800]
[retrace] fall-throughs: 5
