[trap] num=-28 (0xffffffffffffffe4) pc=0x140001654 args=[0x27ff968,0x8,0x1400e0090,0x27ff40f,0x27ff558,0x1400647cc,0x0,0x0]
[trap] num=-26 (0xffffffffffffffe6) pc=0x14000163c args=[0x203,0x8,0x1400e0090,0x27ff40f,0x27ff558,0x1400647cc,0x0,0x0]
[trap] num=372 (0x174) pc=0x140004b14 args=[0x0,0x8,0x1400e0090,0x27ff40f,0x27ff558,0x1400647cc,0x0,0x0]
[trap] num=2147483648 (0x80000000) pc=0x14008194c args=[0x1400b9ee0,0x8,0x1400e0090,0x2,0x27ff558,0x1400647cc,0x0,0x0]
[retrace warn] dyld __mac_syscall(Sandbox) synthesized as success/unsandboxed (not forwarded; host would fault)
[trap] num=38 (0x26) pc=0x1400815a0 args=[0x0,0x0,0x0,0x27ff608,0x0,0x1400647cc,0x0,0x0]
[trap] num=-14 (0xfffffffffffffff2) pc=0x1400015b8 args=[0x203,0x1400bc000,0x200f0,0x0,0x3,0x1400647cc,0x0,0x0]
[trap] num=483 (0x1e3) pc=0x140004e08 args=[0x0,0x27ff5cc,0x4,0x0,0x3,0x1400647cc,0x0,0x0]
[trap] num=38 (0x26) pc=0x1400815a0 args=[0x0,0x0,0x0,0x27ff588,0x0,0x1400647cc,0x0,0x0]
[trap] num=-14 (0xfffffffffffffff2) pc=0x1400015b8 args=[0x203,0x1400bc000,0x200f0,0x0,0x1,0x1400bc0f0,0x20000,0x0]
[trap] num=-14 (0xfffffffffffffff2) pc=0x1400015b8 args=[0x203,0x1400bc000,0x200f0,0x0,0x3,0x1400bc0f0,0x20000,0x0]
[trap] num=-14 (0xfffffffffffffff2) pc=0x1400015b8 args=[0x203,0x1400bc000,0x200f0,0x0,0x1,0x64,0x20000,0xec0]
[trap] num=294 (0x126) pc=0x1400062f8 args=[0x27ff930,0x27ff930,0x27ff920,0x27ff930,0x27ff9c0,0x64,0x20000,0xec0]
[trap] num=-14 (0xfffffffffffffff2) pc=0x1400015b8 args=[0x203,0x1400bc000,0x200f0,0x0,0x3,0x64,0x20000,0xec0]
[trap] num=-15 (0xfffffffffffffff1) pc=0x1400015c4 args=[0x203,0x27fedb0,0x20000,0x3fff,0x3c000001,0x3,0x0,0x0]
[trap] num=20 (0x14) pc=0x140004f48 args=[0x0,0x3,0x74380663dfc,0x2,0x1,0x27ff500,0x65,0x0]
[trap] num=-12 (0xfffffffffffffff4) pc=0x1400015a0 args=[0x203,0x1003c0000,0x20000,0x0,0x0,0x0,0x0,0x0]
[trap] num=-14 (0xfffffffffffffff2) pc=0x1400015b8 args=[0x203,0x1400bc000,0x200f0,0x0,0x1,0x0,0x0,0x0]
[trap] num=38 (0x26) pc=0x1400815a0 args=[0x0,0x0,0x0,0x27ff718,0x1,0x0,0x0,0x0]
[trap] num=483 (0x1e3) pc=0x140004e08 args=[0x0,0x27ff72c,0x4,0x27ff798,0x1,0x0,0x0,0x0]
[trap] num=-14 (0xfffffffffffffff2) pc=0x1400015b8 args=[0x203,0x1400bc000,0x200f0,0x0,0x3,0x0,0x0,0x0]
[trap] num=-15 (0xfffffffffffffff1) pc=0x1400015c4 args=[0x203,0x27fedb0,0x20000,0x3fff,0x3c000001,0x3,0x0,0x0]
[trap] num=-12 (0xfffffffffffffff4) pc=0x1400015a0 args=[0x203,0x1003c0000,0x20000,0x0,0x0,0x0,0x0,0x0]
[trap] num=-14 (0xfffffffffffffff2) pc=0x1400015b8 args=[0x203,0x1400bc000,0x200f0,0x0,0x1,0x0,0x0,0x0]
[trap] num=336 (0x150) pc=0x14000600c args=[0xf,0x113cb,0x0,0x0,0x1ec6f7f80,0x170,0x0,0x0]
[trap] num=-28 (0xffffffffffffffe4) pc=0x180115654 args=[0x1,0x0,0x0,0x0,0x0,0x0,0x0,0x0]
[trap] num=-26 (0xffffffffffffffe6) pc=0x18011563c args=[0x203,0x0,0x0,0x0,0x0,0x0,0x0,0x0]
[trap] num=372 (0x174) pc=0x180118b14 args=[0x0,0x0,0x0,0x0,0x0,0x0,0x0,0x0]
[trap] num=2147483648 (0x80000000) pc=0x18019594c args=[0x1ec6f9e60,0x0,0x0,0x2,0x0,0x0,0x0,0x0]
[retrace warn] dyld __mac_syscall(Sandbox) synthesized as success/unsandboxed (not forwarded; host would fault)
[trap] num=38 (0x26) pc=0x1801955a0 args=[0x0,0x0,0x0,0x27ff608,0x0,0x0,0x0,0x0]
[trap] num=-14 (0xfffffffffffffff2) pc=0x1801155b8 args=[0x203,0x1ec444000,0x24000,0x0,0x13,0x0,0x0,0x0]
[trap] num=483 (0x1e3) pc=0x180118e08 args=[0x0,0x27ff5cc,0x4,0x0,0x13,0x0,0x0,0x0]
[trap] num=38 (0x26) pc=0x1801955a0 args=[0x0,0x0,0x0,0x27ff588,0x0,0x0,0x0,0x0]
[trap] num=-14 (0xfffffffffffffff2) pc=0x1801155b8 args=[0x203,0x1ec444000,0x24000,0x0,0x1,0x1ec444140,0x20000,0x0]
[trap] num=-14 (0xfffffffffffffff2) pc=0x1801155b8 args=[0x203,0x1ec444000,0x24000,0x0,0x13,0x1ec444140,0x20000,0x0]
[trap] num=-14 (0xfffffffffffffff2) pc=0x1801155b8 args=[0x203,0x1ec444000,0x24000,0x0,0x1,0x64,0x20000,0xec0]
[trap] num=294 (0x126) pc=0x18011a2f8 args=[0x27ff930,0x27ff930,0x27ff920,0x27ff930,0x27ff9c0,0x64,0x20000,0xec0]
[trap] num=-19 (0xffffffffffffffed) pc=0x1801155e8 args=[0x203,0x203,0x0,0xffffffff,0x27ff9c0,0x64,0x20000,0xec0]
[trap] num=-14 (0xfffffffffffffff2) pc=0x1801155b8 args=[0x203,0x1ec444000,0x24000,0x0,0x3,0x64,0x20000,0xec0]
[trap] num=-15 (0xfffffffffffffff1) pc=0x1801155c4 args=[0x203,0x27fedb0,0x20000,0x3fff,0x3c000001,0x3,0x0,0x0]
[trap] num=20 (0x14) pc=0x180118f48 args=[0x0,0x3,0x7438067a5fc,0x2,0x1,0x27ff500,0x65,0x0]
[trap] num=-12 (0xfffffffffffffff4) pc=0x1801155a0 args=[0x203,0x1003c0000,0x20000,0x0,0x0,0x0,0x0,0x0]
[trap] num=-14 (0xfffffffffffffff2) pc=0x1801155b8 args=[0x203,0x1ec444000,0x24000,0x0,0x1,0x0,0x0,0x0]
[trap] num=73 (0x49) pc=0x18011823c args=[0x140000000,0xa8000,0x27ff68f,0x2,0x8,0x0,0x0,0x0]
[trap] num=73 (0x49) pc=0x18011823c args=[0x1400a8000,0x4000,0x27ff68f,0x2,0x8,0x0,0x0,0x0]
[trap] num=73 (0x49) pc=0x18011823c args=[0x1400ac000,0x8000,0x27ff68f,0x2,0x8,0x0,0x0,0x0]
[trap] num=73 (0x49) pc=0x18011823c args=[0x1400b4000,0x4000,0x27ff68f,0x2,0x8,0x0,0x0,0x0]
[trap] num=73 (0x49) pc=0x18011823c args=[0x1400bc000,0x24000,0x27ff68f,0x2,0x8,0x0,0x0,0x0]
[trap] num=73 (0x49) pc=0x18011823c args=[0x1400e0000,0x60000,0x27ff68f,0x2,0x8,0x0,0x0,0x0]
[trap] num=-14 (0xfffffffffffffff2) pc=0x1801155b8 args=[0x203,0x1ec444000,0x24000,0x0,0x3,0x0,0x0,0x0]
[trap] num=38 (0x26) pc=0x1801955a0 args=[0x0,0x0,0x0,0x27ff248,0x1,0x0,0x0,0x0]
[trap] num=5 (0x5) pc=0x180119f50 args=[0x27ffec1,0x0,0x0,0x0,0x1,0x0,0x0,0x0]
[trap] num=92 (0x5c) pc=0x1801180d8 args=[0x3,0x32,0x27fee48,0x0,0x1,0x0,0x0,0x0]
[trap] num=6 (0x6) pc=0x180116750 args=[0x3,0x32,0x27fee48,0x0,0x1,0x0,0x0,0x0]
[trap] num=483 (0x1e3) pc=0x180118e08 args=[0x0,0x27ff25c,0x4,0x1a,0x67,0x4d,0x0,0x0]
[trap] num=381 (0x17d) pc=0x180119ecc args=[0x1801b7eb4,0x2,0x27ff180,0xa,0x73,0x69,0x0,0x0]
[m47] num=381 args=[0x1801b7eb4,0x2,0x27ff180] policy="Sandbox" op="syscall-unix" ret=0xe err=true writes=0
[trap] num=483 (0x1e3) pc=0x180118e08 args=[0x0,0x27ff26c,0x4,0x26,0x67,0x41,0x0,0x90]
[trap] num=202 (0xca) pc=0x18011a37c args=[0x27ff220,0x2,0x27ff1e8,0x27ff1e0,0x1801ab70b,0x20,0x0,0x90]
[trap] num=202 (0xca) pc=0x18011a37c args=[0x27ff1e8,0x3,0x27ff27c,0x27ff270,0x0,0x0,0x0,0x90]
[trap] num=381 (0x17d) pc=0x180119ecc args=[0x1801b4bf1,0x5a,0x27ff200,0x2,0x8,0x72,0x0,0x90]
[m47] amfi policy_resident="AMFI\0"
[probe] AMFI dyld policy in=0x0 r=0 out=0x1df out_ptr=0x27ff1f8
[trap] num=202 (0xca) pc=0x18011a37c args=[0x27fe470,0x2,0x27fe438,0x27fe430,0x1801b698e,0xd,0x1ec444f10,0x90]
[trap] num=202 (0xca) pc=0x18011a37c args=[0x27fe438,0x2,0x27fe4e8,0x27fe4e0,0x0,0x0,0x1ec444f10,0x90]
[trap] num=5 (0x5) pc=0x180119f50 args=[0x1801aaaf1,0x20100000,0x0,0xfffffffffffffff0,0x0,0x72,0x0,0x80]
[trap] num=463 (0x1cf) pc=0x180119f7c args=[0x3,0x1801b4c4b,0x100000,0x0,0x0,0x72,0x0,0x80]
[trap] num=41 (0x29) pc=0x18011a484 args=[0x4,0x1801b625c,0x100000,0x0,0x0,0x72,0x0,0x80]
[trap] num=470 (0x1d6) pc=0x18011a5e4 args=[0x4,0x27fdfc1,0x27fdf30,0x0,0x27fe040,0x72,0x0,0x80]
[trap] num=463 (0x1cf) pc=0x180119f7c args=[0x4,0x27fdfc1,0x100000,0x0,0x27fe040,0x72,0x0,0x80]
[trap] num=92 (0x5c) pc=0x1801180d8 args=[0x6,0x32,0x27fdfc0,0x0,0x27fe040,0x72,0x0,0x80]
[trap] num=41 (0x29) pc=0x18011a484 args=[0x6,0x1801b6e25,0x27fee50,0x0,0x27fe040,0x72,0x0,0x80]
[trap] num=41 (0x29) pc=0x18011a484 args=[0x5,0x1801b6e25,0x27fee50,0x0,0x27fe040,0x72,0x0,0x80]
[trap] num=6 (0x6) pc=0x180116750 args=[0x3,0x1801b6cb4,0x27fee50,0x0,0x27fe040,0x72,0x0,0x80]
[trap] num=6 (0x6) pc=0x180116750 args=[0x5,0x1801b6cf2,0x27fee50,0x0,0x27fe040,0x72,0x0,0x80]
[trap] num=6 (0x6) pc=0x180116750 args=[0x4,0x1801b6d1f,0x27fee50,0x0,0x27fe040,0x72,0x0,0x80]
[trap] num=6 (0x6) pc=0x180116750 args=[0x6,0x1801b6d4a,0x27fee50,0x0,0x27fe040,0x72,0x0,0x80]
[trap] num=381 (0x17d) pc=0x180119ecc args=[0x1801b7eb4,0x2,0x27fecd0,0xa,0x73,0x69,0x0,0x80]
[m47] num=381 args=[0x1801b7eb4,0x2,0x27fecd0] policy="Sandbox" op="syscall-unix" ret=0xe err=true writes=0
[trap] num=294 (0x126) pc=0x18011a2f8 args=[0x27fed18,0x27fede8,0x27fede8,0x27fee14,0x73,0x69,0x0,0x80]
[trap] num=-14 (0xfffffffffffffff2) pc=0x1801155b8 args=[0x203,0x1ec444000,0x24000,0x0,0x3,0x0,0x0,0x5c0]
[trap] num=427 (0x1ab) pc=0x18011a5b8 args=[0x27fee80,0x400,0x27fee04,0x748e8,0x3,0x0,0x0,0x5c0]
[trap] num=92 (0x5c) pc=0x1801180d8 args=[0x8,0x32,0x27fee80,0x1ec445272,0xfffffffe163b9c20,0x20,0x0,0x5c0]
[trap] num=6 (0x6) pc=0x180116750 args=[0x8,0x1801b6a74,0x4,0x180115e30,0x1,0x20,0x0,0x5c0]
[trap] num=6 (0x6) pc=0x180116750 args=[0x7,0x1801b6a98,0x4,0x180115e30,0x1,0x20,0x0,0x5c0]
[trap] num=338 (0x152) pc=0x180116c48 args=[0x1ec445210,0x27fe9a0,0x1ec445210,0x27fea98,0x27feac0,0x27feaa0,0x0,0x27feac8]
[trap] num=5 (0x5) pc=0x180119f50 args=[0x1ec445210,0x0,0x0,0x27fea98,0x27feac0,0x27feaa0,0x0,0x27feac8]
[trap] num=197 (0xc5) pc=0x180119190 args=[0x0,0x388830,0x1,0x40002,0x3,0x0,0x0,0x27feac8]
[trap] num=92 (0x5c) pc=0x1801180d8 args=[0x3,0x32,0x27feac8,0x40002,0x3,0x0,0x0,0x27feac8]
[trap] num=73 (0x49) pc=0x18011823c args=[0xa00000000,0x388830,0x388830,0x0,0x27feaa0,0x27feac8,0x3,0x27feac8]
[trap] num=6 (0x6) pc=0x180116750 args=[0x3,0x388830,0x388830,0x0,0x27feaa0,0x27feac8,0x3,0x27feac8]
[trap] num=338 (0x152) pc=0x180116c48 args=[0x1ec445210,0x27fef20,0x27fefe0,0x0,0x27feaa0,0x27feac8,0x3,0x27feac8]
[trap] num=338 (0x152) pc=0x180116c48 args=[0x1000006b8,0x27fde20,0x27fdf20,0x27fdf08,0x1000006c2,0x1801ac864,0x73,0x900]
[M28 BANDSHRINK] syscall 338 band past ipa 0x1000006b8 len 65536 shrunk 64 -> 0 by an overlapping window of the same call
[trap] num=-10 (0xfffffffffffffff6) pc=0x180115588 args=[0x203,0x27fdde0,0x4000,0x3c000001,0x1000006c2,0x1801ac864,0x73,0x900]
[trap] num=338 (0x152) pc=0x180116c48 args=[0x27fe410,0x27fdda0,0x27fdea0,0x27fde88,0x27fe43e,0x1801ac864,0x0,0x7c0]
[trap] num=-12 (0xfffffffffffffff4) pc=0x1801155a0 args=[0x203,0xa0038c000,0x4000,0x1a0500,0x0,0x0,0x0,0x140]
[trap] num=338 (0x152) pc=0x180116c48 args=[0x100000720,0x27fde20,0x27fdf20,0x27fdf08,0x75,0x41,0x27fe668,0x7c0]
[trap] num=-10 (0xfffffffffffffff6) pc=0x180115588 args=[0x203,0x27fdde0,0x4000,0x3c000001,0x75,0x41,0x27fe668,0x7c0]
[trap] num=338 (0x152) pc=0x180116c48 args=[0x27fe440,0x27fddd0,0x27fded0,0x27fdeb8,0x27fe454,0x1ec4452e4,0x0,0x7c0]
[trap] num=-12 (0xfffffffffffffff4) pc=0x1801155a0 args=[0x203,0xa00390000,0x4000,0x1a0500,0x0,0x0,0x0,0xbc0]
[trap] num=338 (0x152) pc=0x180116c48 args=[0x100000750,0x27fde20,0x27fdf20,0x27fdf08,0x75,0x41,0x27fe668,0x7c0]
[trap] num=-10 (0xfffffffffffffff6) pc=0x180115588 args=[0x203,0x27fdde0,0x4000,0x3c000001,0x75,0x41,0x27fe668,0x7c0]
[trap] num=338 (0x152) pc=0x180116c48 args=[0x27fe440,0x27fddd0,0x27fded0,0x27fdeb8,0x27fe454,0x1ec4452e4,0x0,0x7c0]
[trap] num=-12 (0xfffffffffffffff4) pc=0x1801155a0 args=[0x203,0xa00394000,0x4000,0x1a0500,0x0,0x0,0x0,0xbc0]
[trap] num=338 (0x152) pc=0x180116c48 args=[0x100000788,0x27fde20,0x27fdf20,0x27fdf08,0x100000792,0x1801ac864,0x27fe668,0x900]
[M28 BANDSHRINK] syscall 338 band past ipa 0x100000788 len 65536 shrunk 64 -> 0 by an overlapping window of the same call
[trap] num=-10 (0xfffffffffffffff6) pc=0x180115588 args=[0x203,0x27fdde0,0x4000,0x3c000001,0x100000792,0x1801ac864,0x27fe668,0x900]
[trap] num=338 (0x152) pc=0x180116c48 args=[0x27fe440,0x27fddd0,0x27fded0,0x27fdeb8,0x27fe46e,0x1801ac864,0x0,0x7c0]
[trap] num=-12 (0xfffffffffffffff4) pc=0x1801155a0 args=[0x203,0xa00398000,0x4000,0x1a0500,0x0,0x0,0x0,0xbc0]
[trap] num=338 (0x152) pc=0x180116c48 args=[0x1000007c0,0x27fde20,0x27fdf20,0x27fdf08,0x1000007ca,0x1801ac864,0x6e,0x7c0]
[M28 BANDSHRINK] syscall 338 band past ipa 0x1000007c0 len 65536 shrunk 64 -> 0 by an overlapping window of the same call
[trap] num=-10 (0xfffffffffffffff6) pc=0x180115588 args=[0x203,0x27fdde0,0x4000,0x3c000001,0x1000007ca,0x1801ac864,0x6e,0x7c0]
[trap] num=338 (0x152) pc=0x180116c48 args=[0x27fe410,0x27fdda0,0x27fdea0,0x27fde88,0x27fe43e,0x1801ac864,0x0,0x7c0]
[trap] num=-12 (0xfffffffffffffff4) pc=0x1801155a0 args=[0x203,0xa0039c000,0x4000,0x1a0500,0x0,0x0,0x0,0xbc0]
[trap] num=5 (0x5) pc=0x180119f50 args=[0x1ec447838,0x0,0x0,0x0,0x0,0x27fcb48,0x1,0x27fcaa8]
[trap] num=381 (0x17d) pc=0x180119ecc args=[0x1801b7eb4,0x2,0x27fbda0,0xa,0x73,0x69,0x1,0x27fcaa8]
[m47] num=381 args=[0x1801b7eb4,0x2,0x27fbda0] policy="Sandbox" op="syscall-unix" ret=0xe err=true writes=0
[trap] num=550 (0x226) pc=0x180119ef8 args=[0x27fb4b0,0x2,0x27fb500,0x858,0x1778,0x8,0x0,0x27fcb48]
[trap] num=6 (0x6) pc=0x180116750 args=[0x3,0x3,0x27fb552,0x3,0x1,0x8,0x0,0x27fcb48]
[trap] num=74 (0x4a) pc=0x180119f24 args=[0x1002ec000,0x10000,0x1,0x1,0x8,0x8,0x0,0x27fcb48]
[trap] num=-14 (0xfffffffffffffff2) pc=0x1801155b8 args=[0x203,0x1e5908000,0x2324000,0x0,0x13,0x13,0x4,0x4000]
[trap] num=-14 (0xfffffffffffffff2) pc=0x1801155b8 args=[0x203,0x1edc84000,0x7b90000,0x0,0x13,0x13,0x5,0x6380000]
[trap] num=-14 (0xfffffffffffffff2) pc=0x1801155b8 args=[0x203,0x28f64c000,0x2c2c000,0x0,0x13,0x13,0x4,0x4000]
[trap] num=-14 (0xfffffffffffffff2) pc=0x1801155b8 args=[0x203,0x29a1cc000,0x5678000,0x0,0x13,0x13,0x5,0x8b84000]
[trap] num=-14 (0xfffffffffffffff2) pc=0x1801155b8 args=[0x203,0x2d0bac000,0x2a4000,0x0,0x13,0x13,0x4,0x4000]
[trap] num=-14 (0xfffffffffffffff2) pc=0x1801155b8 args=[0x203,0x2d361c000,0xac8000,0x0,0x13,0x13,0x5,0xa74000]
[trap] num=-14 (0xfffffffffffffff2) pc=0x1801155b8 args=[0x203,0x1e5908000,0x2324000,0x0,0x1,0x1,0x4,0x4000]
[trap] num=-14 (0xfffffffffffffff2) pc=0x1801155b8 args=[0x203,0x1edc84000,0x7b90000,0x0,0x1,0x1,0x5,0x6380000]
[trap] num=-14 (0xfffffffffffffff2) pc=0x1801155b8 args=[0x203,0x28f64c000,0x2c2c000,0x0,0x1,0x1,0x4,0x4000]
[trap] num=-14 (0xfffffffffffffff2) pc=0x1801155b8 args=[0x203,0x29a1cc000,0x5678000,0x0,0x1,0x1,0x5,0x8b84000]
[trap] num=-14 (0xfffffffffffffff2) pc=0x1801155b8 args=[0x203,0x2d0bac000,0x2a4000,0x0,0x1,0x1,0x4,0x4000]
[trap] num=-14 (0xfffffffffffffff2) pc=0x1801155b8 args=[0x203,0x2d361c000,0xac8000,0x0,0x1,0x1,0x5,0xa74000]
[trap] num=-15 (0xfffffffffffffff1) pc=0x1801155c4 args=[0x203,0x27f7ee0,0x20000,0x3fff,0x3c000001,0x3,0x0,0x0]
[trap] num=347 (0x15b) pc=0x18011a6ec args=[0x0,0x0,0x2,0x2,0x1,0x27f7a70,0xa0,0x0]
[trap] num=-15 (0xfffffffffffffff1) pc=0x1801155c4 args=[0x203,0x27f7500,0x20000,0x3fff,0x3c000001,0x3,0x0,0x0]
[trap] num=347 (0x15b) pc=0x18011a6ec args=[0x1003e0060,0xb1d8,0x2,0x2,0x1,0x1003e0000,0x20000,0x0]
[M28 BANDSHRINK] syscall 347 band past ipa 0x1003e0000 len 65536 shrunk 64 -> 0 by an overlapping window of the same call
[trap] num=220 (0xdc) pc=0x180116e90 args=[0x1003e00b8,0x27f79e8,0x27f7b30,0x40,0x0,0x0,0x20000,0x0]
[trap] num=-12 (0xfffffffffffffff4) pc=0x1801155a0 args=[0x203,0x1003e0000,0x20000,0x87,0x2,0x1000038,0xffffffffffffffff,0x0]
[trap] num=-12 (0xfffffffffffffff4) pc=0x1801155a0 args=[0x203,0x1003c0000,0x20000,0x0,0x0,0x0,0x0,0x0]
[trap] num=5 (0x5) pc=0x180119f50 args=[0x1801ab41a,0x2,0x0,0xa,0x0,0x0,0x0,0x0]
[trap] num=54 (0x36) pc=0x180116724 args=[0x3,0x80086804,0x27f4bb8,0xa,0x0,0x0,0x0,0x0]
[trap] num=6 (0x6) pc=0x180116750 args=[0x3,0xffffffffffffffff,0x27f4bb8,0xa,0x0,0x0,0x0,0x0]
[trap] num=294 (0x126) pc=0x18011a2f8 args=[0xffffffffffffffff,0x1f070030,0x0,0x0,0x0,0x0,0x0,0x0]
[trap] num=-14 (0xfffffffffffffff2) pc=0x1801155b8 args=[0x203,0x1ec444000,0x24000,0x0,0x1,0x0,0x0,0x0]
[trap] num=-28 (0xffffffffffffffe4) pc=0x1804adb5c args=[0x0,0x1804e2db8,0x27ffe18,0x1ec445388,0x1ec445388,0x0,0x0,0x0]
[trap] num=-26 (0xffffffffffffffe6) pc=0x1804adb44 args=[0x203,0x1804e2db8,0x27ffe18,0x1ec445388,0x1ec445388,0x0,0x0,0x0]
[trap] num=33 (0x21) pc=0x1804ae668 args=[0x1804e2dda,0x0,0x27ffe18,0x1ec445388,0x1ec445388,0x0,0x0,0x0]
[trap] num=-15 (0xfffffffffffffff1) pc=0x1804adacc args=[0x203,0x27fb688,0x8000,0x0,0x49000001,0x3,0x0,0x0]
[trap] num=-29 (0xffffffffffffffe3) pc=0x1804adb68 args=[0x1eec6fd98,0x27ffe10,0x27ffe18,0x1ec445388,0x49000001,0x3,0x0,0x0]
[trap] num=-24 (0xffffffffffffffe8) pc=0x1804adb2c args=[0x203,0x27fb530,0x0,0x27fb54c,0x49000001,0x3,0x0,0x0]
[trap] num=-47 (0xffffffffffffffd1) pc=0x1804adc34 args=[0x27fb570,0x200000003,0x2800001513,0x120300001e03,0xc800000000,0x120300000000,0x140,0x0]
[mach_msg2] msgh_id=200 dest=0x1e03 reply=0x1203 options=0x200000003 bits=0x1513 send_size=40 rcv_size=320
  send+000: 13 15 00 00 28 00 00 00 03 1e 00 00 03 12 00 00
  send+010: 00 00 00 00 c8 00 00 00 00 00 00 00 01 00 00 00
  send+020: 05 00 00 00 08 00 00 00
[retrace] forwarding mach_msg2 host_info (msgh_id 200) to host (decided allowlist)
[mach_msg2] host ret=0x0 err=false
  reply@0x27fb570+000: 00 12 00 00 48 00 00 00 00 00 00 00 03 12 00 00
  reply@0x27fb570+010: 00 00 00 00 2c 01 00 00 00 00 00 00 01 00 00 00
  reply@0x27fb570+020: 00 00 00 00 08 00 00 00 50 00 00 00 50 00 00 00
  reply@0x27fb570+030: 40 00 00 00 1f 00 00 00 00 00 00 00 00 00 00 00
  reply@0x27fb570+040: 00 00 00 00 4f 00 00 00 00 00 00 00 08 00 00 00
  reply@0x27fb570+050: 00 00 00 00 00 00 00 00 00 00 00 00 00 00 00 00
  reply@0x27fb570+060: 00 00 00 00 00 00 00 00 00 00 00 00 00 00 00 00
  reply@0x27fb570+070: 00 00 00 00 00 00 00 00 00 00 00 00 00 00 00 00
  reply@0x27fb570+080: 00 00 00 00 00 00 00 00 00 00 00 00 00 00 00 00
  reply@0x27fb570+090: 00 00 00 00 00 00 00 00 00 00 00 00 00 00 00 00
  reply@0x27fb570+0a0: 00 00 00 00 00 00 00 00 00 00 00 00 00 00 00 00
  reply@0x27fb570+0b0: 00 00 00 00 00 00 00 00 00 00 00 00 00 00 00 00
  reply@0x27fb570+0c0: 00 00 00 00 00 00 00 00 00 00 00 00 00 00 00 00
  reply@0x27fb570+0d0: 00 00 00 00 00 00 00 00 00 00 00 00 00 00 00 00
  reply@0x27fb570+0e0: 00 00 00 00 00 00 00 00 00 00 00 00 00 00 00 00
  reply@0x27fb570+0f0: 00 00 00 00 00 00 00 00 00 00 00 00 00 00 00 00
[trap] num=-18 (0xffffffffffffffee) pc=0x1804adae4 args=[0x203,0x1e03,0x0,0x27fb760,0xc800000000,0x120300000000,0x4f00000000,0x0]
[trap] num=202 (0xca) pc=0x1804af460 args=[0x27fb768,0x2,0x27fb738,0x27fb700,0x0,0x0,0x4f00000000,0x0]
[trap] num=-27 (0xffffffffffffffe5) pc=0x1804adb50 args=[0x2ff20,0x0,0x4,0x1804f8a0d,0x0,0x0,0x4f00000000,0x0]
[trap] num=-24 (0xffffffffffffffe8) pc=0x1804adb2c args=[0x203,0x27fb6b0,0x0,0x27fb6cc,0x0,0x0,0x4f00000000,0x0]
[trap] num=366 (0x16e) pc=0x1804b3d2c args=[0x1804ecc14,0x1804ecc08,0x4000,0x27fb700,0x38,0xa0,0x4f00000000,0x0]
[trap] num=-29 (0xffffffffffffffe3) pc=0x1804adb68 args=[0x10030,0x103,0x1804f8cd8,0x103,0x38,0xa0,0x4f00000000,0x0]
[trap] num=-47 (0xffffffffffffffd1) pc=0x1804adc34 args=[0x27fb740,0x200000003,0x2400001513,0x160300001e03,0xce00000000,0x160300000000,0x30,0x0]
[mach_msg2] msgh_id=206 dest=0x1e03 reply=0x1603 options=0x200000003 bits=0x1513 send_size=36 rcv_size=48
  send+000: 13 15 00 00 24 00 00 00 03 1e 00 00 03 16 00 00
  send+010: 00 00 00 00 ce 00 00 00 00 00 00 00 01 00 00 00
  send+020: 00 00 00 00
[retrace] forwarding mach_msg2 host_get_clock_service (msgh_id 206) to host (decided allowlist)
[mach_msg2] host ret=0x0 err=false
  reply@0x27fb740+000: 00 12 00 80 28 00 00 00 00 00 00 00 03 16 00 00
  reply@0x27fb740+010: 00 00 00 00 32 01 00 00 01 00 00 00 03 09 00 00
  reply@0x27fb740+020: 00 00 00 00 00 00 11 00 00 00 00 00 08 00 00 00
  reply@0x27fb740+030: b8 fd c6 ee 01 00 00 00 03 1e 00 00 00 00 00 00
  reply@0x27fb740+040: a0 b7 7f 02 00 00 00 00 14 e8 39 80 01 00 00 00
  reply@0x27fb740+050: b8 fd c6 ee 01 00 00 00 18 fe 7f 02 00 00 00 00
  reply@0x27fb740+060: c0 b7 7f 02 00 00 00 00 a0 e6 39 80 01 00 00 00
  reply@0x27fb740+070: 88 53 44 ec 01 00 00 00 18 fe 7f 02 00 00 00 00
  reply@0x27fb740+080: 30 b8 7f 02 00 00 00 00 04 13 34 90 01 00 00 00
  reply@0x27fb740+090: 48 02 34 90 01 00 00 00 a0 00 00 00 00 00 00 00
  reply@0x27fb740+0a0: 06 00 00 00 00 00 00 00 18 01 34 90 01 00 00 00
  reply@0x27fb740+0b0: c0 1b 34 90 01 00 00 00 10 53 44 ec 01 00 00 00
  reply@0x27fb740+0c0: 5c 12 34 90 01 00 00 00 50 b8 7f 02 00 00 00 00
  reply@0x27fb740+0d0: c0 1b 34 90 01 00 00 00 10 53 44 ec 01 00 00 00
  reply@0x27fb740+0e0: 5c 12 34 90 01 00 00 00 58 bd 7f 02 00 00 00 00
  reply@0x27fb740+0f0: e0 b8 7f 02 00 00 00 00 30 0e 16 80 01 00 00 00
[trap] num=-47 (0xffffffffffffffd1) pc=0x1804adc34 args=[0x27fb740,0x200000003,0x2800001513,0x160300000203,0xd5a00000000,0x160300000000,0x30,0x0]
[mach_msg2] msgh_id=3418 dest=0x203 reply=0x1603 options=0x200000003 bits=0x1513 send_size=40 rcv_size=48
  send+000: 13 15 00 00 28 00 00 00 03 02 00 00 03 16 00 00
  send+010: 00 00 00 00 5a 0d 00 00 00 00 00 00 01 00 00 00
  send+020: 00 00 00 00 00 00 00 00
[retrace] forwarding mach_msg2 semaphore_create (msgh_id 3418) to host (decided allowlist)
[mach_msg2] host ret=0x0 err=false
  reply@0x27fb740+000: 00 12 00 80 28 00 00 00 00 00 00 00 03 16 00 00
  reply@0x27fb740+010: 00 00 00 00 be 0d 00 00 01 00 00 00 03 15 00 00
  reply@0x27fb740+020: 00 00 00 00 00 00 11 00 00 00 00 00 08 00 00 00
  reply@0x27fb740+030: d8 5d 70 ec 01 00 00 00 03 1e 00 00 00 00 00 00
  reply@0x27fb740+040: a0 b7 7f 02 00 00 00 00 38 e8 39 80 01 00 00 00
  reply@0x27fb740+050: b8 fd c6 ee 01 00 00 00 18 fe 7f 02 00 00 00 00
  reply@0x27fb740+060: c0 b7 7f 02 00 00 00 00 a0 e6 39 80 01 00 00 00
  reply@0x27fb740+070: 88 53 44 ec 01 00 00 00 18 fe 7f 02 00 00 00 00
  reply@0x27fb740+080: 30 b8 7f 02 00 00 00 00 04 13 34 90 01 00 00 00
  reply@0x27fb740+090: 48 02 34 90 01 00 00 00 a0 00 00 00 00 00 00 00
  reply@0x27fb740+0a0: 06 00 00 00 00 00 00 00 18 01 34 90 01 00 00 00
  reply@0x27fb740+0b0: c0 1b 34 90 01 00 00 00 10 53 44 ec 01 00 00 00
  reply@0x27fb740+0c0: 5c 12 34 90 01 00 00 00 50 b8 7f 02 00 00 00 00
  reply@0x27fb740+0d0: c0 1b 34 90 01 00 00 00 10 53 44 ec 01 00 00 00
  reply@0x27fb740+0e0: 5c 12 34 90 01 00 00 00 58 bd 7f 02 00 00 00 00
  reply@0x27fb740+0f0: e0 b8 7f 02 00 00 00 00 30 0e 16 80 01 00 00 00
[trap] num=-18 (0xffffffffffffffee) pc=0x1804adae4 args=[0x203,0x1e03,0x2800001513,0x160300000203,0xd5a00000000,0x160300000000,0x30,0x0]
[trap] num=20 (0x14) pc=0x1804ae198 args=[0x0,0x0,0xffffffffffffffe0,0x27fb620,0x27fb2c0,0x64,0x0,0x0]
[trap] num=266 (0x10a) pc=0x1804af558 args=[0x18037ff36,0x0,0x18ce3a000,0x103,0x27fb2c0,0x64,0x0,0x0]
[trap] num=339 (0x153) pc=0x1804bc288 args=[0x3,0x27fb0b0,0x18ce3a000,0x103,0x27fb2c0,0x64,0x0,0x0]
[trap] num=197 (0xc5) pc=0x1804aea18 args=[0x0,0x8000,0x1,0x40001,0x3,0x0,0x0,0x0]
[trap] num=6 (0x6) pc=0x1804ae8f0 args=[0x3,0x8000,0x1,0x40001,0x3,0x0,0x0,0x0]
[trap] num=169 (0xa9) pc=0x1804af8dc args=[0x113cb,0x0,0x27fb20c,0x4,0x3,0x0,0x0,0x0]
[trap] num=500 (0x1f4) pc=0x1804ae144 args=[0x1ec6fd858,0x10,0x4,0x1804f8a0c,0x70,0x70,0x38,0x820]
[trap] num=54 (0x36) pc=0x1804b2338 args=[0x2,0x4004667a,0x27fb17c,0x103,0x70,0x70,0x38,0x820]
[trap] num=54 (0x36) pc=0x1804b2338 args=[0x2,0x40487413,0x27fb180,0x103,0x70,0x70,0x38,0x820]
[trap] num=116 (0x74) pc=0x1804b1b60 args=[0x27faef0,0x0,0x0,0xfffffc088,0x67,0x6d,0x38,0x820]
[trap] num=500 (0x1f4) pc=0x1804ae144 args=[0x27fb028,0x20,0x27fb028,0x1c725a0a,0x180267bdc,0x6d,0x38,0x820]
[trap] num=116 (0x74) pc=0x1804b1b60 args=[0x27faf10,0x0,0x0,0xfffffc088,0x180267bdc,0x6d,0x38,0x820]
[trap] num=116 (0x74) pc=0x1804b1b60 args=[0x27faf30,0x0,0x0,0xfffffc088,0x1ec6fcf70,0x1ec6fcfa8,0x1000,0x20]
[trap] num=116 (0x74) pc=0x1804b1b60 args=[0x27faf30,0x0,0x0,0xfffffc088,0x27fae80,0x1802361b0,0x6b3f7193754d33ea,0x27faf50]
[trap] num=116 (0x74) pc=0x1804b1b60 args=[0x27faf30,0x0,0x0,0xfffffc088,0x27fae80,0x1802361b0,0x606f5e4351c9262b,0x27faf50]
[trap] num=-47 (0xffffffffffffffd1) pc=0x1804adc34 args=[0x27fb0c8,0x200000003,0x6480001513,0x160300000203,0x12cb00000000,0x160300000001,0x34,0x0]
[mach_msg2] msgh_id=4811 dest=0x203 reply=0x1603 options=0x200000003 bits=0x80001513 send_size=100 rcv_size=52
  send+000: 13 15 00 80 64 00 00 00 03 02 00 00 03 16 00 00
  send+010: 00 00 00 00 cb 12 00 00 01 00 00 00 00 00 00 00
  send+020: 00 00 00 00 00 00 13 00 00 00 00 00 01 00 00 00
  send+030: 00 00 00 00 00 00 00 00 00 c0 4a 00 00 00 00 00
  send+040: 00 00 00 00 00 00 00 00 01 00 00 01 00 00 00 00
  send+050: 00 00 00 00 00 00 00 00 00 00 00 00 00 00 00 00
  send+060: 01 00 00 00
[trap] num=-12 (0xfffffffffffffff4) pc=0x1804adaa8 args=[0x203,0xa00658000,0x100000,0x160300000203,0x12cb00000000,0x160300000001,0x34,0x0]
[trap] num=116 (0x74) pc=0x1804b1b60 args=[0x27fac10,0x0,0x0,0xfffffc088,0x12cb00000000,0x160300000001,0x34,0x0]
[trap] num=-15 (0xfffffffffffffff1) pc=0x1804adacc args=[0x203,0x27facd8,0x408000,0x0,0x1000001,0x3,0x0,0x0]
[trap] num=74 (0x4a) pc=0x1804b1b04 args=[0x4c000,0x4000,0x0,0x40000000,0x0,0x3,0x0,0x0]
[trap] num=74 (0x4a) pc=0x1804b1b04 args=[0x450000,0x4000,0x0,0x40000000,0x0,0x3,0x0,0x0]
[trap] num=-15 (0xfffffffffffffff1) pc=0x1804adacc args=[0x203,0x27fad58,0x400000,0x0,0x7004000,0x3,0x0,0x0]
[trap] num=-89 (0xffffffffffffffa7) pc=0x1804add00 args=[0x1ec705d78,0x180327210,0x0,0x1804f8a08,0x7004000,0x3,0x0,0x0]
[trap] num=-15 (0xfffffffffffffff1) pc=0x1804adacc args=[0x203,0x27fad48,0x3e000,0x0,0x1000001,0x3,0x0,0x0]
[trap] num=-47 (0xffffffffffffffd1) pc=0x1804adc34 args=[0x27faca0,0x200000003,0x2800001513,0x160300000203,0x12d600000000,0x160300000000,0x3c,0x0]
[mach_msg2] msgh_id=4822 dest=0x203 reply=0x1603 options=0x200000003 bits=0x1513 send_size=40 rcv_size=60
  send+000: 13 15 00 00 28 00 00 00 03 02 00 00 03 16 00 00
  send+010: 00 00 00 00 d6 12 00 00 00 00 00 00 01 00 00 00
  send+020: f8 03 00 00 f8 03 40 00
[trap] num=-10 (0xfffffffffffffff6) pc=0x1804ada90 args=[0x203,0x27fa698,0x4000,0x1,0x180327599,0x27fad50,0x3c,0x0]
[trap] num=336 (0x150) pc=0x1804af110 args=[0x2,0x113cb,0x11,0x0,0x27fa678,0x38,0x180327461,0xa00854028]
[trap] num=97 (0x61) pc=0x1804b1fa0 args=[0x1,0x2,0x0,0x103,0x27fa678,0x38,0x0,0xa00854028]
[trap] num=92 (0x5c) pc=0x1804ae8c4 args=[0x3,0x2,0x1,0x103,0x27fa678,0x38,0x0,0xa00854028]
[trap] num=98 (0x62) pc=0x1804b2364 args=[0x3,0x27f9ca6,0x6a,0x27f9cb8,0x27fa678,0x38,0x676f6c7379732f,0xa00854028]
[trap] num=133 (0x85) pc=0x1804b2390 args=[0x3,0x27f9db0,0xfa,0x0,0x0,0x0,0x0,0xa00854028]
[trap] num=-12 (0xfffffffffffffff4) pc=0x1804adaa8 args=[0x203,0xa00854000,0x4000,0x0,0x0,0x0,0x0,0xa00854028]
[trap] num=-47 (0xffffffffffffffd1) pc=0x1804adc34 args=[0x27fac38,0x200000003,0x6480001513,0x160300000203,0x12cb00000000,0x160300000001,0x34,0x0]
[mach_msg2] msgh_id=4811 dest=0x203 reply=0x1603 options=0x200000003 bits=0x80001513 send_size=100 rcv_size=52
  send+000: 13 15 00 80 64 00 00 00 03 02 00 00 03 16 00 00
  send+010: 00 00 00 00 cb 12 00 00 01 00 00 00 00 00 00 00
  send+020: 00 00 00 00 00 00 13 00 00 00 00 00 01 00 00 00
  send+030: 00 00 00 00 04 00 00 00 00 00 00 00 06 00 00 00
  send+040: 00 00 00 00 00 00 00 00 00 00 00 00 00 00 00 00
  send+050: 00 00 00 00 00 00 00 00 00 00 00 00 00 00 00 00
  send+060: 01 00 00 00
[trap] num=116 (0x74) pc=0x1804b1b60 args=[0x27fab20,0x0,0x0,0xfffffc088,0x0,0x700,0xa00683378,0x0]
[trap] num=-15 (0xfffffffffffffff1) pc=0x1804adacc args=[0x203,0x27fb178,0x4000,0x0,0x1000001,0x3,0x0,0x0]
[trap] num=74 (0x4a) pc=0x1804b1b04 args=[0xa00698000,0x4000,0x1,0xa00698008,0x1000001,0x3,0x0,0x0]
[trap] num=-14 (0xfffffffffffffff2) pc=0x1801155b8 args=[0x203,0x1ec444000,0x24000,0x0,0x3,0x3,0x0,0x0]
[trap] num=-14 (0xfffffffffffffff2) pc=0x1801155b8 args=[0x203,0x1ec444000,0x24000,0x0,0x1,0x3,0x0,0x0]
[trap] num=327 (0x147) pc=0x1804ad92c args=[0x113cb,0x3,0x103,0x103,0x1,0x3,0x0,0x0]
[trap] num=-47 (0xffffffffffffffd1) pc=0x1804adc34 args=[0x27fb27c,0x200000003,0x7400001513,0x160300000203,0x1f4000000000,0x160300000000,0x2c,0x0]
[mach_msg2] msgh_id=8000 dest=0x203 reply=0x1603 options=0x200000003 bits=0x1513 send_size=116 rcv_size=44
  send+000: 13 15 00 00 74 00 00 00 03 02 00 00 03 16 00 00
  send+010: 00 00 00 00 40 1f 00 00 00 00 00 00 01 00 00 00
  send+020: 05 00 00 00 88 5c 09 80 01 00 00 00 78 00 78 00
  send+030: 00 00 00 00 20 58 09 80 01 00 00 00 5c 00 5c 00
  send+040: 00 00 00 00 38 5a 09 80 01 00 00 00 5c 00 5c 00
  send+050: 00 00 00 00 00 59 09 80 01 00 00 00 78 00 78 00
  send+060: 00 00 00 00 b8 5a 09 80 01 00 00 00 78 00 78 00
  send+070: 00 00 00 00
[trap] num=-47 (0xffffffffffffffd1) pc=0x1804adc34 args=[0x27fb680,0x200000003,0x1800001513,0x160300000203,0x1f4100000000,0x160300000000,0x2c,0x0]
[mach_msg2] msgh_id=8001 dest=0x203 reply=0x1603 options=0x200000003 bits=0x1513 send_size=24 rcv_size=44
  send+000: 13 15 00 00 18 00 00 00 03 02 00 00 03 16 00 00
  send+010: 00 00 00 00 41 1f 00 00
[trap] num=-14 (0xfffffffffffffff2) pc=0x1801155b8 args=[0x203,0x1ec444000,0x24000,0x0,0x3,0x53,0x2c,0x0]
[trap] num=-15 (0xfffffffffffffff1) pc=0x1804adacc args=[0x203,0x27f4fb8,0x8000,0x0,0x1000001,0x3,0x0,0x0]
[trap] num=-15 (0xfffffffffffffff1) pc=0x1804adacc args=[0x203,0x27f5018,0x8000,0x0,0xb004000,0x3,0x0,0x0]
[trap] num=116 (0x74) pc=0x1804b1b60 args=[0x27f4f00,0x0,0x0,0xfffffc088,0x8,0x41,0x0,0xb40]
[trap] num=116 (0x74) pc=0x1804b1b60 args=[0x27f4e50,0x0,0x0,0xfffffc088,0x8,0x41,0xc46c18097903e211,0xb40]
[trap] num=116 (0x74) pc=0x1804b1b60 args=[0x27f4e50,0x0,0x0,0xfffffc088,0x8,0x41,0xe1da8af4a629d593,0xb40]
[trap] num=116 (0x74) pc=0x1804b1b60 args=[0x27f4e50,0x0,0x0,0xfffffc088,0x8,0x41,0xd717a6b0ec789c00,0xb40]
[trap] num=116 (0x74) pc=0x1804b1b60 args=[0x27f4e50,0x0,0x0,0xfffffc088,0x8,0x41,0x574077ba227cc76e,0xb40]
[trap] num=116 (0x74) pc=0x1804b1b60 args=[0x27f4e50,0x0,0x0,0xfffffc088,0x8,0x41,0x73dcfd72d85f0c5,0xb40]
[trap] num=116 (0x74) pc=0x1804b1b60 args=[0x27f4e50,0x0,0x0,0xfffffc088,0x8,0x41,0xc3ea0a95e0e6189c,0xb40]
[trap] num=116 (0x74) pc=0x1804b1b60 args=[0x27f4e50,0x0,0x0,0xfffffc088,0x8,0x41,0xf655eb0df5e9e90e,0xb40]
[trap] num=116 (0x74) pc=0x1804b1b60 args=[0x27f4e50,0x0,0x0,0xfffffc088,0x8,0x41,0x35a7f57bbd7df731,0xb40]
[trap] num=116 (0x74) pc=0x1804b1b60 args=[0x27f4e50,0x0,0x0,0xfffffc088,0x8,0x41,0x3fbf953ce9443896,0xb40]
[trap] num=116 (0x74) pc=0x1804b1b60 args=[0x27f4e50,0x0,0x0,0xfffffc088,0x8,0x41,0xe18a9c2ef8e04045,0xb40]
[trap] num=-15 (0xfffffffffffffff1) pc=0x1804adacc args=[0x203,0x27f4e68,0x400000,0x0,0x2004000,0x3,0x0,0x0]
[trap] num=-15 (0xfffffffffffffff1) pc=0x1804adacc args=[0x203,0x27f4db8,0x80000,0x3fff,0x1000001,0x3,0x0,0x0]
[trap] num=-14 (0xfffffffffffffff2) pc=0x1801155b8 args=[0x203,0x1ec444000,0x24000,0x0,0x1,0x0,0xffffffffbfc007ff,0xfffff0003ffff800]
[trap] num=202 (0xca) pc=0x1804af460 args=[0x27fb670,0x2,0x27fb638,0x27fb630,0x180205f3c,0x15,0xffffffffbfc007ff,0xfffff0003ffff800]
[trap] num=202 (0xca) pc=0x1804af460 args=[0x27fb638,0x2,0x27fb6f0,0x27fb6e0,0x0,0x0,0xffffffffbfc007ff,0xfffff0003ffff800]
[trap] num=202 (0xca) pc=0x1804af460 args=[0x27fb670,0x2,0x27fb638,0x27fb630,0x180205f9b,0x16,0xffffffffbfc007ff,0xfffff0003ffff800]
[trap] num=202 (0xca) pc=0x1804af460 args=[0x27fb638,0x2,0x27fb6f0,0x27fb6e0,0x0,0x0,0xffffffffbfc007ff,0xfffff0003ffff800]
[trap] num=202 (0xca) pc=0x1804af460 args=[0x27fb670,0x2,0x27fb638,0x27fb630,0x180205f3c,0x15,0xffffffffbfc007ff,0xfffff0003ffff800]
[trap] num=202 (0xca) pc=0x1804af460 args=[0x27fb638,0x2,0x27fb6f0,0x27fb6e0,0x0,0x0,0xffffffffbfc007ff,0xfffff0003ffff800]
[trap] num=-47 (0xffffffffffffffd1) pc=0x1804adc34 args=[0x27fb710,0x200000003,0x2400001513,0x160300000203,0xd5100000000,0x160300000000,0x30,0x0]
[mach_msg2] msgh_id=3409 dest=0x203 reply=0x1603 options=0x200000003 bits=0x1513 send_size=36 rcv_size=48
  send+000: 13 15 00 00 24 00 00 00 03 02 00 00 03 16 00 00
  send+010: 00 00 00 00 51 0d 00 00 00 00 00 00 01 00 00 00
  send+020: 04 00 00 00
[trap] num=-19 (0xffffffffffffffed) pc=0x1804adaf0 args=[0x203,0x1403,0x0,0x1,0xd5100000000,0x160300000000,0x30,0x0]
[trap] num=-19 (0xffffffffffffffed) pc=0x1804adaf0 args=[0x203,0x1403,0x0,0x1,0xd5100000000,0x160300000000,0x30,0x0]
[trap] num=-19 (0xffffffffffffffed) pc=0x1804adaf0 args=[0x203,0x1403,0x0,0x1,0x0,0x160300000000,0x30,0x0]
[trap] num=-15 (0xfffffffffffffff1) pc=0x1804adacc args=[0x203,0x27f9bc8,0x400000,0x0,0x2004000,0x3,0x0,0x0]
[trap] num=-14 (0xfffffffffffffff2) pc=0x1801155b8 args=[0x203,0x1ec444000,0x24000,0x0,0x3,0x27fb53f,0xffffffffbfc007ff,0xa0]
[trap] num=-14 (0xfffffffffffffff2) pc=0x1801155b8 args=[0x203,0x1ec444000,0x24000,0x0,0x1,0x27fb53f,0xffffffffbfc007ff,0xa0]
[trap] num=5 (0x5) pc=0x180119f50 args=[0x63ae0,0x0,0x0,0x63ae0,0x0,0x27fb53f,0x0,0xa0]
[trap] num=92 (0x5c) pc=0x1801180d8 args=[0x4,0x32,0x27fb008,0x63ae0,0x0,0x27fb53f,0x0,0xa0]
[trap] num=6 (0x6) pc=0x180116750 args=[0x4,0x32,0x27fb008,0x63ae0,0x0,0x27fb53f,0x0,0xa0]
[trap] num=220 (0xdc) pc=0x1804ae63c args=[0x63ae0,0x27fb030,0x27fb04c,0x40c,0x0,0x27fb53f,0x0,0xa0]
[trap] num=33 (0x21) pc=0x1804ae668 args=[0x63b60,0x4,0x639f0,0x63a80,0x0,0x56,0x0,0x470]
[M28 BANDSHRINK] syscall 33 band past ipa 0x639f0 len 65536 shrunk 64 -> 0 by an overlapping window of the same call
[M28 BANDSHRINK] syscall 33 band past ipa 0x63a80 len 65536 shrunk 64 -> 0 by an overlapping window of the same call
[trap] num=5 (0x5) pc=0x1804ae694 args=[0x63b60,0x0,0x0,0x63a80,0x0,0x56,0x0,0x470]
[M28 BANDSHRINK] syscall 5 band past ipa 0x63a80 len 65536 shrunk 64 -> 0 by an overlapping window of the same call
[trap] num=339 (0x153) pc=0x1804bc288 args=[0x4,0x639f0,0x0,0x63a80,0x0,0x56,0x0,0x470]
[M28 BANDSHRINK] syscall 339 band past ipa 0x639f0 len 65536 shrunk 64 -> 0 by an overlapping window of the same call
[trap] num=483 (0x1e3) pc=0x1804ae6f0 args=[0x0,0x27fb25c,0x4,0x63a80,0x0,0x56,0x0,0x470]
[trap] num=228 (0xe4) pc=0x1804b1694 args=[0x4,0x27fb320,0x27fb280,0x28,0x0,0x56,0x0,0x470]
[trap] num=381 (0x17d) pc=0x1804af730 args=[0x18df1ac55,0x2,0x27fb280,0x28,0x0,0x56,0x0,0x470]
[m47] num=381 args=[0x18df1ac55,0x2,0x27fb280] policy="Sandbox" op="file-write-data" ret=0x16 err=true writes=0
[trap] num=92 (0x5c) pc=0x1804ae8c4 args=[0x4,0x32,0x27faf78,0x27fb338,0x27fafc0,0x56,0x0,0x470]
[trap] num=6 (0x6) pc=0x1804ae8f0 args=[0x4,0x27fafab,0x0,0x63bd3,0x0,0x56,0x0,0x470]
[trap] num=5 (0x5) pc=0x1804ae694 args=[0x63be0,0x0,0x0,0x63c1d,0x18020b535,0x27fb440,0x74,0x470]
[M28 BANDSHRINK] syscall 5 band past ipa 0x63be0 len 65536 shrunk 64 -> 0 by an overlapping window of the same call
[trap] num=336 (0x150) pc=0x1804af110 args=[0x2,0x113cb,0xd,0x1,0x27fb6b0,0x40,0x74,0x470]
[trap] num=-24 (0xffffffffffffffe8) pc=0x1804adb2c args=[0x203,0x27fb770,0x71b75ace,0x27fb76c,0x0,0x5,0x0,0x0]
[trap] num=-47 (0xffffffffffffffd1) pc=0x1804adc34 args=[0x27fb708,0x200000003,0x3480001513,0x160300000203,0xd5200000000,0x160300000001,0x2c,0x0]
[mach_msg2] msgh_id=3410 dest=0x203 reply=0x1603 options=0x200000003 bits=0x80001513 send_size=52 rcv_size=44
  send+000: 13 15 00 80 34 00 00 00 03 02 00 00 03 16 00 00
  send+010: 00 00 00 00 52 0d 00 00 01 00 00 00 03 13 00 00
  send+020: 00 00 00 00 00 00 13 00 00 00 00 00 01 00 00 00
  send+030: 0a 00 00 00
[trap] num=-47 (0xffffffffffffffd1) pc=0x1804adc34 args=[0x27fb488,0x200000003,0x2800001513,0x160300000203,0xd4d00000000,0x160300000000,0x1a8,0x0]
[mach_msg2] msgh_id=3405 dest=0x203 reply=0x1603 options=0x200000003 bits=0x1513 send_size=40 rcv_size=424
  send+000: 13 15 00 00 28 00 00 00 03 02 00 00 03 16 00 00
  send+010: 00 00 00 00 4d 0d 00 00 00 00 00 00 01 00 00 00
  send+020: 0f 00 00 00 08 00 00 00
[retrace] forwarding mach_msg2 task_info (msgh_id 3405) to host (decided allowlist)
[mach_msg2] host ret=0x0 err=false
  reply@0x27fb488+000: 00 12 00 00 48 00 00 00 00 00 00 00 03 16 00 00
  reply@0x27fb488+010: 00 00 00 00 b1 0d 00 00 00 00 00 00 01 00 00 00
  reply@0x27fb488+020: 00 00 00 00 08 00 00 00 f5 01 00 00 f5 01 00 00
  reply@0x27fb488+030: 14 00 00 00 f5 01 00 00 14 00 00 00 cb 13 01 00
  reply@0x27fb488+040: b9 86 01 00 f9 fa 48 00 00 00 00 00 08 00 00 00
  reply@0x27fb488+050: 00 00 00 00 00 00 00 00 00 00 00 00 00 00 00 00
  reply@0x27fb488+060: 00 00 00 00 00 00 00 00 00 00 00 00 00 00 00 00
  reply@0x27fb488+070: 00 00 00 00 00 00 00 00 00 00 00 00 00 00 00 00
  reply@0x27fb488+080: 00 00 00 00 00 00 00 00 00 00 00 00 00 00 00 00
  reply@0x27fb488+090: 00 00 00 00 00 00 00 00 00 00 00 00 00 00 00 00
  reply@0x27fb488+0a0: 00 00 00 00 00 00 00 00 00 00 00 00 00 00 00 00
  reply@0x27fb488+0b0: 00 00 00 00 00 00 00 00 00 00 00 00 00 00 00 00
  reply@0x27fb488+0c0: 00 00 00 00 00 00 00 00 00 00 00 00 00 00 00 00
  reply@0x27fb488+0d0: 00 00 00 00 00 00 00 00 00 00 00 00 00 00 00 00
  reply@0x27fb488+0e0: 00 00 00 00 00 00 00 00 00 00 00 00 00 00 00 00
  reply@0x27fb488+0f0: 00 00 00 00 00 00 00 00 00 00 00 00 00 00 00 00
[trap] num=170 (0xaa) pc=0x1804ae5d0 args=[0x113cb,0x10,0x27fb2a0,0x408,0x10478,0x160300000000,0x48faf9000186b9,0x0]
[trap] num=202 (0xca) pc=0x1804af460 args=[0x27fb6a0,0x2,0x27fb668,0x27fb660,0x1844cfba7,0x15,0x72,0x400]
[trap] num=202 (0xca) pc=0x1804af460 args=[0x27fb668,0x2,0x27fb6f8,0x27fb6f0,0x0,0x0,0x72,0x400]
[trap] num=-14 (0xfffffffffffffff2) pc=0x1801155b8 args=[0x203,0x1ec444000,0x24000,0x0,0x3,0x0,0x0,0x0]
[trap] num=-15 (0xfffffffffffffff1) pc=0x1801155c4 args=[0x203,0x27fb350,0x20000,0x3fff,0x3c000001,0x3,0x0,0x0]
[trap] num=-12 (0xfffffffffffffff4) pc=0x1801155a0 args=[0x203,0x1003c0000,0x20000,0x103,0xffffffff13f7dfd0,0x10,0x63,0x0]
[trap] num=-14 (0xfffffffffffffff2) pc=0x1801155b8 args=[0x203,0x1ec444000,0x24000,0x0,0x1,0x0,0x0,0x0]
[trap] num=-14 (0xfffffffffffffff2) pc=0x1801155b8 args=[0x203,0x1ec444000,0x24000,0x0,0x3,0x0,0x0,0x0]
[trap] num=-14 (0xfffffffffffffff2) pc=0x1801155b8 args=[0x203,0x1ec444000,0x24000,0x0,0x1,0x0,0x0,0x0]
[trap] num=-14 (0xfffffffffffffff2) pc=0x1801155b8 args=[0x203,0x1ec444000,0x24000,0x0,0x3,0x0,0x0,0x0]
[trap] num=-14 (0xfffffffffffffff2) pc=0x1801155b8 args=[0x203,0x1ec444000,0x24000,0x0,0x1,0x0,0x0,0x0]
[trap] num=-14 (0xfffffffffffffff2) pc=0x1801155b8 args=[0x203,0x1ec444000,0x24000,0x0,0x3,0x0,0x0,0x0]
[trap] num=-14 (0xfffffffffffffff2) pc=0x1801155b8 args=[0x203,0x1ec444000,0x24000,0x0,0x1,0x0,0x0,0x0]
[trap] num=-14 (0xfffffffffffffff2) pc=0x1801155b8 args=[0x203,0x1ec444000,0x24000,0x0,0x3,0x0,0x0,0x0]
[trap] num=-14 (0xfffffffffffffff2) pc=0x1801155b8 args=[0x203,0x1ec444000,0x24000,0x0,0x1,0x0,0x0,0x0]
[trap] num=-14 (0xfffffffffffffff2) pc=0x1801155b8 args=[0x203,0x1ec444000,0x24000,0x0,0x3,0x0,0x0,0x0]
[trap] num=25 (0x19) pc=0x1804af050 args=[0x1edd8d978,0x180533098,0x180533098,0x103,0x1ec445388,0x0,0x0,0x0]
[trap] num=24 (0x18) pc=0x1804af858 args=[0x1f5,0x180533098,0x180533098,0x103,0x1ec445388,0x0,0x0,0x0]
[trap] num=202 (0xca) pc=0x1804af460 args=[0x27fa510,0x4,0x27fa520,0x27fa508,0x0,0x0,0x0,0x0]
[trap] num=286 (0x11e) pc=0x1804af884 args=[0x27fa7c0,0x27fa7c4,0x1805331c8,0x27fa508,0x0,0x0,0x0,0x0]
[trap] num=25 (0x19) pc=0x1804af050 args=[0xffffffffffffffff,0xffffffffffffffff,0x1805331c8,0x27fa508,0x0,0x0,0x0,0x0]
[trap] num=43 (0x2b) pc=0x1804af8b0 args=[0x1f5,0xffffffffffffffff,0x1805331c8,0x27fa508,0x0,0x0,0x0,0x0]
[trap] num=169 (0xa9) pc=0x1804af8dc args=[0x113cb,0x10,0x27f9d40,0x408,0x408,0x0,0x0,0x3f0]
[trap] num=169 (0xa9) pc=0x1804af8dc args=[0x113cb,0x10,0x27f9e60,0x408,0x408,0x73,0x72,0x400]
[trap] num=-19 (0xffffffffffffffed) pc=0x1804adaf0 args=[0x203,0x1403,0x0,0x1,0x0,0x58,0x65,0x400]
[trap] num=-50 (0xffffffffffffffce) pc=0x1804adc58 args=[0x1ec6fbd20,0x103,0x103,0x0,0x6,0x0,0x73,0x400]
[trap] num=-29 (0xffffffffffffffe3) pc=0x1804adb68 args=[0x0,0x18035aad8,0x18035aad8,0x662a8,0x0,0x13,0x0,0x400]
[trap] num=-47 (0xffffffffffffffd1) pc=0x1804adc34 args=[0x27f9e40,0x200000003,0x2800001513,0x160300001e03,0x19c00000000,0x160300000000,0x30,0x0]
[mach_msg2] msgh_id=412 dest=0x1e03 reply=0x1603 options=0x200000003 bits=0x1513 send_size=40 rcv_size=48
  send+000: 13 15 00 00 28 00 00 00 03 1e 00 00 03 16 00 00
  send+010: 00 00 00 00 9c 01 00 00 00 00 00 00 01 00 00 00
  send+020: ff ff ff ff 01 00 00 00
[retrace] forwarding mach_msg2 host_get_special_port (msgh_id 412) to host (decided allowlist)
[mach_msg2] host ret=0x0 err=false
  reply@0x27f9e40+000: 00 12 00 00 24 00 00 00 00 00 00 00 03 16 00 00
  reply@0x27f9e40+010: 00 00 00 00 00 02 00 00 00 00 00 00 01 00 00 00
  reply@0x27f9e40+020: 04 00 00 00 00 00 00 00 08 00 00 00 00 00 00 00
  reply@0x27f9e40+030: 60 19 06 00 00 00 00 00 03 1e 00 00 00 00 00 00
  reply@0x27f9e40+040: b0 9e 7f 02 00 00 00 00 08 ab 35 80 01 00 00 00
  reply@0x27f9e40+050: 03 14 00 00 00 00 00 00 a0 3a 06 00 00 00 00 00
  reply@0x27f9e40+060: 60 19 06 00 00 00 00 00 f0 fa 6f ec 01 00 00 00
  reply@0x27f9e40+070: c0 9e 7f 02 00 00 00 00 b0 04 35 80 01 00 00 00
  reply@0x27f9e40+080: e0 9e 7f 02 00 00 00 00 30 96 33 80 01 00 00 00
  reply@0x27f9e40+090: 60 19 06 00 00 00 00 00 28 f9 6f ec 01 00 00 00
  reply@0x27f9e40+0a0: f0 9e 7f 02 00 00 00 00 cc aa 35 80 01 00 00 00
  reply@0x27f9e40+0b0: 10 9f 7f 02 00 00 00 00 34 c5 35 80 01 00 00 00
  reply@0x27f9e40+0c0: 2e 00 00 00 00 00 00 00 6e 0a 2f a6 00 00 00 00
  reply@0x27f9e40+0d0: 20 9f 7f 02 00 00 00 00 b0 04 35 80 01 00 00 00
  reply@0x27f9e40+0e0: 40 9f 7f 02 00 00 00 00 30 96 33 80 01 00 00 00
  reply@0x27f9e40+0f0: 60 19 06 00 00 00 00 00 a8 62 06 00 00 00 00 00
[trap] num=-70 (0xffffffffffffffba) pc=0x1804adcc4 args=[0x1e03,0x180373fb0,0x10,0x27f9f0c,0x19c00000000,0x160300000000,0x30,0x0]
[trap] num=-47 (0xffffffffffffffd1) pc=0x1804adc34 args=[0x662a8,0x403114207,0xf880131513,0x200300001403,0x400000cf00001d03,0x200300000001,0xf8,0x0]
[mach_msg2] msgh_id=1073742031 dest=0x1403 reply=0x2003 options=0x403114207 bits=0x80131513 send_size=248 rcv_size=248
  send+000: 13 15 13 80 f8 00 00 00 03 14 00 00 03 20 00 00
  send+010: 03 1d 00 00 cf 00 00 40 01 00 00 00 03 14 00 00
  send+020: 00 00 00 00 00 00 13 00 43 50 58 40 05 00 00 00
  send+030: 00 f0 00 00 c0 00 00 00 07 00 00 00 68 61 6e 64
  send+040: 6c 65 00 00 00 40 00 00 00 00 00 00 00 00 00 00
  send+050: 69 6e 73 74 61 6e 63 65 00 00 00 00 00 a0 00 00
  send+060: 00 00 00 00 00 00 00 00 00 00 00 00 00 00 00 00
  send+070: 66 6c 61 67 73 00 00 00 00 40 00 00 08 00 00 00
  send+080: 00 00 00 00 6e 61 6d 65 00 00 00 00 00 90 00 00
  send+090: 25 00 00 00 63 6f 6d 2e 61 70 70 6c 65 2e 73 79
  send+0a0: 73 74 65 6d 2e 6e 6f 74 69 66 69 63 61 74 69 6f
  send+0b0: 6e 5f 63 65 6e 74 65 72 00 00 00 00 74 79 70 65
  send+0c0: 00 00 00 00 00 40 00 00 07 00 00 00 00 00 00 00
  send+0d0: 74 61 72 67 65 74 70 69 64 00 00 00 00 30 00 00
  send+0e0: 00 00 00 00 00 00 00 00 64 6f 6d 61 69 6e 2d 70
  send+0f0: 6f 72 74 00 00 d0 00 00
[retrace] refusing mach_msg2 message-queue send (msgh_id 0x400000cf dest 0x1403 send_size 248): the box hosts no message-queue receivers
[trap] num=-18 (0xffffffffffffffee) pc=0x1804adae4 args=[0x203,0x1403,0x1801c8220,0x660d0,0x66140,0x200300000001,0xf8,0x0]
[M28 BANDSHRINK] syscall -18 band past ipa 0x660d0 len 65536 shrunk 64 -> 0 by an overlapping window of the same call
[trap] num=327 (0x147) pc=0x1804ad92c args=[0x0,0x103,0x103,0x103,0x0,0x0,0x0,0x0]
[trap] num=327 (0x147) pc=0x1804ad92c args=[0x0,0x103,0x103,0x103,0x2,0x63,0x0,0x0]
[trap] num=327 (0x147) pc=0x1804ad92c args=[0x0,0x0,0x0,0x103,0x2,0x63,0x0,0x0]
[trap] num=25 (0x19) pc=0x1804af050 args=[0x1ec7182a0,0x0,0x1f5,0x2,0x66040,0x0,0x65,0x400]
[trap] num=194 (0xc2) pc=0x1804b00c8 args=[0x1008,0x27fa5f8,0x1804edb6c,0x2,0x66040,0x0,0x65,0x400]
[trap] num=398 (0x18e) pc=0x1804ae948 args=[0x18052cc13,0x0,0x0,0x2,0x66040,0x0,0x65,0x400]
[trap] num=339 (0x153) pc=0x1804bc288 args=[0x4,0x27fa600,0x120a8,0x1ec7035c0,0x27fa778,0x27fa770,0x65,0x400]
[trap] num=339 (0x153) pc=0x1804bc288 args=[0x4,0x27f94f0,0x27f95b4,0x1ec7035c0,0x27fa778,0x27fa770,0x65,0x400]
[trap] num=396 (0x18c) pc=0x1804afcac args=[0x4,0x65ff0,0x1000,0x100,0x0,0x27fa770,0x65,0x400]
[trap] num=396 (0x18c) pc=0x1804afcac args=[0x4,0x65ff0,0x1000,0x27f9695,0x701010080,0x0,0x65,0xfffff0003ffff800]
[trap] num=396 (0x18c) pc=0x1804afcac args=[0x4,0x65ff0,0x1000,0x27f968a,0x701010080,0x0,0x61,0xfffff0003ffff800]
[trap] num=396 (0x18c) pc=0x1804afcac args=[0x4,0x65ff0,0x1000,0xfffff0007fc00000,0x70100c340,0x0,0x0,0xfffff0003ffff800]
[trap] num=399 (0x18f) pc=0x1804af584 args=[0x4,0x0,0x1804edb6c,0xfffff0007fc00000,0x70100c340,0x0,0x0,0xfffff0003ffff800]
[trap] num=169 (0xa9) pc=0x1804af8dc args=[0x113cb,0x0,0x27fb554,0x4,0x700c01e60,0x0,0xffffffffbfc007ff,0xfffff0003ffff800]
[trap] num=327 (0x147) pc=0x1804ad92c args=[0x0,0x1edd85ee8,0x180503ca0,0x1f5,0x2,0x0,0x0,0xfffff0003ffff800]
[trap] num=25 (0x19) pc=0x1804af050 args=[0x1ec7182a0,0x0,0x1f5,0x2,0x66280,0x0,0x65,0xfffff0003ffff800]
[trap] num=194 (0xc2) pc=0x1804b00c8 args=[0x1008,0x27fa5c8,0x1804edb6c,0x2,0x66280,0x0,0x65,0xfffff0003ffff800]
[trap] num=398 (0x18e) pc=0x1804ae948 args=[0x18052cc13,0x0,0x0,0x2,0x66280,0x0,0x65,0xfffff0003ffff800]
[trap] num=339 (0x153) pc=0x1804bc288 args=[0x4,0x27fa5d0,0x120a8,0x1ec7035c0,0x27fa748,0x27fa740,0x65,0xfffff0003ffff800]
[trap] num=339 (0x153) pc=0x1804bc288 args=[0x4,0x27f94c0,0x27f9584,0x1ec7035c0,0x27fa748,0x27fa740,0x65,0xfffff0003ffff800]
[trap] num=396 (0x18c) pc=0x1804afcac args=[0x4,0x700c10000,0x1000,0x1,0x0,0x1,0x0,0x0]
[trap] num=396 (0x18c) pc=0x1804afcac args=[0x4,0x700c10000,0x1000,0x27f9665,0x701010080,0x0,0x65,0xfffff0003ffff800]
[trap] num=396 (0x18c) pc=0x1804afcac args=[0x4,0x700c10000,0x1000,0x27f965a,0x701010080,0x0,0x61,0xfffff0003ffff800]
[trap] num=396 (0x18c) pc=0x1804afcac args=[0x4,0x700c10000,0x1000,0xfffff0007fc00000,0x70100c340,0x0,0x0,0xfffff0003ffff800]
[trap] num=399 (0x18f) pc=0x1804af584 args=[0x4,0x0,0x1804edb6c,0xfffff0007fc00000,0x70100c340,0x0,0x0,0xfffff0003ffff800]
[trap] num=327 (0x147) pc=0x1804ad92c args=[0x0,0x100,0x193c16a30,0x27ffe18,0x1ec445388,0x0,0x0,0x0]
[trap] num=169 (0xa9) pc=0x1804af8dc args=[0x113cb,0x0,0x27fb478,0x4,0x1ec445388,0x0,0x0,0x0]
[trap] num=327 (0x147) pc=0x1804ad92c args=[0x1,0x194057bf0,0xf,0x1804f8a01,0x1ec445388,0x0,0x0,0x0]
[trap] num=169 (0xa9) pc=0x1804af8dc args=[0x113cb,0x0,0x27fb47c,0x4,0x1ec445388,0x0,0x0,0x0]
[trap] num=54 (0x36) pc=0x1804b2338 args=[0x1,0x4004667a,0x27fb3fc,0x4,0x1ec445388,0x0,0x0,0x0]
[trap] num=54 (0x36) pc=0x1804b2338 args=[0x1,0x40487413,0x27fb400,0x4,0x1ec445388,0x0,0x0,0x0]
[trap] num=54 (0x36) pc=0x1804b2338 args=[0x1,0x4004667a,0x27fb3fc,0x4,0x1ec445388,0x0,0x0,0x0]
[trap] num=54 (0x36) pc=0x1804b2338 args=[0x1,0x40487413,0x27fb400,0x4,0x1ec445388,0x0,0x0,0x0]
[trap] num=116 (0x74) pc=0x1804b1b60 args=[0x27fb2d0,0x0,0x0,0xfffffc088,0x1ec445388,0x0,0x0,0x0]
[trap] num=116 (0x74) pc=0x1804b1b60 args=[0x27fb2d0,0x0,0x0,0xfffffc088,0x1ec445388,0x0,0x3777c5c5c1dac0dd,0x0]
[trap] num=483 (0x1e3) pc=0x1804ae6f0 args=[0x0,0x27fb52c,0x4,0x27ffe18,0x1ec445388,0x0,0x0,0x0]
[trap] num=-15 (0xfffffffffffffff1) pc=0x1801155c4 args=[0x203,0x27fb3d0,0x20000,0x3fff,0x3c000001,0x3,0x0,0x0]
[trap] num=-12 (0xfffffffffffffff4) pc=0x1801155a0 args=[0x203,0x1003c0000,0x20000,0x103,0xffffffff13f7dfd0,0x10,0x63,0x0]
[trap] num=-14 (0xfffffffffffffff2) pc=0x1801155b8 args=[0x203,0x1ec444000,0x24000,0x0,0x1,0x10,0x63,0x0]
[trap] num=116 (0x74) pc=0x1804b1b60 args=[0x27ff6a0,0x0,0x0,0xfffffc088,0x1,0x10,0x63,0x0]
[trap] num=5 (0x5) pc=0x1804ae694 args=[0x1002878e6,0x2,0x0,0xfffffc088,0x1,0x10,0x63,0x0]
[trap] num=6 (0x6) pc=0x1804ae8f0 args=[0x4,0x2,0x0,0xfffffc088,0x1,0x10,0x63,0x0]
[trap] num=48 (0x30) pc=0x1804b13d8 args=[0x2,0x27ff70c,0x0,0xfffffc088,0x1,0x10,0x63,0x0]
[trap] num=46 (0x2e) pc=0x1804b4478 args=[0xd,0x27ff698,0x27ff6c0,0xfffffc088,0x1,0x10,0x63,0x0]
[trap] num=33 (0x21) pc=0x1804ae668 args=[0x6bef0,0x4,0x0,0x6bf37,0x10027b3f7,0x27ff530,0x6769666e6f637469,0xe00]
[M28 BANDSHRINK] syscall 33 band past ipa 0x6bef0 len 65536 shrunk 64 -> 0 by an overlapping window of the same call
[trap] num=194 (0xc2) pc=0x1804b00c8 args=[0x1008,0x27ff3b8,0x1804edb6c,0x7,0x0,0x27ff530,0x6769666e6f637469,0xe00]
[trap] num=398 (0x18e) pc=0x1804ae948 args=[0x6bef0,0x0,0x0,0x7,0x0,0x27ff530,0x6769666e6f637469,0xe00]
[trap] num=339 (0x153) pc=0x1804bc288 args=[0x4,0x27ff480,0x120a8,0x7,0x0,0x27ff530,0x6769666e6f637469,0xe00]
[trap] num=339 (0x153) pc=0x1804bc288 args=[0x4,0x27ff220,0x27ff2e4,0x6cb8f,0xfffffffffffff368,0x18,0x7,0x0]
[trap] num=396 (0x18c) pc=0x1804afcac args=[0x4,0x700c11000,0x1000,0xa0065f180,0x700c11000,0x0,0xffffffffbfc007ff,0xfffff0003ffff800]
[trap] num=396 (0x18c) pc=0x1804afcac args=[0x4,0x700c11000,0x1000,0xfffffffffffffff2,0x69,0x63,0xffffffffbfc007ff,0x370]
[trap] num=399 (0x18f) pc=0x1804af584 args=[0x4,0x0,0x1804edb6c,0xa0,0x6c4c0,0x63,0xffffffffbfc007ff,0x370]
[trap] num=33 (0x21) pc=0x1804ae668 args=[0x67a60,0x4,0x1,0x103,0x6c4c0,0x63,0xffffffffbfc007ff,0x370]
[M28 BANDSHRINK] syscall 33 band past ipa 0x67a60 len 65536 shrunk 64 -> 0 by an overlapping window of the same call
[trap] num=398 (0x18e) pc=0x1804ae948 args=[0x1803fd5e6,0x1000000,0x0,0x96,0x0,0x63,0xffffffffbfc007ff,0x370]
[trap] num=339 (0x153) pc=0x1804bc288 args=[0x4,0x27ff4c0,0x0,0x96,0x0,0x63,0xffffffffbfc007ff,0x370]
[trap] num=406 (0x196) pc=0x1804b2174 args=[0x4,0x32,0x27ff030,0x27ff3f0,0x27ff080,0x63,0xffffffffbfc007ff,0x370]
[trap] num=399 (0x18f) pc=0x1804af584 args=[0x4,0x32,0x27ff030,0x27ff3f0,0x27ff080,0x63,0xffffffffbfc007ff,0x370]
[trap] num=338 (0x152) pc=0x1804b988c args=[0x27ff030,0x27ff430,0x27ff030,0x27ff3f0,0x27ff080,0x63,0xffffffffbfc007ff,0x370]
[trap] num=12 (0xc) pc=0x1804af75c args=[0x27fff3c,0x10027a22e,0x0,0x16,0x43,0x2d,0xffffffffbfc007ff,0x370]
[trap] num=398 (0x18e) pc=0x1804ae948 args=[0x1803fd5e6,0x1000000,0x0,0x5a,0x0,0x68,0x0,0x790]
[trap] num=339 (0x153) pc=0x1804bc288 args=[0x4,0x27ff040,0x0,0x5a,0x0,0x68,0x0,0x790]
[trap] num=406 (0x196) pc=0x1804b2174 args=[0x4,0x32,0x27febb0,0x27fef70,0x27fec00,0x68,0x0,0x790]
[trap] num=399 (0x18f) pc=0x1804af584 args=[0x4,0x32,0x27febb0,0x27fef70,0x27fec00,0x68,0x0,0x790]
[trap] num=338 (0x152) pc=0x1804b988c args=[0x27febb0,0x27fefb0,0x27febb0,0x27fef70,0x27fec00,0x68,0x0,0x790]
[trap] num=398 (0x18e) pc=0x1804ae948 args=[0x1803fd5e6,0x1000000,0x0,0xa,0x6c380,0x10,0x0,0x790]
[trap] num=339 (0x153) pc=0x1804bc288 args=[0x4,0x27ff040,0x0,0xa,0x6c380,0x10,0x0,0x790]
[trap] num=406 (0x196) pc=0x1804b2174 args=[0x4,0x32,0x27febb0,0x27fef70,0x27fec00,0x10,0x0,0x790]
[trap] num=399 (0x18f) pc=0x1804af584 args=[0x4,0x32,0x27febb0,0x27fef70,0x27fec00,0x10,0x0,0x790]
[trap] num=338 (0x152) pc=0x1804b988c args=[0x27febb0,0x27fefb0,0x27febb0,0x27fef70,0x27fec00,0x10,0x0,0x790]
[trap] num=338 (0x152) pc=0x1804b988c args=[0x6c510,0x27ff110,0x103,0x103,0xfffffffffffffec0,0x10,0x0,0x790]
[trap] num=338 (0x152) pc=0x1804b988c args=[0x70101c100,0x27ff0f0,0x0,0x70101c18e,0x6c580,0x20,0x74,0xfffff0003ffff800]
[M28 BANDSHRINK] syscall 338 band past ipa 0x70101c100 len 65536 shrunk 64 -> 0 by an overlapping window of the same call
[trap] num=340 (0x154) pc=0x1804b9860 args=[0x70101c200,0x27fefc0,0x0,0x70101c293,0x6c580,0x20,0x44,0xfffff0003ffff800]
[M28 BANDSHRINK] syscall 340 band past ipa 0x70101c200 len 65536 shrunk 64 -> 0 by an overlapping window of the same call
[trap] num=5 (0x5) pc=0x1804ae694 args=[0x70101c200,0x0,0x0,0x70101c293,0x6c580,0x20,0x44,0xfffff0003ffff800]
[M28 BANDSHRINK] syscall 5 band past ipa 0x70101c200 len 65536 shrunk 64 -> 0 by an overlapping window of the same call
[trap] num=3 (0x3) pc=0x1804ae91c args=[0x4,0x27ff078,0xff,0x70101c293,0x6c580,0x20,0x44,0xfffff0003ffff800]
[trap] num=3 (0x3) pc=0x1804ae91c args=[0x4,0x27ff08d,0xea,0x70101c293,0x6c580,0x20,0x44,0xfffff0003ffff800]
[trap] num=6 (0x6) pc=0x1804ae8f0 args=[0x4,0x27ff08d,0xea,0x70101c293,0x6c580,0x20,0x44,0xfffff0003ffff800]
[trap] num=340 (0x154) pc=0x1804b9860 args=[0x6c510,0x27fee90,0x0,0x6c5a8,0x700fafbf0,0x10,0x72,0x0]
[M28 BANDSHRINK] syscall 340 band past ipa 0x6c510 len 65536 shrunk 64 -> 0 by an overlapping window of the same call
[trap] num=33 (0x21) pc=0x1804ae668 args=[0x70101c200,0x1,0x0,0x70101c296,0x6c580,0x20,0x737463656a626f2f,0x0]
[M28 BANDSHRINK] syscall 33 band past ipa 0x70101c200 len 65536 shrunk 64 -> 0 by an overlapping window of the same call
[trap] num=33 (0x21) pc=0x1804ae668 args=[0x70101c200,0x1,0x0,0x70101c293,0x6c580,0x20,0x73,0x0]
[M28 BANDSHRINK] syscall 33 band past ipa 0x70101c200 len 65536 shrunk 64 -> 0 by an overlapping window of the same call
[trap] num=340 (0x154) pc=0x1804b9860 args=[0x70101c100,0x27ff0f8,0x103,0x103,0x700fafbf0,0x10,0x73,0x0]
[trap] num=25 (0x19) pc=0x1804af050 args=[0x0,0x27ff0f8,0x103,0x103,0x700fafbf0,0x10,0x73,0x0]
[trap] num=340 (0x154) pc=0x1804b9860 args=[0x6c510,0x27ff0f8,0x103,0x103,0x700fafbf0,0x10,0x73,0x0]
[trap] num=25 (0x19) pc=0x1804af050 args=[0x0,0x27ff0f8,0x103,0x103,0x700fafbf0,0x10,0x73,0x0]
[trap] num=340 (0x154) pc=0x1804b9860 args=[0x700c18000,0x27ff0e0,0x0,0x700c1800e,0x1002adcb8,0x27ff180,0x72,0xfffff0007ffff800]
[M28 BANDSHRINK] syscall 340 band past ipa 0x700c18000 len 65536 shrunk 64 -> 0 by an overlapping window of the same call
[trap] num=194 (0xc2) pc=0x1804b00c8 args=[0x1008,0x27feff8,0x1804edb6c,0x0,0x0,0x0,0x67,0xfffff0003ffff800]
[trap] num=398 (0x18e) pc=0x1804ae948 args=[0x700c02da0,0x0,0x0,0x0,0x0,0x0,0x67,0xfffff0003ffff800]
[trap] num=339 (0x153) pc=0x1804bc288 args=[0x4,0x27ff0c0,0x120a8,0x0,0x0,0x0,0x67,0xfffff0003ffff800]
[trap] num=339 (0x153) pc=0x1804bc288 args=[0x4,0x27fee60,0x27fef24,0x6c0a3,0x0,0x27ff2a0,0x67,0x0]
[trap] num=396 (0x18c) pc=0x1804afcac args=[0x4,0x700c11000,0x1000,0xa0065f180,0x700c11000,0x0,0xffffffffbfc007ff,0xfffff0003ffff800]
[trap] num=396 (0x18c) pc=0x1804afcac args=[0x4,0x700c11000,0x1000,0xfffffffffffffff5,0x70,0x77,0xffffffffbfc007ff,0x3f0]
[trap] num=399 (0x18f) pc=0x1804af584 args=[0x4,0x0,0x1804edb6c,0xa0,0x6d140,0x77,0xffffffffbfc007ff,0x3f0]
[trap] num=398 (0x18e) pc=0x1804ae948 args=[0x1803fd5e6,0x1000000,0x0,0xfffff0007fc00000,0x0,0x0,0x0,0xfffff0003ffff800]
[trap] num=339 (0x153) pc=0x1804bc288 args=[0x4,0x27fee60,0x0,0xfffff0007fc00000,0x0,0x0,0x0,0xfffff0003ffff800]
[trap] num=406 (0x196) pc=0x1804b2174 args=[0x4,0x32,0x27fe9d0,0x27fed90,0x27fea40,0x0,0x0,0xfffff0003ffff800]
[trap] num=399 (0x18f) pc=0x1804af584 args=[0x4,0x32,0x27fe9d0,0x27fed90,0x27fea40,0x0,0x0,0xfffff0003ffff800]
[trap] num=338 (0x152) pc=0x1804b988c args=[0x27fe9d0,0x27fedd0,0x27fe9d0,0x27fed90,0x27fea40,0x0,0x0,0xfffff0003ffff800]
[trap] num=398 (0x18e) pc=0x1804ae948 args=[0x1803fd5e6,0x1000000,0x0,0xa,0x6c580,0x10,0x0,0xfffff0003ffff800]
[trap] num=339 (0x153) pc=0x1804bc288 args=[0x4,0x27fee60,0x0,0xa,0x6c580,0x10,0x0,0xfffff0003ffff800]
[trap] num=406 (0x196) pc=0x1804b2174 args=[0x4,0x32,0x27fe9d0,0x27fed90,0x27fea40,0x10,0x0,0xfffff0003ffff800]
[trap] num=399 (0x18f) pc=0x1804af584 args=[0x4,0x32,0x27fe9d0,0x27fed90,0x27fea40,0x10,0x0,0xfffff0003ffff800]
[trap] num=338 (0x152) pc=0x1804b988c args=[0x27fe9d0,0x27fedd0,0x27fe9d0,0x27fed90,0x27fea40,0x10,0x0,0xfffff0003ffff800]
[trap] num=338 (0x152) pc=0x1804b988c args=[0x100283d67,0x27ff0e0,0x27ff220,0x103,0x0,0x0,0x2e,0x290]
[trap] num=340 (0x154) pc=0x1804b9860 args=[0x700c18000,0x27ff0a0,0x0,0x700c1800e,0x1002adcb8,0x27ff140,0x72,0xfffff0003ffff800]
[M28 BANDSHRINK] syscall 340 band past ipa 0x700c18000 len 65536 shrunk 64 -> 0 by an overlapping window of the same call
[trap] num=340 (0x154) pc=0x1804b9860 args=[0x700c02d60,0x27ff100,0x0,0x700c02d66,0x5,0x10,0x73,0xfffff0003ffff800]
[M28 BANDSHRINK] syscall 340 band past ipa 0x700c02d60 len 65536 shrunk 64 -> 0 by an overlapping window of the same call
[trap] num=340 (0x154) pc=0x1804b9860 args=[0x700c02d60,0x27ff100,0x0,0x700c02d72,0x0,0x10,0x6d,0xfffff0003ffff800]
[M28 BANDSHRINK] syscall 340 band past ipa 0x700c02d60 len 65536 shrunk 64 -> 0 by an overlapping window of the same call
[trap] num=340 (0x154) pc=0x1804b9860 args=[0x6bea0,0x27ff100,0x0,0x6bebc,0x0,0x10,0x73,0xfffff0003ffff800]
[M28 BANDSHRINK] syscall 340 band past ipa 0x6bea0 len 65536 shrunk 64 -> 0 by an overlapping window of the same call
[trap] num=340 (0x154) pc=0x1804b9860 args=[0x6bea0,0x27ff100,0x0,0x6bec3,0x0,0x10,0x62,0xfffff0003ffff800]
[M28 BANDSHRINK] syscall 340 band past ipa 0x6bea0 len 65536 shrunk 64 -> 0 by an overlapping window of the same call
[trap] num=340 (0x154) pc=0x1804b9860 args=[0x6bea0,0x27ff100,0x0,0x6becb,0x0,0x10,0x65,0xfffff0003ffff800]
[M28 BANDSHRINK] syscall 340 band past ipa 0x6bea0 len 65536 shrunk 64 -> 0 by an overlapping window of the same call
[trap] num=340 (0x154) pc=0x1804b9860 args=[0x6bea0,0x27ff100,0x0,0x6bed3,0x0,0x10,0x65,0xfffff0003ffff800]
[M28 BANDSHRINK] syscall 340 band past ipa 0x6bea0 len 65536 shrunk 64 -> 0 by an overlapping window of the same call
[trap] num=340 (0x154) pc=0x1804b9860 args=[0x6c330,0x27ff100,0x0,0x6c36d,0x6bf00,0x10,0x73,0xfffff0003ffff800]
[M28 BANDSHRINK] syscall 340 band past ipa 0x6c330 len 65536 shrunk 64 -> 0 by an overlapping window of the same call
[M28 BANDSHRINK] syscall 340 band past ipa 0x6bf00 len 65536 shrunk 64 -> 0 by an overlapping window of the same call
[trap] num=340 (0x154) pc=0x1804b9860 args=[0x6c330,0x27ff100,0x0,0x6c37a,0x0,0x10,0x65,0xfffff0003ffff800]
[M28 BANDSHRINK] syscall 340 band past ipa 0x6c330 len 65536 shrunk 64 -> 0 by an overlapping window of the same call
[trap] num=33 (0x21) pc=0x1804ae668 args=[0x6bef0,0x4,0x0,0x103,0x1002ade74,0x27ff260,0x656572746b726f77,0xfffff0003ffff800]
[trap] num=194 (0xc2) pc=0x1804b00c8 args=[0x1008,0x27ff088,0x1804edb6c,0x7,0x0,0x27ff260,0x656572746b726f77,0xfffff0003ffff800]
[trap] num=398 (0x18e) pc=0x1804ae948 args=[0x6bef0,0x0,0x0,0x7,0x0,0x27ff260,0x656572746b726f77,0xfffff0003ffff800]
[trap] num=339 (0x153) pc=0x1804bc288 args=[0x4,0x27ff150,0x120a8,0x7,0x0,0x27ff260,0x656572746b726f77,0xfffff0003ffff800]
[trap] num=339 (0x153) pc=0x1804bc288 args=[0x4,0x27feef0,0x27fefb4,0xff,0x6cbbf,0x6bf27,0x7,0x0]
[M28 BANDSHRINK] syscall 339 band past ipa 0x6bf27 len 65536 shrunk 64 -> 0 by an overlapping window of the same call
[trap] num=396 (0x18c) pc=0x1804afcac args=[0x4,0x700c11000,0x1000,0xa0065f180,0x700c11000,0x0,0xffffffffbfc007ff,0xfffff0003ffff800]
[trap] num=396 (0x18c) pc=0x1804afcac args=[0x4,0x700c11000,0x1000,0xfffffffffffffff2,0x69,0x63,0xffffffffbfc007ff,0x370]
[trap] num=399 (0x18f) pc=0x1804af584 args=[0x4,0x0,0x1804edb6c,0xa0,0x6d140,0x63,0xffffffffbfc007ff,0x370]
[trap] num=33 (0x21) pc=0x1804ae668 args=[0x6c5a0,0x4,0x0,0x103,0x6d140,0x63,0xffffffffbfc007ff,0x370]
[M28 BANDSHRINK] syscall 33 band past ipa 0x6c5a0 len 65536 shrunk 64 -> 0 by an overlapping window of the same call
[trap] num=33 (0x21) pc=0x1804ae668 args=[0x700c180f0,0x4,0x0,0x103,0x6d140,0x63,0xffffffffbfc007ff,0x370]
[trap] num=194 (0xc2) pc=0x1804b00c8 args=[0x1008,0x27ff088,0x1804edb6c,0x3,0x0,0x63,0xffffffffbfc007ff,0x370]
[trap] num=398 (0x18e) pc=0x1804ae948 args=[0x700c180f0,0x0,0x0,0x3,0x0,0x63,0xffffffffbfc007ff,0x370]
[trap] num=339 (0x153) pc=0x1804bc288 args=[0x4,0x27ff150,0x120a8,0x3,0x0,0x63,0xffffffffbfc007ff,0x370]
[trap] num=339 (0x153) pc=0x1804bc288 args=[0x4,0x27feef0,0x27fefb4,0x0,0x67,0x67,0xffffffffbfc007ff,0xfffff0003ffff800]
[trap] num=396 (0x18c) pc=0x1804afcac args=[0x4,0x700c11000,0x1000,0xa0065f180,0x700c11000,0x0,0xffffffffbfc007ff,0xfffff0003ffff800]
[trap] num=396 (0x18c) pc=0x1804afcac args=[0x4,0x700c11000,0x1000,0xfffffffffffffff0,0x63,0x69,0xffffffffbfc007ff,0x370]
[trap] num=399 (0x18f) pc=0x1804af584 args=[0x4,0x0,0x1804edb6c,0xa,0x63,0x69,0xffffffffbfc007ff,0x370]
[trap] num=398 (0x18e) pc=0x1804ae948 args=[0x1803fd5e6,0x1000000,0x0,0x1e,0x0,0x69,0x0,0x370]
[trap] num=339 (0x153) pc=0x1804bc288 args=[0x4,0x27ff160,0x0,0x1e,0x0,0x69,0x0,0x370]
[trap] num=406 (0x196) pc=0x1804b2174 args=[0x4,0x32,0x27fecd0,0x27ff090,0x27fed40,0x69,0x0,0x370]
[trap] num=399 (0x18f) pc=0x1804af584 args=[0x4,0x32,0x27fecd0,0x27ff090,0x27fed40,0x69,0x0,0x370]
[trap] num=338 (0x152) pc=0x1804b988c args=[0x27fecd0,0x27ff0d0,0x27fecd0,0x27ff090,0x27fed40,0x69,0x0,0x370]
[trap] num=398 (0x18e) pc=0x1804ae948 args=[0x1803fd5e6,0x1000000,0x0,0x28,0x6c740,0x10,0x0,0x370]
[trap] num=339 (0x153) pc=0x1804bc288 args=[0x4,0x27ff160,0x0,0x28,0x6c740,0x10,0x0,0x370]
[trap] num=406 (0x196) pc=0x1804b2174 args=[0x4,0x32,0x27fecd0,0x27ff090,0x27fed40,0x10,0x0,0x370]
[trap] num=399 (0x18f) pc=0x1804af584 args=[0x4,0x32,0x27fecd0,0x27ff090,0x27fed40,0x10,0x0,0x370]
[trap] num=338 (0x152) pc=0x1804b988c args=[0x27fecd0,0x27ff0d0,0x27fecd0,0x27ff090,0x27fed40,0x10,0x0,0x370]
[trap] num=12 (0xc) pc=0x1804af75c args=[0x6c5b0,0x6cc50,0x9,0x1804f8a10,0x2792100,0x10,0x0,0x370]
[M28 BANDSHRINK] syscall 12 band past ipa 0x6c5b0 len 65536 shrunk 64 -> 0 by an overlapping window of the same call
[trap] num=33 (0x21) pc=0x1804ae668 args=[0x6bef0,0x4,0x0,0x103,0x1002ade74,0x27fed70,0x656572746b726f77,0xfffff0003ffff800]
[trap] num=194 (0xc2) pc=0x1804b00c8 args=[0x1008,0x27feb98,0x1804edb6c,0x7,0x0,0x27fed70,0x656572746b726f77,0xfffff0003ffff800]
[trap] num=398 (0x18e) pc=0x1804ae948 args=[0x6bef0,0x0,0x0,0x7,0x0,0x27fed70,0x656572746b726f77,0xfffff0003ffff800]
[trap] num=339 (0x153) pc=0x1804bc288 args=[0x4,0x27fec60,0x120a8,0x7,0x0,0x27fed70,0x656572746b726f77,0xfffff0003ffff800]
[trap] num=339 (0x153) pc=0x1804bc288 args=[0x4,0x27fea00,0x27feac4,0xff,0x6cbbf,0x6bf27,0xffffffffbfc007ff,0xfffff0003ffff800]
[M28 BANDSHRINK] syscall 339 band past ipa 0x6bf27 len 65536 shrunk 64 -> 0 by an overlapping window of the same call
[trap] num=396 (0x18c) pc=0x1804afcac args=[0x4,0x700c11000,0x1000,0xa0065f180,0x700c11000,0x0,0xffffffffbfc007ff,0xfffff0003ffff800]
[trap] num=396 (0x18c) pc=0x1804afcac args=[0x4,0x700c11000,0x1000,0xfffffffffffffff2,0x69,0x63,0x0,0x370]
[trap] num=399 (0x18f) pc=0x1804af584 args=[0x4,0x0,0x1804edb6c,0xfffff0007fc00000,0x69,0x63,0x0,0x370]
[trap] num=33 (0x21) pc=0x1804ae668 args=[0x6c5a0,0x4,0x0,0x103,0x69,0x63,0x0,0x370]
[trap] num=33 (0x21) pc=0x1804ae668 args=[0x700c18140,0x4,0x0,0x103,0x69,0x63,0x0,0x370]
[trap] num=194 (0xc2) pc=0x1804b00c8 args=[0x1008,0x27feb98,0x1804edb6c,0x3,0x0,0x63,0x0,0x370]
[trap] num=398 (0x18e) pc=0x1804ae948 args=[0x700c18140,0x0,0x0,0x3,0x0,0x63,0x0,0x370]
[trap] num=339 (0x153) pc=0x1804bc288 args=[0x4,0x27fec60,0x120a8,0x3,0x0,0x63,0x0,0x370]
[trap] num=339 (0x153) pc=0x1804bc288 args=[0x4,0x27fea00,0x27feac4,0x0,0x67,0x67,0xffffffffbfc007ff,0xfffff0003ffff800]
[trap] num=396 (0x18c) pc=0x1804afcac args=[0x4,0x700c11000,0x1000,0xa0065f180,0x700c11000,0x0,0xffffffffbfc007ff,0xfffff0003ffff800]
[trap] num=396 (0x18c) pc=0x1804afcac args=[0x4,0x700c11000,0x1000,0xfffffffffffffff0,0x63,0x69,0x0,0x370]
[trap] num=399 (0x18f) pc=0x1804af584 args=[0x4,0x0,0x1804edb6c,0xfffff0007fc00000,0x63,0x69,0x0,0x370]
[trap] num=5 (0x5) pc=0x1804ae694 args=[0x700c180a0,0x0,0x0,0x1002cf1e9,0x100320cc8,0x10027b987,0x27fe470,0x320]
[trap] num=339 (0x153) pc=0x1804bc288 args=[0x4,0x27fd9c0,0x0,0x1002cf1e9,0x100320cc8,0x10027b987,0x27fe470,0x320]
[trap] num=197 (0xc5) pc=0x1804aea18 args=[0x0,0x89,0x1,0x40002,0x4,0x0,0x27fe470,0x320]
[trap] num=6 (0x6) pc=0x1804ae8f0 args=[0x4,0x89,0x1,0x40002,0x4,0x0,0x27fe470,0x320]
[trap] num=73 (0x49) pc=0x1804b1728 args=[0xa00858000,0x89,0x1002f5210,0x1002b4c3d,0x100320cc8,0x0,0x27fd8c0,0x320]
[trap] num=58 (0x3a) pc=0x1804b015c args=[0x700c02d60,0x6e0f0,0x20,0x0,0x0,0x0,0x78,0xfffff0003ffff800]
[trap] num=398 (0x18e) pc=0x1804ae948 args=[0x1803fd5e6,0x1000000,0x0,0x0,0x0,0x0,0x6b,0xfffff0003ffff800]
[trap] num=339 (0x153) pc=0x1804bc288 args=[0x4,0x27fe0e0,0x0,0x0,0x0,0x0,0x6b,0xfffff0003ffff800]
[trap] num=406 (0x196) pc=0x1804b2174 args=[0x4,0x32,0x27fdc50,0x27fe010,0x27fdcc0,0x0,0x6b,0xfffff0003ffff800]
[trap] num=399 (0x18f) pc=0x1804af584 args=[0x4,0x32,0x27fdc50,0x27fe010,0x27fdcc0,0x0,0x6b,0xfffff0003ffff800]
[trap] num=338 (0x152) pc=0x1804b988c args=[0x27fdc50,0x27fe050,0x27fdc50,0x27fe010,0x27fdcc0,0x0,0x6b,0xfffff0003ffff800]
[trap] num=398 (0x18e) pc=0x1804ae948 args=[0x1803fd5e6,0x1000000,0x0,0xa,0x6e1c0,0x20,0x6b,0xfffff0003ffff800]
[trap] num=339 (0x153) pc=0x1804bc288 args=[0x4,0x27fe0e0,0x0,0xa,0x6e1c0,0x20,0x6b,0xfffff0003ffff800]
[trap] num=406 (0x196) pc=0x1804b2174 args=[0x4,0x32,0x27fdc50,0x27fe010,0x27fdcc0,0x20,0x6b,0xfffff0003ffff800]
[trap] num=399 (0x18f) pc=0x1804af584 args=[0x4,0x32,0x27fdc50,0x27fe010,0x27fdcc0,0x20,0x6b,0xfffff0003ffff800]
[trap] num=338 (0x152) pc=0x1804b988c args=[0x27fdc50,0x27fe050,0x27fdc50,0x27fe010,0x27fdcc0,0x20,0x6b,0xfffff0003ffff800]
[trap] num=5 (0x5) pc=0x1804ae694 args=[0x70101c100,0x1000a02,0x1b6,0x70101c199,0x6e240,0x20,0x6b,0xfffff0003ffff800]
[M28 BANDSHRINK] syscall 5 band past ipa 0x70101c100 len 65536 shrunk 64 -> 0 by an overlapping window of the same call
[trap] num=46 (0x2e) pc=0x1804b4478 args=[0x2,0x27fe3c8,0x27fe3f0,0x0,0x0,0x20,0x6b,0xfffff0003ffff800]
[trap] num=46 (0x2e) pc=0x1804b4478 args=[0x1,0x27fe3c8,0x27fe3f0,0x0,0x0,0x20,0x6b,0xfffff0003ffff800]
[trap] num=46 (0x2e) pc=0x1804b4478 args=[0xf,0x27fe3c8,0x27fe3f0,0x0,0x0,0x20,0x6b,0xfffff0003ffff800]
[trap] num=46 (0x2e) pc=0x1804b4478 args=[0x3,0x27fe3c8,0x27fe3f0,0x0,0x0,0x20,0x6b,0xfffff0003ffff800]
[trap] num=46 (0x2e) pc=0x1804b4478 args=[0xd,0x27fe3e8,0x27fe410,0x0,0x0,0x20,0x6b,0xfffff0003ffff800]
[trap] num=340 (0x154) pc=0x1804b9860 args=[0x6e044,0x27fe420,0x3ff800,0xa0065de00,0x700c02d60,0x0,0xffffffffbfc007ff,0xfffff0003ffff800]
[trap] num=116 (0x74) pc=0x1804b1b60 args=[0x27fe1d0,0x0,0x0,0xfffffc088,0x100320cc8,0x10027b987,0x27fe430,0xfffff0003ffff800]
[trap] num=-15 (0xfffffffffffffff1) pc=0x1804adacc args=[0x203,0x27fe038,0x400000,0x0,0x2004000,0x3,0x0,0x0]
[trap] num=340 (0x154) pc=0x1804b9860 args=[0x6e044,0x27fe328,0x0,0x6ef10,0x0,0x1,0x1,0x0]
[M28 BANDSHRINK] syscall 340 band past ipa 0x6e044 len 65536 shrunk 64 -> 0 by an overlapping window of the same call
[trap] num=4 (0x4) pc=0x1804b1834 args=[0x4,0x700800000,0x75,0x6e569,0x6d2d99d0,0x8721045d,0xaa,0xaaaa6990]
[trap] num=4 (0x4) pc=0x1804b1834 args=[0x4,0x700800000,0x14,0x6be54,0x0,0x8d2bb13,0xb6,0x1edc164f]
[trap] num=75 (0x4b) pc=0x1804b09b0 args=[0x700800000,0x20000,0x7,0x0,0x0,0x8d2bb13,0xb6,0x1edc164f]
[m47] num=75 args=[0x700800000,0x20000,0x7] policy="" op="" ret=0x0 err=false writes=0
[trap] num=6 (0x6) pc=0x1804ae8f0 args=[0x4,0x0,0xe50,0xa0,0x6e580,0x0,0x0,0x1edc164f]
[trap] num=338 (0x152) pc=0x1804b988c args=[0x70101c100,0x27fe328,0xe50,0xa0,0x6e580,0x0,0x0,0x1edc164f]
[trap] num=128 (0x80) pc=0x1804b188c args=[0x70101c100,0x6e500,0xfffffffffffffff9,0x0,0x0,0x0,0x27fe430,0x1edc164f]
[trap] num=33 (0x21) pc=0x1804ae668 args=[0x6e5c0,0x1,0xe11,0x3,0x0,0x6f,0x65,0xfffff0003ffff800]
[trap] num=340 (0x154) pc=0x1804b9860 args=[0x700c18140,0x27fd3f0,0x0,0x700c1814e,0x1002adcb8,0x27fd490,0x72,0xfffff0003ffff800]
[M28 BANDSHRINK] syscall 340 band past ipa 0x700c18140 len 65536 shrunk 64 -> 0 by an overlapping window of the same call
[trap] num=340 (0x154) pc=0x1804b9860 args=[0x700c181e0,0x27fd370,0x0,0x700c181e9,0x10027b3f7,0x27fd2d0,0x44,0xfffff0003ffff800]
[M28 BANDSHRINK] syscall 340 band past ipa 0x700c181e0 len 65536 shrunk 64 -> 0 by an overlapping window of the same call
[trap] num=5 (0x5) pc=0x1804ae694 args=[0x700c181e0,0x0,0x0,0x700c181e9,0x10027b3f7,0x27fd2d0,0x44,0xfffff0003ffff800]
[M28 BANDSHRINK] syscall 5 band past ipa 0x700c181e0 len 65536 shrunk 64 -> 0 by an overlapping window of the same call
[trap] num=3 (0x3) pc=0x1804ae91c args=[0x4,0x6e630,0x100,0x0,0x0,0x27fd2d0,0x44,0xfffff0003ffff800]
[trap] num=3 (0x3) pc=0x1804ae91c args=[0x4,0x6e645,0xeb,0x0,0x0,0x27fd2d0,0x44,0xfffff0003ffff800]
[trap] num=6 (0x6) pc=0x1804ae8f0 args=[0x4,0x6e645,0xeb,0x0,0x0,0x27fd2d0,0x44,0xfffff0003ffff800]
[trap] num=340 (0x154) pc=0x1804b9860 args=[0x700c181e0,0x27fd370,0x0,0x700c181f4,0x10027b3f7,0x27fd2d0,0x6e,0xfffff0003ffff800]
[M28 BANDSHRINK] syscall 340 band past ipa 0x700c181e0 len 65536 shrunk 64 -> 0 by an overlapping window of the same call
[trap] num=5 (0x5) pc=0x1804ae694 args=[0x700c181e0,0x0,0x0,0x700c181f4,0x10027b3f7,0x27fd2d0,0x6e,0xfffff0003ffff800]
[M28 BANDSHRINK] syscall 5 band past ipa 0x700c181e0 len 65536 shrunk 64 -> 0 by an overlapping window of the same call
[trap] num=3 (0x3) pc=0x1804ae91c args=[0x4,0x6e630,0x100,0x0,0x0,0x27fd2d0,0x6e,0xfffff0003ffff800]
[trap] num=3 (0x3) pc=0x1804ae91c args=[0x4,0x6e659,0xd7,0x0,0x0,0x27fd2d0,0x6e,0xfffff0003ffff800]
[trap] num=6 (0x6) pc=0x1804ae8f0 args=[0x4,0x6e659,0xd7,0x0,0x0,0x27fd2d0,0x6e,0xfffff0003ffff800]
[trap] num=340 (0x154) pc=0x1804b9860 args=[0x700c181e0,0x27fd370,0x0,0x700c181ee,0x10027b3f7,0x27fd2d0,0x44,0xfffff0003ffff800]
[M28 BANDSHRINK] syscall 340 band past ipa 0x700c181e0 len 65536 shrunk 64 -> 0 by an overlapping window of the same call
[trap] num=5 (0x5) pc=0x1804ae694 args=[0x700c18140,0x0,0x0,0x1,0x0,0x27fd36c,0x1001af3d4,0x8c0]
[trap] num=340 (0x154) pc=0x1804b9860 args=[0x700c181e0,0x27fd370,0x0,0x700c181f3,0x10027b3f7,0x27fd2d0,0x44,0xfffff0003ffff800]
[M28 BANDSHRINK] syscall 340 band past ipa 0x700c181e0 len 65536 shrunk 64 -> 0 by an overlapping window of the same call
[trap] num=338 (0x152) pc=0x1804b988c args=[0x700c18140,0x27fd130,0x1002d265f,0x100306f98,0x27fd4e0,0x27fd36c,0x1001af3d4,0x8c0]
[trap] num=340 (0x154) pc=0x1804b9860 args=[0x700c181e0,0x27fd370,0x0,0x700c181f4,0x10027b3f7,0x27fd2d0,0x44,0xfffff0003ffff800]
[M28 BANDSHRINK] syscall 340 band past ipa 0x700c181e0 len 65536 shrunk 64 -> 0 by an overlapping window of the same call
[trap] num=338 (0x152) pc=0x1804b988c args=[0x700c18140,0x27fd130,0x1002d265f,0x100306f98,0x27fd4e0,0x27fd36c,0x1001af3d4,0x8c0]
[trap] num=340 (0x154) pc=0x1804b9860 args=[0x700c181e0,0x27fd370,0x0,0x700c181f6,0x10027b3f7,0x27fd2d0,0x44,0xfffff0003ffff800]
[M28 BANDSHRINK] syscall 340 band past ipa 0x700c181e0 len 65536 shrunk 64 -> 0 by an overlapping window of the same call
[trap] num=338 (0x152) pc=0x1804b988c args=[0x700c18140,0x27fd130,0x1002d265f,0x100306f98,0x27fd4e0,0x27fd36c,0x1001af3d4,0x8c0]
[trap] num=340 (0x154) pc=0x1804b9860 args=[0x700c181e0,0x27fd370,0x0,0x700c181fb,0x10027b3f7,0x27fd2d0,0x44,0xfffff0003ffff800]
[M28 BANDSHRINK] syscall 340 band past ipa 0x700c181e0 len 65536 shrunk 64 -> 0 by an overlapping window of the same call
[trap] num=338 (0x152) pc=0x1804b988c args=[0x700c18140,0x27fd130,0x1002d265f,0x100306f98,0x27fd4e0,0x27fd36c,0x1001af3d4,0x8c0]
[trap] num=340 (0x154) pc=0x1804b9860 args=[0x700c181e0,0x27fd320,0x0,0x700c181e9,0x10027b3f7,0x27fd280,0x44,0xfffff0003ffff800]
[M28 BANDSHRINK] syscall 340 band past ipa 0x700c181e0 len 65536 shrunk 64 -> 0 by an overlapping window of the same call
[trap] num=5 (0x5) pc=0x1804ae694 args=[0x700c181e0,0x0,0x0,0x700c181e9,0x10027b3f7,0x27fd280,0x44,0xfffff0003ffff800]
[M28 BANDSHRINK] syscall 5 band past ipa 0x700c181e0 len 65536 shrunk 64 -> 0 by an overlapping window of the same call
[trap] num=3 (0x3) pc=0x1804ae91c args=[0x4,0x6e670,0x100,0x0,0x0,0x27fd280,0x44,0xfffff0003ffff800]
[trap] num=3 (0x3) pc=0x1804ae91c args=[0x4,0x6e685,0xeb,0x0,0x0,0x27fd280,0x44,0xfffff0003ffff800]
[trap] num=6 (0x6) pc=0x1804ae8f0 args=[0x4,0x6e685,0xeb,0x0,0x0,0x27fd280,0x44,0xfffff0003ffff800]
[trap] num=340 (0x154) pc=0x1804b9860 args=[0x700c181e0,0x27fd320,0x0,0x700c181f4,0x10027b3f7,0x27fd280,0x6e,0xfffff0003ffff800]
[M28 BANDSHRINK] syscall 340 band past ipa 0x700c181e0 len 65536 shrunk 64 -> 0 by an overlapping window of the same call
[trap] num=5 (0x5) pc=0x1804ae694 args=[0x700c181e0,0x0,0x0,0x700c181f4,0x10027b3f7,0x27fd280,0x6e,0xfffff0003ffff800]
[M28 BANDSHRINK] syscall 5 band past ipa 0x700c181e0 len 65536 shrunk 64 -> 0 by an overlapping window of the same call
[trap] num=3 (0x3) pc=0x1804ae91c args=[0x4,0x6e670,0x100,0x0,0x0,0x27fd280,0x6e,0xfffff0003ffff800]
[trap] num=3 (0x3) pc=0x1804ae91c args=[0x4,0x6e699,0xd7,0x0,0x0,0x27fd280,0x6e,0xfffff0003ffff800]
[trap] num=6 (0x6) pc=0x1804ae8f0 args=[0x4,0x6e699,0xd7,0x0,0x0,0x27fd280,0x6e,0xfffff0003ffff800]
[trap] num=340 (0x154) pc=0x1804b9860 args=[0x700c181e0,0x27fd320,0x0,0x700c181ee,0x10027b3f7,0x27fd280,0x44,0xfffff0003ffff800]
[M28 BANDSHRINK] syscall 340 band past ipa 0x700c181e0 len 65536 shrunk 64 -> 0 by an overlapping window of the same call
[trap] num=338 (0x152) pc=0x1804b988c args=[0x700c18140,0x27fd0e0,0x1002d265f,0x100306f98,0x27fd490,0x27fd31c,0x1001af3d4,0x8c0]
[trap] num=340 (0x154) pc=0x1804b9860 args=[0x700c181e0,0x27fd320,0x0,0x700c181f3,0x10027b3f7,0x27fd280,0x44,0xfffff0003ffff800]
[M28 BANDSHRINK] syscall 340 band past ipa 0x700c181e0 len 65536 shrunk 64 -> 0 by an overlapping window of the same call
[trap] num=338 (0x152) pc=0x1804b988c args=[0x700c18140,0x27fd0e0,0x1002d265f,0x100306f98,0x27fd490,0x27fd31c,0x1001af3d4,0x8c0]
[trap] num=340 (0x154) pc=0x1804b9860 args=[0x700c181e0,0x27fd320,0x0,0x700c181f4,0x10027b3f7,0x27fd280,0x44,0xfffff0003ffff800]
[M28 BANDSHRINK] syscall 340 band past ipa 0x700c181e0 len 65536 shrunk 64 -> 0 by an overlapping window of the same call
[trap] num=338 (0x152) pc=0x1804b988c args=[0x700c18140,0x27fd0e0,0x1002d265f,0x100306f98,0x27fd490,0x27fd31c,0x1001af3d4,0x8c0]
[trap] num=340 (0x154) pc=0x1804b9860 args=[0x700c181e0,0x27fd320,0x0,0x700c181f6,0x10027b3f7,0x27fd280,0x44,0xfffff0003ffff800]
[M28 BANDSHRINK] syscall 340 band past ipa 0x700c181e0 len 65536 shrunk 64 -> 0 by an overlapping window of the same call
[trap] num=338 (0x152) pc=0x1804b988c args=[0x700c18140,0x27fd0e0,0x1002d265f,0x100306f98,0x27fd490,0x27fd31c,0x1001af3d4,0x8c0]
[trap] num=340 (0x154) pc=0x1804b9860 args=[0x700c181e0,0x27fd320,0x0,0x700c181fb,0x10027b3f7,0x27fd280,0x44,0xfffff0003ffff800]
[M28 BANDSHRINK] syscall 340 band past ipa 0x700c181e0 len 65536 shrunk 64 -> 0 by an overlapping window of the same call
[trap] num=338 (0x152) pc=0x1804b988c args=[0x700c18140,0x27fd0e0,0x1002d265f,0x100306f98,0x27fd490,0x27fd31c,0x1001af3d4,0x8c0]
[trap] num=398 (0x18e) pc=0x1804ae948 args=[0x700c18190,0x1100000,0x0,0x0,0x0,0x27fd4d0,0x2f,0xfffff0003ffff800]
[trap] num=346 (0x15a) pc=0x1804b9980 args=[0x4,0x27fcc40,0x0,0x0,0x0,0x27fd4d0,0x2f,0xfffff0003ffff800]
[trap] num=327 (0x147) pc=0x1804ad92c args=[0x1ec7f8110,0x0,0xfffffffffffffff8,0x1ec7f83f8,0x1ec7f8180,0x27fd4d0,0x2f,0xfffff0003ffff800]
[trap] num=-14 (0xfffffffffffffff2) pc=0x1801155b8 args=[0x203,0x1ec444000,0x24000,0x0,0x3,0x27fc14f,0x0,0x100]
[trap] num=338 (0x152) pc=0x180116c48 args=[0x1ec7f8468,0x27faf80,0x27fb080,0x27fb068,0x1ec7f8472,0x1801ac864,0x27fb7c8,0x700]
[trap] num=-10 (0xfffffffffffffff6) pc=0x180115588 args=[0x203,0x27faf40,0x4000,0x3c000001,0x1ec7f8472,0x1801ac864,0x27fb7c8,0x700]
[trap] num=338 (0x152) pc=0x180116c48 args=[0x27fb5a0,0x27faf30,0x27fb030,0x27fb018,0x27fb5ce,0x1801ac864,0x0,0x210]
[trap] num=-12 (0xfffffffffffffff4) pc=0x1801155a0 args=[0x203,0xa0085c000,0x4000,0x1a0500,0x0,0x0,0x0,0xbc0]
[trap] num=-15 (0xfffffffffffffff1) pc=0x1801155c4 args=[0x203,0x27fabd0,0x20000,0x3fff,0x3c000001,0x3,0x0,0x0]
[trap] num=-12 (0xfffffffffffffff4) pc=0x1801155a0 args=[0x203,0x1003c0000,0x20000,0x103,0x0,0x0,0x0,0x0]
[trap] num=-14 (0xfffffffffffffff2) pc=0x1801155b8 args=[0x203,0x1ec444000,0x24000,0x0,0x1,0x0,0x0,0x0]
[trap] num=5 (0x5) pc=0x1804ae694 args=[0x27fb628,0x1000000,0x0,0x27fb64a,0x190380f65,0x27fb610,0x62,0xfffff0003ffff800]
[trap] num=339 (0x153) pc=0x1804bc288 args=[0x5,0x27fb550,0x0,0x27fb64a,0x190380f65,0x27fb610,0x62,0xfffff0003ffff800]
[trap] num=197 (0xc5) pc=0x1804aea18 args=[0x0,0x7810,0x1,0x40002,0x5,0x0,0x62,0xfffff0003ffff800]
[trap] num=6 (0x6) pc=0x1804ae8f0 args=[0x5,0x7810,0x1,0x40002,0x5,0x0,0x62,0xfffff0003ffff800]
[trap] num=73 (0x49) pc=0x1804b1728 args=[0xa00860000,0x7810,0x60,0xfffff0007fc00000,0x0,0x0,0x0,0xfffff0003ffff800]
[trap] num=5 (0x5) pc=0x1804ae694 args=[0x27fb628,0x1000000,0x0,0x27fb648,0x190380f65,0x27fb610,0x62,0xfffff0003ffff800]
[trap] num=339 (0x153) pc=0x1804bc288 args=[0x5,0x27fb550,0x0,0x27fb648,0x190380f65,0x27fb610,0x62,0xfffff0003ffff800]
[trap] num=197 (0xc5) pc=0x1804aea18 args=[0x0,0x3590,0x1,0x40002,0x5,0x0,0x62,0xfffff0003ffff800]
[trap] num=6 (0x6) pc=0x1804ae8f0 args=[0x5,0x3590,0x1,0x40002,0x5,0x0,0x62,0xfffff0003ffff800]
[trap] num=73 (0x49) pc=0x1804b1728 args=[0xa00868000,0x3590,0x60,0xfffff0007fc00000,0x0,0x27fba70,0x62,0xfffff0003ffff800]
[trap] num=5 (0x5) pc=0x1804ae694 args=[0x27fbb14,0x1000000,0x0,0x27fbb3b,0x190380d90,0x27fbad0,0x62,0xfffff0003ffff800]
[trap] num=339 (0x153) pc=0x1804bc288 args=[0x5,0x27fba10,0x0,0x27fbb3b,0x190380d90,0x27fbad0,0x62,0xfffff0003ffff800]
[trap] num=197 (0xc5) pc=0x1804aea18 args=[0x0,0x170,0x1,0x40002,0x5,0x0,0x62,0xfffff0003ffff800]
[trap] num=6 (0x6) pc=0x1804ae8f0 args=[0x5,0x170,0x1,0x40002,0x5,0x0,0x62,0xfffff0003ffff800]
[trap] num=73 (0x49) pc=0x1804b1728 args=[0xa0086c000,0x170,0x60,0xfffff0007fc00000,0x0,0x305f656d616e7363,0x0,0xfffff0003ffff800]
[trap] num=5 (0x5) pc=0x1804ae694 args=[0x27fb628,0x1000000,0x0,0x27fb64a,0x190380f65,0x27fb610,0x62,0xfffff0003ffff800]
[trap] num=339 (0x153) pc=0x1804bc288 args=[0x5,0x27fb550,0x0,0x27fb64a,0x190380f65,0x27fb610,0x62,0xfffff0003ffff800]
[trap] num=197 (0xc5) pc=0x1804aea18 args=[0x0,0x7810,0x1,0x40002,0x5,0x0,0x62,0xfffff0003ffff800]
[trap] num=6 (0x6) pc=0x1804ae8f0 args=[0x5,0x7810,0x1,0x40002,0x5,0x0,0x62,0xfffff0003ffff800]
[trap] num=73 (0x49) pc=0x1804b1728 args=[0xa00870000,0x7810,0x60,0xfffff0007fc00000,0x0,0x0,0x0,0xfffff0003ffff800]
[trap] num=5 (0x5) pc=0x1804ae694 args=[0x27fb628,0x1000000,0x0,0x27fb648,0x190380f65,0x27fb610,0x62,0xfffff0003ffff800]
[trap] num=339 (0x153) pc=0x1804bc288 args=[0x5,0x27fb550,0x0,0x27fb648,0x190380f65,0x27fb610,0x62,0xfffff0003ffff800]
[trap] num=197 (0xc5) pc=0x1804aea18 args=[0x0,0x3590,0x1,0x40002,0x5,0x0,0x62,0xfffff0003ffff800]
[trap] num=6 (0x6) pc=0x1804ae8f0 args=[0x5,0x3590,0x1,0x40002,0x5,0x0,0x62,0xfffff0003ffff800]
[trap] num=73 (0x49) pc=0x1804b1728 args=[0xa00878000,0x3590,0x60,0xfffff0007fc00000,0x0,0x27fba70,0x62,0xfffff0003ffff800]
[trap] num=5 (0x5) pc=0x1804ae694 args=[0x27fbb14,0x1000000,0x0,0x27fbb37,0x190380d90,0x27fbad0,0x62,0xfffff0003ffff800]
[trap] num=339 (0x153) pc=0x1804bc288 args=[0x5,0x27fba10,0x0,0x27fbb37,0x190380d90,0x27fbad0,0x62,0xfffff0003ffff800]
[trap] num=197 (0xc5) pc=0x1804aea18 args=[0x0,0x170,0x1,0x40002,0x5,0x0,0x62,0xfffff0003ffff800]
[trap] num=6 (0x6) pc=0x1804ae8f0 args=[0x5,0x170,0x1,0x40002,0x5,0x0,0x62,0xfffff0003ffff800]
[trap] num=73 (0x49) pc=0x1804b1728 args=[0xa0087c000,0x170,0x60,0xfffff0007fc00000,0x0,0x305f656d616e7363,0x0,0xfffff0003ffff800]
[trap] num=-14 (0xfffffffffffffff2) pc=0x1801155b8 args=[0x203,0x1ec444000,0x24000,0x0,0x3,0x27fc05f,0x0,0xfffff0003ffff800]
[trap] num=338 (0x152) pc=0x180116c48 args=[0x1ec7f8468,0x27fae90,0x27faf90,0x27faf78,0x1ec7f8472,0x1801ac864,0x27fb6d8,0x700]
[trap] num=-10 (0xfffffffffffffff6) pc=0x180115588 args=[0x203,0x27fae50,0x4000,0x3c000001,0x1ec7f8472,0x1801ac864,0x27fb6d8,0x700]
[trap] num=338 (0x152) pc=0x180116c48 args=[0x27fb4b0,0x27fae40,0x27faf40,0x27faf28,0x27fb4de,0x1801ac864,0x0,0x210]
[trap] num=-12 (0xfffffffffffffff4) pc=0x1801155a0 args=[0x203,0xa00880000,0x4000,0x1a0500,0x0,0x0,0x0,0xbc0]
[trap] num=-15 (0xfffffffffffffff1) pc=0x1801155c4 args=[0x203,0x27faae0,0x20000,0x3fff,0x3c000001,0x3,0x0,0x0]
[trap] num=-12 (0xfffffffffffffff4) pc=0x1801155a0 args=[0x203,0x1003c0000,0x20000,0x103,0x0,0x0,0x0,0x0]
[trap] num=-14 (0xfffffffffffffff2) pc=0x1801155b8 args=[0x203,0x1ec444000,0x24000,0x0,0x1,0x0,0x0,0x0]
[trap] num=-14 (0xfffffffffffffff2) pc=0x1801155b8 args=[0x203,0x1ec444000,0x24000,0x0,0x3,0x27fc05f,0x0,0xfffff0003ffff800]
[trap] num=338 (0x152) pc=0x180116c48 args=[0x1ec7f8468,0x27fae90,0x27faf90,0x27faf78,0x1ec7f8472,0x1801ac864,0x27fb6d8,0x700]
[trap] num=-10 (0xfffffffffffffff6) pc=0x180115588 args=[0x203,0x27fae50,0x4000,0x3c000001,0x1ec7f8472,0x1801ac864,0x27fb6d8,0x700]
[trap] num=338 (0x152) pc=0x180116c48 args=[0x27fb4b0,0x27fae40,0x27faf40,0x27faf28,0x27fb4de,0x1801ac864,0x0,0x210]
[trap] num=-12 (0xfffffffffffffff4) pc=0x1801155a0 args=[0x203,0xa00884000,0x4000,0x1a0500,0x0,0x0,0x0,0xbc0]
[trap] num=-15 (0xfffffffffffffff1) pc=0x1801155c4 args=[0x203,0x27faae0,0x20000,0x3fff,0x3c000001,0x3,0x0,0x0]
[trap] num=-12 (0xfffffffffffffff4) pc=0x1801155a0 args=[0x203,0x1003c0000,0x20000,0x103,0x0,0x0,0x0,0x0]
[trap] num=-14 (0xfffffffffffffff2) pc=0x1801155b8 args=[0x203,0x1ec444000,0x24000,0x0,0x1,0x0,0x0,0x0]
[trap] num=338 (0x152) pc=0x1804b988c args=[0x27fa238,0x27fa1a0,0x0,0x27fa25b,0x190380d90,0x27fa190,0x72,0x0]
[trap] num=5 (0x5) pc=0x1804ae694 args=[0x27fa1d8,0x1000000,0x0,0x27fa201,0x190380f65,0x27fa1c0,0x62,0xfffff0003ffff800]
[trap] num=5 (0x5) pc=0x1804ae694 args=[0x190380d69,0x1000000,0x0,0x27fa201,0x190380f65,0x27fa1c0,0x62,0xfffff0003ffff800]
[trap] num=5 (0x5) pc=0x1804ae694 args=[0x27fa1d8,0x1000000,0x0,0x27fa201,0x190380f65,0x27fa1c0,0x62,0xfffff0003ffff800]
[trap] num=5 (0x5) pc=0x1804ae694 args=[0x190380d69,0x1000000,0x0,0x27fa201,0x190380f65,0x27fa1c0,0x62,0xfffff0003ffff800]
[trap] num=-14 (0xfffffffffffffff2) pc=0x1801155b8 args=[0x203,0x1ec444000,0x24000,0x0,0x3,0x27f9f0f,0x0,0xfffff0003ffff800]
[trap] num=338 (0x152) pc=0x180116c48 args=[0x1ec7f8468,0x27f8d40,0x27f8e40,0x27f8e28,0x1ec7f8472,0x1801ac864,0x27f9588,0x700]
[trap] num=-10 (0xfffffffffffffff6) pc=0x180115588 args=[0x203,0x27f8d00,0x4000,0x3c000001,0x1ec7f8472,0x1801ac864,0x27f9588,0x700]
[trap] num=338 (0x152) pc=0x180116c48 args=[0x27f9360,0x27f8cf0,0x27f8df0,0x27f8dd8,0x27f938e,0x1801ac864,0x0,0x210]
[trap] num=-12 (0xfffffffffffffff4) pc=0x1801155a0 args=[0x203,0xa00888000,0x4000,0x1a0500,0x0,0x0,0x0,0xbc0]
[trap] num=-15 (0xfffffffffffffff1) pc=0x1801155c4 args=[0x203,0x27f8990,0x20000,0x3fff,0x3c000001,0x3,0x0,0x0]
[trap] num=-12 (0xfffffffffffffff4) pc=0x1801155a0 args=[0x203,0x1003c0000,0x20000,0x103,0x0,0x0,0x0,0x0]
[trap] num=-14 (0xfffffffffffffff2) pc=0x1801155b8 args=[0x203,0x1ec444000,0x24000,0x0,0x1,0x0,0x0,0x0]
[trap] num=344 (0x158) pc=0x1804af9c4 args=[0x4,0x6fcb0,0x2000,0x6eb68,0x6ebc0,0x100,0x2f,0x200]
[M28 BANDSHRINK] syscall 344 band past ipa 0x6eb68 len 65536 shrunk 64 -> 0 by an overlapping window of the same call
[M28 BANDSHRINK] syscall 344 band past ipa 0x6ebc0 len 65536 shrunk 64 -> 0 by an overlapping window of the same call
[trap] num=399 (0x18f) pc=0x1804af584 args=[0x4,0xead,0xead,0xa,0x6eb40,0x74,0x2f,0xfffff0003ffff800]
[trap] num=338 (0x152) pc=0x1804b988c args=[0x700c18140,0x27fd3d0,0x1002d264c,0x1,0x1,0x68,0x1,0x450]
[trap] num=5 (0x5) pc=0x1804ae694 args=[0x700c18190,0x0,0x0,0x700c181ac,0x1002ca5de,0x27fd270,0x736574616e726574,0xfffff0003ffff800]
[M28 BANDSHRINK] syscall 5 band past ipa 0x700c18190 len 65536 shrunk 64 -> 0 by an overlapping window of the same call
[trap] num=5 (0x5) pc=0x1804ae694 args=[0x700c18190,0x1000000,0x0,0x1,0x1002c7006,0x27fd120,0x78,0xfffff0003ffff800]
[trap] num=5 (0x5) pc=0x1804ae694 args=[0x700c181e0,0x1000000,0x0,0x700c1821b,0x1002c7026,0x27fd120,0x6e,0xfffff0003ffff800]
[M28 BANDSHRINK] syscall 5 band past ipa 0x700c181e0 len 65536 shrunk 64 -> 0 by an overlapping window of the same call
[trap] num=398 (0x18e) pc=0x1804ae948 args=[0x700c02e40,0x1100000,0x0,0x62,0x0,0x0,0x6b,0xfffff0003ffff800]
[trap] num=346 (0x15a) pc=0x1804b9980 args=[0x4,0x27fc980,0xeab,0xc,0x0,0x0,0x6b,0xfffff0003ffff800]
[trap] num=344 (0x158) pc=0x1804af9c4 args=[0x4,0x700c24000,0x2000,0x6eaa8,0x6fa80,0x1,0x0,0x0]
[M28 BANDSHRINK] syscall 344 band past ipa 0x6eaa8 len 65536 shrunk 64 -> 0 by an overlapping window of the same call
[trap] num=399 (0x18f) pc=0x1804af584 args=[0x4,0xea1,0xea1,0x16,0x6ea80,0x1,0x0,0x0]
[trap] num=5 (0x5) pc=0x1804ae694 args=[0x6e910,0x1000000,0x0,0xfffff0007fc00000,0x0,0x0,0x0,0xfffff0003ffff800]
[trap] num=339 (0x153) pc=0x1804bc288 args=[0x4,0x27fd3b0,0x27fd540,0xfffff0007fc00000,0x0,0x0,0x0,0xfffff0003ffff800]
[trap] num=197 (0xc5) pc=0x1804aea18 args=[0x0,0x78,0x1,0x40002,0x4,0x0,0x0,0xfffff0003ffff800]
[trap] num=6 (0x6) pc=0x1804ae8f0 args=[0x4,0x78,0x1,0x40002,0x4,0x0,0x0,0xfffff0003ffff800]
[trap] num=-15 (0xfffffffffffffff1) pc=0x1804adacc args=[0x203,0x27fd108,0x400000,0x3fffff,0x2000001,0x3,0x0,0x0]
[trap] num=73 (0x49) pc=0x1804b1728 args=[0xa0088c000,0x78,0xfa3,0x1c0,0x6fa80,0x74,0x3765666166666566,0x19028de90]
[trap] num=5 (0x5) pc=0x1804ae694 args=[0x6e910,0x1000000,0x0,0x6e91c,0x6fa80,0x74,0x73,0x19028de90]
[M28 BANDSHRINK] syscall 5 band past ipa 0x6e910 len 65536 shrunk 64 -> 0 by an overlapping window of the same call
[M28 BANDSHRINK] syscall 5 band past ipa 0x6e91c len 65536 shrunk 64 -> 0 by an overlapping window of the same call
[trap] num=339 (0x153) pc=0x1804bc288 args=[0x4,0x27fd3b0,0x27fd540,0x6e91c,0x6fa80,0x74,0x73,0x19028de90]
[M28 BANDSHRINK] syscall 339 band past ipa 0x6e91c len 65536 shrunk 64 -> 0 by an overlapping window of the same call
[trap] num=197 (0xc5) pc=0x1804aea18 args=[0x0,0x78,0x1,0x40002,0x4,0x0,0x73,0x19028de90]
[trap] num=6 (0x6) pc=0x1804ae8f0 args=[0x4,0x78,0x1,0x40002,0x4,0x0,0x73,0x19028de90]
[trap] num=73 (0x49) pc=0x1804b1728 args=[0xa00c90000,0x78,0x0,0xa,0xfffff0007fc00000,0x74,0x701028098,0x19028de90]
[trap] num=194 (0xc2) pc=0x1804b00c8 args=[0x1008,0x27fd4d8,0x1804edb6c,0xa0065e400,0x701024240,0x0,0xffffffffbfc007ff,0xfffff0003ffff800]
[trap] num=398 (0x18e) pc=0x1804ae948 args=[0x700c18050,0x0,0x0,0xa0065e400,0x701024240,0x0,0xffffffffbfc007ff,0xfffff0003ffff800]
[trap] num=194 (0xc2) pc=0x1804b00c8 args=[0x1008,0x27fd088,0x1804edb6c,0x2,0x0,0x6f,0x77,0xfffff0003ffff800]
[trap] num=398 (0x18e) pc=0x1804ae948 args=[0x700c02e40,0x0,0x0,0x2,0x0,0x6f,0x77,0xfffff0003ffff800]
[trap] num=5 (0x5) pc=0x1804ae694 args=[0x700c18190,0x1000000,0x0,0x700c181ae,0x1002b5469,0x27fd5a0,0x68,0xfffff0003ffff800]
[M28 BANDSHRINK] syscall 5 band past ipa 0x700c18190 len 65536 shrunk 64 -> 0 by an overlapping window of the same call
[trap] num=5 (0x5) pc=0x1804ae694 args=[0x700c18190,0x1000000,0x0,0x700c181c2,0x1002b547e,0x27fd5a0,0x6e,0xfffff0003ffff800]
[M28 BANDSHRINK] syscall 5 band past ipa 0x700c18190 len 65536 shrunk 64 -> 0 by an overlapping window of the same call
[trap] num=75 (0x4b) pc=0x1804b09b0 args=[0x700824000,0x80000,0xb,0x20,0x1,0x0,0x0,0x0]
[probe] MADV_ZERO addr=0x700824000 len=0x80000 (emulated as a recorded zero write)
[trap] num=5 (0x5) pc=0x1804ae694 args=[0x6e910,0x1000000,0x0,0x6e91c,0x2,0x0,0x73,0x0]
[M28 BANDSHRINK] syscall 5 band past ipa 0x6e910 len 65536 shrunk 64 -> 0 by an overlapping window of the same call
[trap] num=339 (0x153) pc=0x1804bc288 args=[0x4,0x27fcde0,0x27fcf70,0x6e91c,0x2,0x0,0x73,0x0]
[trap] num=197 (0xc5) pc=0x1804aea18 args=[0x0,0x32,0x1,0x40002,0x4,0x0,0x73,0x0]
[trap] num=6 (0x6) pc=0x1804ae8f0 args=[0x4,0x32,0x1,0x40002,0x4,0x0,0x73,0x0]
[trap] num=73 (0x49) pc=0x1804b1728 args=[0xa00c94000,0x32,0xffffffffb0000000,0x60,0xfffff0007fc00000,0x1,0x701028098,0x0]
[trap] num=33 (0x21) pc=0x1804ae668 args=[0x700c02e60,0x4,0x0,0x3,0x0,0x6f,0x65,0xfffff0003ffff800]
[trap] num=5 (0x5) pc=0x1804ae694 args=[0x700c02e60,0x0,0x0,0x70230,0x0,0x0,0x0,0xfffff0003ffff800]
[trap] num=339 (0x153) pc=0x1804bc288 args=[0x4,0x27fcf08,0x0,0x70230,0x0,0x0,0x0,0xfffff0003ffff800]
[trap] num=3 (0x3) pc=0x1804ae91c args=[0x4,0x6ed10,0xf0,0x56,0x0,0x0,0x0,0xfffff0003ffff800]
[trap] num=6 (0x6) pc=0x1804ae8f0 args=[0x4,0x6ed10,0xf0,0x56,0x0,0x0,0x0,0xfffff0003ffff800]
[trap] num=116 (0x74) pc=0x1804b1b60 args=[0x27fd740,0x0,0x0,0xfffffc088,0x27fd658,0x0,0x27fd030,0xfffff0003ffff800]
[trap] num=340 (0x154) pc=0x1804b9860 args=[0x6e044,0x27fd790,0x6e044,0x5,0x0,0x0,0x0,0xfffff0003ffff800]
[trap] num=340 (0x154) pc=0x1804b9860 args=[0x700c18190,0x27fe570,0x0,0x700c181a4,0x1002d2273,0x27fe500,0x68,0xfffff0003ffff800]
[M28 BANDSHRINK] syscall 340 band past ipa 0x700c18190 len 65536 shrunk 64 -> 0 by an overlapping window of the same call
[trap] num=340 (0x154) pc=0x1804b9860 args=[0x700c181e0,0x27fe0d0,0x0,0x700c181ef,0x10027b3f7,0x27fe030,0x68,0xfffff0003ffff800]
[M28 BANDSHRINK] syscall 340 band past ipa 0x700c181e0 len 65536 shrunk 64 -> 0 by an overlapping window of the same call
[trap] num=338 (0x152) pc=0x1804b988c args=[0x700c18140,0x27fde90,0x1002d265f,0x100306f98,0x27fe240,0x27fe0cc,0x1001af3d4,0x8c0]
[trap] num=340 (0x154) pc=0x1804b9860 args=[0x700c181e0,0x27fe0d0,0x0,0x700c181f4,0x10027b3f7,0x27fe030,0x68,0xfffff0003ffff800]
[M28 BANDSHRINK] syscall 340 band past ipa 0x700c181e0 len 65536 shrunk 64 -> 0 by an overlapping window of the same call
[trap] num=338 (0x152) pc=0x1804b988c args=[0x700c18140,0x27fde90,0x1002d265f,0x100306f98,0x27fe240,0x27fe0cc,0x1001af3d4,0x8c0]
[trap] num=340 (0x154) pc=0x1804b9860 args=[0x700c181e0,0x27fe0d0,0x0,0x700c181f9,0x10027b3f7,0x27fe030,0x68,0xfffff0003ffff800]
[M28 BANDSHRINK] syscall 340 band past ipa 0x700c181e0 len 65536 shrunk 64 -> 0 by an overlapping window of the same call
[trap] num=338 (0x152) pc=0x1804b988c args=[0x700c18140,0x27fde90,0x1002d265f,0x100306f98,0x27fe240,0x27fe0cc,0x1001af3d4,0x8c0]
[trap] num=340 (0x154) pc=0x1804b9860 args=[0x700c181e0,0x27fe0d0,0x0,0x700c181fa,0x10027b3f7,0x27fe030,0x68,0xfffff0003ffff800]
[M28 BANDSHRINK] syscall 340 band past ipa 0x700c181e0 len 65536 shrunk 64 -> 0 by an overlapping window of the same call
[trap] num=338 (0x152) pc=0x1804b988c args=[0x700c18140,0x27fde90,0x1002d265f,0x100306f98,0x27fe240,0x27fe0cc,0x1001af3d4,0x8c0]
[trap] num=340 (0x154) pc=0x1804b9860 args=[0x700c181e0,0x27fe0d0,0x0,0x700c181fc,0x10027b3f7,0x27fe030,0x68,0xfffff0003ffff800]
[M28 BANDSHRINK] syscall 340 band past ipa 0x700c181e0 len 65536 shrunk 64 -> 0 by an overlapping window of the same call
[trap] num=338 (0x152) pc=0x1804b988c args=[0x700c18140,0x27fde90,0x1002d265f,0x100306f98,0x27fe240,0x27fe0cc,0x1001af3d4,0x8c0]
[trap] num=340 (0x154) pc=0x1804b9860 args=[0x700c181e0,0x27fe0d0,0x0,0x700c18201,0x10027b3f7,0x27fe030,0x44,0xfffff0003ffff800]
[M28 BANDSHRINK] syscall 340 band past ipa 0x700c181e0 len 65536 shrunk 64 -> 0 by an overlapping window of the same call
[trap] num=338 (0x152) pc=0x1804b988c args=[0x700c18140,0x27fde90,0x1002d265f,0x100306f98,0x27fe240,0x27fe0cc,0x1001af3d4,0x8c0]
[trap] num=58 (0x3a) pc=0x1804b015c args=[0x700c02e80,0x6ed10,0x20,0x63,0x0,0x0,0x78,0xfffff0003ffff800]
[trap] num=398 (0x18e) pc=0x1804ae948 args=[0x1803fd5e6,0x1000000,0x0,0x57,0x0,0x0,0x6b,0xfffff0003ffff800]
[trap] num=339 (0x153) pc=0x1804bc288 args=[0x4,0x27fdfc0,0x0,0x57,0x0,0x0,0x6b,0xfffff0003ffff800]
[trap] num=406 (0x196) pc=0x1804b2174 args=[0x4,0x32,0x27fdb30,0x27fdef0,0x27fdb80,0x0,0x6b,0xfffff0003ffff800]
[trap] num=399 (0x18f) pc=0x1804af584 args=[0x4,0x32,0x27fdb30,0x27fdef0,0x27fdb80,0x0,0x6b,0xfffff0003ffff800]
[trap] num=338 (0x152) pc=0x1804b988c args=[0x27fdb30,0x27fdf30,0x27fdb30,0x27fdef0,0x27fdb80,0x0,0x6b,0xfffff0003ffff800]
[trap] num=398 (0x18e) pc=0x1804ae948 args=[0x1803fd5e6,0x1000000,0x0,0x61,0x6edc0,0x20,0x3ff800,0xfffff0007ffff800]
[trap] num=339 (0x153) pc=0x1804bc288 args=[0x4,0x27fdfc0,0x0,0x61,0x6edc0,0x20,0x3ff800,0xfffff0007ffff800]
[trap] num=406 (0x196) pc=0x1804b2174 args=[0x4,0x32,0x27fdb30,0x27fdef0,0x27fdb80,0x20,0x3ff800,0xfffff0007ffff800]
[trap] num=399 (0x18f) pc=0x1804af584 args=[0x4,0x32,0x27fdb30,0x27fdef0,0x27fdb80,0x20,0x3ff800,0xfffff0007ffff800]
[trap] num=338 (0x152) pc=0x1804b988c args=[0x27fdb30,0x27fdf30,0x27fdb30,0x27fdef0,0x27fdb80,0x20,0x3ff800,0xfffff0007ffff800]
[trap] num=5 (0x5) pc=0x1804ae694 args=[0x70101c100,0x1000a02,0x1b6,0x70101c199,0x700c20080,0x20,0x6b,0xfffff0003ffff800]
[M28 BANDSHRINK] syscall 5 band past ipa 0x70101c100 len 65536 shrunk 64 -> 0 by an overlapping window of the same call
[trap] num=340 (0x154) pc=0x1804b9860 args=[0x6e044,0x27fe300,0x700c02d60,0x0,0x27fe274,0x0,0x27fe440,0xfffff0003ffff800]
[trap] num=116 (0x74) pc=0x1804b1b60 args=[0x27fe0b0,0x0,0x0,0xfffffc088,0x100320cc8,0x10027b987,0x27fe310,0xfffff0003ffff800]
[trap] num=4 (0x4) pc=0x1804b1834 args=[0x4,0x7008a4000,0x75,0x700c48069,0x6d2d99d0,0x8721045d,0xaa,0xaaaa6990]
[trap] num=4 (0x4) pc=0x1804b1834 args=[0x4,0x7008a4000,0x14,0x6be54,0x0,0x8d2bb13,0xb6,0x1edc164f]
[trap] num=75 (0x4b) pc=0x1804b09b0 args=[0x7008a4000,0x20000,0x7,0x0,0x0,0x8d2bb13,0xb6,0x1edc164f]
[m47] num=75 args=[0x7008a4000,0x20000,0x7] policy="" op="" ret=0x0 err=false writes=0
[trap] num=6 (0x6) pc=0x1804ae8f0 args=[0x4,0xa0065b980,0x0,0xa,0x1,0x0,0x0,0x1edc164f]
[trap] num=338 (0x152) pc=0x1804b988c args=[0x70101c100,0x27fe208,0x0,0xa,0x1,0x0,0x0,0x1edc164f]
[trap] num=128 (0x80) pc=0x1804b188c args=[0x70101c100,0x700c4c000,0xfffffffffffffff9,0x0,0x0,0x0,0x0,0x0]
[trap] num=33 (0x21) pc=0x1804ae668 args=[0x6e5c0,0x1,0xeb5,0x2,0x0,0x6f,0x65,0xfffff0003ffff800]
[trap] num=340 (0x154) pc=0x1804b9860 args=[0x700c181e0,0x27fe000,0x0,0x700c181e9,0x10027b3f7,0x27fdf60,0x44,0xfffff0003ffff800]
[M28 BANDSHRINK] syscall 340 band past ipa 0x700c181e0 len 65536 shrunk 64 -> 0 by an overlapping window of the same call
[trap] num=5 (0x5) pc=0x1804ae694 args=[0x700c181e0,0x0,0x0,0x700c181e9,0x10027b3f7,0x27fdf60,0x44,0xfffff0003ffff800]
[M28 BANDSHRINK] syscall 5 band past ipa 0x700c181e0 len 65536 shrunk 64 -> 0 by an overlapping window of the same call
[trap] num=3 (0x3) pc=0x1804ae91c args=[0x4,0x700c20000,0x100,0xa006a41f8,0x0,0x27fdee7,0x3ff800,0xfffff0007ffff800]
[trap] num=3 (0x3) pc=0x1804ae91c args=[0x4,0x700c20015,0xeb,0xa006a41f8,0x0,0x27fdee7,0x3ff800,0xfffff0007ffff800]
[trap] num=6 (0x6) pc=0x1804ae8f0 args=[0x4,0x700c20015,0xeb,0xa006a41f8,0x0,0x27fdee7,0x3ff800,0xfffff0007ffff800]
[trap] num=340 (0x154) pc=0x1804b9860 args=[0x700c181e0,0x27fe000,0x0,0x700c181f4,0x10027b3f7,0x27fdf60,0x6e,0xfffff0003ffff800]
[M28 BANDSHRINK] syscall 340 band past ipa 0x700c181e0 len 65536 shrunk 64 -> 0 by an overlapping window of the same call
[trap] num=5 (0x5) pc=0x1804ae694 args=[0x700c181e0,0x0,0x0,0x700c181f4,0x10027b3f7,0x27fdf60,0x6e,0xfffff0003ffff800]
[M28 BANDSHRINK] syscall 5 band past ipa 0x700c181e0 len 65536 shrunk 64 -> 0 by an overlapping window of the same call
[trap] num=3 (0x3) pc=0x1804ae91c args=[0x4,0x700c20000,0x100,0xa006a41f8,0x0,0x27fdee7,0x3ff800,0xfffff0007ffff800]
[trap] num=3 (0x3) pc=0x1804ae91c args=[0x4,0x700c20029,0xd7,0xa006a41f8,0x0,0x27fdee7,0x3ff800,0xfffff0007ffff800]
[trap] num=6 (0x6) pc=0x1804ae8f0 args=[0x4,0x700c20029,0xd7,0xa006a41f8,0x0,0x27fdee7,0x3ff800,0xfffff0007ffff800]
[trap] num=340 (0x154) pc=0x1804b9860 args=[0x700c181e0,0x27fe000,0x0,0x700c181ee,0x10027b3f7,0x27fdf60,0x44,0xfffff0003ffff800]
[M28 BANDSHRINK] syscall 340 band past ipa 0x700c181e0 len 65536 shrunk 64 -> 0 by an overlapping window of the same call
[trap] num=338 (0x152) pc=0x1804b988c args=[0x700c18140,0x27fddc0,0x1002d265f,0x100306f98,0x27fe170,0x27fdffc,0x1001af3d4,0x8c0]
[trap] num=340 (0x154) pc=0x1804b9860 args=[0x700c181e0,0x27fe000,0x0,0x700c181f3,0x10027b3f7,0x27fdf60,0x44,0xfffff0003ffff800]
[M28 BANDSHRINK] syscall 340 band past ipa 0x700c181e0 len 65536 shrunk 64 -> 0 by an overlapping window of the same call
[trap] num=338 (0x152) pc=0x1804b988c args=[0x700c18140,0x27fddc0,0x1002d265f,0x100306f98,0x27fe170,0x27fdffc,0x1001af3d4,0x8c0]
[trap] num=340 (0x154) pc=0x1804b9860 args=[0x700c181e0,0x27fe000,0x0,0x700c181f4,0x10027b3f7,0x27fdf60,0x44,0xfffff0003ffff800]
[M28 BANDSHRINK] syscall 340 band past ipa 0x700c181e0 len 65536 shrunk 64 -> 0 by an overlapping window of the same call
[trap] num=338 (0x152) pc=0x1804b988c args=[0x700c18140,0x27fddc0,0x1002d265f,0x100306f98,0x27fe170,0x27fdffc,0x1001af3d4,0x8c0]
[trap] num=340 (0x154) pc=0x1804b9860 args=[0x700c181e0,0x27fe000,0x0,0x700c181f6,0x10027b3f7,0x27fdf60,0x44,0xfffff0003ffff800]
[M28 BANDSHRINK] syscall 340 band past ipa 0x700c181e0 len 65536 shrunk 64 -> 0 by an overlapping window of the same call
[trap] num=338 (0x152) pc=0x1804b988c args=[0x700c18140,0x27fddc0,0x1002d265f,0x100306f98,0x27fe170,0x27fdffc,0x1001af3d4,0x8c0]
[trap] num=340 (0x154) pc=0x1804b9860 args=[0x700c181e0,0x27fe000,0x0,0x700c181fb,0x10027b3f7,0x27fdf60,0x44,0xfffff0003ffff800]
[M28 BANDSHRINK] syscall 340 band past ipa 0x700c181e0 len 65536 shrunk 64 -> 0 by an overlapping window of the same call
[trap] num=338 (0x152) pc=0x1804b988c args=[0x700c18140,0x27fddc0,0x1002d265f,0x100306f98,0x27fe170,0x27fdffc,0x1001af3d4,0x8c0]
[trap] num=340 (0x154) pc=0x1804b9860 args=[0x700c181e0,0x27fd250,0x0,0x700c181e9,0x10027b3f7,0x27fd1b0,0x44,0xfffff0003ffff800]
[M28 BANDSHRINK] syscall 340 band past ipa 0x700c181e0 len 65536 shrunk 64 -> 0 by an overlapping window of the same call
[trap] num=5 (0x5) pc=0x1804ae694 args=[0x700c181e0,0x0,0x0,0x700c181e9,0x10027b3f7,0x27fd1b0,0x44,0xfffff0003ffff800]
[M28 BANDSHRINK] syscall 5 band past ipa 0x700c181e0 len 65536 shrunk 64 -> 0 by an overlapping window of the same call
[trap] num=3 (0x3) pc=0x1804ae91c args=[0x4,0x700c20000,0x100,0xa0065e640,0x700c20000,0x0,0xffffffffbfc007ff,0xfffff0003ffff800]
[trap] num=3 (0x3) pc=0x1804ae91c args=[0x4,0x700c20015,0xeb,0xa0065e640,0x700c20000,0x0,0xffffffffbfc007ff,0xfffff0003ffff800]
[M28 BANDSHRINK] syscall 3 band past ipa 0x700c20000 len 65536 shrunk 64 -> 0 by an overlapping window of the same call
[trap] num=6 (0x6) pc=0x1804ae8f0 args=[0x4,0x700c20015,0xeb,0xa0065e640,0x700c20000,0x0,0xffffffffbfc007ff,0xfffff0003ffff800]
[M28 BANDSHRINK] syscall 6 band past ipa 0x700c20000 len 65536 shrunk 64 -> 0 by an overlapping window of the same call
[trap] num=340 (0x154) pc=0x1804b9860 args=[0x700c181e0,0x27fd250,0x0,0x700c181f4,0x10027b3f7,0x27fd1b0,0x6e,0xfffff0003ffff800]
[M28 BANDSHRINK] syscall 340 band past ipa 0x700c181e0 len 65536 shrunk 64 -> 0 by an overlapping window of the same call
[trap] num=5 (0x5) pc=0x1804ae694 args=[0x700c181e0,0x0,0x0,0x700c181f4,0x10027b3f7,0x27fd1b0,0x6e,0xfffff0003ffff800]
[M28 BANDSHRINK] syscall 5 band past ipa 0x700c181e0 len 65536 shrunk 64 -> 0 by an overlapping window of the same call
[trap] num=3 (0x3) pc=0x1804ae91c args=[0x4,0x700c20000,0x100,0xa0065e640,0x700c20000,0x0,0xffffffffbfc007ff,0xfffff0003ffff800]
[trap] num=3 (0x3) pc=0x1804ae91c args=[0x4,0x700c20029,0xd7,0xa0065e640,0x700c20000,0x0,0xffffffffbfc007ff,0xfffff0003ffff800]
[M28 BANDSHRINK] syscall 3 band past ipa 0x700c20000 len 65536 shrunk 64 -> 0 by an overlapping window of the same call
[trap] num=6 (0x6) pc=0x1804ae8f0 args=[0x4,0x700c20029,0xd7,0xa0065e640,0x700c20000,0x0,0xffffffffbfc007ff,0xfffff0003ffff800]
[M28 BANDSHRINK] syscall 6 band past ipa 0x700c20000 len 65536 shrunk 64 -> 0 by an overlapping window of the same call
[trap] num=340 (0x154) pc=0x1804b9860 args=[0x700c181e0,0x27fd250,0x0,0x700c181ee,0x10027b3f7,0x27fd1b0,0x44,0xfffff0003ffff800]
[M28 BANDSHRINK] syscall 340 band past ipa 0x700c181e0 len 65536 shrunk 64 -> 0 by an overlapping window of the same call
[trap] num=338 (0x152) pc=0x1804b988c args=[0x700c18140,0x27fd010,0x1002d265f,0x100306f98,0x27fd3c0,0x27fd24c,0x1001af3d4,0x8c0]
[trap] num=340 (0x154) pc=0x1804b9860 args=[0x700c181e0,0x27fd250,0x0,0x700c181f3,0x10027b3f7,0x27fd1b0,0x44,0xfffff0003ffff800]
[M28 BANDSHRINK] syscall 340 band past ipa 0x700c181e0 len 65536 shrunk 64 -> 0 by an overlapping window of the same call
[trap] num=338 (0x152) pc=0x1804b988c args=[0x700c18140,0x27fd010,0x1002d265f,0x100306f98,0x27fd3c0,0x27fd24c,0x1001af3d4,0x8c0]
[trap] num=340 (0x154) pc=0x1804b9860 args=[0x700c181e0,0x27fd250,0x0,0x700c181f4,0x10027b3f7,0x27fd1b0,0x44,0xfffff0003ffff800]
[M28 BANDSHRINK] syscall 340 band past ipa 0x700c181e0 len 65536 shrunk 64 -> 0 by an overlapping window of the same call
[trap] num=338 (0x152) pc=0x1804b988c args=[0x700c18140,0x27fd010,0x1002d265f,0x100306f98,0x27fd3c0,0x27fd24c,0x1001af3d4,0x8c0]
[trap] num=340 (0x154) pc=0x1804b9860 args=[0x700c181e0,0x27fd250,0x0,0x700c181f6,0x10027b3f7,0x27fd1b0,0x44,0xfffff0003ffff800]
[M28 BANDSHRINK] syscall 340 band past ipa 0x700c181e0 len 65536 shrunk 64 -> 0 by an overlapping window of the same call
[trap] num=338 (0x152) pc=0x1804b988c args=[0x700c18140,0x27fd010,0x1002d265f,0x100306f98,0x27fd3c0,0x27fd24c,0x1001af3d4,0x8c0]
[trap] num=340 (0x154) pc=0x1804b9860 args=[0x700c181e0,0x27fd250,0x0,0x700c181fb,0x10027b3f7,0x27fd1b0,0x44,0xfffff0003ffff800]
[M28 BANDSHRINK] syscall 340 band past ipa 0x700c181e0 len 65536 shrunk 64 -> 0 by an overlapping window of the same call
[trap] num=338 (0x152) pc=0x1804b988c args=[0x700c18140,0x27fd010,0x1002d265f,0x100306f98,0x27fd3c0,0x27fd24c,0x1001af3d4,0x8c0]
[trap] num=340 (0x154) pc=0x1804b9860 args=[0x700c181e0,0x27fd200,0x0,0x700c181e9,0x10027b3f7,0x27fd160,0x44,0xfffff0003ffff800]
[M28 BANDSHRINK] syscall 340 band past ipa 0x700c181e0 len 65536 shrunk 64 -> 0 by an overlapping window of the same call
[trap] num=5 (0x5) pc=0x1804ae694 args=[0x700c181e0,0x0,0x0,0x700c181e9,0x10027b3f7,0x27fd160,0x44,0xfffff0003ffff800]
[M28 BANDSHRINK] syscall 5 band past ipa 0x700c181e0 len 65536 shrunk 64 -> 0 by an overlapping window of the same call
[trap] num=3 (0x3) pc=0x1804ae91c args=[0x4,0x700c20000,0x100,0xa0065e640,0x700c20000,0x0,0xffffffffbfc007ff,0xfffff0003ffff800]
[trap] num=3 (0x3) pc=0x1804ae91c args=[0x4,0x700c20015,0xeb,0xa0065e640,0x700c20000,0x0,0xffffffffbfc007ff,0xfffff0003ffff800]
[M28 BANDSHRINK] syscall 3 band past ipa 0x700c20000 len 65536 shrunk 64 -> 0 by an overlapping window of the same call
[trap] num=6 (0x6) pc=0x1804ae8f0 args=[0x4,0x700c20015,0xeb,0xa0065e640,0x700c20000,0x0,0xffffffffbfc007ff,0xfffff0003ffff800]
[M28 BANDSHRINK] syscall 6 band past ipa 0x700c20000 len 65536 shrunk 64 -> 0 by an overlapping window of the same call
[trap] num=340 (0x154) pc=0x1804b9860 args=[0x700c181e0,0x27fd200,0x0,0x700c181f4,0x10027b3f7,0x27fd160,0x6e,0xfffff0003ffff800]
[M28 BANDSHRINK] syscall 340 band past ipa 0x700c181e0 len 65536 shrunk 64 -> 0 by an overlapping window of the same call
[trap] num=5 (0x5) pc=0x1804ae694 args=[0x700c181e0,0x0,0x0,0x700c181f4,0x10027b3f7,0x27fd160,0x6e,0xfffff0003ffff800]
[M28 BANDSHRINK] syscall 5 band past ipa 0x700c181e0 len 65536 shrunk 64 -> 0 by an overlapping window of the same call
[trap] num=3 (0x3) pc=0x1804ae91c args=[0x4,0x700c20000,0x100,0xa0065e640,0x700c20000,0x0,0xffffffffbfc007ff,0xfffff0003ffff800]
[trap] num=3 (0x3) pc=0x1804ae91c args=[0x4,0x700c20029,0xd7,0xa0065e640,0x700c20000,0x0,0xffffffffbfc007ff,0xfffff0003ffff800]
[M28 BANDSHRINK] syscall 3 band past ipa 0x700c20000 len 65536 shrunk 64 -> 0 by an overlapping window of the same call
[trap] num=6 (0x6) pc=0x1804ae8f0 args=[0x4,0x700c20029,0xd7,0xa0065e640,0x700c20000,0x0,0xffffffffbfc007ff,0xfffff0003ffff800]
[M28 BANDSHRINK] syscall 6 band past ipa 0x700c20000 len 65536 shrunk 64 -> 0 by an overlapping window of the same call
[trap] num=340 (0x154) pc=0x1804b9860 args=[0x700c181e0,0x27fd200,0x0,0x700c181ee,0x10027b3f7,0x27fd160,0x44,0xfffff0003ffff800]
[M28 BANDSHRINK] syscall 340 band past ipa 0x700c181e0 len 65536 shrunk 64 -> 0 by an overlapping window of the same call
[trap] num=338 (0x152) pc=0x1804b988c args=[0x700c18140,0x27fcfc0,0x1002d265f,0x100306f98,0x27fd370,0x27fd1fc,0x1001af3d4,0x8c0]
[trap] num=340 (0x154) pc=0x1804b9860 args=[0x700c181e0,0x27fd200,0x0,0x700c181f3,0x10027b3f7,0x27fd160,0x44,0xfffff0003ffff800]
[M28 BANDSHRINK] syscall 340 band past ipa 0x700c181e0 len 65536 shrunk 64 -> 0 by an overlapping window of the same call
[trap] num=338 (0x152) pc=0x1804b988c args=[0x700c18140,0x27fcfc0,0x1002d265f,0x100306f98,0x27fd370,0x27fd1fc,0x1001af3d4,0x8c0]
[trap] num=340 (0x154) pc=0x1804b9860 args=[0x700c181e0,0x27fd200,0x0,0x700c181f4,0x10027b3f7,0x27fd160,0x44,0xfffff0003ffff800]
[M28 BANDSHRINK] syscall 340 band past ipa 0x700c181e0 len 65536 shrunk 64 -> 0 by an overlapping window of the same call
[trap] num=338 (0x152) pc=0x1804b988c args=[0x700c18140,0x27fcfc0,0x1002d265f,0x100306f98,0x27fd370,0x27fd1fc,0x1001af3d4,0x8c0]
[trap] num=340 (0x154) pc=0x1804b9860 args=[0x700c181e0,0x27fd200,0x0,0x700c181f6,0x10027b3f7,0x27fd160,0x44,0xfffff0003ffff800]
[M28 BANDSHRINK] syscall 340 band past ipa 0x700c181e0 len 65536 shrunk 64 -> 0 by an overlapping window of the same call
[trap] num=338 (0x152) pc=0x1804b988c args=[0x700c18140,0x27fcfc0,0x1002d265f,0x100306f98,0x27fd370,0x27fd1fc,0x1001af3d4,0x8c0]
[trap] num=340 (0x154) pc=0x1804b9860 args=[0x700c181e0,0x27fd200,0x0,0x700c181fb,0x10027b3f7,0x27fd160,0x44,0xfffff0003ffff800]
[M28 BANDSHRINK] syscall 340 band past ipa 0x700c181e0 len 65536 shrunk 64 -> 0 by an overlapping window of the same call
[trap] num=338 (0x152) pc=0x1804b988c args=[0x700c18140,0x27fcfc0,0x1002d265f,0x100306f98,0x27fd370,0x27fd1fc,0x1001af3d4,0x8c0]
[trap] num=33 (0x21) pc=0x1804ae668 args=[0x700c02e60,0x4,0x0,0x103,0x100320cc8,0x0,0x27fcf10,0x8c0]
[trap] num=5 (0x5) pc=0x1804ae694 args=[0x700c02e60,0x0,0x0,0x701048000,0x0,0x0,0x0,0x0]
[trap] num=339 (0x153) pc=0x1804bc288 args=[0x4,0x27fcde8,0x0,0x701048000,0x0,0x0,0x0,0x0]
[trap] num=3 (0x3) pc=0x1804ae91c args=[0x4,0x6ed10,0xf0,0x56,0x0,0x0,0x0,0x0]
[trap] num=6 (0x6) pc=0x1804ae8f0 args=[0x4,0x6ed10,0xf0,0x56,0x0,0x0,0x0,0x0]
[trap] num=116 (0x74) pc=0x1804b1b60 args=[0x27fd620,0x0,0x0,0xfffffc088,0x100320cc8,0x0,0x27fcf10,0xfffff0003ffff800]
[trap] num=340 (0x154) pc=0x1804b9860 args=[0x6e044,0x27fd670,0x6e044,0x5,0x0,0x0,0x0,0xfffff0003ffff800]
[trap] num=340 (0x154) pc=0x1804b9860 args=[0x700c18190,0x27fe320,0x0,0x700c18199,0x10027b3f7,0x27fe280,0x44,0xfffff0003ffff800]
[M28 BANDSHRINK] syscall 340 band past ipa 0x700c18190 len 65536 shrunk 64 -> 0 by an overlapping window of the same call
[trap] num=5 (0x5) pc=0x1804ae694 args=[0x700c18190,0x0,0x0,0x700c18199,0x10027b3f7,0x27fe280,0x44,0xfffff0003ffff800]
[M28 BANDSHRINK] syscall 5 band past ipa 0x700c18190 len 65536 shrunk 64 -> 0 by an overlapping window of the same call
[trap] num=3 (0x3) pc=0x1804ae91c args=[0x4,0x700c20000,0x100,0xa0065e640,0x700c20000,0x0,0xffffffffbfc007ff,0xfffff0003ffff800]
[trap] num=3 (0x3) pc=0x1804ae91c args=[0x4,0x700c20015,0xeb,0xa0065e640,0x700c20000,0x0,0xffffffffbfc007ff,0xfffff0003ffff800]
[M28 BANDSHRINK] syscall 3 band past ipa 0x700c20000 len 65536 shrunk 64 -> 0 by an overlapping window of the same call
[trap] num=6 (0x6) pc=0x1804ae8f0 args=[0x4,0x700c20015,0xeb,0xa0065e640,0x700c20000,0x0,0xffffffffbfc007ff,0xfffff0003ffff800]
[M28 BANDSHRINK] syscall 6 band past ipa 0x700c20000 len 65536 shrunk 64 -> 0 by an overlapping window of the same call
[trap] num=340 (0x154) pc=0x1804b9860 args=[0x700c18190,0x27fe320,0x0,0x700c181a4,0x10027b3f7,0x27fe280,0x6e,0xfffff0003ffff800]
[M28 BANDSHRINK] syscall 340 band past ipa 0x700c18190 len 65536 shrunk 64 -> 0 by an overlapping window of the same call
[trap] num=5 (0x5) pc=0x1804ae694 args=[0x700c18190,0x0,0x0,0x700c181a4,0x10027b3f7,0x27fe280,0x6e,0xfffff0003ffff800]
[M28 BANDSHRINK] syscall 5 band past ipa 0x700c18190 len 65536 shrunk 64 -> 0 by an overlapping window of the same call
[trap] num=3 (0x3) pc=0x1804ae91c args=[0x4,0x700c20000,0x100,0xa006a41f8,0x0,0x27fe207,0x3ff800,0xfffff0007ffff800]
[trap] num=3 (0x3) pc=0x1804ae91c args=[0x4,0x700c20029,0xd7,0xa006a41f8,0x0,0x27fe207,0x3ff800,0xfffff0007ffff800]
[trap] num=6 (0x6) pc=0x1804ae8f0 args=[0x4,0x700c20029,0xd7,0xa006a41f8,0x0,0x27fe207,0x3ff800,0xfffff0007ffff800]
[trap] num=398 (0x18e) pc=0x1804ae948 args=[0x700c02e80,0x1100000,0x0,0x52,0x0,0x27fe260,0x63,0xfffff0003ffff800]
[trap] num=346 (0x15a) pc=0x1804b9980 args=[0x4,0x27fd960,0xeef,0x48,0x0,0x27fe260,0x63,0xfffff0003ffff800]
[trap] num=344 (0x158) pc=0x1804af9c4 args=[0x4,0x700c24000,0x2000,0x6eee8,0x6fa80,0x27fe107,0x3ff800,0xfffff0007ffff800]
[M28 BANDSHRINK] syscall 344 band past ipa 0x6eee8 len 65536 shrunk 64 -> 0 by an overlapping window of the same call
[trap] num=399 (0x18f) pc=0x1804af584 args=[0x4,0xee5,0xee5,0xa,0x6eec0,0x0,0x0,0x0]
[trap] num=58 (0x3a) pc=0x1804b015c args=[0x700c02e80,0x6ed10,0x20,0x63,0x0,0x0,0x78,0xfffff0003ffff800]
[trap] num=398 (0x18e) pc=0x1804ae948 args=[0x1803fd5e6,0x1000000,0x0,0xa0065e340,0x700c4c0a0,0x0,0xffffffffbfc007ff,0xfffff0003ffff800]
[trap] num=339 (0x153) pc=0x1804bc288 args=[0x4,0x27fdfd0,0x0,0xa0065e340,0x700c4c0a0,0x0,0xffffffffbfc007ff,0xfffff0003ffff800]
[trap] num=406 (0x196) pc=0x1804b2174 args=[0x4,0x32,0x27fdb40,0x27fdf00,0x27fdbc0,0x0,0xffffffffbfc007ff,0xfffff0003ffff800]
[trap] num=399 (0x18f) pc=0x1804af584 args=[0x4,0x32,0x27fdb40,0x27fdf00,0x27fdbc0,0x0,0xffffffffbfc007ff,0xfffff0003ffff800]
[trap] num=338 (0x152) pc=0x1804b988c args=[0x27fdb40,0x27fdf40,0x27fdb40,0x27fdf00,0x27fdbc0,0x0,0xffffffffbfc007ff,0xfffff0003ffff800]
[trap] num=398 (0x18e) pc=0x1804ae948 args=[0x1803fd5e6,0x1000000,0x0,0xfffff0007fc00000,0x700c4c100,0x20,0xffffffffbfc007ff,0xfffff0003ffff800]
[trap] num=339 (0x153) pc=0x1804bc288 args=[0x4,0x27fdfd0,0x0,0xfffff0007fc00000,0x700c4c100,0x20,0xffffffffbfc007ff,0xfffff0003ffff800]
[trap] num=406 (0x196) pc=0x1804b2174 args=[0x4,0x32,0x27fdb40,0x27fdf00,0x27fdbc0,0x20,0xffffffffbfc007ff,0xfffff0003ffff800]
[trap] num=399 (0x18f) pc=0x1804af584 args=[0x4,0x32,0x27fdb40,0x27fdf00,0x27fdbc0,0x20,0xffffffffbfc007ff,0xfffff0003ffff800]
[trap] num=338 (0x152) pc=0x1804b988c args=[0x27fdb40,0x27fdf40,0x27fdb40,0x27fdf00,0x27fdbc0,0x20,0xffffffffbfc007ff,0xfffff0003ffff800]
[trap] num=5 (0x5) pc=0x1804ae694 args=[0x70101c100,0x1000a02,0x1b6,0x70101c199,0x700c20080,0x20,0x6b,0xfffff0003ffff800]
[M28 BANDSHRINK] syscall 5 band past ipa 0x70101c100 len 65536 shrunk 64 -> 0 by an overlapping window of the same call
[trap] num=340 (0x154) pc=0x1804b9860 args=[0x6ed60,0x27fe1b8,0x60,0xfffff0007fc00000,0x0,0x0,0x0,0xfffff0003ffff800]
[trap] num=340 (0x154) pc=0x1804b9860 args=[0x6ed60,0x27fe038,0x0,0x6ed6c,0x0,0x27fe46c,0x73,0xfffff0003ffff800]
[M28 BANDSHRINK] syscall 340 band past ipa 0x6ed60 len 65536 shrunk 64 -> 0 by an overlapping window of the same call
[trap] num=116 (0x74) pc=0x1804b1b60 args=[0x27fe0c0,0x0,0x0,0xfffffc088,0x100320cc8,0x10027b987,0x27fe320,0xfffff0003ffff800]
[trap] num=4 (0x4) pc=0x1804b1834 args=[0x4,0x7009a4000,0x75,0x700c48069,0x6d2d99d0,0x8721045d,0xaa,0xaaaa6990]
[trap] num=4 (0x4) pc=0x1804b1834 args=[0x4,0x7009a4000,0x14,0x6be54,0x0,0x8d2bb13,0xb6,0x1edc164f]
[trap] num=75 (0x4b) pc=0x1804b09b0 args=[0x7009a4000,0x20000,0x7,0x0,0x0,0x8d2bb13,0xb6,0x1edc164f]
[m47] num=75 args=[0x7009a4000,0x20000,0x7] policy="" op="" ret=0x0 err=false writes=0
[trap] num=6 (0x6) pc=0x1804ae8f0 args=[0x4,0xa0065b980,0x0,0xa,0x1,0x0,0x0,0x1edc164f]
[trap] num=338 (0x152) pc=0x1804b988c args=[0x70101c100,0x27fe218,0x0,0xa,0x1,0x0,0x0,0x1edc164f]
[trap] num=128 (0x80) pc=0x1804b188c args=[0x70101c100,0x700c4c0a0,0xfffffffffffffff9,0x0,0x0,0x0,0xffffffffbfc007ff,0xfffff0003ffff800]
[trap] num=33 (0x21) pc=0x1804ae668 args=[0x6e5c0,0x1,0xf48,0x2,0x0,0x6f,0x65,0xfffff0003ffff800]
[trap] num=75 (0x4b) pc=0x1804b09b0 args=[0x7009a4000,0x80000,0xb,0x20,0x1,0x0,0x0,0x0]
[probe] MADV_ZERO addr=0x7009a4000 len=0x80000 (emulated as a recorded zero write)
[trap] num=5 (0x5) pc=0x1804ae694 args=[0x6e910,0x1000000,0x0,0x6e91c,0x27fe938,0x0,0x73,0x0]
[M28 BANDSHRINK] syscall 5 band past ipa 0x6e910 len 65536 shrunk 64 -> 0 by an overlapping window of the same call
[trap] num=339 (0x153) pc=0x1804bc288 args=[0x4,0x27fdeb0,0x27fe040,0x6e91c,0x27fe938,0x0,0x73,0x0]
[trap] num=197 (0xc5) pc=0x1804aea18 args=[0x0,0x32,0x1,0x40002,0x4,0x0,0x73,0x0]
[trap] num=6 (0x6) pc=0x1804ae8f0 args=[0x4,0x32,0x1,0x40002,0x4,0x0,0x73,0x0]
[trap] num=73 (0x49) pc=0x1804b1728 args=[0xa00c98000,0x32,0x0,0xa,0xfffff0007fc00000,0x65,0x3653a1d7582ef7f0,0x19028de90]
[trap] num=116 (0x74) pc=0x1804b1b60 args=[0x27fe210,0x0,0x0,0xfffffc088,0x0,0x0,0x0,0xfffff0003ffff800]
[trap] num=33 (0x21) pc=0x1804ae668 args=[0x1803fed70,0x4,0x0,0x27fdd4f,0x0,0x1,0x0,0x0]
[trap] num=398 (0x18e) pc=0x1804ae948 args=[0x1803fed70,0x0,0x0,0x27fdd4f,0x0,0x1,0x0,0x0]
[trap] num=339 (0x153) pc=0x1804bc288 args=[0x4,0x27fdc40,0x0,0x27fdd4f,0x0,0x1,0x0,0x0]
[trap] num=396 (0x18c) pc=0x1804afcac args=[0x4,0xa008d0000,0xa1e8,0x3,0x1,0x1,0x0,0x0]
[trap] num=399 (0x18f) pc=0x1804af584 args=[0x4,0xa008d0000,0xa1e8,0x3,0x1,0x1,0x0,0x0]
[trap] num=327 (0x147) pc=0x1804ad92c args=[0x1803fedf5,0xa008b5000,0x0,0x0,0xa008b5000,0x0,0x3ff800,0xffffffffbfc007ff]
[trap] num=398 (0x18e) pc=0x1804ae948 args=[0x6fa30,0x0,0x0,0x0,0x0,0x0,0x0,0xffffffffbfc007ff]
[trap] num=339 (0x153) pc=0x1804bc288 args=[0x4,0x27fda70,0x0,0x0,0x0,0x0,0x0,0xffffffffbfc007ff]
[trap] num=396 (0x18c) pc=0x1804afcac args=[0x4,0xa008dc000,0xa1e8,0x3,0x1,0x1,0x0,0x0]
[trap] num=399 (0x18f) pc=0x1804af584 args=[0x4,0xa008dc000,0xa1e8,0x3,0x1,0x1,0x0,0x0]
[trap] num=75 (0x4b) pc=0x1804b09b0 args=[0xa008dc000,0xc000,0x7,0x0,0x0,0x0,0x1,0x0]
[m47] num=75 args=[0xa008dc000,0xc000,0x7] policy="" op="" ret=0x0 err=false writes=0
[trap] num=75 (0x4b) pc=0x1804b09b0 args=[0xa008d0000,0xc000,0x7,0x0,0x0,0x0,0x33,0x0]
[m47] num=75 args=[0xa008d0000,0xc000,0x7] policy="" op="" ret=0x0 err=false writes=0
[trap] num=33 (0x21) pc=0x1804ae668 args=[0x6ee20,0x0,0x60,0xfffff0007fc00000,0x0,0x0,0x0,0xfffff0003ffff800]
[trap] num=116 (0x74) pc=0x1804b1b60 args=[0x27fc4b0,0x0,0x0,0xfffffc088,0x58,0x58,0x58,0xfffff0003ffff800]
[trap] num=5 (0x5) pc=0x1804ae694 args=[0x6eea0,0xa02,0x124,0x1ec6fd538,0x58,0x58,0x4654411d79ad945b,0xfffff0003ffff800]
[trap] num=136 (0x88) pc=0x1804af788 args=[0x6eea0,0x1ff,0x0,0x6eeaf,0x58,0x58,0x31,0xfffff0003ffff800]
[M28 BANDSHRINK] syscall 136 band past ipa 0x6eea0 len 65536 shrunk 64 -> 0 by an overlapping window of the same call
[trap] num=116 (0x74) pc=0x1804b1b60 args=[0x27fc4b0,0x0,0x0,0xfffffc088,0x58,0x58,0x58,0xfffff0003ffff800]
[trap] num=5 (0x5) pc=0x1804ae694 args=[0x6eea0,0xa02,0x124,0x1ec6fd540,0x58,0x58,0xb33ae4f11d378ee7,0xfffff0003ffff800]
[trap] num=4 (0x4) pc=0x1804b1834 args=[0x4,0x27fd1d8,0xa3,0x27fc8d2,0x0,0x77cec3c7,0xa,0x74e8a2c5]
[trap] num=75 (0x4b) pc=0x1804b09b0 args=[0x700a24000,0x10000,0x7,0x0,0x0,0x77cec3c7,0xa,0x74e8a2c5]
[m47] num=75 args=[0x700a24000,0x10000,0x7] policy="" op="" ret=0x0 err=false writes=0
[trap] num=75 (0x4b) pc=0x1804b09b0 args=[0xa008f0000,0x10000,0x7,0x0,0x0,0x0,0x0,0x74e8a2c5]
[m47] num=75 args=[0xa008f0000,0x10000,0x7] policy="" op="" ret=0x0 err=false writes=0
[trap] num=75 (0x4b) pc=0x1804b09b0 args=[0xa008e0000,0x10000,0x7,0x0,0x0,0x0,0x0,0x74e8a2c5]
[m47] num=75 args=[0xa008e0000,0x10000,0x7] policy="" op="" ret=0x0 err=false writes=0
[trap] num=75 (0x4b) pc=0x1804b09b0 args=[0xa008d0000,0x10000,0x7,0x0,0x0,0x0,0x0,0x74e8a2c5]
[m47] num=75 args=[0xa008d0000,0x10000,0x7] policy="" op="" ret=0x0 err=false writes=0
[trap] num=6 (0x6) pc=0x1804ae8f0 args=[0x4,0x4,0x6eea0,0x3f800,0x0,0x0,0xc4740,0x3f80]
[trap] num=9 (0x9) pc=0x1804b26f0 args=[0x6eea0,0x6ee60,0x1,0x3f800,0x0,0x0,0xc4740,0x3f80]
[M28 BANDSHRINK] syscall 9 band past ipa 0x6ee60 len 65536 shrunk 64 -> 0 by an overlapping window of the same call
[trap] num=10 (0xa) pc=0x1804b1cac args=[0x6eea0,0x6ee60,0x1,0x3f800,0x0,0x0,0xc4740,0x3f80]
[M28 BANDSHRINK] syscall 10 band past ipa 0x6ee60 len 65536 shrunk 64 -> 0 by an overlapping window of the same call
[trap] num=340 (0x154) pc=0x1804b9860 args=[0x6e044,0x27fce50,0x700c02d60,0x0,0x27fcdc4,0x0,0x27fcf90,0x3f80]
[trap] num=58 (0x3a) pc=0x1804b015c args=[0x700c02e80,0x6ed10,0x20,0x2,0x0,0x0,0x78,0xfffff0003ffff800]
[trap] num=398 (0x18e) pc=0x1804ae948 args=[0x1803fd5e6,0x1000000,0x0,0xa0065e340,0x700c4c0a0,0x0,0xffffffffbfc007ff,0xfffff0003ffff800]
[trap] num=339 (0x153) pc=0x1804bc288 args=[0x4,0x27fcb10,0x0,0xa0065e340,0x700c4c0a0,0x0,0xffffffffbfc007ff,0xfffff0003ffff800]
[trap] num=406 (0x196) pc=0x1804b2174 args=[0x4,0x32,0x27fc680,0x27fca40,0x27fc700,0x0,0xffffffffbfc007ff,0xfffff0003ffff800]
[trap] num=399 (0x18f) pc=0x1804af584 args=[0x4,0x32,0x27fc680,0x27fca40,0x27fc700,0x0,0xffffffffbfc007ff,0xfffff0003ffff800]
[trap] num=338 (0x152) pc=0x1804b988c args=[0x27fc680,0x27fca80,0x27fc680,0x27fca40,0x27fc700,0x0,0xffffffffbfc007ff,0xfffff0003ffff800]
[trap] num=398 (0x18e) pc=0x1804ae948 args=[0x1803fd5e6,0x1000000,0x0,0xfffff0007fc00000,0x700c4c100,0x20,0xffffffffbfc007ff,0xfffff0003ffff800]
[trap] num=339 (0x153) pc=0x1804bc288 args=[0x4,0x27fcb10,0x0,0xfffff0007fc00000,0x700c4c100,0x20,0xffffffffbfc007ff,0xfffff0003ffff800]
[trap] num=406 (0x196) pc=0x1804b2174 args=[0x4,0x32,0x27fc680,0x27fca40,0x27fc700,0x20,0xffffffffbfc007ff,0xfffff0003ffff800]
[trap] num=399 (0x18f) pc=0x1804af584 args=[0x4,0x32,0x27fc680,0x27fca40,0x27fc700,0x20,0xffffffffbfc007ff,0xfffff0003ffff800]
[trap] num=338 (0x152) pc=0x1804b988c args=[0x27fc680,0x27fca80,0x27fc680,0x27fca40,0x27fc700,0x20,0xffffffffbfc007ff,0xfffff0003ffff800]
[trap] num=5 (0x5) pc=0x1804ae694 args=[0x70101c100,0x1000a02,0x1b6,0x70101c199,0x700c20080,0x20,0x6b,0xfffff0003ffff800]
[M28 BANDSHRINK] syscall 5 band past ipa 0x70101c100 len 65536 shrunk 64 -> 0 by an overlapping window of the same call
[trap] num=33 (0x21) pc=0x1804ae668 args=[0x700c02e60,0x4,0x0,0x103,0x100320cc8,0x0,0x27fcd70,0xfffff0003ffff800]
[trap] num=5 (0x5) pc=0x1804ae694 args=[0x700c02e60,0x0,0x0,0x701048000,0x0,0x0,0x0,0xfffff0007ffff800]
[trap] num=339 (0x153) pc=0x1804bc288 args=[0x5,0x27fcc48,0x0,0x701048000,0x0,0x0,0x0,0xfffff0007ffff800]
[trap] num=3 (0x3) pc=0x1804ae91c args=[0x5,0x6ef30,0xf0,0x34,0x0,0x0,0x0,0xfffff0007ffff800]
[trap] num=6 (0x6) pc=0x1804ae8f0 args=[0x5,0x6ef30,0xf0,0x34,0x0,0x0,0x0,0xfffff0007ffff800]
[trap] num=340 (0x154) pc=0x1804b9860 args=[0x6ed60,0x27fca58,0x0,0x6ed6c,0x100320cc8,0x0,0x73,0xfffff0003ffff800]
[M28 BANDSHRINK] syscall 340 band past ipa 0x6ed60 len 65536 shrunk 64 -> 0 by an overlapping window of the same call
[trap] num=340 (0x154) pc=0x1804b9860 args=[0x6ed60,0x27fc8d8,0x0,0x6ed6c,0x0,0x27fcd0c,0x73,0xfffff0003ffff800]
[M28 BANDSHRINK] syscall 340 band past ipa 0x6ed60 len 65536 shrunk 64 -> 0 by an overlapping window of the same call
[trap] num=116 (0x74) pc=0x1804b1b60 args=[0x27fcc00,0x0,0x0,0xfffffc088,0x100320cc8,0x10027b987,0x27fce60,0xfffff0003ffff800]
[trap] num=4 (0x4) pc=0x1804b1834 args=[0x4,0x700b24000,0x75,0x700c48069,0x6d2d99d0,0x8721045d,0xaa,0xaaaa6990]
[trap] num=4 (0x4) pc=0x1804b1834 args=[0x4,0x700b24000,0x14,0x6be54,0x0,0x8d2bb13,0xb6,0x1edc164f]
[trap] num=75 (0x4b) pc=0x1804b09b0 args=[0x700b24000,0x20000,0x7,0x0,0x0,0x8d2bb13,0xb6,0x1edc164f]
[m47] num=75 args=[0x700b24000,0x20000,0x7] policy="" op="" ret=0x0 err=false writes=0
[trap] num=6 (0x6) pc=0x1804ae8f0 args=[0x4,0xa0065b980,0x0,0xa,0x1,0x0,0x0,0x1edc164f]
[trap] num=338 (0x152) pc=0x1804b988c args=[0x70101c100,0x27fcd58,0x0,0xa,0x1,0x0,0x0,0x1edc164f]
[trap] num=128 (0x80) pc=0x1804b188c args=[0x70101c100,0x700c180f0,0x100280f2d,0x1002cf5f2,0x100320cc8,0x10027b987,0x27fce60,0x1edc164f]
[M28 BANDSHRINK] syscall 128 band past ipa 0x10027b987 len 65536 shrunk 64 -> 0 by an overlapping window of the same call
[trap] num=33 (0x21) pc=0x1804ae668 args=[0x6e5c0,0x1,0xdb7,0x1,0x0,0x6f,0x65,0xfffff0003ffff800]
[trap] num=33 (0x21) pc=0x1804ae668 args=[0x700c02e60,0x4,0x0,0x103,0x100320cc8,0x0,0x27fced0,0xfffff0003ffff800]
[trap] num=5 (0x5) pc=0x1804ae694 args=[0x700c02e60,0x0,0x0,0x701048000,0x0,0x0,0x0,0xfffff0007ffff800]
[trap] num=339 (0x153) pc=0x1804bc288 args=[0x4,0x27fcda8,0x0,0x701048000,0x0,0x0,0x0,0xfffff0007ffff800]
[trap] num=3 (0x3) pc=0x1804ae91c args=[0x4,0x6dee0,0xf0,0xc,0x0,0x0,0x0,0xfffff0007ffff800]
[trap] num=6 (0x6) pc=0x1804ae8f0 args=[0x4,0x6dee0,0xf0,0xc,0x0,0x0,0x0,0xfffff0007ffff800]
[trap] num=340 (0x154) pc=0x1804b9860 args=[0x700a24084,0x27fcaa0,0x27fcb9c,0x0,0x0,0x27fcb8c,0x27fddc0,0xfffff0003ffff800]
[trap] num=340 (0x154) pc=0x1804b9860 args=[0x6e020,0x27fd3a0,0x27fd770,0x1002ddeb5,0x100320cc8,0x0,0x27fced0,0xfffff0003ffff800]
[trap] num=42 (0x2a) pc=0x1804b43ec args=[0x27fd5c8,0x700c02e80,0x6,0x0,0x0,0x0,0x0,0xfffff0003ffff800]
[trap] num=338 (0x152) pc=0x1804b988c args=[0x6dfa0,0x27fd440,0x0,0x6dfe3,0x6dfc0,0x20,0x74,0xfffff0003ffff800]
[M28 BANDSHRINK] syscall 338 band past ipa 0x6dfa0 len 65536 shrunk 64 -> 0 by an overlapping window of the same call
[M28 BANDSHRINK] syscall 338 band past ipa 0x6dfc0 len 65536 shrunk 64 -> 0 by an overlapping window of the same call
[trap] num=42 (0x2a) pc=0x1804b43ec args=[0x27fd5b0,0xdee,0xdee,0x1,0x6dfc0,0x20,0x74,0xfffff0003ffff800]
[trap] num=329 (0x149) pc=0x1804b54f4 args=[0x3,0x27fd580,0x27fd564,0xfffff0007fc00000,0x701020200,0x0,0xffffffffbfc007ff,0xfffff0003ffff800]
[trap] num=333 (0x14d) pc=0x1804b9fb8 args=[0x2,0x27fd560,0x27fd564,0xfffff0007fc00000,0x701020200,0x0,0xffffffffbfc007ff,0xfffff0003ffff800]
[trap] num=-47 (0xffffffffffffffd1) pc=0x1804adc34 args=[0x27fd410,0x200000003,0x4080001513,0x160300000203,0xd4b00000000,0x160300000003,0x2c,0x0]
[mach_msg2] msgh_id=3403 dest=0x203 reply=0x1603 options=0x200000003 bits=0x80001513 send_size=64 rcv_size=44
  send+000: 13 15 00 80 40 00 00 00 03 02 00 00 03 16 00 00
  send+010: 00 00 00 00 4b 0d 00 00 03 00 00 00 03 14 00 00
  send+020: 00 00 00 00 00 00 13 00 00 00 00 00 00 00 00 00
  send+030: 00 00 13 00 00 00 00 00 00 00 00 00 00 00 13 00
[regs]
x0 =0x00000000027fd410  x1 =0x0000000200000003  x2 =0x0000004080001513  x3 =0x0000160300000203  
x4 =0x00000d4b00000000  x5 =0x0000160300000003  x6 =0x000000000000002c  x7 =0x0000000000000000  
x8 =0x00000001804e2000  x9 =0x000000000e578fa0  x10=0x00000001e9c5c200  x11=0x0000000000000000  
x12=0x0000000000000000  x13=0x0000000000000002  x14=0x0000000000045800  x15=0x000000000000000a  
x16=0xffffffffffffffd1  x17=0x00000001edd378a0  x18=0x0000000000000000  x19=0x0000000000000000  
x20=0x000000000000002c  x21=0x0000160300000003  x22=0x00000d4b00000000  x23=0x0000160300000203  
x24=0x0000000200000003  x25=0x00000000027fd410  x26=0x0000004080001513  x27=0xfffffffffffffbbf  
x28=0x0000000000000001  x29=0x00000000027fd400  x30=0x00000001804c0574  
sp=0x27fd3b0 pc=0x4404 elr=0x1804adc34 far=0x1804d8eac spsr=0x60000000
[bt]
  pc  0x4404
  ret 0x1804d8f34
  ret 0x1804b58a8
  ret 0x1801d7fa8
  ret 0x1903411c8
  ret 0x1803a31c4
  ret 0x1001c3574
  ret 0x1001c4594
  ret 0x1000a5188
  ret 0x1000a46a0
  ret 0x1000a5560
  ret 0x1000a3134
  ret 0x1000a19f4
  ret 0x100002070
  ret 0x100001550
  ret 0x100000da4
  ret 0x1000ba8dc
  ret 0x180133e00

RECORD ERROR: unsupported mach_msg2 at pc 0x1804adc34: msgh_id 3403 dest 0x203 (guest task port Some(515)) send_size 64
