[trap] num=-28 (0xffffffffffffffe4) pc=0x140001654 args=[0x27ff9a8,0x8,0x1400e0090,0x27ff44f,0x27ff598,0x1400647cc,0x0,0x0]
[trap] num=-26 (0xffffffffffffffe6) pc=0x14000163c args=[0x203,0x8,0x1400e0090,0x27ff44f,0x27ff598,0x1400647cc,0x0,0x0]
[trap] num=372 (0x174) pc=0x140004b14 args=[0x0,0x8,0x1400e0090,0x27ff44f,0x27ff598,0x1400647cc,0x0,0x0]
[trap] num=2147483648 (0x80000000) pc=0x14008194c args=[0x1400b9ee0,0x8,0x1400e0090,0x2,0x27ff598,0x1400647cc,0x0,0x0]
[retrace warn] dyld __mac_syscall(Sandbox) synthesized as success/unsandboxed (not forwarded; host would fault)
[trap] num=38 (0x26) pc=0x1400815a0 args=[0x0,0x0,0x0,0x27ff648,0x0,0x1400647cc,0x0,0x0]
[trap] num=-14 (0xfffffffffffffff2) pc=0x1400015b8 args=[0x203,0x1400bc000,0x200f0,0x0,0x3,0x1400647cc,0x0,0x0]
[trap] num=483 (0x1e3) pc=0x140004e08 args=[0x0,0x27ff60c,0x4,0x0,0x3,0x1400647cc,0x0,0x0]
[trap] num=38 (0x26) pc=0x1400815a0 args=[0x0,0x0,0x0,0x27ff5c8,0x0,0x1400647cc,0x0,0x0]
[trap] num=-14 (0xfffffffffffffff2) pc=0x1400015b8 args=[0x203,0x1400bc000,0x200f0,0x0,0x1,0x1400bc0f0,0x20000,0x0]
[trap] num=-14 (0xfffffffffffffff2) pc=0x1400015b8 args=[0x203,0x1400bc000,0x200f0,0x0,0x3,0x1400bc0f0,0x20000,0x0]
[trap] num=-14 (0xfffffffffffffff2) pc=0x1400015b8 args=[0x203,0x1400bc000,0x200f0,0x0,0x1,0x3d,0x20000,0x0]
[trap] num=294 (0x126) pc=0x1400062f8 args=[0x27ff970,0x27ff970,0x27ff960,0x27ff970,0x27ffa00,0x3d,0x20000,0x0]
[trap] num=-14 (0xfffffffffffffff2) pc=0x1400015b8 args=[0x203,0x1400bc000,0x200f0,0x0,0x3,0x3d,0x20000,0x0]
[trap] num=-15 (0xfffffffffffffff1) pc=0x1400015c4 args=[0x203,0x27fedf0,0x20000,0x3fff,0x3c000001,0x3,0x0,0x0]
[trap] num=20 (0x14) pc=0x140004f48 args=[0x0,0x3,0x74380663dfc,0x2,0x1,0x27ff540,0x65,0x0]
[trap] num=-12 (0xfffffffffffffff4) pc=0x1400015a0 args=[0x203,0x1003c0000,0x20000,0x0,0x0,0x0,0x0,0x0]
[trap] num=-14 (0xfffffffffffffff2) pc=0x1400015b8 args=[0x203,0x1400bc000,0x200f0,0x0,0x1,0x0,0x0,0x0]
[trap] num=38 (0x26) pc=0x1400815a0 args=[0x0,0x0,0x0,0x27ff758,0x1,0x0,0x0,0x0]
[trap] num=483 (0x1e3) pc=0x140004e08 args=[0x0,0x27ff76c,0x4,0x27ff7d8,0x1,0x0,0x0,0x0]
[trap] num=-14 (0xfffffffffffffff2) pc=0x1400015b8 args=[0x203,0x1400bc000,0x200f0,0x0,0x3,0x0,0x0,0x0]
[trap] num=-15 (0xfffffffffffffff1) pc=0x1400015c4 args=[0x203,0x27fedf0,0x20000,0x3fff,0x3c000001,0x3,0x0,0x0]
[trap] num=-12 (0xfffffffffffffff4) pc=0x1400015a0 args=[0x203,0x1003c0000,0x20000,0x0,0x0,0x0,0x0,0x0]
[trap] num=-14 (0xfffffffffffffff2) pc=0x1400015b8 args=[0x203,0x1400bc000,0x200f0,0x0,0x1,0x0,0x0,0x0]
[trap] num=336 (0x150) pc=0x14000600c args=[0xf,0x10eb0,0x0,0x0,0x1ec6f7f80,0x170,0x0,0x0]
[trap] num=-28 (0xffffffffffffffe4) pc=0x180115654 args=[0x1,0x0,0x0,0x0,0x0,0x0,0x0,0x0]
[trap] num=-26 (0xffffffffffffffe6) pc=0x18011563c args=[0x203,0x0,0x0,0x0,0x0,0x0,0x0,0x0]
[trap] num=372 (0x174) pc=0x180118b14 args=[0x0,0x0,0x0,0x0,0x0,0x0,0x0,0x0]
[trap] num=2147483648 (0x80000000) pc=0x18019594c args=[0x1ec6f9e60,0x0,0x0,0x2,0x0,0x0,0x0,0x0]
[retrace warn] dyld __mac_syscall(Sandbox) synthesized as success/unsandboxed (not forwarded; host would fault)
[trap] num=38 (0x26) pc=0x1801955a0 args=[0x0,0x0,0x0,0x27ff648,0x0,0x0,0x0,0x0]
[trap] num=-14 (0xfffffffffffffff2) pc=0x1801155b8 args=[0x203,0x1ec444000,0x24000,0x0,0x13,0x0,0x0,0x0]
[trap] num=483 (0x1e3) pc=0x180118e08 args=[0x0,0x27ff60c,0x4,0x0,0x13,0x0,0x0,0x0]
[trap] num=38 (0x26) pc=0x1801955a0 args=[0x0,0x0,0x0,0x27ff5c8,0x0,0x0,0x0,0x0]
[trap] num=-14 (0xfffffffffffffff2) pc=0x1801155b8 args=[0x203,0x1ec444000,0x24000,0x0,0x1,0x1ec444140,0x20000,0x0]
[trap] num=-14 (0xfffffffffffffff2) pc=0x1801155b8 args=[0x203,0x1ec444000,0x24000,0x0,0x13,0x1ec444140,0x20000,0x0]
[trap] num=-14 (0xfffffffffffffff2) pc=0x1801155b8 args=[0x203,0x1ec444000,0x24000,0x0,0x1,0x3d,0x20000,0x0]
[trap] num=294 (0x126) pc=0x18011a2f8 args=[0x27ff970,0x27ff970,0x27ff960,0x27ff970,0x27ffa00,0x3d,0x20000,0x0]
[trap] num=-19 (0xffffffffffffffed) pc=0x1801155e8 args=[0x203,0x203,0x0,0xffffffff,0x27ffa00,0x3d,0x20000,0x0]
[trap] num=-14 (0xfffffffffffffff2) pc=0x1801155b8 args=[0x203,0x1ec444000,0x24000,0x0,0x3,0x3d,0x20000,0x0]
[trap] num=-15 (0xfffffffffffffff1) pc=0x1801155c4 args=[0x203,0x27fedf0,0x20000,0x3fff,0x3c000001,0x3,0x0,0x0]
[trap] num=20 (0x14) pc=0x180118f48 args=[0x0,0x3,0x7438067a5fc,0x2,0x1,0x27ff540,0x65,0x0]
[trap] num=-12 (0xfffffffffffffff4) pc=0x1801155a0 args=[0x203,0x1003c0000,0x20000,0x0,0x0,0x0,0x0,0x0]
[trap] num=-14 (0xfffffffffffffff2) pc=0x1801155b8 args=[0x203,0x1ec444000,0x24000,0x0,0x1,0x0,0x0,0x0]
[trap] num=73 (0x49) pc=0x18011823c args=[0x140000000,0xa8000,0x27ff6cf,0x2,0x8,0x0,0x0,0x0]
[trap] num=73 (0x49) pc=0x18011823c args=[0x1400a8000,0x4000,0x27ff6cf,0x2,0x8,0x0,0x0,0x0]
[trap] num=73 (0x49) pc=0x18011823c args=[0x1400ac000,0x8000,0x27ff6cf,0x2,0x8,0x0,0x0,0x0]
[trap] num=73 (0x49) pc=0x18011823c args=[0x1400b4000,0x4000,0x27ff6cf,0x2,0x8,0x0,0x0,0x0]
[trap] num=73 (0x49) pc=0x18011823c args=[0x1400bc000,0x24000,0x27ff6cf,0x2,0x8,0x0,0x0,0x0]
[trap] num=73 (0x49) pc=0x18011823c args=[0x1400e0000,0x60000,0x27ff6cf,0x2,0x8,0x0,0x0,0x0]
[trap] num=-14 (0xfffffffffffffff2) pc=0x1801155b8 args=[0x203,0x1ec444000,0x24000,0x0,0x3,0x0,0x0,0x0]
[trap] num=38 (0x26) pc=0x1801955a0 args=[0x0,0x0,0x0,0x27ff288,0x1,0x0,0x0,0x0]
[trap] num=5 (0x5) pc=0x180119f50 args=[0x27ffeef,0x0,0x0,0x0,0x1,0x0,0x0,0x0]
[trap] num=92 (0x5c) pc=0x1801180d8 args=[0x3,0x32,0x27fee88,0x0,0x1,0x0,0x0,0x0]
[trap] num=6 (0x6) pc=0x180116750 args=[0x3,0x32,0x27fee88,0x0,0x1,0x0,0x0,0x0]
[trap] num=483 (0x1e3) pc=0x180118e08 args=[0x0,0x27ff29c,0x4,0x1a,0x67,0x4d,0x0,0x0]
[trap] num=381 (0x17d) pc=0x180119ecc args=[0x1801b7eb4,0x2,0x27ff1c0,0xa,0x73,0x69,0x0,0x0]
[m47] num=381 args=[0x1801b7eb4,0x2,0x27ff1c0] policy="Sandbox" op="syscall-unix" ret=0xe err=true writes=0
[trap] num=483 (0x1e3) pc=0x180118e08 args=[0x0,0x27ff2ac,0x4,0x26,0x67,0x41,0x0,0x90]
[trap] num=202 (0xca) pc=0x18011a37c args=[0x27ff260,0x2,0x27ff228,0x27ff220,0x1801ab70b,0x20,0x0,0x90]
[trap] num=202 (0xca) pc=0x18011a37c args=[0x27ff228,0x3,0x27ff2bc,0x27ff2b0,0x0,0x0,0x0,0x90]
[trap] num=381 (0x17d) pc=0x180119ecc args=[0x1801b4bf1,0x5a,0x27ff240,0x2,0x8,0x72,0x0,0x90]
[m47] amfi policy_resident="AMFI\0"
[probe] AMFI dyld policy in=0x0 r=0 out=0x1df out_ptr=0x27ff238
[trap] num=202 (0xca) pc=0x18011a37c args=[0x27fe4b0,0x2,0x27fe478,0x27fe470,0x1801b698e,0xd,0x1ec444f10,0x90]
[trap] num=202 (0xca) pc=0x18011a37c args=[0x27fe478,0x2,0x27fe528,0x27fe520,0x0,0x0,0x1ec444f10,0x90]
[trap] num=5 (0x5) pc=0x180119f50 args=[0x1801aaaf1,0x20100000,0x0,0xfffffffffffffff0,0x0,0x72,0x0,0x80]
[trap] num=463 (0x1cf) pc=0x180119f7c args=[0x3,0x1801b4c4b,0x100000,0x0,0x0,0x72,0x0,0x80]
[trap] num=41 (0x29) pc=0x18011a484 args=[0x4,0x1801b625c,0x100000,0x0,0x0,0x72,0x0,0x80]
[trap] num=470 (0x1d6) pc=0x18011a5e4 args=[0x4,0x27fe001,0x27fdf70,0x0,0x27fe080,0x72,0x0,0x80]
[trap] num=463 (0x1cf) pc=0x180119f7c args=[0x4,0x27fe001,0x100000,0x0,0x27fe080,0x72,0x0,0x80]
[trap] num=92 (0x5c) pc=0x1801180d8 args=[0x6,0x32,0x27fe000,0x0,0x27fe080,0x72,0x0,0x80]
[trap] num=41 (0x29) pc=0x18011a484 args=[0x6,0x1801b6e25,0x27fee90,0x0,0x27fe080,0x72,0x0,0x80]
[trap] num=41 (0x29) pc=0x18011a484 args=[0x5,0x1801b6e25,0x27fee90,0x0,0x27fe080,0x72,0x0,0x80]
[trap] num=6 (0x6) pc=0x180116750 args=[0x3,0x1801b6cb4,0x27fee90,0x0,0x27fe080,0x72,0x0,0x80]
[trap] num=6 (0x6) pc=0x180116750 args=[0x5,0x1801b6cf2,0x27fee90,0x0,0x27fe080,0x72,0x0,0x80]
[trap] num=6 (0x6) pc=0x180116750 args=[0x4,0x1801b6d1f,0x27fee90,0x0,0x27fe080,0x72,0x0,0x80]
[trap] num=6 (0x6) pc=0x180116750 args=[0x6,0x1801b6d4a,0x27fee90,0x0,0x27fe080,0x72,0x0,0x80]
[trap] num=381 (0x17d) pc=0x180119ecc args=[0x1801b7eb4,0x2,0x27fed10,0xa,0x73,0x69,0x0,0x80]
[m47] num=381 args=[0x1801b7eb4,0x2,0x27fed10] policy="Sandbox" op="syscall-unix" ret=0xe err=true writes=0
[trap] num=294 (0x126) pc=0x18011a2f8 args=[0x27fed58,0x27fee28,0x27fee28,0x27fee54,0x73,0x69,0x0,0x80]
[trap] num=-14 (0xfffffffffffffff2) pc=0x1801155b8 args=[0x203,0x1ec444000,0x24000,0x0,0x3,0x0,0x0,0x5c0]
[trap] num=427 (0x1ab) pc=0x18011a5b8 args=[0x27feec0,0x400,0x27fee44,0x748e8,0x3,0x0,0x0,0x5c0]
[trap] num=92 (0x5c) pc=0x1801180d8 args=[0x8,0x32,0x27feec0,0x1ec445272,0xfffffffe163b9c60,0x20,0x0,0x5c0]
[trap] num=6 (0x6) pc=0x180116750 args=[0x8,0x1801b6a74,0x4,0x180115e30,0x1,0x20,0x0,0x5c0]
[trap] num=6 (0x6) pc=0x180116750 args=[0x7,0x1801b6a98,0x4,0x180115e30,0x1,0x20,0x0,0x5c0]
[trap] num=338 (0x152) pc=0x180116c48 args=[0x1ec445210,0x27fe9e0,0x1ec445210,0x27fead8,0x27feb00,0x27feae0,0x0,0x27feb08]
[trap] num=5 (0x5) pc=0x180119f50 args=[0x1ec445210,0x0,0x0,0x27fead8,0x27feb00,0x27feae0,0x0,0x27feb08]
[trap] num=197 (0xc5) pc=0x180119190 args=[0x0,0x388830,0x1,0x40002,0x3,0x0,0x0,0x27feb08]
[trap] num=92 (0x5c) pc=0x1801180d8 args=[0x3,0x32,0x27feb08,0x40002,0x3,0x0,0x0,0x27feb08]
[trap] num=73 (0x49) pc=0x18011823c args=[0xa00000000,0x388830,0x388830,0x0,0x27feae0,0x27feb08,0x3,0x27feb08]
[trap] num=6 (0x6) pc=0x180116750 args=[0x3,0x388830,0x388830,0x0,0x27feae0,0x27feb08,0x3,0x27feb08]
[trap] num=338 (0x152) pc=0x180116c48 args=[0x1ec445210,0x27fef60,0x27ff020,0x0,0x27feae0,0x27feb08,0x3,0x27feb08]
[trap] num=338 (0x152) pc=0x180116c48 args=[0x1000006b8,0x27fde60,0x27fdf60,0x27fdf48,0x1000006c2,0x1801ac864,0x73,0x900]
[M28 BANDSHRINK] syscall 338 band past ipa 0x1000006b8 len 65536 shrunk 64 -> 0 by an overlapping window of the same call
[trap] num=-10 (0xfffffffffffffff6) pc=0x180115588 args=[0x203,0x27fde20,0x4000,0x3c000001,0x1000006c2,0x1801ac864,0x73,0x900]
[trap] num=338 (0x152) pc=0x180116c48 args=[0x27fe450,0x27fdde0,0x27fdee0,0x27fdec8,0x27fe47e,0x1801ac864,0x0,0x7c0]
[trap] num=-12 (0xfffffffffffffff4) pc=0x1801155a0 args=[0x203,0xa0038c000,0x4000,0x1a0500,0x0,0x0,0x0,0x140]
[trap] num=338 (0x152) pc=0x180116c48 args=[0x100000720,0x27fde60,0x27fdf60,0x27fdf48,0x75,0x41,0x27fe6a8,0x7c0]
[trap] num=-10 (0xfffffffffffffff6) pc=0x180115588 args=[0x203,0x27fde20,0x4000,0x3c000001,0x75,0x41,0x27fe6a8,0x7c0]
[trap] num=338 (0x152) pc=0x180116c48 args=[0x27fe480,0x27fde10,0x27fdf10,0x27fdef8,0x27fe494,0x1ec4452e4,0x0,0x7c0]
[trap] num=-12 (0xfffffffffffffff4) pc=0x1801155a0 args=[0x203,0xa00390000,0x4000,0x1a0500,0x0,0x0,0x0,0xbc0]
[trap] num=338 (0x152) pc=0x180116c48 args=[0x100000750,0x27fde60,0x27fdf60,0x27fdf48,0x75,0x41,0x27fe6a8,0x7c0]
[trap] num=-10 (0xfffffffffffffff6) pc=0x180115588 args=[0x203,0x27fde20,0x4000,0x3c000001,0x75,0x41,0x27fe6a8,0x7c0]
[trap] num=338 (0x152) pc=0x180116c48 args=[0x27fe480,0x27fde10,0x27fdf10,0x27fdef8,0x27fe494,0x1ec4452e4,0x0,0x7c0]
[trap] num=-12 (0xfffffffffffffff4) pc=0x1801155a0 args=[0x203,0xa00394000,0x4000,0x1a0500,0x0,0x0,0x0,0xbc0]
[trap] num=338 (0x152) pc=0x180116c48 args=[0x100000788,0x27fde60,0x27fdf60,0x27fdf48,0x100000792,0x1801ac864,0x27fe6a8,0x900]
[M28 BANDSHRINK] syscall 338 band past ipa 0x100000788 len 65536 shrunk 64 -> 0 by an overlapping window of the same call
[trap] num=-10 (0xfffffffffffffff6) pc=0x180115588 args=[0x203,0x27fde20,0x4000,0x3c000001,0x100000792,0x1801ac864,0x27fe6a8,0x900]
[trap] num=338 (0x152) pc=0x180116c48 args=[0x27fe480,0x27fde10,0x27fdf10,0x27fdef8,0x27fe4ae,0x1801ac864,0x0,0x7c0]
[trap] num=-12 (0xfffffffffffffff4) pc=0x1801155a0 args=[0x203,0xa00398000,0x4000,0x1a0500,0x0,0x0,0x0,0xbc0]
[trap] num=338 (0x152) pc=0x180116c48 args=[0x1000007c0,0x27fde60,0x27fdf60,0x27fdf48,0x1000007ca,0x1801ac864,0x6e,0x7c0]
[M28 BANDSHRINK] syscall 338 band past ipa 0x1000007c0 len 65536 shrunk 64 -> 0 by an overlapping window of the same call
[trap] num=-10 (0xfffffffffffffff6) pc=0x180115588 args=[0x203,0x27fde20,0x4000,0x3c000001,0x1000007ca,0x1801ac864,0x6e,0x7c0]
[trap] num=338 (0x152) pc=0x180116c48 args=[0x27fe450,0x27fdde0,0x27fdee0,0x27fdec8,0x27fe47e,0x1801ac864,0x0,0x7c0]
[trap] num=-12 (0xfffffffffffffff4) pc=0x1801155a0 args=[0x203,0xa0039c000,0x4000,0x1a0500,0x0,0x0,0x0,0xbc0]
[trap] num=5 (0x5) pc=0x180119f50 args=[0x1ec447838,0x0,0x0,0x0,0x0,0x27fcb88,0x1,0x27fcae8]
[trap] num=381 (0x17d) pc=0x180119ecc args=[0x1801b7eb4,0x2,0x27fbde0,0xa,0x73,0x69,0x1,0x27fcae8]
[m47] num=381 args=[0x1801b7eb4,0x2,0x27fbde0] policy="Sandbox" op="syscall-unix" ret=0xe err=true writes=0
[trap] num=550 (0x226) pc=0x180119ef8 args=[0x27fb4f0,0x2,0x27fb540,0x858,0x1778,0x8,0x0,0x27fcb88]
[trap] num=6 (0x6) pc=0x180116750 args=[0x3,0x3,0x27fb592,0x3,0x1,0x8,0x0,0x27fcb88]
[trap] num=74 (0x4a) pc=0x180119f24 args=[0x1002ec000,0x10000,0x1,0x1,0x8,0x8,0x0,0x27fcb88]
[trap] num=-14 (0xfffffffffffffff2) pc=0x1801155b8 args=[0x203,0x1e5908000,0x2324000,0x0,0x13,0x13,0x4,0x4000]
[trap] num=-14 (0xfffffffffffffff2) pc=0x1801155b8 args=[0x203,0x1edc84000,0x7b90000,0x0,0x13,0x13,0x5,0x6380000]
[trap] num=-14 (0xfffffffffffffff2) pc=0x1801155b8 args=[0x203,0x28f64c000,0x2c2c000,0x0,0x13,0x13,0x4,0x4000]
[trap] num=-14 (0xfffffffffffffff2) pc=0x1801155b8 args=[0x203,0x29a1cc000,0x5678000,0x0,0x13,0x13,0x5,0x8b84000]
[trap] num=-14 (0xfffffffffffffff2) pc=0x1801155b8 args=[0x203,0x2d0bac000,0x2a4000,0x0,0x13,0x13,0x4,0x4000]
[trap] num=-14 (0xfffffffffffffff2) pc=0x1801155b8 args=[0x203,0x2d361c000,0xac8000,0x0,0x13,0x13,0x5,0xa74000]
[trap] num=-14 (0xfffffffffffffff2) pc=0x1801155b8 args=[0x203,0x1e5908000,0x2324000,0x0,0x1,0x1,0x4,0x4000]
[trap] num=-14 (0xfffffffffffffff2) pc=0x1801155b8 args=[0x203,0x1edc84000,0x7b90000,0x0,0x1,0x1,0x5,0x6380000]
[trap] num=-14 (0xfffffffffffffff2) pc=0x1801155b8 args=[0x203,0x28f64c000,0x2c2c000,0x0,0x1,0x1,0x4,0x4000]
[trap] num=-14 (0xfffffffffffffff2) pc=0x1801155b8 args=[0x203,0x29a1cc000,0x5678000,0x0,0x1,0x1,0x5,0x8b84000]
[trap] num=-14 (0xfffffffffffffff2) pc=0x1801155b8 args=[0x203,0x2d0bac000,0x2a4000,0x0,0x1,0x1,0x4,0x4000]
[trap] num=-14 (0xfffffffffffffff2) pc=0x1801155b8 args=[0x203,0x2d361c000,0xac8000,0x0,0x1,0x1,0x5,0xa74000]
[trap] num=-15 (0xfffffffffffffff1) pc=0x1801155c4 args=[0x203,0x27f7f20,0x20000,0x3fff,0x3c000001,0x3,0x0,0x0]
[trap] num=347 (0x15b) pc=0x18011a6ec args=[0x0,0x0,0x2,0x2,0x1,0x27f7ab0,0xa0,0x0]
[trap] num=-15 (0xfffffffffffffff1) pc=0x1801155c4 args=[0x203,0x27f7540,0x20000,0x3fff,0x3c000001,0x3,0x0,0x0]
[trap] num=347 (0x15b) pc=0x18011a6ec args=[0x1003e0060,0xb1d8,0x2,0x2,0x1,0x1003e0000,0x20000,0x0]
[M28 BANDSHRINK] syscall 347 band past ipa 0x1003e0000 len 65536 shrunk 64 -> 0 by an overlapping window of the same call
[trap] num=220 (0xdc) pc=0x180116e90 args=[0x1003e00b8,0x27f7a28,0x27f7b70,0x40,0x0,0x0,0x20000,0x0]
[trap] num=-12 (0xfffffffffffffff4) pc=0x1801155a0 args=[0x203,0x1003e0000,0x20000,0x87,0x2,0x1000038,0xffffffffffffffff,0x0]
[trap] num=-12 (0xfffffffffffffff4) pc=0x1801155a0 args=[0x203,0x1003c0000,0x20000,0x0,0x0,0x0,0x0,0x0]
[trap] num=5 (0x5) pc=0x180119f50 args=[0x1801ab41a,0x2,0x0,0xa,0x0,0x0,0x0,0x0]
[trap] num=54 (0x36) pc=0x180116724 args=[0x3,0x80086804,0x27f4bf8,0xa,0x0,0x0,0x0,0x0]
[trap] num=6 (0x6) pc=0x180116750 args=[0x3,0xffffffffffffffff,0x27f4bf8,0xa,0x0,0x0,0x0,0x0]
[trap] num=294 (0x126) pc=0x18011a2f8 args=[0xffffffffffffffff,0x1f070030,0x0,0x0,0x0,0x0,0x0,0x0]
[trap] num=-14 (0xfffffffffffffff2) pc=0x1801155b8 args=[0x203,0x1ec444000,0x24000,0x0,0x1,0x0,0x0,0x0]
[trap] num=-28 (0xffffffffffffffe4) pc=0x1804adb5c args=[0x0,0x1804e2db8,0x27ffe48,0x1ec445388,0x1ec445388,0x0,0x0,0x0]
[trap] num=-26 (0xffffffffffffffe6) pc=0x1804adb44 args=[0x203,0x1804e2db8,0x27ffe48,0x1ec445388,0x1ec445388,0x0,0x0,0x0]
[trap] num=33 (0x21) pc=0x1804ae668 args=[0x1804e2dda,0x0,0x27ffe48,0x1ec445388,0x1ec445388,0x0,0x0,0x0]
[trap] num=-15 (0xfffffffffffffff1) pc=0x1804adacc args=[0x203,0x27fb6c8,0x8000,0x0,0x49000001,0x3,0x0,0x0]
[trap] num=-29 (0xffffffffffffffe3) pc=0x1804adb68 args=[0x1eec6fd98,0x27ffe40,0x27ffe48,0x1ec445388,0x49000001,0x3,0x0,0x0]
[trap] num=-24 (0xffffffffffffffe8) pc=0x1804adb2c args=[0x203,0x27fb570,0x0,0x27fb58c,0x49000001,0x3,0x0,0x0]
[trap] num=-47 (0xffffffffffffffd1) pc=0x1804adc34 args=[0x27fb5b0,0x200000003,0x2800001513,0x160300000903,0xc800000000,0x160300000000,0x140,0x0]
[mach_msg2] msgh_id=200 dest=0x903 reply=0x1603 options=0x200000003 bits=0x1513 send_size=40 rcv_size=320
  send+000: 13 15 00 00 28 00 00 00 03 09 00 00 03 16 00 00
  send+010: 00 00 00 00 c8 00 00 00 00 00 00 00 01 00 00 00
  send+020: 05 00 00 00 08 00 00 00
[retrace] forwarding mach_msg2 host_info (msgh_id 200) to host (decided allowlist)
[mach_msg2] host ret=0x0 err=false
  reply@0x27fb5b0+000: 00 12 00 00 48 00 00 00 00 00 00 00 03 16 00 00
  reply@0x27fb5b0+010: 00 00 00 00 2c 01 00 00 00 00 00 00 01 00 00 00
  reply@0x27fb5b0+020: 00 00 00 00 08 00 00 00 50 00 00 00 50 00 00 00
  reply@0x27fb5b0+030: 40 00 00 00 1f 00 00 00 00 00 00 00 00 00 00 00
  reply@0x27fb5b0+040: 00 00 00 00 4f 00 00 00 00 00 00 00 08 00 00 00
  reply@0x27fb5b0+050: 00 00 00 00 00 00 00 00 00 00 00 00 00 00 00 00
  reply@0x27fb5b0+060: 00 00 00 00 00 00 00 00 00 00 00 00 00 00 00 00
  reply@0x27fb5b0+070: 00 00 00 00 00 00 00 00 00 00 00 00 00 00 00 00
  reply@0x27fb5b0+080: 00 00 00 00 00 00 00 00 00 00 00 00 00 00 00 00
  reply@0x27fb5b0+090: 00 00 00 00 00 00 00 00 00 00 00 00 00 00 00 00
  reply@0x27fb5b0+0a0: 00 00 00 00 00 00 00 00 00 00 00 00 00 00 00 00
  reply@0x27fb5b0+0b0: 00 00 00 00 00 00 00 00 00 00 00 00 00 00 00 00
  reply@0x27fb5b0+0c0: 00 00 00 00 00 00 00 00 00 00 00 00 00 00 00 00
  reply@0x27fb5b0+0d0: 00 00 00 00 00 00 00 00 00 00 00 00 00 00 00 00
  reply@0x27fb5b0+0e0: 00 00 00 00 00 00 00 00 00 00 00 00 00 00 00 00
  reply@0x27fb5b0+0f0: 00 00 00 00 00 00 00 00 00 00 00 00 00 00 00 00
[trap] num=-18 (0xffffffffffffffee) pc=0x1804adae4 args=[0x203,0x903,0x0,0x27fb7a0,0xc800000000,0x160300000000,0x4f00000000,0x0]
[trap] num=202 (0xca) pc=0x1804af460 args=[0x27fb7a8,0x2,0x27fb778,0x27fb740,0x0,0x0,0x4f00000000,0x0]
[trap] num=-27 (0xffffffffffffffe5) pc=0x1804adb50 args=[0x2ff20,0x0,0x2,0x1804f8a0f,0x0,0x0,0x4f00000000,0x0]
[trap] num=-24 (0xffffffffffffffe8) pc=0x1804adb2c args=[0x203,0x27fb6f0,0x0,0x27fb70c,0x0,0x0,0x4f00000000,0x0]
[trap] num=366 (0x16e) pc=0x1804b3d2c args=[0x1804ecc14,0x1804ecc08,0x4000,0x27fb740,0x38,0xa0,0x4f00000000,0x0]
[trap] num=-29 (0xffffffffffffffe3) pc=0x1804adb68 args=[0x10030,0x103,0x1804f8cd8,0x103,0x38,0xa0,0x4f00000000,0x0]
[trap] num=-47 (0xffffffffffffffd1) pc=0x1804adc34 args=[0x27fb780,0x200000003,0x2400001513,0x150300000903,0xce00000000,0x150300000000,0x30,0x0]
[mach_msg2] msgh_id=206 dest=0x903 reply=0x1503 options=0x200000003 bits=0x1513 send_size=36 rcv_size=48
  send+000: 13 15 00 00 24 00 00 00 03 09 00 00 03 15 00 00
  send+010: 00 00 00 00 ce 00 00 00 00 00 00 00 01 00 00 00
  send+020: 00 00 00 00
[retrace] forwarding mach_msg2 host_get_clock_service (msgh_id 206) to host (decided allowlist)
[mach_msg2] host ret=0x0 err=false
  reply@0x27fb780+000: 00 12 00 80 28 00 00 00 00 00 00 00 03 15 00 00
  reply@0x27fb780+010: 00 00 00 00 32 01 00 00 01 00 00 00 03 1f 00 00
  reply@0x27fb780+020: 00 00 00 00 00 00 11 00 00 00 00 00 08 00 00 00
  reply@0x27fb780+030: b8 fd c6 ee 01 00 00 00 03 09 00 00 00 00 00 00
  reply@0x27fb780+040: e0 b7 7f 02 00 00 00 00 14 e8 39 80 01 00 00 00
  reply@0x27fb780+050: b8 fd c6 ee 01 00 00 00 48 fe 7f 02 00 00 00 00
  reply@0x27fb780+060: 00 b8 7f 02 00 00 00 00 a0 e6 39 80 01 00 00 00
  reply@0x27fb780+070: 88 53 44 ec 01 00 00 00 48 fe 7f 02 00 00 00 00
  reply@0x27fb780+080: 70 b8 7f 02 00 00 00 00 04 13 34 90 01 00 00 00
  reply@0x27fb780+090: 48 02 34 90 01 00 00 00 a0 00 00 00 00 00 00 00
  reply@0x27fb780+0a0: 06 00 00 00 00 00 00 00 18 01 34 90 01 00 00 00
  reply@0x27fb780+0b0: c0 1b 34 90 01 00 00 00 10 53 44 ec 01 00 00 00
  reply@0x27fb780+0c0: 5c 12 34 90 01 00 00 00 90 b8 7f 02 00 00 00 00
  reply@0x27fb780+0d0: c0 1b 34 90 01 00 00 00 10 53 44 ec 01 00 00 00
  reply@0x27fb780+0e0: 5c 12 34 90 01 00 00 00 98 bd 7f 02 00 00 00 00
  reply@0x27fb780+0f0: 20 b9 7f 02 00 00 00 00 30 0e 16 80 01 00 00 00
[trap] num=-47 (0xffffffffffffffd1) pc=0x1804adc34 args=[0x27fb780,0x200000003,0x2800001513,0x150300000203,0xd5a00000000,0x150300000000,0x30,0x0]
[mach_msg2] msgh_id=3418 dest=0x203 reply=0x1503 options=0x200000003 bits=0x1513 send_size=40 rcv_size=48
  send+000: 13 15 00 00 28 00 00 00 03 02 00 00 03 15 00 00
  send+010: 00 00 00 00 5a 0d 00 00 00 00 00 00 01 00 00 00
  send+020: 00 00 00 00 00 00 00 00
[retrace] forwarding mach_msg2 semaphore_create (msgh_id 3418) to host (decided allowlist)
[mach_msg2] host ret=0x0 err=false
  reply@0x27fb780+000: 00 12 00 80 28 00 00 00 00 00 00 00 03 15 00 00
  reply@0x27fb780+010: 00 00 00 00 be 0d 00 00 01 00 00 00 03 12 00 00
  reply@0x27fb780+020: 00 00 00 00 00 00 11 00 00 00 00 00 08 00 00 00
  reply@0x27fb780+030: d8 5d 70 ec 01 00 00 00 03 09 00 00 00 00 00 00
  reply@0x27fb780+040: e0 b7 7f 02 00 00 00 00 38 e8 39 80 01 00 00 00
  reply@0x27fb780+050: b8 fd c6 ee 01 00 00 00 48 fe 7f 02 00 00 00 00
  reply@0x27fb780+060: 00 b8 7f 02 00 00 00 00 a0 e6 39 80 01 00 00 00
  reply@0x27fb780+070: 88 53 44 ec 01 00 00 00 48 fe 7f 02 00 00 00 00
  reply@0x27fb780+080: 70 b8 7f 02 00 00 00 00 04 13 34 90 01 00 00 00
  reply@0x27fb780+090: 48 02 34 90 01 00 00 00 a0 00 00 00 00 00 00 00
  reply@0x27fb780+0a0: 06 00 00 00 00 00 00 00 18 01 34 90 01 00 00 00
  reply@0x27fb780+0b0: c0 1b 34 90 01 00 00 00 10 53 44 ec 01 00 00 00
  reply@0x27fb780+0c0: 5c 12 34 90 01 00 00 00 90 b8 7f 02 00 00 00 00
  reply@0x27fb780+0d0: c0 1b 34 90 01 00 00 00 10 53 44 ec 01 00 00 00
  reply@0x27fb780+0e0: 5c 12 34 90 01 00 00 00 98 bd 7f 02 00 00 00 00
  reply@0x27fb780+0f0: 20 b9 7f 02 00 00 00 00 30 0e 16 80 01 00 00 00
[trap] num=-18 (0xffffffffffffffee) pc=0x1804adae4 args=[0x203,0x903,0x2800001513,0x150300000203,0xd5a00000000,0x150300000000,0x30,0x0]
[trap] num=20 (0x14) pc=0x1804ae198 args=[0x0,0x0,0xffffffffffffffe0,0x27fb660,0x27fb300,0x64,0x0,0x0]
[trap] num=266 (0x10a) pc=0x1804af558 args=[0x18037ff36,0x0,0x18ce3a000,0x103,0x27fb300,0x64,0x0,0x0]
[trap] num=339 (0x153) pc=0x1804bc288 args=[0x3,0x27fb0f0,0x18ce3a000,0x103,0x27fb300,0x64,0x0,0x0]
[trap] num=197 (0xc5) pc=0x1804aea18 args=[0x0,0x8000,0x1,0x40001,0x3,0x0,0x0,0x0]
[trap] num=6 (0x6) pc=0x1804ae8f0 args=[0x3,0x8000,0x1,0x40001,0x3,0x0,0x0,0x0]
[trap] num=169 (0xa9) pc=0x1804af8dc args=[0x10eb0,0x0,0x27fb24c,0x4,0x3,0x0,0x0,0x0]
[trap] num=500 (0x1f4) pc=0x1804ae144 args=[0x1ec6fd858,0x10,0x4,0x1804f8a0c,0x79,0x79,0x38,0x0]
[trap] num=54 (0x36) pc=0x1804b2338 args=[0x2,0x4004667a,0x27fb1bc,0x103,0x79,0x79,0x38,0x0]
[trap] num=54 (0x36) pc=0x1804b2338 args=[0x2,0x40487413,0x27fb1c0,0x103,0x79,0x79,0x38,0x0]
[trap] num=116 (0x74) pc=0x1804b1b60 args=[0x27faf30,0x0,0x0,0xfffffc088,0x67,0x6d,0x38,0x0]
[trap] num=500 (0x1f4) pc=0x1804ae144 args=[0x27fb068,0x20,0x27fb068,0x1c725a0a,0x180267bdc,0x6d,0x38,0x0]
[trap] num=116 (0x74) pc=0x1804b1b60 args=[0x27faf50,0x0,0x0,0xfffffc088,0x180267bdc,0x6d,0x38,0x0]
[trap] num=116 (0x74) pc=0x1804b1b60 args=[0x27faf70,0x0,0x0,0xfffffc088,0x1ec6fcf70,0x1ec6fcfa8,0x1000,0x20]
[trap] num=116 (0x74) pc=0x1804b1b60 args=[0x27faf70,0x0,0x0,0xfffffc088,0x27faec0,0x1802361b0,0x9918da257c2c096f,0x27faf90]
[trap] num=116 (0x74) pc=0x1804b1b60 args=[0x27faf70,0x0,0x0,0xfffffc088,0x27faec0,0x1802361b0,0x52bbe75ca763b746,0x27faf90]
[trap] num=116 (0x74) pc=0x1804b1b60 args=[0x27faf70,0x0,0x0,0xfffffc088,0x27faec0,0x1802361b0,0xb7f6670387c4b69f,0x27faf90]
[trap] num=116 (0x74) pc=0x1804b1b60 args=[0x27faf70,0x0,0x0,0xfffffc088,0x27faec0,0x1802361b0,0x1d707c5cbd4df4ee,0x27faf90]
[trap] num=-47 (0xffffffffffffffd1) pc=0x1804adc34 args=[0x27fb108,0x200000003,0x6480001513,0x150300000203,0x12cb00000000,0x150300000001,0x34,0x0]
[mach_msg2] msgh_id=4811 dest=0x203 reply=0x1503 options=0x200000003 bits=0x80001513 send_size=100 rcv_size=52
  send+000: 13 15 00 80 64 00 00 00 03 02 00 00 03 15 00 00
  send+010: 00 00 00 00 cb 12 00 00 01 00 00 00 00 00 00 00
  send+020: 00 00 00 00 00 00 13 00 00 00 00 00 01 00 00 00
  send+030: 00 00 00 00 00 00 00 00 00 c0 47 00 00 00 00 00
  send+040: 00 00 00 00 00 00 00 00 01 00 00 01 00 00 00 00
  send+050: 00 00 00 00 00 00 00 00 00 00 00 00 00 00 00 00
  send+060: 01 00 00 00
[trap] num=-12 (0xfffffffffffffff4) pc=0x1804adaa8 args=[0x203,0xa003bc000,0x100000,0x150300000203,0x12cb00000000,0x150300000001,0x34,0x0]
[trap] num=116 (0x74) pc=0x1804b1b60 args=[0x27fac50,0x0,0x0,0xfffffc088,0x12cb00000000,0x150300000001,0x34,0x0]
[trap] num=-15 (0xfffffffffffffff1) pc=0x1804adacc args=[0x203,0x27fad18,0x408000,0x0,0x1000001,0x3,0x0,0x0]
[trap] num=74 (0x4a) pc=0x1804b1b04 args=[0x4c000,0x4000,0x0,0x40000000,0x0,0x3,0x0,0x0]
[trap] num=74 (0x4a) pc=0x1804b1b04 args=[0x450000,0x4000,0x0,0x40000000,0x0,0x3,0x0,0x0]
[trap] num=-15 (0xfffffffffffffff1) pc=0x1804adacc args=[0x203,0x27fad98,0x400000,0x0,0x7004000,0x3,0x0,0x0]
[trap] num=-89 (0xffffffffffffffa7) pc=0x1804add00 args=[0x1ec705d78,0x180327210,0x0,0x1804f8a08,0x7004000,0x3,0x0,0x0]
[trap] num=-15 (0xfffffffffffffff1) pc=0x1804adacc args=[0x203,0x27fad88,0x3e000,0x0,0x1000001,0x3,0x0,0x0]
[trap] num=-47 (0xffffffffffffffd1) pc=0x1804adc34 args=[0x27face0,0x200000003,0x2800001513,0x150300000203,0x12d600000000,0x150300000000,0x3c,0x0]
[mach_msg2] msgh_id=4822 dest=0x203 reply=0x1503 options=0x200000003 bits=0x1513 send_size=40 rcv_size=60
  send+000: 13 15 00 00 28 00 00 00 03 02 00 00 03 15 00 00
  send+010: 00 00 00 00 d6 12 00 00 00 00 00 00 01 00 00 00
  send+020: f8 03 00 00 f8 03 40 00
[trap] num=-10 (0xfffffffffffffff6) pc=0x1804ada90 args=[0x203,0x27fa6d8,0x4000,0x1,0x180327599,0x27fad90,0x3c,0x0]
[trap] num=336 (0x150) pc=0x1804af110 args=[0x2,0x10eb0,0x11,0x0,0x27fa6b8,0x38,0x180327461,0xa00824028]
[trap] num=97 (0x61) pc=0x1804b1fa0 args=[0x1,0x2,0x0,0x103,0x27fa6b8,0x38,0x0,0xa00824028]
[trap] num=92 (0x5c) pc=0x1804ae8c4 args=[0x3,0x2,0x1,0x103,0x27fa6b8,0x38,0x0,0xa00824028]
[trap] num=98 (0x62) pc=0x1804b2364 args=[0x3,0x27f9ce6,0x6a,0x27f9cf8,0x27fa6b8,0x38,0x676f6c7379732f,0xa00824028]
[trap] num=133 (0x85) pc=0x1804b2390 args=[0x3,0x27f9df0,0xfa,0x0,0x0,0x0,0x0,0xa00824028]
[trap] num=-12 (0xfffffffffffffff4) pc=0x1804adaa8 args=[0x203,0xa00824000,0x4000,0x0,0x0,0x0,0x0,0xa00824028]
[trap] num=-47 (0xffffffffffffffd1) pc=0x1804adc34 args=[0x27fac78,0x200000003,0x6480001513,0x150300000203,0x12cb00000000,0x150300000001,0x34,0x0]
[mach_msg2] msgh_id=4811 dest=0x203 reply=0x1503 options=0x200000003 bits=0x80001513 send_size=100 rcv_size=52
  send+000: 13 15 00 80 64 00 00 00 03 02 00 00 03 15 00 00
  send+010: 00 00 00 00 cb 12 00 00 01 00 00 00 00 00 00 00
  send+020: 00 00 00 00 00 00 13 00 00 00 00 00 01 00 00 00
  send+030: 00 00 00 00 04 00 00 00 00 00 00 00 06 00 00 00
  send+040: 00 00 00 00 00 00 00 00 00 00 00 00 00 00 00 00
  send+050: 00 00 00 00 00 00 00 00 00 00 00 00 00 00 00 00
  send+060: 01 00 00 00
[trap] num=116 (0x74) pc=0x1804b1b60 args=[0x27fab60,0x0,0x0,0xfffffc088,0x0,0x700,0xa003e7378,0x0]
[trap] num=-15 (0xfffffffffffffff1) pc=0x1804adacc args=[0x203,0x27fb1b8,0x4000,0x0,0x1000001,0x3,0x0,0x0]
[trap] num=74 (0x4a) pc=0x1804b1b04 args=[0xa003fc000,0x4000,0x1,0xa003fc008,0x1000001,0x3,0x0,0x0]
[trap] num=-14 (0xfffffffffffffff2) pc=0x1801155b8 args=[0x203,0x1ec444000,0x24000,0x0,0x3,0x3,0x0,0x0]
[trap] num=-14 (0xfffffffffffffff2) pc=0x1801155b8 args=[0x203,0x1ec444000,0x24000,0x0,0x1,0x3,0x0,0x0]
[trap] num=327 (0x147) pc=0x1804ad92c args=[0x10eb0,0x3,0x103,0x103,0x1,0x3,0x0,0x0]
[trap] num=-47 (0xffffffffffffffd1) pc=0x1804adc34 args=[0x27fb2bc,0x200000003,0x7400001513,0x150300000203,0x1f4000000000,0x150300000000,0x2c,0x0]
[mach_msg2] msgh_id=8000 dest=0x203 reply=0x1503 options=0x200000003 bits=0x1513 send_size=116 rcv_size=44
  send+000: 13 15 00 00 74 00 00 00 03 02 00 00 03 15 00 00
  send+010: 00 00 00 00 40 1f 00 00 00 00 00 00 01 00 00 00
  send+020: 05 00 00 00 88 5c 09 80 01 00 00 00 78 00 78 00
  send+030: 00 00 00 00 20 58 09 80 01 00 00 00 5c 00 5c 00
  send+040: 00 00 00 00 38 5a 09 80 01 00 00 00 5c 00 5c 00
  send+050: 00 00 00 00 00 59 09 80 01 00 00 00 78 00 78 00
  send+060: 00 00 00 00 b8 5a 09 80 01 00 00 00 78 00 78 00
  send+070: 00 00 00 00
[trap] num=-47 (0xffffffffffffffd1) pc=0x1804adc34 args=[0x27fb6c0,0x200000003,0x1800001513,0x150300000203,0x1f4100000000,0x150300000000,0x2c,0x0]
[mach_msg2] msgh_id=8001 dest=0x203 reply=0x1503 options=0x200000003 bits=0x1513 send_size=24 rcv_size=44
  send+000: 13 15 00 00 18 00 00 00 03 02 00 00 03 15 00 00
  send+010: 00 00 00 00 41 1f 00 00
[trap] num=-14 (0xfffffffffffffff2) pc=0x1801155b8 args=[0x203,0x1ec444000,0x24000,0x0,0x3,0x53,0x2c,0x0]
[trap] num=-15 (0xfffffffffffffff1) pc=0x1804adacc args=[0x203,0x27f4ff8,0x8000,0x0,0x1000001,0x3,0x0,0x0]
[trap] num=-15 (0xfffffffffffffff1) pc=0x1804adacc args=[0x203,0x27f5058,0x8000,0x0,0xb004000,0x3,0x0,0x0]
[trap] num=116 (0x74) pc=0x1804b1b60 args=[0x27f4f40,0x0,0x0,0xfffffc088,0x8,0x41,0x0,0xb40]
[trap] num=116 (0x74) pc=0x1804b1b60 args=[0x27f4e90,0x0,0x0,0xfffffc088,0x8,0x41,0xbdaf1101eef6dd6b,0xb40]
[trap] num=116 (0x74) pc=0x1804b1b60 args=[0x27f4e90,0x0,0x0,0xfffffc088,0x8,0x41,0xb634268a2144e262,0xb40]
[trap] num=116 (0x74) pc=0x1804b1b60 args=[0x27f4e90,0x0,0x0,0xfffffc088,0x8,0x41,0xa5b211bf539581e6,0xb40]
[trap] num=116 (0x74) pc=0x1804b1b60 args=[0x27f4e90,0x0,0x0,0xfffffc088,0x8,0x41,0x9e13f1f4562c4c1e,0xb40]
[trap] num=116 (0x74) pc=0x1804b1b60 args=[0x27f4e90,0x0,0x0,0xfffffc088,0x8,0x41,0x67ad3b9df42e7a0e,0xb40]
[trap] num=116 (0x74) pc=0x1804b1b60 args=[0x27f4e90,0x0,0x0,0xfffffc088,0x8,0x41,0x6d0ea7a5ea3c6aec,0xb40]
[trap] num=116 (0x74) pc=0x1804b1b60 args=[0x27f4e90,0x0,0x0,0xfffffc088,0x8,0x41,0xeec2f81a29d4f570,0xb40]
[trap] num=116 (0x74) pc=0x1804b1b60 args=[0x27f4e90,0x0,0x0,0xfffffc088,0x8,0x41,0xd34780b6eaa93c7a,0xb40]
[trap] num=116 (0x74) pc=0x1804b1b60 args=[0x27f4e90,0x0,0x0,0xfffffc088,0x8,0x41,0xc97a8367fe1c5858,0xb40]
[trap] num=116 (0x74) pc=0x1804b1b60 args=[0x27f4e90,0x0,0x0,0xfffffc088,0x8,0x41,0xa665b0cf3edb6791,0xb40]
[trap] num=-15 (0xfffffffffffffff1) pc=0x1804adacc args=[0x203,0x27f4de8,0x400000,0x0,0x2004000,0x3,0x0,0x0]
[trap] num=-15 (0xfffffffffffffff1) pc=0x1804adacc args=[0x203,0x27f4d38,0x80000,0x3fff,0x1000001,0x3,0x0,0x0]
[trap] num=-14 (0xfffffffffffffff2) pc=0x1801155b8 args=[0x203,0x1ec444000,0x24000,0x0,0x1,0x0,0xffffffffbfc007ff,0xfffff0003ffff800]
[trap] num=202 (0xca) pc=0x1804af460 args=[0x27fb6b0,0x2,0x27fb678,0x27fb670,0x180205f3c,0x15,0xffffffffbfc007ff,0xfffff0003ffff800]
[trap] num=202 (0xca) pc=0x1804af460 args=[0x27fb678,0x2,0x27fb730,0x27fb720,0x0,0x0,0xffffffffbfc007ff,0xfffff0003ffff800]
[trap] num=202 (0xca) pc=0x1804af460 args=[0x27fb6b0,0x2,0x27fb678,0x27fb670,0x180205f9b,0x16,0xffffffffbfc007ff,0xfffff0003ffff800]
[trap] num=202 (0xca) pc=0x1804af460 args=[0x27fb678,0x2,0x27fb730,0x27fb720,0x0,0x0,0xffffffffbfc007ff,0xfffff0003ffff800]
[trap] num=202 (0xca) pc=0x1804af460 args=[0x27fb6b0,0x2,0x27fb678,0x27fb670,0x180205f3c,0x15,0xffffffffbfc007ff,0xfffff0003ffff800]
[trap] num=202 (0xca) pc=0x1804af460 args=[0x27fb678,0x2,0x27fb730,0x27fb720,0x0,0x0,0xffffffffbfc007ff,0xfffff0003ffff800]
[trap] num=-47 (0xffffffffffffffd1) pc=0x1804adc34 args=[0x27fb750,0x200000003,0x2400001513,0x150300000203,0xd5100000000,0x150300000000,0x30,0x0]
[mach_msg2] msgh_id=3409 dest=0x203 reply=0x1503 options=0x200000003 bits=0x1513 send_size=36 rcv_size=48
  send+000: 13 15 00 00 24 00 00 00 03 02 00 00 03 15 00 00
  send+010: 00 00 00 00 51 0d 00 00 00 00 00 00 01 00 00 00
  send+020: 04 00 00 00
[trap] num=-19 (0xffffffffffffffed) pc=0x1804adaf0 args=[0x203,0x1403,0x0,0x1,0xd5100000000,0x150300000000,0x30,0x0]
[trap] num=-19 (0xffffffffffffffed) pc=0x1804adaf0 args=[0x203,0x1403,0x0,0x1,0xd5100000000,0x150300000000,0x30,0x0]
[trap] num=-19 (0xffffffffffffffed) pc=0x1804adaf0 args=[0x203,0x1403,0x0,0x1,0x0,0x150300000000,0x30,0x0]
[trap] num=-15 (0xfffffffffffffff1) pc=0x1804adacc args=[0x203,0x27f9c08,0x400000,0x0,0x2004000,0x3,0x0,0x0]
[trap] num=-14 (0xfffffffffffffff2) pc=0x1801155b8 args=[0x203,0x1ec444000,0x24000,0x0,0x3,0x27fb57f,0xffffffffbfc007ff,0xa0]
[trap] num=-14 (0xfffffffffffffff2) pc=0x1801155b8 args=[0x203,0x1ec444000,0x24000,0x0,0x1,0x27fb57f,0xffffffffbfc007ff,0xa0]
[trap] num=5 (0x5) pc=0x180119f50 args=[0x63a40,0x0,0x0,0x63a40,0x0,0x27fb57f,0x0,0xa0]
[trap] num=92 (0x5c) pc=0x1801180d8 args=[0x4,0x32,0x27fb048,0x63a40,0x0,0x27fb57f,0x0,0xa0]
[trap] num=6 (0x6) pc=0x180116750 args=[0x4,0x32,0x27fb048,0x63a40,0x0,0x27fb57f,0x0,0xa0]
[trap] num=220 (0xdc) pc=0x1804ae63c args=[0x63a40,0x27fb070,0x27fb08c,0x40c,0x0,0x27fb57f,0x0,0xa0]
[trap] num=33 (0x21) pc=0x1804ae668 args=[0x63ac0,0x4,0x63950,0x639e0,0x0,0x56,0x0,0x470]
[M28 BANDSHRINK] syscall 33 band past ipa 0x63950 len 65536 shrunk 64 -> 0 by an overlapping window of the same call
[M28 BANDSHRINK] syscall 33 band past ipa 0x639e0 len 65536 shrunk 64 -> 0 by an overlapping window of the same call
[trap] num=5 (0x5) pc=0x1804ae694 args=[0x63ac0,0x0,0x0,0x639e0,0x0,0x56,0x0,0x470]
[M28 BANDSHRINK] syscall 5 band past ipa 0x639e0 len 65536 shrunk 64 -> 0 by an overlapping window of the same call
[trap] num=339 (0x153) pc=0x1804bc288 args=[0x4,0x63950,0x0,0x639e0,0x0,0x56,0x0,0x470]
[M28 BANDSHRINK] syscall 339 band past ipa 0x63950 len 65536 shrunk 64 -> 0 by an overlapping window of the same call
[trap] num=483 (0x1e3) pc=0x1804ae6f0 args=[0x0,0x27fb29c,0x4,0x639e0,0x0,0x56,0x0,0x470]
[trap] num=228 (0xe4) pc=0x1804b1694 args=[0x4,0x27fb360,0x27fb2c0,0x28,0x0,0x56,0x0,0x470]
[trap] num=381 (0x17d) pc=0x1804af730 args=[0x18df1ac55,0x2,0x27fb2c0,0x28,0x0,0x56,0x0,0x470]
[m47] num=381 args=[0x18df1ac55,0x2,0x27fb2c0] policy="Sandbox" op="file-write-data" ret=0x16 err=true writes=0
[trap] num=92 (0x5c) pc=0x1804ae8c4 args=[0x4,0x32,0x27fafb8,0x27fb378,0x27fb000,0x56,0x0,0x470]
[trap] num=6 (0x6) pc=0x1804ae8f0 args=[0x4,0x27fafeb,0x0,0x63b33,0x0,0x56,0x0,0x470]
[trap] num=5 (0x5) pc=0x1804ae694 args=[0x63b40,0x0,0x0,0x63b7d,0x18020b535,0x27fb480,0x74,0x470]
[M28 BANDSHRINK] syscall 5 band past ipa 0x63b40 len 65536 shrunk 64 -> 0 by an overlapping window of the same call
[trap] num=336 (0x150) pc=0x1804af110 args=[0x2,0x10eb0,0xd,0x1,0x27fb6f0,0x40,0x74,0x470]
[trap] num=-24 (0xffffffffffffffe8) pc=0x1804adb2c args=[0x203,0x27fb7b0,0x71b75ace,0x27fb7ac,0x0,0x5,0x0,0x0]
[trap] num=-47 (0xffffffffffffffd1) pc=0x1804adc34 args=[0x27fb748,0x200000003,0x3480001513,0x150300000203,0xd5200000000,0x150300000001,0x2c,0x0]
[mach_msg2] msgh_id=3410 dest=0x203 reply=0x1503 options=0x200000003 bits=0x80001513 send_size=52 rcv_size=44
  send+000: 13 15 00 80 34 00 00 00 03 02 00 00 03 15 00 00
  send+010: 00 00 00 00 52 0d 00 00 01 00 00 00 03 13 00 00
  send+020: 00 00 00 00 00 00 13 00 00 00 00 00 01 00 00 00
  send+030: 0a 00 00 00
[trap] num=-47 (0xffffffffffffffd1) pc=0x1804adc34 args=[0x27fb4c8,0x200000003,0x2800001513,0x150300000203,0xd4d00000000,0x150300000000,0x1a8,0x0]
[mach_msg2] msgh_id=3405 dest=0x203 reply=0x1503 options=0x200000003 bits=0x1513 send_size=40 rcv_size=424
  send+000: 13 15 00 00 28 00 00 00 03 02 00 00 03 15 00 00
  send+010: 00 00 00 00 4d 0d 00 00 00 00 00 00 01 00 00 00
  send+020: 0f 00 00 00 08 00 00 00
[retrace] forwarding mach_msg2 task_info (msgh_id 3405) to host (decided allowlist)
[mach_msg2] host ret=0x0 err=false
  reply@0x27fb4c8+000: 00 12 00 00 48 00 00 00 00 00 00 00 03 15 00 00
  reply@0x27fb4c8+010: 00 00 00 00 b1 0d 00 00 00 00 00 00 01 00 00 00
  reply@0x27fb4c8+020: 00 00 00 00 08 00 00 00 f5 01 00 00 f5 01 00 00
  reply@0x27fb4c8+030: 14 00 00 00 f5 01 00 00 14 00 00 00 b0 0e 01 00
  reply@0x27fb4c8+040: b9 86 01 00 87 f1 48 00 00 00 00 00 08 00 00 00
  reply@0x27fb4c8+050: 00 00 00 00 00 00 00 00 00 00 00 00 00 00 00 00
  reply@0x27fb4c8+060: 00 00 00 00 00 00 00 00 00 00 00 00 00 00 00 00
  reply@0x27fb4c8+070: 00 00 00 00 00 00 00 00 00 00 00 00 00 00 00 00
  reply@0x27fb4c8+080: 00 00 00 00 00 00 00 00 00 00 00 00 00 00 00 00
  reply@0x27fb4c8+090: 00 00 00 00 00 00 00 00 00 00 00 00 00 00 00 00
  reply@0x27fb4c8+0a0: 00 00 00 00 00 00 00 00 00 00 00 00 00 00 00 00
  reply@0x27fb4c8+0b0: 00 00 00 00 00 00 00 00 00 00 00 00 00 00 00 00
  reply@0x27fb4c8+0c0: 00 00 00 00 00 00 00 00 00 00 00 00 00 00 00 00
  reply@0x27fb4c8+0d0: 00 00 00 00 00 00 00 00 00 00 00 00 00 00 00 00
  reply@0x27fb4c8+0e0: 00 00 00 00 00 00 00 00 00 00 00 00 00 00 00 00
  reply@0x27fb4c8+0f0: 00 00 00 00 00 00 00 00 00 00 00 00 00 00 00 00
[trap] num=170 (0xaa) pc=0x1804ae5d0 args=[0x10eb0,0x10,0x27fb2e0,0x408,0x10478,0x150300000000,0x48f187000186b9,0x0]
[trap] num=202 (0xca) pc=0x1804af460 args=[0x27fb6e0,0x2,0x27fb6a8,0x27fb6a0,0x1844cfba7,0x15,0x72,0x400]
[trap] num=202 (0xca) pc=0x1804af460 args=[0x27fb6a8,0x2,0x27fb738,0x27fb730,0x0,0x0,0x72,0x400]
[trap] num=-14 (0xfffffffffffffff2) pc=0x1801155b8 args=[0x203,0x1ec444000,0x24000,0x0,0x3,0x0,0x0,0x0]
[trap] num=-15 (0xfffffffffffffff1) pc=0x1801155c4 args=[0x203,0x27fb390,0x20000,0x3fff,0x3c000001,0x3,0x0,0x0]
[trap] num=-12 (0xfffffffffffffff4) pc=0x1801155a0 args=[0x203,0x1003c0000,0x20000,0x103,0xffffffff13f7dfd0,0x10,0x63,0x0]
[trap] num=-14 (0xfffffffffffffff2) pc=0x1801155b8 args=[0x203,0x1ec444000,0x24000,0x0,0x1,0x0,0x0,0x0]
[trap] num=-14 (0xfffffffffffffff2) pc=0x1801155b8 args=[0x203,0x1ec444000,0x24000,0x0,0x3,0x0,0x0,0x0]
[trap] num=-14 (0xfffffffffffffff2) pc=0x1801155b8 args=[0x203,0x1ec444000,0x24000,0x0,0x1,0x0,0x0,0x0]
[trap] num=-14 (0xfffffffffffffff2) pc=0x1801155b8 args=[0x203,0x1ec444000,0x24000,0x0,0x3,0x0,0x0,0x0]
[trap] num=-14 (0xfffffffffffffff2) pc=0x1801155b8 args=[0x203,0x1ec444000,0x24000,0x0,0x1,0x0,0x0,0x0]
[trap] num=-14 (0xfffffffffffffff2) pc=0x1801155b8 args=[0x203,0x1ec444000,0x24000,0x0,0x3,0x0,0x0,0x0]
[trap] num=-14 (0xfffffffffffffff2) pc=0x1801155b8 args=[0x203,0x1ec444000,0x24000,0x0,0x1,0x0,0x0,0x0]
[trap] num=-14 (0xfffffffffffffff2) pc=0x1801155b8 args=[0x203,0x1ec444000,0x24000,0x0,0x3,0x0,0x0,0x0]
[trap] num=-14 (0xfffffffffffffff2) pc=0x1801155b8 args=[0x203,0x1ec444000,0x24000,0x0,0x1,0x0,0x0,0x0]
[trap] num=-14 (0xfffffffffffffff2) pc=0x1801155b8 args=[0x203,0x1ec444000,0x24000,0x0,0x3,0x0,0x0,0x0]
[trap] num=25 (0x19) pc=0x1804af050 args=[0x1edd8d978,0x180533098,0x180533098,0x103,0x1ec445388,0x0,0x0,0x0]
[trap] num=24 (0x18) pc=0x1804af858 args=[0x1f5,0x180533098,0x180533098,0x103,0x1ec445388,0x0,0x0,0x0]
[trap] num=202 (0xca) pc=0x1804af460 args=[0x27fa550,0x4,0x27fa560,0x27fa548,0x0,0x0,0x0,0x0]
[trap] num=286 (0x11e) pc=0x1804af884 args=[0x27fa800,0x27fa804,0x1805331c8,0x27fa548,0x0,0x0,0x0,0x0]
[trap] num=25 (0x19) pc=0x1804af050 args=[0xffffffffffffffff,0xffffffffffffffff,0x1805331c8,0x27fa548,0x0,0x0,0x0,0x0]
[trap] num=43 (0x2b) pc=0x1804af8b0 args=[0x1f5,0xffffffffffffffff,0x1805331c8,0x27fa548,0x0,0x0,0x0,0x0]
[trap] num=169 (0xa9) pc=0x1804af8dc args=[0x10eb0,0x10,0x27f9d80,0x408,0x408,0x0,0x0,0x3f0]
[trap] num=169 (0xa9) pc=0x1804af8dc args=[0x10eb0,0x10,0x27f9ea0,0x408,0x408,0x73,0x72,0x400]
[trap] num=-19 (0xffffffffffffffed) pc=0x1804adaf0 args=[0x203,0x1403,0x0,0x1,0x0,0x58,0x65,0x400]
[trap] num=-50 (0xffffffffffffffce) pc=0x1804adc58 args=[0x1ec6fbd20,0x103,0x103,0x0,0x6,0x0,0x73,0x400]
[trap] num=-29 (0xffffffffffffffe3) pc=0x1804adb68 args=[0x0,0x18035aad8,0x18035aad8,0x662a8,0x0,0x13,0x0,0x400]
[trap] num=-47 (0xffffffffffffffd1) pc=0x1804adc34 args=[0x27f9e80,0x200000003,0x2800001513,0x150300000903,0x19c00000000,0x150300000000,0x30,0x0]
[mach_msg2] msgh_id=412 dest=0x903 reply=0x1503 options=0x200000003 bits=0x1513 send_size=40 rcv_size=48
  send+000: 13 15 00 00 28 00 00 00 03 09 00 00 03 15 00 00
  send+010: 00 00 00 00 9c 01 00 00 00 00 00 00 01 00 00 00
  send+020: ff ff ff ff 01 00 00 00
[retrace] forwarding mach_msg2 host_get_special_port (msgh_id 412) to host (decided allowlist)
[mach_msg2] host ret=0x0 err=false
  reply@0x27f9e80+000: 00 12 00 00 24 00 00 00 00 00 00 00 03 15 00 00
  reply@0x27f9e80+010: 00 00 00 00 00 02 00 00 00 00 00 00 01 00 00 00
  reply@0x27f9e80+020: 04 00 00 00 00 00 00 00 08 00 00 00 00 00 00 00
  reply@0x27f9e80+030: c0 18 06 00 00 00 00 00 03 09 00 00 00 00 00 00
  reply@0x27f9e80+040: f0 9e 7f 02 00 00 00 00 08 ab 35 80 01 00 00 00
  reply@0x27f9e80+050: 03 14 00 00 00 00 00 00 a0 3f 06 00 00 00 00 00
  reply@0x27f9e80+060: c0 18 06 00 00 00 00 00 f0 fa 6f ec 01 00 00 00
  reply@0x27f9e80+070: 00 9f 7f 02 00 00 00 00 b0 04 35 80 01 00 00 00
  reply@0x27f9e80+080: 20 9f 7f 02 00 00 00 00 30 96 33 80 01 00 00 00
  reply@0x27f9e80+090: c0 18 06 00 00 00 00 00 28 f9 6f ec 01 00 00 00
  reply@0x27f9e80+0a0: 30 9f 7f 02 00 00 00 00 cc aa 35 80 01 00 00 00
  reply@0x27f9e80+0b0: 50 9f 7f 02 00 00 00 00 34 c5 35 80 01 00 00 00
  reply@0x27f9e80+0c0: 2e 00 00 00 00 00 00 00 6e 0a 2f a6 00 00 00 00
  reply@0x27f9e80+0d0: 60 9f 7f 02 00 00 00 00 b0 04 35 80 01 00 00 00
  reply@0x27f9e80+0e0: 80 9f 7f 02 00 00 00 00 30 96 33 80 01 00 00 00
  reply@0x27f9e80+0f0: c0 18 06 00 00 00 00 00 a8 62 06 00 00 00 00 00
[trap] num=-70 (0xffffffffffffffba) pc=0x1804adcc4 args=[0x903,0x180373fb0,0x10,0x27f9f4c,0x19c00000000,0x150300000000,0x30,0x0]
[trap] num=-47 (0xffffffffffffffd1) pc=0x1804adc34 args=[0x662a8,0x403114207,0xf880131513,0x200300001403,0x400000cf00000a03,0x200300000001,0xf8,0x0]
[mach_msg2] msgh_id=1073742031 dest=0x1403 reply=0x2003 options=0x403114207 bits=0x80131513 send_size=248 rcv_size=248
  send+000: 13 15 13 80 f8 00 00 00 03 14 00 00 03 20 00 00
  send+010: 03 0a 00 00 cf 00 00 40 01 00 00 00 03 14 00 00
  send+020: 00 00 00 00 00 00 13 00 43 50 58 40 05 00 00 00
  send+030: 00 f0 00 00 c0 00 00 00 07 00 00 00 68 61 6e 64
  send+040: 6c 65 00 00 00 40 00 00 00 00 00 00 00 00 00 00
  send+050: 69 6e 73 74 61 6e 63 65 00 00 00 00 00 a0 00 00
  send+060: 00 00 00 00 00 00 00 00 00 00 00 00 00 00 00 00
  send+070: 66 6c 61 67 73 00 00 00 00 40 00 00 08 00 00 00
  send+080: 00 00 00 00 6e 61 6d 65 00 00 00 00 00 90 00 00
  send+090: 25 00 00 00 63 6f 6d 2e 61 70 70 6c 65 2e 73 79
  send+0a0: 73 74 65 6d 2e 6e 6f 74 69 66 69 63 61 74 69 6f
  send+0b0: 6e 5f 63 65 6e 74 65 72 00 00 00 00 74 79 70 65
  send+0c0: 00 00 00 00 00 40 00 00 07 00 00 00 00 00 00 00
  send+0d0: 74 61 72 67 65 74 70 69 64 00 00 00 00 30 00 00
  send+0e0: 00 00 00 00 00 00 00 00 64 6f 6d 61 69 6e 2d 70
  send+0f0: 6f 72 74 00 00 d0 00 00
[retrace] refusing mach_msg2 message-queue send (msgh_id 0x400000cf dest 0x1403 send_size 248): the box hosts no message-queue receivers
[trap] num=-18 (0xffffffffffffffee) pc=0x1804adae4 args=[0x203,0x1403,0x1801c8220,0x660d0,0x66140,0x200300000001,0xf8,0x0]
[M28 BANDSHRINK] syscall -18 band past ipa 0x660d0 len 65536 shrunk 64 -> 0 by an overlapping window of the same call
[trap] num=327 (0x147) pc=0x1804ad92c args=[0x0,0x103,0x103,0x103,0x0,0x0,0x0,0x0]
[trap] num=327 (0x147) pc=0x1804ad92c args=[0x0,0x103,0x103,0x103,0x2,0x63,0x0,0x0]
[trap] num=327 (0x147) pc=0x1804ad92c args=[0x0,0x0,0x0,0x103,0x2,0x63,0x0,0x0]
[trap] num=25 (0x19) pc=0x1804af050 args=[0x1ec7182a0,0x0,0x1f5,0x2,0x66040,0x0,0x65,0x400]
[trap] num=194 (0xc2) pc=0x1804b00c8 args=[0x1008,0x27fa638,0x1804edb6c,0x2,0x66040,0x0,0x65,0x400]
[trap] num=398 (0x18e) pc=0x1804ae948 args=[0x18052cc13,0x0,0x0,0x2,0x66040,0x0,0x65,0x400]
[trap] num=339 (0x153) pc=0x1804bc288 args=[0x4,0x27fa640,0x120a8,0x1ec7035c0,0x27fa7b8,0x27fa7b0,0x65,0x400]
[trap] num=339 (0x153) pc=0x1804bc288 args=[0x4,0x27f9530,0x27f95f4,0x1ec7035c0,0x27fa7b8,0x27fa7b0,0x65,0x400]
[trap] num=396 (0x18c) pc=0x1804afcac args=[0x4,0x660c0,0x1000,0x100,0x0,0x27fa7b0,0x65,0x400]
[trap] num=396 (0x18c) pc=0x1804afcac args=[0x4,0x660c0,0x1000,0x27f96d5,0x66040,0x0,0x65,0xfffff0003ffff800]
[M28 BANDSHRINK] syscall 396 band past ipa 0x66040 len 65536 shrunk 64 -> 0 by an overlapping window of the same call
[trap] num=396 (0x18c) pc=0x1804afcac args=[0x4,0x660c0,0x1000,0x27f96ca,0x70100c080,0x27fa4b7,0x61,0xfffff0007ffff800]
[trap] num=396 (0x18c) pc=0x1804afcac args=[0x4,0x660c0,0x1000,0xa,0x701008080,0x0,0x0,0xfffff0003ffff800]
[trap] num=399 (0x18f) pc=0x1804af584 args=[0x4,0x0,0x1804edb6c,0xa,0x701008080,0x0,0x0,0xfffff0003ffff800]
[trap] num=169 (0xa9) pc=0x1804af8dc args=[0x10eb0,0x0,0x27fb594,0x4,0x700c01e40,0x0,0xffffffffbfc007ff,0xfffff0003ffff800]
[trap] num=327 (0x147) pc=0x1804ad92c args=[0x0,0x1edd85ee8,0x180503ca0,0x1f5,0x2,0x0,0x0,0xfffff0003ffff800]
[trap] num=25 (0x19) pc=0x1804af050 args=[0x1ec7182a0,0x0,0x1f5,0x2,0x662c0,0x0,0x65,0x400]
[trap] num=194 (0xc2) pc=0x1804b00c8 args=[0x1008,0x27fa608,0x1804edb6c,0x2,0x662c0,0x0,0x65,0x400]
[trap] num=398 (0x18e) pc=0x1804ae948 args=[0x18052cc13,0x0,0x0,0x2,0x662c0,0x0,0x65,0x400]
[trap] num=339 (0x153) pc=0x1804bc288 args=[0x4,0x27fa610,0x120a8,0x1ec7035c0,0x27fa788,0x27fa780,0x65,0x400]
[trap] num=339 (0x153) pc=0x1804bc288 args=[0x4,0x27f9500,0x27f95c4,0x1ec7035c0,0x27fa788,0x27fa780,0x65,0x400]
[trap] num=396 (0x18c) pc=0x1804afcac args=[0x4,0x701018000,0x1000,0x1,0x0,0x1,0x0,0x0]
[trap] num=396 (0x18c) pc=0x1804afcac args=[0x4,0x701018000,0x1000,0x27f96a5,0x70100c080,0x27fa487,0x65,0xfffff0007ffff800]
[M28 BANDSHRINK] syscall 396 band past ipa 0x70100c080 len 65536 shrunk 64 -> 0 by an overlapping window of the same call
[trap] num=396 (0x18c) pc=0x1804afcac args=[0x4,0x701018000,0x1000,0x27f969a,0x70100c080,0x27fa487,0x61,0xfffff0007ffff800]
[M28 BANDSHRINK] syscall 396 band past ipa 0x70100c080 len 65536 shrunk 64 -> 0 by an overlapping window of the same call
[trap] num=396 (0x18c) pc=0x1804afcac args=[0x4,0x701018000,0x1000,0xa,0x701008080,0x0,0x0,0xfffff0003ffff800]
[M28 BANDSHRINK] syscall 396 band past ipa 0x701008080 len 65536 shrunk 64 -> 0 by an overlapping window of the same call
[trap] num=399 (0x18f) pc=0x1804af584 args=[0x4,0x0,0x1804edb6c,0xa,0x701008080,0x0,0x0,0xfffff0003ffff800]
[trap] num=327 (0x147) pc=0x1804ad92c args=[0x0,0x100,0x193c16a30,0x27ffe48,0x1ec445388,0x0,0x0,0x0]
[trap] num=169 (0xa9) pc=0x1804af8dc args=[0x10eb0,0x0,0x27fb4b8,0x4,0x1ec445388,0x0,0x0,0x0]
[trap] num=327 (0x147) pc=0x1804ad92c args=[0x1,0x194057bf0,0xf,0x1804f8a01,0x1ec445388,0x0,0x0,0x0]
[trap] num=169 (0xa9) pc=0x1804af8dc args=[0x10eb0,0x0,0x27fb4bc,0x4,0x1ec445388,0x0,0x0,0x0]
[trap] num=54 (0x36) pc=0x1804b2338 args=[0x1,0x4004667a,0x27fb43c,0x4,0x1ec445388,0x0,0x0,0x0]
[trap] num=54 (0x36) pc=0x1804b2338 args=[0x1,0x40487413,0x27fb440,0x4,0x1ec445388,0x0,0x0,0x0]
[trap] num=54 (0x36) pc=0x1804b2338 args=[0x1,0x4004667a,0x27fb43c,0x4,0x1ec445388,0x0,0x0,0x0]
[trap] num=54 (0x36) pc=0x1804b2338 args=[0x1,0x40487413,0x27fb440,0x4,0x1ec445388,0x0,0x0,0x0]
[trap] num=116 (0x74) pc=0x1804b1b60 args=[0x27fb310,0x0,0x0,0xfffffc088,0x1ec445388,0x0,0x0,0x0]
[trap] num=116 (0x74) pc=0x1804b1b60 args=[0x27fb310,0x0,0x0,0xfffffc088,0x1ec445388,0x0,0x1a4fc27dc5ba6aef,0x0]
[trap] num=483 (0x1e3) pc=0x1804ae6f0 args=[0x0,0x27fb56c,0x4,0x27ffe48,0x1ec445388,0x0,0x0,0x0]
[trap] num=-15 (0xfffffffffffffff1) pc=0x1801155c4 args=[0x203,0x27fb410,0x20000,0x3fff,0x3c000001,0x3,0x0,0x0]
[trap] num=-12 (0xfffffffffffffff4) pc=0x1801155a0 args=[0x203,0x1003c0000,0x20000,0x103,0xffffffff13f7dfd0,0x10,0x63,0x0]
[trap] num=-14 (0xfffffffffffffff2) pc=0x1801155b8 args=[0x203,0x1ec444000,0x24000,0x0,0x1,0x10,0x63,0x0]
[trap] num=116 (0x74) pc=0x1804b1b60 args=[0x27ff6e0,0x0,0x0,0xfffffc088,0x1,0x10,0x63,0x0]
[trap] num=5 (0x5) pc=0x1804ae694 args=[0x1002878e6,0x2,0x0,0xfffffc088,0x1,0x10,0x63,0x0]
[trap] num=6 (0x6) pc=0x1804ae8f0 args=[0x4,0x2,0x0,0xfffffc088,0x1,0x10,0x63,0x0]
[trap] num=48 (0x30) pc=0x1804b13d8 args=[0x2,0x27ff74c,0x0,0xfffffc088,0x1,0x10,0x63,0x0]
[trap] num=46 (0x2e) pc=0x1804b4478 args=[0xd,0x27ff6d8,0x27ff700,0xfffffc088,0x1,0x10,0x63,0x0]
[trap] num=33 (0x21) pc=0x1804ae668 args=[0x6a890,0x4,0x0,0x6a8d7,0x10027b3f7,0x27ff570,0x6769666e6f637469,0xfffff0003ffff800]
[M28 BANDSHRINK] syscall 33 band past ipa 0x6a890 len 65536 shrunk 64 -> 0 by an overlapping window of the same call
[trap] num=194 (0xc2) pc=0x1804b00c8 args=[0x1008,0x27ff3f8,0x1804edb6c,0x7,0x0,0x27ff570,0x6769666e6f637469,0xfffff0003ffff800]
[trap] num=398 (0x18e) pc=0x1804ae948 args=[0x6a890,0x0,0x0,0x7,0x0,0x27ff570,0x6769666e6f637469,0xfffff0003ffff800]
[trap] num=339 (0x153) pc=0x1804bc288 args=[0x4,0x27ff4c0,0x120a8,0x7,0x0,0x27ff570,0x6769666e6f637469,0xfffff0003ffff800]
[trap] num=339 (0x153) pc=0x1804bc288 args=[0x4,0x27ff260,0x27ff324,0x6b52f,0xfffffffffffff368,0x18,0x7,0x0]
[trap] num=396 (0x18c) pc=0x1804afcac args=[0x4,0x70101a000,0x1000,0xa003c3160,0x70101a000,0x0,0xffffffffbfc007ff,0xfffff0003ffff800]
[trap] num=396 (0x18c) pc=0x1804afcac args=[0x4,0x70101a000,0x1000,0xfffffffffffffff2,0x69,0x63,0xffffffffbfc007ff,0x370]
[trap] num=399 (0x18f) pc=0x1804af584 args=[0x4,0x0,0x1804edb6c,0xa0,0x6ae80,0x63,0xffffffffbfc007ff,0x370]
[trap] num=33 (0x21) pc=0x1804ae668 args=[0x698c0,0x4,0x1,0x103,0x6ae80,0x63,0xffffffffbfc007ff,0x370]
[M28 BANDSHRINK] syscall 33 band past ipa 0x698c0 len 65536 shrunk 64 -> 0 by an overlapping window of the same call
[trap] num=398 (0x18e) pc=0x1804ae948 args=[0x1803fd5e6,0x1000000,0x0,0x96,0x0,0x63,0xffffffffbfc007ff,0x370]
[trap] num=339 (0x153) pc=0x1804bc288 args=[0x4,0x27ff500,0x0,0x96,0x0,0x63,0xffffffffbfc007ff,0x370]
[trap] num=406 (0x196) pc=0x1804b2174 args=[0x4,0x32,0x27ff070,0x27ff430,0x27ff0c0,0x63,0xffffffffbfc007ff,0x370]
[trap] num=399 (0x18f) pc=0x1804af584 args=[0x4,0x32,0x27ff070,0x27ff430,0x27ff0c0,0x63,0xffffffffbfc007ff,0x370]
[trap] num=338 (0x152) pc=0x1804b988c args=[0x27ff070,0x27ff470,0x27ff070,0x27ff430,0x27ff0c0,0x63,0xffffffffbfc007ff,0x370]
[trap] num=12 (0xc) pc=0x1804af75c args=[0x27fff39,0x10027a22e,0x0,0x16,0x43,0x2d,0xffffffffbfc007ff,0x370]
[trap] num=398 (0x18e) pc=0x1804ae948 args=[0x1803fd5e6,0x1000000,0x0,0x68,0x0,0x0,0x0,0x240]
[trap] num=339 (0x153) pc=0x1804bc288 args=[0x4,0x27ff080,0x0,0x68,0x0,0x0,0x0,0x240]
[trap] num=406 (0x196) pc=0x1804b2174 args=[0x4,0x32,0x27febf0,0x27fefb0,0x27fec40,0x0,0x0,0x240]
[trap] num=399 (0x18f) pc=0x1804af584 args=[0x4,0x32,0x27febf0,0x27fefb0,0x27fec40,0x0,0x0,0x240]
[trap] num=338 (0x152) pc=0x1804b988c args=[0x27febf0,0x27feff0,0x27febf0,0x27fefb0,0x27fec40,0x0,0x0,0x240]
[trap] num=398 (0x18e) pc=0x1804ae948 args=[0x1803fd5e6,0x1000000,0x0,0xa,0x6ac40,0x10,0x0,0x240]
[trap] num=339 (0x153) pc=0x1804bc288 args=[0x4,0x27ff080,0x0,0xa,0x6ac40,0x10,0x0,0x240]
[trap] num=406 (0x196) pc=0x1804b2174 args=[0x4,0x32,0x27febf0,0x27fefb0,0x27fec40,0x10,0x0,0x240]
[trap] num=399 (0x18f) pc=0x1804af584 args=[0x4,0x32,0x27febf0,0x27fefb0,0x27fec40,0x10,0x0,0x240]
[trap] num=338 (0x152) pc=0x1804b988c args=[0x27febf0,0x27feff0,0x27febf0,0x27fefb0,0x27fec40,0x10,0x0,0x240]
[trap] num=338 (0x152) pc=0x1804b988c args=[0x6add0,0x27ff150,0x103,0x103,0xfffffffffffffec0,0x10,0x0,0x240]
[trap] num=338 (0x152) pc=0x1804b988c args=[0x6ae70,0x27ff130,0x0,0x6af01,0x6ae40,0x10,0x74,0x240]
[M28 BANDSHRINK] syscall 338 band past ipa 0x6ae70 len 65536 shrunk 64 -> 0 by an overlapping window of the same call
[M28 BANDSHRINK] syscall 338 band past ipa 0x6ae40 len 65536 shrunk 64 -> 0 by an overlapping window of the same call
[trap] num=340 (0x154) pc=0x1804b9860 args=[0x6b010,0x27ff000,0x0,0x6b0a6,0x6afc0,0x10,0x44,0x240]
[M28 BANDSHRINK] syscall 340 band past ipa 0x6b010 len 65536 shrunk 64 -> 0 by an overlapping window of the same call
[M28 BANDSHRINK] syscall 340 band past ipa 0x6afc0 len 65536 shrunk 64 -> 0 by an overlapping window of the same call
[trap] num=5 (0x5) pc=0x1804ae694 args=[0x6b010,0x0,0x0,0x6b0a6,0x6afc0,0x10,0x44,0x240]
[M28 BANDSHRINK] syscall 5 band past ipa 0x6b010 len 65536 shrunk 64 -> 0 by an overlapping window of the same call
[M28 BANDSHRINK] syscall 5 band past ipa 0x6afc0 len 65536 shrunk 64 -> 0 by an overlapping window of the same call
[trap] num=3 (0x3) pc=0x1804ae91c args=[0x4,0x27ff0b8,0xff,0x6b0a6,0x6afc0,0x10,0x44,0x240]
[M28 BANDSHRINK] syscall 3 band past ipa 0x6afc0 len 65536 shrunk 64 -> 0 by an overlapping window of the same call
[trap] num=3 (0x3) pc=0x1804ae91c args=[0x4,0x27ff0cd,0xea,0x6b0a6,0x6afc0,0x10,0x44,0x240]
[M28 BANDSHRINK] syscall 3 band past ipa 0x6afc0 len 65536 shrunk 64 -> 0 by an overlapping window of the same call
[trap] num=6 (0x6) pc=0x1804ae8f0 args=[0x4,0x27ff0cd,0xea,0x6b0a6,0x6afc0,0x10,0x44,0x240]
[M28 BANDSHRINK] syscall 6 band past ipa 0x6afc0 len 65536 shrunk 64 -> 0 by an overlapping window of the same call
[trap] num=340 (0x154) pc=0x1804b9860 args=[0x6b110,0x27feed0,0x0,0x6b1ab,0xfffffffffffffd60,0x10,0x72,0x240]
[M28 BANDSHRINK] syscall 340 band past ipa 0x6b110 len 65536 shrunk 64 -> 0 by an overlapping window of the same call
[trap] num=33 (0x21) pc=0x1804ae668 args=[0x6b010,0x1,0x0,0x6b0a9,0x6b180,0x10,0x737463656a626f2f,0x240]
[M28 BANDSHRINK] syscall 33 band past ipa 0x6b010 len 65536 shrunk 64 -> 0 by an overlapping window of the same call
[M28 BANDSHRINK] syscall 33 band past ipa 0x6b0a9 len 65536 shrunk 64 -> 0 by an overlapping window of the same call
[trap] num=33 (0x21) pc=0x1804ae668 args=[0x6b010,0x1,0x0,0x6b0a6,0x6b180,0x10,0x73,0x240]
[M28 BANDSHRINK] syscall 33 band past ipa 0x6b010 len 65536 shrunk 64 -> 0 by an overlapping window of the same call
[M28 BANDSHRINK] syscall 33 band past ipa 0x6b0a6 len 65536 shrunk 64 -> 0 by an overlapping window of the same call
[trap] num=340 (0x154) pc=0x1804b9860 args=[0x6ae70,0x27ff138,0x103,0x103,0xffffffffffffff00,0x10,0x73,0x240]
[trap] num=25 (0x19) pc=0x1804af050 args=[0x0,0x27ff138,0x103,0x103,0xffffffffffffff00,0x10,0x73,0x240]
[trap] num=340 (0x154) pc=0x1804b9860 args=[0x6af70,0x27ff138,0x103,0x103,0xffffffffffffff00,0x10,0x73,0x240]
[trap] num=25 (0x19) pc=0x1804af050 args=[0x0,0x27ff138,0x103,0x103,0xffffffffffffff00,0x10,0x73,0x240]
[trap] num=340 (0x154) pc=0x1804b9860 args=[0x700c18000,0x27ff120,0x0,0x700c1800e,0x1002adcb8,0x27ff1c0,0x72,0x0]
[M28 BANDSHRINK] syscall 340 band past ipa 0x700c18000 len 65536 shrunk 64 -> 0 by an overlapping window of the same call
[trap] num=194 (0xc2) pc=0x1804b00c8 args=[0x1008,0x27ff038,0x1804edb6c,0x0,0x0,0x0,0x67,0xfffff0003ffff800]
[trap] num=398 (0x18e) pc=0x1804ae948 args=[0x700c02ca0,0x0,0x0,0x0,0x0,0x0,0x67,0xfffff0003ffff800]
[trap] num=339 (0x153) pc=0x1804bc288 args=[0x4,0x27ff100,0x120a8,0x0,0x0,0x0,0x67,0xfffff0003ffff800]
[trap] num=339 (0x153) pc=0x1804bc288 args=[0x4,0x27feea0,0x27fef64,0x6aa73,0x0,0x27ff2e0,0x67,0x0]
[trap] num=396 (0x18c) pc=0x1804afcac args=[0x4,0x70101a000,0x1000,0xa003c3160,0x70101a000,0x0,0xffffffffbfc007ff,0xfffff0003ffff800]
[trap] num=396 (0x18c) pc=0x1804afcac args=[0x4,0x70101a000,0x1000,0xfffffffffffffff5,0x70,0x77,0xffffffffbfc007ff,0x3f0]
[trap] num=399 (0x18f) pc=0x1804af584 args=[0x4,0x0,0x1804edb6c,0xa0,0x6bac0,0x77,0xffffffffbfc007ff,0x3f0]
[trap] num=398 (0x18e) pc=0x1804ae948 args=[0x1803fd5e6,0x1000000,0x0,0xfffff0007fc00000,0x0,0x0,0x0,0xfffff0003ffff800]
[trap] num=339 (0x153) pc=0x1804bc288 args=[0x4,0x27feea0,0x0,0xfffff0007fc00000,0x0,0x0,0x0,0xfffff0003ffff800]
[trap] num=406 (0x196) pc=0x1804b2174 args=[0x4,0x32,0x27fea10,0x27fedd0,0x27fea80,0x0,0x0,0xfffff0003ffff800]
[trap] num=399 (0x18f) pc=0x1804af584 args=[0x4,0x32,0x27fea10,0x27fedd0,0x27fea80,0x0,0x0,0xfffff0003ffff800]
[trap] num=338 (0x152) pc=0x1804b988c args=[0x27fea10,0x27fee10,0x27fea10,0x27fedd0,0x27fea80,0x0,0x0,0xfffff0003ffff800]
[trap] num=398 (0x18e) pc=0x1804ae948 args=[0x1803fd5e6,0x1000000,0x0,0xa,0x6afc0,0x10,0x0,0xfffff0003ffff800]
[trap] num=339 (0x153) pc=0x1804bc288 args=[0x4,0x27feea0,0x0,0xa,0x6afc0,0x10,0x0,0xfffff0003ffff800]
[trap] num=406 (0x196) pc=0x1804b2174 args=[0x4,0x32,0x27fea10,0x27fedd0,0x27fea80,0x10,0x0,0xfffff0003ffff800]
[trap] num=399 (0x18f) pc=0x1804af584 args=[0x4,0x32,0x27fea10,0x27fedd0,0x27fea80,0x10,0x0,0xfffff0003ffff800]
[trap] num=338 (0x152) pc=0x1804b988c args=[0x27fea10,0x27fee10,0x27fea10,0x27fedd0,0x27fea80,0x10,0x0,0xfffff0003ffff800]
[trap] num=338 (0x152) pc=0x1804b988c args=[0x100283d67,0x27ff120,0x27ff260,0x103,0x0,0x0,0x2e,0x290]
[trap] num=340 (0x154) pc=0x1804b9860 args=[0x700c18000,0x27ff0e0,0x0,0x700c1800e,0x1002adcb8,0x27ff180,0x72,0xfffff0007ffff800]
[M28 BANDSHRINK] syscall 340 band past ipa 0x700c18000 len 65536 shrunk 64 -> 0 by an overlapping window of the same call
[trap] num=340 (0x154) pc=0x1804b9860 args=[0x700c02ca0,0x27ff140,0x0,0x700c02ca6,0x5,0x20,0x73,0xfffff0003ffff800]
[M28 BANDSHRINK] syscall 340 band past ipa 0x700c02ca0 len 65536 shrunk 64 -> 0 by an overlapping window of the same call
[trap] num=340 (0x154) pc=0x1804b9860 args=[0x700c02ca0,0x27ff140,0x0,0x700c02cb2,0x0,0x20,0x6d,0xfffff0003ffff800]
[M28 BANDSHRINK] syscall 340 band past ipa 0x700c02ca0 len 65536 shrunk 64 -> 0 by an overlapping window of the same call
[trap] num=340 (0x154) pc=0x1804b9860 args=[0x6aa80,0x27ff140,0x0,0x6aa9c,0x0,0x20,0x73,0xfffff0003ffff800]
[M28 BANDSHRINK] syscall 340 band past ipa 0x6aa80 len 65536 shrunk 64 -> 0 by an overlapping window of the same call
[trap] num=340 (0x154) pc=0x1804b9860 args=[0x6aa80,0x27ff140,0x0,0x6aaa3,0x0,0x20,0x62,0xfffff0003ffff800]
[M28 BANDSHRINK] syscall 340 band past ipa 0x6aa80 len 65536 shrunk 64 -> 0 by an overlapping window of the same call
[trap] num=340 (0x154) pc=0x1804b9860 args=[0x6aa80,0x27ff140,0x0,0x6aaab,0x0,0x20,0x65,0xfffff0003ffff800]
[M28 BANDSHRINK] syscall 340 band past ipa 0x6aa80 len 65536 shrunk 64 -> 0 by an overlapping window of the same call
[trap] num=340 (0x154) pc=0x1804b9860 args=[0x6aa80,0x27ff140,0x0,0x6aab3,0x0,0x20,0x65,0xfffff0003ffff800]
[M28 BANDSHRINK] syscall 340 band past ipa 0x6aa80 len 65536 shrunk 64 -> 0 by an overlapping window of the same call
[trap] num=340 (0x154) pc=0x1804b9860 args=[0x6af70,0x27ff140,0x0,0x6afad,0x6ab00,0x10,0x73,0xfffff0003ffff800]
[M28 BANDSHRINK] syscall 340 band past ipa 0x6af70 len 65536 shrunk 64 -> 0 by an overlapping window of the same call
[M28 BANDSHRINK] syscall 340 band past ipa 0x6ab00 len 65536 shrunk 64 -> 0 by an overlapping window of the same call
[trap] num=340 (0x154) pc=0x1804b9860 args=[0x6af70,0x27ff140,0x0,0x6afba,0x0,0x10,0x65,0xfffff0003ffff800]
[M28 BANDSHRINK] syscall 340 band past ipa 0x6af70 len 65536 shrunk 64 -> 0 by an overlapping window of the same call
[trap] num=33 (0x21) pc=0x1804ae668 args=[0x6a890,0x4,0x0,0x103,0x1002ade74,0x27ff2a0,0x656572746b726f77,0xfffff0003ffff800]
[trap] num=194 (0xc2) pc=0x1804b00c8 args=[0x1008,0x27ff0c8,0x1804edb6c,0x7,0x0,0x27ff2a0,0x656572746b726f77,0xfffff0003ffff800]
[trap] num=398 (0x18e) pc=0x1804ae948 args=[0x6a890,0x0,0x0,0x7,0x0,0x27ff2a0,0x656572746b726f77,0xfffff0003ffff800]
[trap] num=339 (0x153) pc=0x1804bc288 args=[0x4,0x27ff190,0x120a8,0x7,0x0,0x27ff2a0,0x656572746b726f77,0xfffff0003ffff800]
[trap] num=339 (0x153) pc=0x1804bc288 args=[0x4,0x27fef30,0x27feff4,0xff,0x6b55f,0x6a8c7,0x7,0x0]
[M28 BANDSHRINK] syscall 339 band past ipa 0x6a8c7 len 65536 shrunk 64 -> 0 by an overlapping window of the same call
[trap] num=396 (0x18c) pc=0x1804afcac args=[0x4,0x70101a000,0x1000,0xa003c3160,0x70101a000,0x0,0xffffffffbfc007ff,0xfffff0003ffff800]
[trap] num=396 (0x18c) pc=0x1804afcac args=[0x4,0x70101a000,0x1000,0xfffffffffffffff2,0x69,0x63,0xffffffffbfc007ff,0x370]
[trap] num=399 (0x18f) pc=0x1804af584 args=[0x4,0x0,0x1804edb6c,0xa0,0x6bac0,0x63,0xffffffffbfc007ff,0x370]
[trap] num=33 (0x21) pc=0x1804ae668 args=[0x6aa80,0x4,0x0,0x103,0x6bac0,0x63,0xffffffffbfc007ff,0x370]
[M28 BANDSHRINK] syscall 33 band past ipa 0x6aa80 len 65536 shrunk 64 -> 0 by an overlapping window of the same call
[trap] num=33 (0x21) pc=0x1804ae668 args=[0x700c18140,0x4,0x0,0x103,0x6bac0,0x63,0xffffffffbfc007ff,0x370]
[trap] num=194 (0xc2) pc=0x1804b00c8 args=[0x1008,0x27ff0c8,0x1804edb6c,0x3,0x0,0x63,0xffffffffbfc007ff,0x370]
[trap] num=398 (0x18e) pc=0x1804ae948 args=[0x700c18140,0x0,0x0,0x3,0x0,0x63,0xffffffffbfc007ff,0x370]
[trap] num=339 (0x153) pc=0x1804bc288 args=[0x4,0x27ff190,0x120a8,0x3,0x0,0x63,0xffffffffbfc007ff,0x370]
[trap] num=339 (0x153) pc=0x1804bc288 args=[0x4,0x27fef30,0x27feff4,0x0,0x67,0x67,0xffffffffbfc007ff,0xfffff0003ffff800]
[trap] num=396 (0x18c) pc=0x1804afcac args=[0x4,0x70101a000,0x1000,0xa003c3160,0x70101a000,0x0,0xffffffffbfc007ff,0xfffff0003ffff800]
[trap] num=396 (0x18c) pc=0x1804afcac args=[0x4,0x70101a000,0x1000,0xfffffffffffffff0,0x63,0x69,0xffffffffbfc007ff,0x370]
[trap] num=399 (0x18f) pc=0x1804af584 args=[0x4,0x0,0x1804edb6c,0xa,0x63,0x69,0xffffffffbfc007ff,0x370]
[trap] num=398 (0x18e) pc=0x1804ae948 args=[0x1803fd5e6,0x1000000,0x0,0x12,0x0,0x69,0xffffffffbfc007ff,0x370]
[trap] num=339 (0x153) pc=0x1804bc288 args=[0x4,0x27ff1a0,0x0,0x12,0x0,0x69,0xffffffffbfc007ff,0x370]
[trap] num=406 (0x196) pc=0x1804b2174 args=[0x4,0x32,0x27fed10,0x27ff0d0,0x27fed80,0x69,0xffffffffbfc007ff,0x370]
[trap] num=399 (0x18f) pc=0x1804af584 args=[0x4,0x32,0x27fed10,0x27ff0d0,0x27fed80,0x69,0xffffffffbfc007ff,0x370]
[trap] num=338 (0x152) pc=0x1804b988c args=[0x27fed10,0x27ff110,0x27fed10,0x27ff0d0,0x27fed80,0x69,0xffffffffbfc007ff,0x370]
[trap] num=398 (0x18e) pc=0x1804ae948 args=[0x1803fd5e6,0x1000000,0x0,0x1c,0x6b1c0,0x10,0xffffffffbfc007ff,0x370]
[trap] num=339 (0x153) pc=0x1804bc288 args=[0x4,0x27ff1a0,0x0,0x1c,0x6b1c0,0x10,0xffffffffbfc007ff,0x370]
[trap] num=406 (0x196) pc=0x1804b2174 args=[0x4,0x32,0x27fed10,0x27ff0d0,0x27fed80,0x10,0xffffffffbfc007ff,0x370]
[trap] num=399 (0x18f) pc=0x1804af584 args=[0x4,0x32,0x27fed10,0x27ff0d0,0x27fed80,0x10,0xffffffffbfc007ff,0x370]
[trap] num=338 (0x152) pc=0x1804b988c args=[0x27fed10,0x27ff110,0x27fed10,0x27ff0d0,0x27fed80,0x10,0xffffffffbfc007ff,0x370]
[trap] num=12 (0xc) pc=0x1804af75c args=[0x6b010,0x6ae50,0xc,0x1804f8a10,0x2793f40,0x10,0xffffffffbfc007ff,0x370]
[M28 BANDSHRINK] syscall 12 band past ipa 0x6ae50 len 65536 shrunk 64 -> 0 by an overlapping window of the same call
[trap] num=33 (0x21) pc=0x1804ae668 args=[0x6a890,0x4,0x0,0x103,0x1002ade74,0x27fde60,0x656572746b726f77,0xfffff0003ffff800]
[trap] num=194 (0xc2) pc=0x1804b00c8 args=[0x1008,0x27fdc88,0x1804edb6c,0x7,0x0,0x27fde60,0x656572746b726f77,0xfffff0003ffff800]
[trap] num=398 (0x18e) pc=0x1804ae948 args=[0x6a890,0x0,0x0,0x7,0x0,0x27fde60,0x656572746b726f77,0xfffff0003ffff800]
[trap] num=339 (0x153) pc=0x1804bc288 args=[0x4,0x27fdd50,0x120a8,0x7,0x0,0x27fde60,0x656572746b726f77,0xfffff0003ffff800]
[trap] num=339 (0x153) pc=0x1804bc288 args=[0x4,0x27fdaf0,0x27fdbb4,0xff,0x6b55f,0x6a8c7,0xffffffffbfc007ff,0xfffff0003ffff800]
[M28 BANDSHRINK] syscall 339 band past ipa 0x6a8c7 len 65536 shrunk 64 -> 0 by an overlapping window of the same call
[trap] num=396 (0x18c) pc=0x1804afcac args=[0x4,0x70101a000,0x1000,0xa003c3160,0x70101a000,0x0,0xffffffffbfc007ff,0xfffff0003ffff800]
[trap] num=396 (0x18c) pc=0x1804afcac args=[0x4,0x70101a000,0x1000,0xfffffffffffffff2,0x69,0x63,0x0,0x370]
[trap] num=399 (0x18f) pc=0x1804af584 args=[0x4,0x0,0x1804edb6c,0xfffff0007fc00000,0x69,0x63,0x0,0x370]
[trap] num=33 (0x21) pc=0x1804ae668 args=[0x6afd0,0x4,0x0,0x103,0x69,0x63,0x0,0x370]
[trap] num=33 (0x21) pc=0x1804ae668 args=[0x700c18140,0x4,0x0,0x103,0x69,0x63,0x0,0x370]
[trap] num=194 (0xc2) pc=0x1804b00c8 args=[0x1008,0x27fdc88,0x1804edb6c,0x3,0x0,0x63,0x0,0x370]
[trap] num=398 (0x18e) pc=0x1804ae948 args=[0x700c18140,0x0,0x0,0x3,0x0,0x63,0x0,0x370]
[trap] num=339 (0x153) pc=0x1804bc288 args=[0x4,0x27fdd50,0x120a8,0x3,0x0,0x63,0x0,0x370]
[trap] num=339 (0x153) pc=0x1804bc288 args=[0x4,0x27fdaf0,0x27fdbb4,0x0,0x67,0x67,0xffffffffbfc007ff,0xfffff0003ffff800]
[trap] num=396 (0x18c) pc=0x1804afcac args=[0x4,0x70101a000,0x1000,0xa003c3160,0x70101a000,0x0,0xffffffffbfc007ff,0xfffff0003ffff800]
[trap] num=396 (0x18c) pc=0x1804afcac args=[0x4,0x70101a000,0x1000,0xfffffffffffffff0,0x63,0x69,0x0,0x370]
[trap] num=399 (0x18f) pc=0x1804af584 args=[0x4,0x0,0x1804edb6c,0xfffff0007fc00000,0x63,0x69,0x0,0x370]
[trap] num=340 (0x154) pc=0x1804b9860 args=[0x700c181e0,0x27fde10,0x0,0x700c181ee,0x1002adcb8,0x27fdeb0,0x72,0xfffff0003ffff800]
[M28 BANDSHRINK] syscall 340 band past ipa 0x700c181e0 len 65536 shrunk 64 -> 0 by an overlapping window of the same call
[trap] num=340 (0x154) pc=0x1804b9860 args=[0x700c18140,0x27fddb0,0x0,0x700c18155,0x10027b3f7,0x27fdd10,0x6369706f742f7364,0xfffff0003ffff800]
[M28 BANDSHRINK] syscall 340 band past ipa 0x700c18140 len 65536 shrunk 64 -> 0 by an overlapping window of the same call
[trap] num=5 (0x5) pc=0x1804ae694 args=[0x700c181e0,0x0,0x0,0x1,0x0,0x27fddac,0x1001af3d4,0x8c0]
[trap] num=338 (0x152) pc=0x1804b988c args=[0x700c02da0,0x27fde78,0xb2e,0x3,0x0,0x6f,0x44,0xfffff0003ffff800]
[trap] num=338 (0x152) pc=0x1804b988c args=[0x700c02de0,0x27fddb0,0xb2e,0x3,0x0,0x6f,0x79,0xfffff0003ffff800]
[trap] num=338 (0x152) pc=0x1804b988c args=[0x700c02e00,0x27fddb0,0xb2e,0x3,0x0,0x6f,0x65,0xfffff0003ffff800]
[trap] num=340 (0x154) pc=0x1804b9860 args=[0x700c18140,0x27fdc60,0x0,0x700c18155,0x10027b3f7,0x27fdbc0,0x444145485f4b4349,0xfffff0003ffff800]
[M28 BANDSHRINK] syscall 340 band past ipa 0x700c18140 len 65536 shrunk 64 -> 0 by an overlapping window of the same call
[trap] num=338 (0x152) pc=0x1804b988c args=[0x700c181e0,0x27fda20,0x1002d265f,0x100306f98,0x27fddd0,0x27fdc5c,0x1001af3d4,0xfffff0003ffff800]
[trap] num=338 (0x152) pc=0x1804b988c args=[0x700c02e20,0x27fddb0,0xb2e,0x3,0x0,0x6f,0x47,0xfffff0003ffff800]
[trap] num=340 (0x154) pc=0x1804b9860 args=[0x700c18140,0x27fdc60,0x0,0x700c18150,0x10027b3f7,0x27fdbc0,0x44,0xfffff0003ffff800]
[M28 BANDSHRINK] syscall 340 band past ipa 0x700c18140 len 65536 shrunk 64 -> 0 by an overlapping window of the same call
[trap] num=338 (0x152) pc=0x1804b988c args=[0x700c181e0,0x27fda20,0x1002d265f,0x100306f98,0x27fddd0,0x27fdc5c,0x1001af3d4,0xfffff0003ffff800]
[trap] num=5 (0x5) pc=0x1804ae694 args=[0x700c02e40,0x0,0x0,0x3,0x0,0x6f,0x6f,0xfffff0003ffff800]
[trap] num=340 (0x154) pc=0x1804b9860 args=[0x700c18140,0x27fdde0,0x0,0x700c18149,0x10027b3f7,0x27fdd40,0x44,0xfffff0003ffff800]
[M28 BANDSHRINK] syscall 340 band past ipa 0x700c18140 len 65536 shrunk 64 -> 0 by an overlapping window of the same call
[trap] num=5 (0x5) pc=0x1804ae694 args=[0x700c18140,0x0,0x0,0x700c18149,0x10027b3f7,0x27fdd40,0x44,0xfffff0003ffff800]
[M28 BANDSHRINK] syscall 5 band past ipa 0x700c18140 len 65536 shrunk 64 -> 0 by an overlapping window of the same call
[trap] num=3 (0x3) pc=0x1804ae91c args=[0x4,0x6ca60,0x100,0x0,0x0,0x27fdd40,0x44,0xfffff0003ffff800]
[trap] num=3 (0x3) pc=0x1804ae91c args=[0x4,0x6ca75,0xeb,0x0,0x0,0x27fdd40,0x44,0xfffff0003ffff800]
[trap] num=6 (0x6) pc=0x1804ae8f0 args=[0x4,0x6ca75,0xeb,0x0,0x0,0x27fdd40,0x44,0xfffff0003ffff800]
[trap] num=340 (0x154) pc=0x1804b9860 args=[0x700c18140,0x27fdde0,0x0,0x700c18154,0x10027b3f7,0x27fdd40,0x6e,0xfffff0003ffff800]
[M28 BANDSHRINK] syscall 340 band past ipa 0x700c18140 len 65536 shrunk 64 -> 0 by an overlapping window of the same call
[trap] num=5 (0x5) pc=0x1804ae694 args=[0x700c18140,0x0,0x0,0x700c18154,0x10027b3f7,0x27fdd40,0x6e,0xfffff0003ffff800]
[M28 BANDSHRINK] syscall 5 band past ipa 0x700c18140 len 65536 shrunk 64 -> 0 by an overlapping window of the same call
[trap] num=3 (0x3) pc=0x1804ae91c args=[0x4,0x6ca60,0x100,0x0,0x0,0x27fdd40,0x6e,0xfffff0003ffff800]
[trap] num=3 (0x3) pc=0x1804ae91c args=[0x4,0x6ca89,0xd7,0x0,0x0,0x27fdd40,0x6e,0xfffff0003ffff800]
[trap] num=6 (0x6) pc=0x1804ae8f0 args=[0x4,0x6ca89,0xd7,0x0,0x0,0x27fdd40,0x6e,0xfffff0003ffff800]
[trap] num=340 (0x154) pc=0x1804b9860 args=[0x700c18140,0x27fdde0,0x0,0x700c18149,0x10027b3f7,0x27fdd40,0x44,0xfffff0003ffff800]
[M28 BANDSHRINK] syscall 340 band past ipa 0x700c18140 len 65536 shrunk 64 -> 0 by an overlapping window of the same call
[trap] num=5 (0x5) pc=0x1804ae694 args=[0x700c18140,0x0,0x0,0x700c18149,0x10027b3f7,0x27fdd40,0x44,0xfffff0003ffff800]
[M28 BANDSHRINK] syscall 5 band past ipa 0x700c18140 len 65536 shrunk 64 -> 0 by an overlapping window of the same call
[trap] num=3 (0x3) pc=0x1804ae91c args=[0x4,0x6ca60,0x100,0x0,0x0,0x27fdd40,0x44,0xfffff0003ffff800]
[trap] num=3 (0x3) pc=0x1804ae91c args=[0x4,0x6ca75,0xeb,0x0,0x0,0x27fdd40,0x44,0xfffff0003ffff800]
[trap] num=6 (0x6) pc=0x1804ae8f0 args=[0x4,0x6ca75,0xeb,0x0,0x0,0x27fdd40,0x44,0xfffff0003ffff800]
[trap] num=340 (0x154) pc=0x1804b9860 args=[0x700c18140,0x27fdde0,0x0,0x700c18154,0x10027b3f7,0x27fdd40,0x6e,0xfffff0003ffff800]
[M28 BANDSHRINK] syscall 340 band past ipa 0x700c18140 len 65536 shrunk 64 -> 0 by an overlapping window of the same call
[trap] num=5 (0x5) pc=0x1804ae694 args=[0x700c18140,0x0,0x0,0x700c18154,0x10027b3f7,0x27fdd40,0x6e,0xfffff0003ffff800]
[M28 BANDSHRINK] syscall 5 band past ipa 0x700c18140 len 65536 shrunk 64 -> 0 by an overlapping window of the same call
[trap] num=3 (0x3) pc=0x1804ae91c args=[0x4,0x6ca60,0x100,0x0,0x0,0x27fdd40,0x6e,0xfffff0003ffff800]
[trap] num=3 (0x3) pc=0x1804ae91c args=[0x4,0x6ca89,0xd7,0x0,0x0,0x27fdd40,0x6e,0xfffff0003ffff800]
[trap] num=6 (0x6) pc=0x1804ae8f0 args=[0x4,0x6ca89,0xd7,0x0,0x0,0x27fdd40,0x6e,0xfffff0003ffff800]
[trap] num=398 (0x18e) pc=0x1804ae948 args=[0x700c18140,0x1100000,0x0,0x0,0x0,0x0,0xffffffffbfc007ff,0xfffff0003ffff800]
[trap] num=346 (0x15a) pc=0x1804b9980 args=[0x4,0x27fd3d0,0x0,0x0,0x0,0x0,0xffffffffbfc007ff,0xfffff0003ffff800]
[trap] num=327 (0x147) pc=0x1804ad92c args=[0x1ec7f8110,0x0,0xfffffffffffffff8,0x1ec7f83f8,0x1ec7f8180,0x0,0xffffffffbfc007ff,0xfffff0003ffff800]
[trap] num=-14 (0xfffffffffffffff2) pc=0x1801155b8 args=[0x203,0x1ec444000,0x24000,0x0,0x3,0x27fc8df,0x0,0x100]
[trap] num=338 (0x152) pc=0x180116c48 args=[0x1ec7f8468,0x27fb710,0x27fb810,0x27fb7f8,0x1ec7f8472,0x1801ac864,0x27fbf58,0x700]
[trap] num=-10 (0xfffffffffffffff6) pc=0x180115588 args=[0x203,0x27fb6d0,0x4000,0x3c000001,0x1ec7f8472,0x1801ac864,0x27fbf58,0x700]
[trap] num=338 (0x152) pc=0x180116c48 args=[0x27fbd30,0x27fb6c0,0x27fb7c0,0x27fb7a8,0x27fbd5e,0x1801ac864,0x0,0x210]
[trap] num=-12 (0xfffffffffffffff4) pc=0x1801155a0 args=[0x203,0xa00828000,0x4000,0x1a0500,0x0,0x0,0x0,0xbc0]
[trap] num=-15 (0xfffffffffffffff1) pc=0x1801155c4 args=[0x203,0x27fb360,0x20000,0x3fff,0x3c000001,0x3,0x0,0x0]
[trap] num=-12 (0xfffffffffffffff4) pc=0x1801155a0 args=[0x203,0x1003c0000,0x20000,0x103,0x0,0x0,0x0,0x0]
[trap] num=-14 (0xfffffffffffffff2) pc=0x1801155b8 args=[0x203,0x1ec444000,0x24000,0x0,0x1,0x0,0x0,0x0]
[trap] num=5 (0x5) pc=0x1804ae694 args=[0x27fbdb8,0x1000000,0x0,0x27fbdda,0x190380f65,0x27fbda0,0x62,0xfffff0003ffff800]
[trap] num=339 (0x153) pc=0x1804bc288 args=[0x5,0x27fbce0,0x0,0x27fbdda,0x190380f65,0x27fbda0,0x62,0xfffff0003ffff800]
[trap] num=197 (0xc5) pc=0x1804aea18 args=[0x0,0x7810,0x1,0x40002,0x5,0x0,0x62,0xfffff0003ffff800]
[trap] num=6 (0x6) pc=0x1804ae8f0 args=[0x5,0x7810,0x1,0x40002,0x5,0x0,0x62,0xfffff0003ffff800]
[trap] num=73 (0x49) pc=0x1804b1728 args=[0xa0082c000,0x7810,0x0,0xa,0x0,0x27fbcf7,0x0,0xfffff0007ffff800]
[trap] num=5 (0x5) pc=0x1804ae694 args=[0x27fbdb8,0x1000000,0x0,0x27fbdd8,0x190380f65,0x27fbda0,0x62,0xfffff0007ffff800]
[trap] num=339 (0x153) pc=0x1804bc288 args=[0x5,0x27fbce0,0x0,0x27fbdd8,0x190380f65,0x27fbda0,0x62,0xfffff0007ffff800]
[trap] num=197 (0xc5) pc=0x1804aea18 args=[0x0,0x3590,0x1,0x40002,0x5,0x0,0x62,0xfffff0007ffff800]
[trap] num=6 (0x6) pc=0x1804ae8f0 args=[0x5,0x3590,0x1,0x40002,0x5,0x0,0x62,0xfffff0007ffff800]
[trap] num=73 (0x49) pc=0x1804b1728 args=[0xa00834000,0x3590,0x60,0xfffff0007fc00000,0x0,0x27fc200,0x62,0xfffff0007ffff800]
[trap] num=5 (0x5) pc=0x1804ae694 args=[0x27fc2a4,0x1000000,0x0,0x27fc2cb,0x190380d90,0x27fc260,0x62,0xfffff0007ffff800]
[trap] num=339 (0x153) pc=0x1804bc288 args=[0x5,0x27fc1a0,0x0,0x27fc2cb,0x190380d90,0x27fc260,0x62,0xfffff0007ffff800]
[trap] num=197 (0xc5) pc=0x1804aea18 args=[0x0,0x170,0x1,0x40002,0x5,0x0,0x62,0xfffff0007ffff800]
[trap] num=6 (0x6) pc=0x1804ae8f0 args=[0x5,0x170,0x1,0x40002,0x5,0x0,0x62,0xfffff0007ffff800]
[trap] num=73 (0x49) pc=0x1804b1728 args=[0xa00838000,0x170,0x60,0xfffff0007fc00000,0x0,0x305f656d616e7363,0x0,0xfffff0003ffff800]
[trap] num=5 (0x5) pc=0x1804ae694 args=[0x27fbdb8,0x1000000,0x0,0x27fbdda,0x190380f65,0x27fbda0,0x62,0xfffff0003ffff800]
[trap] num=339 (0x153) pc=0x1804bc288 args=[0x5,0x27fbce0,0x0,0x27fbdda,0x190380f65,0x27fbda0,0x62,0xfffff0003ffff800]
[trap] num=197 (0xc5) pc=0x1804aea18 args=[0x0,0x7810,0x1,0x40002,0x5,0x0,0x62,0xfffff0003ffff800]
[trap] num=6 (0x6) pc=0x1804ae8f0 args=[0x5,0x7810,0x1,0x40002,0x5,0x0,0x62,0xfffff0003ffff800]
[trap] num=73 (0x49) pc=0x1804b1728 args=[0xa0083c000,0x7810,0x60,0xfffff0007fc00000,0x0,0x0,0x0,0xfffff0003ffff800]
[trap] num=5 (0x5) pc=0x1804ae694 args=[0x27fbdb8,0x1000000,0x0,0x27fbdd8,0x190380f65,0x27fbda0,0x62,0xfffff0003ffff800]
[trap] num=339 (0x153) pc=0x1804bc288 args=[0x5,0x27fbce0,0x0,0x27fbdd8,0x190380f65,0x27fbda0,0x62,0xfffff0003ffff800]
[trap] num=197 (0xc5) pc=0x1804aea18 args=[0x0,0x3590,0x1,0x40002,0x5,0x0,0x62,0xfffff0003ffff800]
[trap] num=6 (0x6) pc=0x1804ae8f0 args=[0x5,0x3590,0x1,0x40002,0x5,0x0,0x62,0xfffff0003ffff800]
[trap] num=73 (0x49) pc=0x1804b1728 args=[0xa00844000,0x3590,0x60,0xfffff0007fc00000,0x0,0x27fc200,0x62,0xfffff0003ffff800]
[trap] num=5 (0x5) pc=0x1804ae694 args=[0x27fc2a4,0x1000000,0x0,0x27fc2c7,0x190380d90,0x27fc260,0x62,0xfffff0003ffff800]
[trap] num=339 (0x153) pc=0x1804bc288 args=[0x5,0x27fc1a0,0x0,0x27fc2c7,0x190380d90,0x27fc260,0x62,0xfffff0003ffff800]
[trap] num=197 (0xc5) pc=0x1804aea18 args=[0x0,0x170,0x1,0x40002,0x5,0x0,0x62,0xfffff0003ffff800]
[trap] num=6 (0x6) pc=0x1804ae8f0 args=[0x5,0x170,0x1,0x40002,0x5,0x0,0x62,0xfffff0003ffff800]
[trap] num=73 (0x49) pc=0x1804b1728 args=[0xa00848000,0x170,0x60,0xfffff0007fc00000,0x0,0x305f656d616e7363,0x0,0xfffff0003ffff800]
[trap] num=-14 (0xfffffffffffffff2) pc=0x1801155b8 args=[0x203,0x1ec444000,0x24000,0x0,0x3,0x27fc7ef,0x0,0xfffff0003ffff800]
[trap] num=338 (0x152) pc=0x180116c48 args=[0x1ec7f8468,0x27fb620,0x27fb720,0x27fb708,0x1ec7f8472,0x1801ac864,0x27fbe68,0x700]
[trap] num=-10 (0xfffffffffffffff6) pc=0x180115588 args=[0x203,0x27fb5e0,0x4000,0x3c000001,0x1ec7f8472,0x1801ac864,0x27fbe68,0x700]
[trap] num=338 (0x152) pc=0x180116c48 args=[0x27fbc40,0x27fb5d0,0x27fb6d0,0x27fb6b8,0x27fbc6e,0x1801ac864,0x0,0x210]
[trap] num=-12 (0xfffffffffffffff4) pc=0x1801155a0 args=[0x203,0xa0084c000,0x4000,0x1a0500,0x0,0x0,0x0,0xbc0]
[trap] num=-15 (0xfffffffffffffff1) pc=0x1801155c4 args=[0x203,0x27fb270,0x20000,0x3fff,0x3c000001,0x3,0x0,0x0]
[trap] num=-12 (0xfffffffffffffff4) pc=0x1801155a0 args=[0x203,0x1003c0000,0x20000,0x103,0x0,0x0,0x0,0x0]
[trap] num=-14 (0xfffffffffffffff2) pc=0x1801155b8 args=[0x203,0x1ec444000,0x24000,0x0,0x1,0x0,0x0,0x0]
[trap] num=-14 (0xfffffffffffffff2) pc=0x1801155b8 args=[0x203,0x1ec444000,0x24000,0x0,0x3,0x27fc7ef,0x0,0xfffff0003ffff800]
[trap] num=338 (0x152) pc=0x180116c48 args=[0x1ec7f8468,0x27fb620,0x27fb720,0x27fb708,0x1ec7f8472,0x1801ac864,0x27fbe68,0x700]
[trap] num=-10 (0xfffffffffffffff6) pc=0x180115588 args=[0x203,0x27fb5e0,0x4000,0x3c000001,0x1ec7f8472,0x1801ac864,0x27fbe68,0x700]
[trap] num=338 (0x152) pc=0x180116c48 args=[0x27fbc40,0x27fb5d0,0x27fb6d0,0x27fb6b8,0x27fbc6e,0x1801ac864,0x0,0x210]
[trap] num=-12 (0xfffffffffffffff4) pc=0x1801155a0 args=[0x203,0xa00850000,0x4000,0x1a0500,0x0,0x0,0x0,0xbc0]
[trap] num=-15 (0xfffffffffffffff1) pc=0x1801155c4 args=[0x203,0x27fb270,0x20000,0x3fff,0x3c000001,0x3,0x0,0x0]
[trap] num=-12 (0xfffffffffffffff4) pc=0x1801155a0 args=[0x203,0x1003c0000,0x20000,0x103,0x0,0x0,0x0,0x0]
[trap] num=-14 (0xfffffffffffffff2) pc=0x1801155b8 args=[0x203,0x1ec444000,0x24000,0x0,0x1,0x0,0x0,0x0]
[trap] num=338 (0x152) pc=0x1804b988c args=[0x27fa9c8,0x27fa930,0x0,0x27fa9eb,0x190380d90,0x27fa920,0x72,0x0]
[trap] num=5 (0x5) pc=0x1804ae694 args=[0x27fa968,0x1000000,0x0,0x27fa991,0x190380f65,0x27fa950,0x62,0x100]
[trap] num=5 (0x5) pc=0x1804ae694 args=[0x190380d69,0x1000000,0x0,0x27fa991,0x190380f65,0x27fa950,0x62,0x100]
[trap] num=5 (0x5) pc=0x1804ae694 args=[0x27fa968,0x1000000,0x0,0x27fa991,0x190380f65,0x27fa950,0x62,0x100]
[trap] num=5 (0x5) pc=0x1804ae694 args=[0x190380d69,0x1000000,0x0,0x27fa991,0x190380f65,0x27fa950,0x62,0x100]
[trap] num=-14 (0xfffffffffffffff2) pc=0x1801155b8 args=[0x203,0x1ec444000,0x24000,0x0,0x3,0x27fa69f,0x0,0xfffff0003ffff800]
[trap] num=338 (0x152) pc=0x180116c48 args=[0x1ec7f8468,0x27f94d0,0x27f95d0,0x27f95b8,0x1ec7f8472,0x1801ac864,0x27f9d18,0x700]
[trap] num=-10 (0xfffffffffffffff6) pc=0x180115588 args=[0x203,0x27f9490,0x4000,0x3c000001,0x1ec7f8472,0x1801ac864,0x27f9d18,0x700]
[trap] num=338 (0x152) pc=0x180116c48 args=[0x27f9af0,0x27f9480,0x27f9580,0x27f9568,0x27f9b1e,0x1801ac864,0x0,0x210]
[trap] num=-12 (0xfffffffffffffff4) pc=0x1801155a0 args=[0x203,0xa00854000,0x4000,0x1a0500,0x0,0x0,0x0,0xbc0]
[trap] num=-15 (0xfffffffffffffff1) pc=0x1801155c4 args=[0x203,0x27f9120,0x20000,0x3fff,0x3c000001,0x3,0x0,0x0]
[trap] num=-12 (0xfffffffffffffff4) pc=0x1801155a0 args=[0x203,0x1003c0000,0x20000,0x103,0x0,0x0,0x0,0x0]
[trap] num=-14 (0xfffffffffffffff2) pc=0x1801155b8 args=[0x203,0x1ec444000,0x24000,0x0,0x1,0x0,0x0,0x0]
[trap] num=344 (0x158) pc=0x1804af9c4 args=[0x4,0x6e220,0x2000,0x6d158,0x6d1c0,0x100,0x2f,0x200]
[M28 BANDSHRINK] syscall 344 band past ipa 0x6d158 len 65536 shrunk 64 -> 0 by an overlapping window of the same call
[M28 BANDSHRINK] syscall 344 band past ipa 0x6d1c0 len 65536 shrunk 64 -> 0 by an overlapping window of the same call
[trap] num=399 (0x18f) pc=0x1804af584 args=[0x4,0xd0c,0xd0c,0xa,0x6d140,0x74,0x2f,0xfffff0003ffff800]
[trap] num=338 (0x152) pc=0x1804b988c args=[0x700c181e0,0x27fdb60,0x1002d264c,0x1,0x1,0x68,0x1,0xd90]
[trap] num=5 (0x5) pc=0x1804ae694 args=[0x700c18370,0x0,0x0,0x700c1838c,0x1002ca5de,0x27fda00,0x736574616e726574,0xfffff0003ffff800]
[M28 BANDSHRINK] syscall 5 band past ipa 0x700c18370 len 65536 shrunk 64 -> 0 by an overlapping window of the same call
[trap] num=5 (0x5) pc=0x1804ae694 args=[0x700c18370,0x1000000,0x0,0x1,0x1002c7006,0x27fd8b0,0x78,0xfffff0003ffff800]
[trap] num=5 (0x5) pc=0x1804ae694 args=[0x700c183c0,0x1000000,0x0,0x700c183fb,0x1002c7026,0x27fd8b0,0x6e,0xfffff0003ffff800]
[M28 BANDSHRINK] syscall 5 band past ipa 0x700c183c0 len 65536 shrunk 64 -> 0 by an overlapping window of the same call
[trap] num=398 (0x18e) pc=0x1804ae948 args=[0x700c02ea0,0x1100000,0x0,0x28,0x0,0x0,0xffffffffbfc007ff,0xfffff0003ffff800]
[trap] num=346 (0x15a) pc=0x1804b9980 args=[0x4,0x27fd110,0xcf8,0x1e,0x0,0x0,0xffffffffbfc007ff,0xfffff0003ffff800]
[trap] num=344 (0x158) pc=0x1804af9c4 args=[0x4,0x701030000,0x2000,0x6cf78,0x6e000,0x1,0x0,0x0]
[M28 BANDSHRINK] syscall 344 band past ipa 0x6cf78 len 65536 shrunk 64 -> 0 by an overlapping window of the same call
[trap] num=399 (0x18f) pc=0x1804af584 args=[0x4,0xcee,0xcee,0x28,0x6cf40,0x1,0x0,0x0]
[trap] num=5 (0x5) pc=0x1804ae694 args=[0x6da00,0x1000000,0x0,0xfffff0007fc00000,0x0,0x0,0x0,0xfffff0003ffff800]
[trap] num=339 (0x153) pc=0x1804bc288 args=[0x4,0x27fdb40,0x27fdcd0,0xfffff0007fc00000,0x0,0x0,0x0,0xfffff0003ffff800]
[trap] num=197 (0xc5) pc=0x1804aea18 args=[0x0,0x78,0x1,0x40002,0x4,0x0,0x0,0xfffff0003ffff800]
[trap] num=6 (0x6) pc=0x1804ae8f0 args=[0x4,0x78,0x1,0x40002,0x4,0x0,0x0,0xfffff0003ffff800]
[trap] num=-15 (0xfffffffffffffff1) pc=0x1804adacc args=[0x203,0x27fd898,0x400000,0x3fffff,0x2000001,0x3,0x0,0x0]
[trap] num=73 (0x49) pc=0x1804b1728 args=[0xa00858000,0x78,0xdfa,0x1c0,0x6e000,0x74,0x3765666166666566,0x19028de90]
[trap] num=5 (0x5) pc=0x1804ae694 args=[0x6da00,0x1000000,0x0,0x6da0c,0x6e000,0x74,0x73,0x19028de90]
[M28 BANDSHRINK] syscall 5 band past ipa 0x6da00 len 65536 shrunk 64 -> 0 by an overlapping window of the same call
[M28 BANDSHRINK] syscall 5 band past ipa 0x6da0c len 65536 shrunk 64 -> 0 by an overlapping window of the same call
[trap] num=339 (0x153) pc=0x1804bc288 args=[0x4,0x27fdb40,0x27fdcd0,0x6da0c,0x6e000,0x74,0x73,0x19028de90]
[M28 BANDSHRINK] syscall 339 band past ipa 0x6da0c len 65536 shrunk 64 -> 0 by an overlapping window of the same call
[trap] num=197 (0xc5) pc=0x1804aea18 args=[0x0,0x78,0x1,0x40002,0x4,0x0,0x73,0x19028de90]
[trap] num=6 (0x6) pc=0x1804ae8f0 args=[0x4,0x78,0x1,0x40002,0x4,0x0,0x73,0x19028de90]
[trap] num=73 (0x49) pc=0x1804b1728 args=[0xa00c5c000,0x78,0x0,0xa,0xfffff0007fc00000,0x74,0x700c1c098,0x19028de90]
[trap] num=-15 (0xfffffffffffffff1) pc=0x1804adacc args=[0x203,0x27fdd48,0x400000,0x0,0x2004000,0x3,0x0,0x0]
[trap] num=194 (0xc2) pc=0x1804b00c8 args=[0x1008,0x27fdc68,0x1804edb6c,0x8,0x0,0x1,0x0,0x0]
[trap] num=398 (0x18e) pc=0x1804ae948 args=[0x700c180a0,0x0,0x0,0x8,0x0,0x1,0x0,0x0]
[trap] num=194 (0xc2) pc=0x1804b00c8 args=[0x1008,0x27fd818,0x1804edb6c,0x2,0x0,0x6f,0x77,0xfffff0003ffff800]
[trap] num=398 (0x18e) pc=0x1804ae948 args=[0x700c02ea0,0x0,0x0,0x2,0x0,0x6f,0x77,0xfffff0003ffff800]
[trap] num=5 (0x5) pc=0x1804ae694 args=[0x700c18370,0x1000000,0x0,0x700c1838e,0x1002b5469,0x27fdd30,0x68,0xfffff0003ffff800]
[M28 BANDSHRINK] syscall 5 band past ipa 0x700c18370 len 65536 shrunk 64 -> 0 by an overlapping window of the same call
[trap] num=5 (0x5) pc=0x1804ae694 args=[0x700c18370,0x1000000,0x0,0x700c183a2,0x1002b547e,0x27fdd30,0x6e,0xfffff0003ffff800]
[M28 BANDSHRINK] syscall 5 band past ipa 0x700c18370 len 65536 shrunk 64 -> 0 by an overlapping window of the same call
[trap] num=340 (0x154) pc=0x1804b9860 args=[0x700c18370,0x27fdce0,0x0,0x700c18385,0x10027b3f7,0x27fdc40,0x6369706f742f7364,0xfffff0003ffff800]
[M28 BANDSHRINK] syscall 340 band past ipa 0x700c18370 len 65536 shrunk 64 -> 0 by an overlapping window of the same call
[trap] num=338 (0x152) pc=0x1804b988c args=[0x700c181e0,0x27fdaa0,0x1002d265f,0x100306f98,0x27fde50,0x27fdcdc,0x1001af3d4,0x8c0]
[trap] num=340 (0x154) pc=0x1804b9860 args=[0x700c183c0,0x27fd980,0x0,0x700c183c9,0x10027b3f7,0x27fd8e0,0x44,0xfffff0003ffff800]
[M28 BANDSHRINK] syscall 340 band past ipa 0x700c183c0 len 65536 shrunk 64 -> 0 by an overlapping window of the same call
[trap] num=5 (0x5) pc=0x1804ae694 args=[0x700c183c0,0x0,0x0,0x700c183c9,0x10027b3f7,0x27fd8e0,0x44,0xfffff0003ffff800]
[M28 BANDSHRINK] syscall 5 band past ipa 0x700c183c0 len 65536 shrunk 64 -> 0 by an overlapping window of the same call
[trap] num=3 (0x3) pc=0x1804ae91c args=[0x4,0x70102c000,0x100,0xa0040c2a0,0x0,0x27fd867,0x3ff800,0xfffff0007ffff800]
[trap] num=3 (0x3) pc=0x1804ae91c args=[0x4,0x70102c015,0xeb,0xa0040c2a0,0x0,0x27fd867,0x3ff800,0xfffff0007ffff800]
[trap] num=6 (0x6) pc=0x1804ae8f0 args=[0x4,0x70102c015,0xeb,0xa0040c2a0,0x0,0x27fd867,0x3ff800,0xfffff0007ffff800]
[trap] num=340 (0x154) pc=0x1804b9860 args=[0x700c183c0,0x27fd980,0x0,0x700c183d4,0x10027b3f7,0x27fd8e0,0x6e,0xfffff0003ffff800]
[M28 BANDSHRINK] syscall 340 band past ipa 0x700c183c0 len 65536 shrunk 64 -> 0 by an overlapping window of the same call
[trap] num=5 (0x5) pc=0x1804ae694 args=[0x700c183c0,0x0,0x0,0x700c183d4,0x10027b3f7,0x27fd8e0,0x6e,0xfffff0003ffff800]
[M28 BANDSHRINK] syscall 5 band past ipa 0x700c183c0 len 65536 shrunk 64 -> 0 by an overlapping window of the same call
[trap] num=3 (0x3) pc=0x1804ae91c args=[0x4,0x70102c000,0x100,0xa0040c2a0,0x0,0x27fd867,0x3ff800,0xfffff0007ffff800]
[trap] num=3 (0x3) pc=0x1804ae91c args=[0x4,0x70102c029,0xd7,0xa0040c2a0,0x0,0x27fd867,0x3ff800,0xfffff0007ffff800]
[trap] num=6 (0x6) pc=0x1804ae8f0 args=[0x4,0x70102c029,0xd7,0xa0040c2a0,0x0,0x27fd867,0x3ff800,0xfffff0007ffff800]
[trap] num=340 (0x154) pc=0x1804b9860 args=[0x700c183c0,0x27fd980,0x0,0x700c183ce,0x10027b3f7,0x27fd8e0,0x44,0xfffff0003ffff800]
[M28 BANDSHRINK] syscall 340 band past ipa 0x700c183c0 len 65536 shrunk 64 -> 0 by an overlapping window of the same call
[trap] num=338 (0x152) pc=0x1804b988c args=[0x700c181e0,0x27fd740,0x1002d265f,0x100306f98,0x27fdaf0,0x27fd97c,0x1001af3d4,0x8c0]
[trap] num=340 (0x154) pc=0x1804b9860 args=[0x700c183c0,0x27fd980,0x0,0x700c183d3,0x10027b3f7,0x27fd8e0,0x44,0xfffff0003ffff800]
[M28 BANDSHRINK] syscall 340 band past ipa 0x700c183c0 len 65536 shrunk 64 -> 0 by an overlapping window of the same call
[trap] num=338 (0x152) pc=0x1804b988c args=[0x700c181e0,0x27fd740,0x1002d265f,0x100306f98,0x27fdaf0,0x27fd97c,0x1001af3d4,0x8c0]
[trap] num=340 (0x154) pc=0x1804b9860 args=[0x700c183c0,0x27fd980,0x0,0x700c183d4,0x10027b3f7,0x27fd8e0,0x44,0xfffff0003ffff800]
[M28 BANDSHRINK] syscall 340 band past ipa 0x700c183c0 len 65536 shrunk 64 -> 0 by an overlapping window of the same call
[trap] num=338 (0x152) pc=0x1804b988c args=[0x700c181e0,0x27fd740,0x1002d265f,0x100306f98,0x27fdaf0,0x27fd97c,0x1001af3d4,0x8c0]
[trap] num=340 (0x154) pc=0x1804b9860 args=[0x700c183c0,0x27fd980,0x0,0x700c183d6,0x10027b3f7,0x27fd8e0,0x44,0xfffff0003ffff800]
[M28 BANDSHRINK] syscall 340 band past ipa 0x700c183c0 len 65536 shrunk 64 -> 0 by an overlapping window of the same call
[trap] num=338 (0x152) pc=0x1804b988c args=[0x700c181e0,0x27fd740,0x1002d265f,0x100306f98,0x27fdaf0,0x27fd97c,0x1001af3d4,0x8c0]
[trap] num=340 (0x154) pc=0x1804b9860 args=[0x700c183c0,0x27fd980,0x0,0x700c183db,0x10027b3f7,0x27fd8e0,0x44,0xfffff0003ffff800]
[M28 BANDSHRINK] syscall 340 band past ipa 0x700c183c0 len 65536 shrunk 64 -> 0 by an overlapping window of the same call
[trap] num=338 (0x152) pc=0x1804b988c args=[0x700c181e0,0x27fd740,0x1002d265f,0x100306f98,0x27fdaf0,0x27fd97c,0x1001af3d4,0x8c0]
[trap] num=340 (0x154) pc=0x1804b9860 args=[0x700c183c0,0x27fdb90,0x0,0x700c183c9,0x10027b3f7,0x27fdaf0,0x44,0xfffff0003ffff800]
[M28 BANDSHRINK] syscall 340 band past ipa 0x700c183c0 len 65536 shrunk 64 -> 0 by an overlapping window of the same call
[trap] num=5 (0x5) pc=0x1804ae694 args=[0x700c183c0,0x0,0x0,0x700c183c9,0x10027b3f7,0x27fdaf0,0x44,0xfffff0003ffff800]
[M28 BANDSHRINK] syscall 5 band past ipa 0x700c183c0 len 65536 shrunk 64 -> 0 by an overlapping window of the same call
[trap] num=3 (0x3) pc=0x1804ae91c args=[0x4,0x70102c000,0x100,0xa003c2640,0x70102c000,0x0,0xffffffffbfc007ff,0xfffff0003ffff800]
[trap] num=3 (0x3) pc=0x1804ae91c args=[0x4,0x70102c015,0xeb,0xa003c2640,0x70102c000,0x0,0xffffffffbfc007ff,0xfffff0003ffff800]
[M28 BANDSHRINK] syscall 3 band past ipa 0x70102c000 len 65536 shrunk 64 -> 0 by an overlapping window of the same call
[trap] num=6 (0x6) pc=0x1804ae8f0 args=[0x4,0x70102c015,0xeb,0xa003c2640,0x70102c000,0x0,0xffffffffbfc007ff,0xfffff0003ffff800]
[M28 BANDSHRINK] syscall 6 band past ipa 0x70102c000 len 65536 shrunk 64 -> 0 by an overlapping window of the same call
[trap] num=340 (0x154) pc=0x1804b9860 args=[0x700c183c0,0x27fdb90,0x0,0x700c183d4,0x10027b3f7,0x27fdaf0,0x6e,0xfffff0003ffff800]
[M28 BANDSHRINK] syscall 340 band past ipa 0x700c183c0 len 65536 shrunk 64 -> 0 by an overlapping window of the same call
[trap] num=5 (0x5) pc=0x1804ae694 args=[0x700c183c0,0x0,0x0,0x700c183d4,0x10027b3f7,0x27fdaf0,0x6e,0xfffff0003ffff800]
[M28 BANDSHRINK] syscall 5 band past ipa 0x700c183c0 len 65536 shrunk 64 -> 0 by an overlapping window of the same call
[trap] num=3 (0x3) pc=0x1804ae91c args=[0x4,0x70102c000,0x100,0xa003c2640,0x70102c000,0x0,0xffffffffbfc007ff,0xfffff0003ffff800]
[trap] num=3 (0x3) pc=0x1804ae91c args=[0x4,0x70102c029,0xd7,0xa003c2640,0x70102c000,0x0,0xffffffffbfc007ff,0xfffff0003ffff800]
[M28 BANDSHRINK] syscall 3 band past ipa 0x70102c000 len 65536 shrunk 64 -> 0 by an overlapping window of the same call
[trap] num=6 (0x6) pc=0x1804ae8f0 args=[0x4,0x70102c029,0xd7,0xa003c2640,0x70102c000,0x0,0xffffffffbfc007ff,0xfffff0003ffff800]
[M28 BANDSHRINK] syscall 6 band past ipa 0x70102c000 len 65536 shrunk 64 -> 0 by an overlapping window of the same call
[trap] num=340 (0x154) pc=0x1804b9860 args=[0x700c183c0,0x27fdb90,0x0,0x700c183ce,0x10027b3f7,0x27fdaf0,0x44,0xfffff0003ffff800]
[M28 BANDSHRINK] syscall 340 band past ipa 0x700c183c0 len 65536 shrunk 64 -> 0 by an overlapping window of the same call
[trap] num=338 (0x152) pc=0x1804b988c args=[0x700c181e0,0x27fd950,0x1002d265f,0x100306f98,0x27fdd00,0x27fdb8c,0x1001af3d4,0x8c0]
[trap] num=340 (0x154) pc=0x1804b9860 args=[0x700c183c0,0x27fdb90,0x0,0x700c183d3,0x10027b3f7,0x27fdaf0,0x44,0xfffff0003ffff800]
[M28 BANDSHRINK] syscall 340 band past ipa 0x700c183c0 len 65536 shrunk 64 -> 0 by an overlapping window of the same call
[trap] num=338 (0x152) pc=0x1804b988c args=[0x700c181e0,0x27fd950,0x1002d265f,0x100306f98,0x27fdd00,0x27fdb8c,0x1001af3d4,0x8c0]
[trap] num=340 (0x154) pc=0x1804b9860 args=[0x700c183c0,0x27fdb90,0x0,0x700c183d4,0x10027b3f7,0x27fdaf0,0x44,0xfffff0003ffff800]
[M28 BANDSHRINK] syscall 340 band past ipa 0x700c183c0 len 65536 shrunk 64 -> 0 by an overlapping window of the same call
[trap] num=338 (0x152) pc=0x1804b988c args=[0x700c181e0,0x27fd950,0x1002d265f,0x100306f98,0x27fdd00,0x27fdb8c,0x1001af3d4,0x8c0]
[trap] num=340 (0x154) pc=0x1804b9860 args=[0x700c183c0,0x27fdb90,0x0,0x700c183d6,0x10027b3f7,0x27fdaf0,0x44,0xfffff0003ffff800]
[M28 BANDSHRINK] syscall 340 band past ipa 0x700c183c0 len 65536 shrunk 64 -> 0 by an overlapping window of the same call
[trap] num=338 (0x152) pc=0x1804b988c args=[0x700c181e0,0x27fd950,0x1002d265f,0x100306f98,0x27fdd00,0x27fdb8c,0x1001af3d4,0x8c0]
[trap] num=340 (0x154) pc=0x1804b9860 args=[0x700c183c0,0x27fdb90,0x0,0x700c183db,0x10027b3f7,0x27fdaf0,0x44,0xfffff0003ffff800]
[M28 BANDSHRINK] syscall 340 band past ipa 0x700c183c0 len 65536 shrunk 64 -> 0 by an overlapping window of the same call
[trap] num=338 (0x152) pc=0x1804b988c args=[0x700c181e0,0x27fd950,0x1002d265f,0x100306f98,0x27fdd00,0x27fdb8c,0x1001af3d4,0x8c0]
[trap] num=340 (0x154) pc=0x1804b9860 args=[0x700c18410,0x27fdb60,0x0,0x700c18419,0x10027b3f7,0x27fdac0,0x44,0xfffff0003ffff800]
[M28 BANDSHRINK] syscall 340 band past ipa 0x700c18410 len 65536 shrunk 64 -> 0 by an overlapping window of the same call
[trap] num=5 (0x5) pc=0x1804ae694 args=[0x700c18410,0x0,0x0,0x700c18419,0x10027b3f7,0x27fdac0,0x44,0xfffff0003ffff800]
[M28 BANDSHRINK] syscall 5 band past ipa 0x700c18410 len 65536 shrunk 64 -> 0 by an overlapping window of the same call
[trap] num=3 (0x3) pc=0x1804ae91c args=[0x4,0x70102c000,0x100,0xa003c2640,0x70102c000,0x0,0xffffffffbfc007ff,0xfffff0003ffff800]
[trap] num=3 (0x3) pc=0x1804ae91c args=[0x4,0x70102c015,0xeb,0xa003c2640,0x70102c000,0x0,0xffffffffbfc007ff,0xfffff0003ffff800]
[M28 BANDSHRINK] syscall 3 band past ipa 0x70102c000 len 65536 shrunk 64 -> 0 by an overlapping window of the same call
[trap] num=6 (0x6) pc=0x1804ae8f0 args=[0x4,0x70102c015,0xeb,0xa003c2640,0x70102c000,0x0,0xffffffffbfc007ff,0xfffff0003ffff800]
[M28 BANDSHRINK] syscall 6 band past ipa 0x70102c000 len 65536 shrunk 64 -> 0 by an overlapping window of the same call
[trap] num=338 (0x152) pc=0x1804b988c args=[0x700c18410,0x27fdca0,0x0,0x700c18425,0x10027b3f7,0x27fdd00,0x6369706f742f7364,0xfffff0003ffff800]
[M28 BANDSHRINK] syscall 338 band past ipa 0x700c18410 len 65536 shrunk 64 -> 0 by an overlapping window of the same call
[trap] num=338 (0x152) pc=0x1804b988c args=[0x700c18410,0x27fdca0,0x0,0x700c18425,0x10027b3f7,0x27fdd00,0x6369706f742f7364,0xfffff0003ffff800]
[M28 BANDSHRINK] syscall 338 band past ipa 0x700c18410 len 65536 shrunk 64 -> 0 by an overlapping window of the same call
[trap] num=338 (0x152) pc=0x1804b988c args=[0x700c18410,0x27fdca0,0x0,0x700c18425,0x10027b3f7,0x27fdd00,0x6369706f742f7364,0xfffff0003ffff800]
[M28 BANDSHRINK] syscall 338 band past ipa 0x700c18410 len 65536 shrunk 64 -> 0 by an overlapping window of the same call
[trap] num=398 (0x18e) pc=0x1804ae948 args=[0x1803fd5e6,0x1000000,0x0,0x42,0x0,0x0,0xffffffffbfc007ff,0xfffff0003ffff800]
[trap] num=339 (0x153) pc=0x1804bc288 args=[0x4,0x27fd870,0x0,0x42,0x0,0x0,0xffffffffbfc007ff,0xfffff0003ffff800]
[trap] num=406 (0x196) pc=0x1804b2174 args=[0x4,0x32,0x27fd3e0,0x27fd7a0,0x27fd440,0x0,0xffffffffbfc007ff,0xfffff0003ffff800]
[trap] num=399 (0x18f) pc=0x1804af584 args=[0x4,0x32,0x27fd3e0,0x27fd7a0,0x27fd440,0x0,0xffffffffbfc007ff,0xfffff0003ffff800]
[trap] num=338 (0x152) pc=0x1804b988c args=[0x27fd3e0,0x27fd7e0,0x27fd3e0,0x27fd7a0,0x27fd440,0x0,0xffffffffbfc007ff,0xfffff0003ffff800]
[trap] num=398 (0x18e) pc=0x1804ae948 args=[0x1803fd5e6,0x1000000,0x0,0x4c,0x6d500,0x20,0xffffffffbfc007ff,0xfffff0003ffff800]
[trap] num=339 (0x153) pc=0x1804bc288 args=[0x4,0x27fd870,0x0,0x4c,0x6d500,0x20,0xffffffffbfc007ff,0xfffff0003ffff800]
[trap] num=406 (0x196) pc=0x1804b2174 args=[0x4,0x32,0x27fd3e0,0x27fd7a0,0x27fd440,0x20,0xffffffffbfc007ff,0xfffff0003ffff800]
[trap] num=399 (0x18f) pc=0x1804af584 args=[0x4,0x32,0x27fd3e0,0x27fd7a0,0x27fd440,0x20,0xffffffffbfc007ff,0xfffff0003ffff800]
[trap] num=338 (0x152) pc=0x1804b988c args=[0x27fd3e0,0x27fd7e0,0x27fd3e0,0x27fd7a0,0x27fd440,0x20,0xffffffffbfc007ff,0xfffff0003ffff800]
[trap] num=5 (0x5) pc=0x1804ae694 args=[0x6d540,0x1000a02,0x1b6,0x6d5e7,0x70102c080,0x20,0x6b,0xfffff0003ffff800]
[M28 BANDSHRINK] syscall 5 band past ipa 0x6d540 len 65536 shrunk 64 -> 0 by an overlapping window of the same call
[trap] num=46 (0x2e) pc=0x1804b4478 args=[0x2,0x27fdb58,0x27fdb80,0x1,0x0,0x1,0x0,0x0]
[trap] num=46 (0x2e) pc=0x1804b4478 args=[0x1,0x27fdb58,0x27fdb80,0xa003c2400,0x7010540c0,0x0,0xffffffffbfc007ff,0xfffff0003ffff800]
[trap] num=46 (0x2e) pc=0x1804b4478 args=[0xf,0x27fdb58,0x27fdb80,0xa003c2400,0x701054180,0x0,0xffffffffbfc007ff,0xfffff0003ffff800]
[trap] num=46 (0x2e) pc=0x1804b4478 args=[0x3,0x27fdb58,0x27fdb80,0xa003c2400,0x701054240,0x0,0xffffffffbfc007ff,0xfffff0003ffff800]
[trap] num=46 (0x2e) pc=0x1804b4478 args=[0xd,0x27fdb78,0x27fdba0,0xa003c2400,0x701054300,0x0,0xffffffffbfc007ff,0xfffff0003ffff800]
[trap] num=340 (0x154) pc=0x1804b9860 args=[0x700c184b0,0x27fdc10,0x0,0x700c184c5,0x10027b3f7,0x27fdb70,0x6369706f742f7364,0xfffff0003ffff800]
[M28 BANDSHRINK] syscall 340 band past ipa 0x700c184b0 len 65536 shrunk 64 -> 0 by an overlapping window of the same call
[trap] num=338 (0x152) pc=0x1804b988c args=[0x700c181e0,0x27fd9d0,0x1002d265f,0x27fde00,0x6d288,0x27fdc0c,0x1001af3d4,0xfffff0003ffff800]
[trap] num=4 (0x4) pc=0x1804b1834 args=[0x4,0x10031fd2d,0x28,0x0,0x27fdf30,0x0,0x6369706f742f7364,0xfffff0003ffff800]
[trap] num=4 (0x4) pc=0x1804b1834 args=[0x4,0x100307140,0x1,0x0,0x27fdf30,0x0,0x6369706f742f7364,0xfffff0003ffff800]
[trap] num=6 (0x6) pc=0x1804ae8f0 args=[0x4,0x4,0x1,0x0,0x27fdf30,0x0,0x6369706f742f7364,0xfffff0003ffff800]
[trap] num=338 (0x152) pc=0x1804b988c args=[0x700c181e0,0x27fd9b0,0x1002d265f,0x27fdc70,0x27fdbec,0x27fdcb0,0x1001af3d4,0x8c0]
[trap] num=338 (0x152) pc=0x1804b988c args=[0x700c181e0,0x27fd9b0,0x1002d265f,0x27fdc70,0x27fdbec,0x27fdcb0,0x1001af3d4,0x8c0]
[trap] num=338 (0x152) pc=0x1804b988c args=[0x700c181e0,0x27fd980,0x1002d264c,0x1,0x0,0x2f,0x63,0x8c0]
[trap] num=33 (0x21) pc=0x1804ae668 args=[0x6d4b0,0x1,0xd46,0x1,0x0,0x6f,0x6e,0xfffff0003ffff800]
[trap] num=5 (0x5) pc=0x1804ae694 args=[0x700c18410,0x209,0x1b6,0x700c1842a,0x1002d2273,0x27fdc50,0x6369706f742f7364,0xfffff0003ffff800]
[M28 BANDSHRINK] syscall 5 band past ipa 0x700c18410 len 65536 shrunk 64 -> 0 by an overlapping window of the same call
[trap] num=24 (0x18) pc=0x1804af858 args=[0x2ffcc,0x103,0x103,0x103,0x0,0x27fdc50,0x6369706f742f7364,0xfffff0003ffff800]
[trap] num=327 (0x147) pc=0x1804ad92c args=[0x0,0x1edd85ee8,0x180503ca0,0x1f5,0x2,0x27fdc50,0x6369706f742f7364,0xfffff0003ffff800]
[trap] num=25 (0x19) pc=0x1804af050 args=[0x1ec7182a0,0x0,0x1f5,0x2,0x6d8c0,0x0,0x65,0xfffff0003ffff800]
[trap] num=194 (0xc2) pc=0x1804b00c8 args=[0x1008,0x27fd8c8,0x1804edb6c,0x2,0x6d8c0,0x0,0x65,0xfffff0003ffff800]
[trap] num=398 (0x18e) pc=0x1804ae948 args=[0x18052cc13,0x0,0x0,0x2,0x6d8c0,0x0,0x65,0xfffff0003ffff800]
[trap] num=339 (0x153) pc=0x1804bc288 args=[0x5,0x27fd8d0,0x120a8,0x1ec7035c0,0x27fda48,0x27fda40,0x65,0xfffff0003ffff800]
[trap] num=339 (0x153) pc=0x1804bc288 args=[0x5,0x27fc7c0,0x27fc884,0x1ec7035c0,0x27fda48,0x27fda40,0x65,0xfffff0003ffff800]
[trap] num=396 (0x18c) pc=0x1804afcac args=[0x5,0x70101a000,0x1000,0xa003c3160,0x70101a000,0x0,0xffffffffbfc007ff,0xfffff0003ffff800]
[trap] num=396 (0x18c) pc=0x1804afcac args=[0x5,0x70101a000,0x1000,0x27fc965,0x70100c140,0x0,0x65,0xfffff0003ffff800]
[M28 BANDSHRINK] syscall 396 band past ipa 0x70100c140 len 65536 shrunk 64 -> 0 by an overlapping window of the same call
[trap] num=396 (0x18c) pc=0x1804afcac args=[0x5,0x70101a000,0x1000,0x27fc95a,0x70100c140,0x0,0x61,0xfffff0003ffff800]
[M28 BANDSHRINK] syscall 396 band past ipa 0x70100c140 len 65536 shrunk 64 -> 0 by an overlapping window of the same call
[trap] num=396 (0x18c) pc=0x1804afcac args=[0x5,0x70101a000,0x1000,0xfffff0007fc00000,0x7010081c0,0x0,0x0,0xfffff0003ffff800]
[trap] num=399 (0x18f) pc=0x1804af584 args=[0x5,0x0,0x1804edb6c,0xfffff0007fc00000,0x7010081c0,0x0,0x0,0xfffff0003ffff800]
[trap] num=194 (0xc2) pc=0x1804b00c8 args=[0x1008,0x27fd9c8,0x1804edb6c,0x700c02f47,0x700c02f40,0x0,0x6e,0xfffff0003ffff800]
[M28 BANDSHRINK] syscall 194 band past ipa 0x700c02f40 len 65536 shrunk 64 -> 0 by an overlapping window of the same call
[trap] num=398 (0x18e) pc=0x1804ae948 args=[0x1002c35a1,0x0,0x0,0x700c02f47,0x700c02f40,0x0,0x6e,0xfffff0003ffff800]
[M28 BANDSHRINK] syscall 398 band past ipa 0x700c02f40 len 65536 shrunk 64 -> 0 by an overlapping window of the same call
[trap] num=202 (0xca) pc=0x1804af460 args=[0x27fdb00,0x2,0x27fdba0,0x27fd9f0,0x0,0x0,0x6e,0xfffff0003ffff800]
[trap] num=24 (0x18) pc=0x1804af858 args=[0x2ffcc,0x6d500,0x1b,0x0,0x0,0x0,0x6c,0xfffff0003ffff800]
[trap] num=327 (0x147) pc=0x1804ad92c args=[0x0,0x1edd85ee8,0x180503ca0,0x1f5,0x2,0x0,0x6c,0xfffff0003ffff800]
[trap] num=25 (0x19) pc=0x1804af050 args=[0x1ec7182a0,0x0,0x1f5,0x2,0x6d8c0,0x0,0x65,0xfffff0003ffff800]
[trap] num=194 (0xc2) pc=0x1804b00c8 args=[0x1008,0x27fd9e8,0x1804edb6c,0x2,0x6d8c0,0x0,0x65,0xfffff0003ffff800]
[trap] num=398 (0x18e) pc=0x1804ae948 args=[0x18052cc13,0x0,0x0,0x2,0x6d8c0,0x0,0x65,0xfffff0003ffff800]
[trap] num=339 (0x153) pc=0x1804bc288 args=[0x5,0x27fd9f0,0x120a8,0x1ec7035c0,0x27fdb68,0x27fdb60,0x65,0xfffff0003ffff800]
[trap] num=339 (0x153) pc=0x1804bc288 args=[0x5,0x27fc8e0,0x27fc9a4,0x1ec7035c0,0x27fdb68,0x27fdb60,0x65,0xfffff0003ffff800]
[trap] num=396 (0x18c) pc=0x1804afcac args=[0x5,0x70101a000,0x1000,0xa003c3160,0x70101a000,0x0,0xffffffffbfc007ff,0xfffff0003ffff800]
[trap] num=396 (0x18c) pc=0x1804afcac args=[0x5,0x70101a000,0x1000,0x27fca85,0x70100c140,0x0,0x65,0xfffff0003ffff800]
[M28 BANDSHRINK] syscall 396 band past ipa 0x70100c140 len 65536 shrunk 64 -> 0 by an overlapping window of the same call
[trap] num=396 (0x18c) pc=0x1804afcac args=[0x5,0x70101a000,0x1000,0x27fca7a,0x70100c140,0x0,0x61,0xfffff0003ffff800]
[M28 BANDSHRINK] syscall 396 band past ipa 0x70100c140 len 65536 shrunk 64 -> 0 by an overlapping window of the same call
[trap] num=396 (0x18c) pc=0x1804afcac args=[0x5,0x70101a000,0x1000,0xfffff0007fc00000,0x7010081c0,0x0,0x0,0xfffff0003ffff800]
[trap] num=399 (0x18f) pc=0x1804af584 args=[0x5,0x0,0x1804edb6c,0xfffff0007fc00000,0x7010081c0,0x0,0x0,0xfffff0003ffff800]
[trap] num=116 (0x74) pc=0x1804b1b60 args=[0x27fdcb0,0x0,0x0,0xfffffc088,0x0,0x0,0x0,0xfffff0003ffff800]
[trap] num=33 (0x21) pc=0x1804ae668 args=[0x1803fed70,0x4,0x0,0x27fd7ef,0x0,0x1,0x0,0x0]
[trap] num=398 (0x18e) pc=0x1804ae948 args=[0x1803fed70,0x0,0x0,0x27fd7ef,0x0,0x1,0x0,0x0]
[trap] num=339 (0x153) pc=0x1804bc288 args=[0x5,0x27fd6e0,0x0,0x27fd7ef,0x0,0x1,0x0,0x0]
[trap] num=396 (0x18c) pc=0x1804afcac args=[0x5,0xa0089c000,0xa1e8,0x3,0x1,0x1,0x0,0x0]
[trap] num=399 (0x18f) pc=0x1804af584 args=[0x5,0xa0089c000,0xa1e8,0x3,0x1,0x1,0x0,0x0]
[trap] num=327 (0x147) pc=0x1804ad92c args=[0x1803fedf5,0xa00881000,0x0,0x0,0xa00881000,0x0,0x3ff800,0xffffffffbfc007ff]
[trap] num=398 (0x18e) pc=0x1804ae948 args=[0x6dfa0,0x0,0x0,0x0,0x0,0x0,0x0,0xffffffffbfc007ff]
[trap] num=339 (0x153) pc=0x1804bc288 args=[0x5,0x27fd510,0x0,0x0,0x0,0x0,0x0,0xffffffffbfc007ff]
[trap] num=396 (0x18c) pc=0x1804afcac args=[0x5,0xa008a8000,0xa1e8,0x3,0x1,0x1,0x0,0x0]
[trap] num=399 (0x18f) pc=0x1804af584 args=[0x5,0xa008a8000,0xa1e8,0x3,0x1,0x1,0x0,0x0]
[trap] num=75 (0x4b) pc=0x1804b09b0 args=[0xa008a8000,0xc000,0x7,0x0,0x0,0x0,0x1,0x0]
[m47] num=75 args=[0xa008a8000,0xc000,0x7] policy="" op="" ret=0x0 err=false writes=0
[trap] num=75 (0x4b) pc=0x1804b09b0 args=[0xa0089c000,0xc000,0x7,0x0,0x0,0x0,0x33,0x0]
[m47] num=75 args=[0xa0089c000,0xc000,0x7] policy="" op="" ret=0x0 err=false writes=0
[trap] num=4 (0x4) pc=0x1804b1834 args=[0x4,0x6e040,0xa3,0x6e0e2,0x6e000,0x20,0x44,0xfffff0003ffff800]
[M28 BANDSHRINK] syscall 4 band past ipa 0x6e040 len 65536 shrunk 64 -> 0 by an overlapping window of the same call
[M28 BANDSHRINK] syscall 4 band past ipa 0x6e000 len 65536 shrunk 64 -> 0 by an overlapping window of the same call
[trap] num=6 (0x6) pc=0x1804ae8f0 args=[0x4,0x0,0x0,0x6e100,0x6e0c0,0x20,0x44,0xfffff0003ffff800]
[M28 BANDSHRINK] syscall 6 band past ipa 0x6e0c0 len 65536 shrunk 64 -> 0 by an overlapping window of the same call
[trap] num=340 (0x154) pc=0x1804b9860 args=[0x7010543c0,0x27fdd40,0xffffffffffffffe7,0x0,0x0,0x0,0xffffffffbfc007ff,0xfffff0003ffff800]
[trap] num=128 (0x80) pc=0x1804b188c args=[0x6d540,0x7010543c0,0xffffffffffffffe7,0x0,0x0,0x0,0xffffffffbfc007ff,0xfffff0003ffff800]
[trap] num=33 (0x21) pc=0x1804ae668 args=[0x6d4b0,0x1,0xd47,0x4,0x0,0x6f,0x6e,0xfffff0003ffff800]
[trap] num=340 (0x154) pc=0x1804b9860 args=[0x700c18370,0x27fdb80,0x0,0x700c18379,0x10027b3f7,0x27fdae0,0x44,0xfffff0003ffff800]
[M28 BANDSHRINK] syscall 340 band past ipa 0x700c18370 len 65536 shrunk 64 -> 0 by an overlapping window of the same call
[trap] num=5 (0x5) pc=0x1804ae694 args=[0x700c18370,0x0,0x0,0x700c18379,0x10027b3f7,0x27fdae0,0x44,0xfffff0003ffff800]
[M28 BANDSHRINK] syscall 5 band past ipa 0x700c18370 len 65536 shrunk 64 -> 0 by an overlapping window of the same call
[trap] num=3 (0x3) pc=0x1804ae91c args=[0x4,0x70102c000,0x100,0xa003c2640,0x70102c000,0x0,0xffffffffbfc007ff,0xfffff0003ffff800]
[trap] num=3 (0x3) pc=0x1804ae91c args=[0x4,0x70102c015,0xeb,0xa003c2640,0x70102c000,0x0,0xffffffffbfc007ff,0xfffff0003ffff800]
[M28 BANDSHRINK] syscall 3 band past ipa 0x70102c000 len 65536 shrunk 64 -> 0 by an overlapping window of the same call
[trap] num=6 (0x6) pc=0x1804ae8f0 args=[0x4,0x70102c015,0xeb,0xa003c2640,0x70102c000,0x0,0xffffffffbfc007ff,0xfffff0003ffff800]
[M28 BANDSHRINK] syscall 6 band past ipa 0x70102c000 len 65536 shrunk 64 -> 0 by an overlapping window of the same call
[trap] num=340 (0x154) pc=0x1804b9860 args=[0x700c18370,0x27fdb80,0x0,0x700c18384,0x10027b3f7,0x27fdae0,0x6e,0xfffff0003ffff800]
[M28 BANDSHRINK] syscall 340 band past ipa 0x700c18370 len 65536 shrunk 64 -> 0 by an overlapping window of the same call
[trap] num=5 (0x5) pc=0x1804ae694 args=[0x700c18370,0x0,0x0,0x700c18384,0x10027b3f7,0x27fdae0,0x6e,0xfffff0003ffff800]
[M28 BANDSHRINK] syscall 5 band past ipa 0x700c18370 len 65536 shrunk 64 -> 0 by an overlapping window of the same call
[trap] num=3 (0x3) pc=0x1804ae91c args=[0x4,0x70102c000,0x100,0xa0040c2a0,0x0,0x27fda67,0x3ff800,0xfffff0007ffff800]
[trap] num=3 (0x3) pc=0x1804ae91c args=[0x4,0x70102c029,0xd7,0xa0040c2a0,0x0,0x27fda67,0x3ff800,0xfffff0007ffff800]
[trap] num=6 (0x6) pc=0x1804ae8f0 args=[0x4,0x70102c029,0xd7,0xa0040c2a0,0x0,0x27fda67,0x3ff800,0xfffff0007ffff800]
[trap] num=340 (0x154) pc=0x1804b9860 args=[0x700c182d0,0x27fdc80,0x0,0x700c182da,0x10027b3f7,0x27fdbe0,0x63,0xfffff0003ffff800]
[M28 BANDSHRINK] syscall 340 band past ipa 0x700c182d0 len 65536 shrunk 64 -> 0 by an overlapping window of the same call
[trap] num=338 (0x152) pc=0x1804b988c args=[0x700c181e0,0x27fda40,0x1002d265f,0x100306f98,0x27fddf0,0x27fdc7c,0x1001af3d4,0x8c0]
[trap] num=340 (0x154) pc=0x1804b9860 args=[0x700c182d0,0x27fdc80,0x0,0x700c182df,0x10027b3f7,0x27fdbe0,0x63,0xfffff0003ffff800]
[M28 BANDSHRINK] syscall 340 band past ipa 0x700c182d0 len 65536 shrunk 64 -> 0 by an overlapping window of the same call
[trap] num=338 (0x152) pc=0x1804b988c args=[0x700c181e0,0x27fda40,0x1002d265f,0x100306f98,0x27fddf0,0x27fdc7c,0x1001af3d4,0x8c0]
[trap] num=340 (0x154) pc=0x1804b9860 args=[0x700c182d0,0x27fdc80,0x0,0x700c182e4,0x10027b3f7,0x27fdbe0,0x63,0xfffff0003ffff800]
[M28 BANDSHRINK] syscall 340 band past ipa 0x700c182d0 len 65536 shrunk 64 -> 0 by an overlapping window of the same call
[trap] num=338 (0x152) pc=0x1804b988c args=[0x700c181e0,0x27fda40,0x1002d265f,0x100306f98,0x27fddf0,0x27fdc7c,0x1001af3d4,0x8c0]
[trap] num=340 (0x154) pc=0x1804b9860 args=[0x700c182d0,0x27fdc80,0x0,0x700c182e5,0x10027b3f7,0x27fdbe0,0x6369706f742f7364,0xfffff0003ffff800]
[M28 BANDSHRINK] syscall 340 band past ipa 0x700c182d0 len 65536 shrunk 64 -> 0 by an overlapping window of the same call
[trap] num=5 (0x5) pc=0x1804ae694 args=[0x700c182d0,0x0,0x0,0x700c182e5,0x10027b3f7,0x27fdbe0,0x6369706f742f7364,0xfffff0003ffff800]
[M28 BANDSHRINK] syscall 5 band past ipa 0x700c182d0 len 65536 shrunk 64 -> 0 by an overlapping window of the same call
[trap] num=3 (0x3) pc=0x1804ae91c args=[0x4,0x70102c000,0x100,0xa003c2640,0x70102c000,0x0,0xffffffffbfc007ff,0xfffff0003ffff800]
[trap] num=3 (0x3) pc=0x1804ae91c args=[0x4,0x70102c029,0xd7,0xa003c2640,0x70102c000,0x0,0xffffffffbfc007ff,0xfffff0003ffff800]
[M28 BANDSHRINK] syscall 3 band past ipa 0x70102c000 len 65536 shrunk 64 -> 0 by an overlapping window of the same call
[trap] num=6 (0x6) pc=0x1804ae8f0 args=[0x4,0x70102c029,0xd7,0xa003c2640,0x70102c000,0x0,0xffffffffbfc007ff,0xfffff0003ffff800]
[M28 BANDSHRINK] syscall 6 band past ipa 0x70102c000 len 65536 shrunk 64 -> 0 by an overlapping window of the same call
[trap] num=340 (0x154) pc=0x1804b9860 args=[0x700c182d0,0x27fdc80,0x0,0x700c182e7,0x10027b3f7,0x27fdbe0,0x63,0xfffff0003ffff800]
[M28 BANDSHRINK] syscall 340 band past ipa 0x700c182d0 len 65536 shrunk 64 -> 0 by an overlapping window of the same call
[trap] num=338 (0x152) pc=0x1804b988c args=[0x700c181e0,0x27fda40,0x1002d265f,0x100306f98,0x27fddf0,0x27fdc7c,0x1001af3d4,0x8c0]
[trap] num=340 (0x154) pc=0x1804b9860 args=[0x700c182d0,0x27fdc80,0x0,0x700c182ec,0x10027b3f7,0x27fdbe0,0x44,0xfffff0003ffff800]
[M28 BANDSHRINK] syscall 340 band past ipa 0x700c182d0 len 65536 shrunk 64 -> 0 by an overlapping window of the same call
[trap] num=338 (0x152) pc=0x1804b988c args=[0x700c181e0,0x27fda40,0x1002d265f,0x100306f98,0x27fddf0,0x27fdc7c,0x1001af3d4,0x8c0]
[trap] num=340 (0x154) pc=0x1804b9860 args=[0x700c18280,0x27fdbb0,0x0,0x700c18289,0x10027b3f7,0x27fdb10,0x44,0xfffff0003ffff800]
[M28 BANDSHRINK] syscall 340 band past ipa 0x700c18280 len 65536 shrunk 64 -> 0 by an overlapping window of the same call
[trap] num=5 (0x5) pc=0x1804ae694 args=[0x700c18280,0x0,0x0,0x700c18289,0x10027b3f7,0x27fdb10,0x44,0xfffff0003ffff800]
[M28 BANDSHRINK] syscall 5 band past ipa 0x700c18280 len 65536 shrunk 64 -> 0 by an overlapping window of the same call
[trap] num=3 (0x3) pc=0x1804ae91c args=[0x4,0x70102c000,0x100,0xa003c2640,0x70102c000,0x0,0xffffffffbfc007ff,0xfffff0003ffff800]
[trap] num=3 (0x3) pc=0x1804ae91c args=[0x4,0x70102c015,0xeb,0xa003c2640,0x70102c000,0x0,0xffffffffbfc007ff,0xfffff0003ffff800]
[M28 BANDSHRINK] syscall 3 band past ipa 0x70102c000 len 65536 shrunk 64 -> 0 by an overlapping window of the same call
[trap] num=6 (0x6) pc=0x1804ae8f0 args=[0x4,0x70102c015,0xeb,0xa003c2640,0x70102c000,0x0,0xffffffffbfc007ff,0xfffff0003ffff800]
[M28 BANDSHRINK] syscall 6 band past ipa 0x70102c000 len 65536 shrunk 64 -> 0 by an overlapping window of the same call
[trap] num=338 (0x152) pc=0x1804b988c args=[0x700c18280,0x27fdcf0,0x0,0x700c18289,0x10027b3f7,0x27fdd50,0x44,0xfffff0003ffff800]
[M28 BANDSHRINK] syscall 338 band past ipa 0x700c18280 len 65536 shrunk 64 -> 0 by an overlapping window of the same call
[trap] num=398 (0x18e) pc=0x1804ae948 args=[0x1803fd5e6,0x1000000,0x0,0x26,0x0,0x0,0xffffffffbfc007ff,0xfffff0003ffff800]
[trap] num=339 (0x153) pc=0x1804bc288 args=[0x4,0x27fd8c0,0x0,0x26,0x0,0x0,0xffffffffbfc007ff,0xfffff0003ffff800]
[trap] num=406 (0x196) pc=0x1804b2174 args=[0x4,0x32,0x27fd430,0x27fd7f0,0x27fd480,0x0,0xffffffffbfc007ff,0xfffff0003ffff800]
[trap] num=399 (0x18f) pc=0x1804af584 args=[0x4,0x32,0x27fd430,0x27fd7f0,0x27fd480,0x0,0xffffffffbfc007ff,0xfffff0003ffff800]
[trap] num=338 (0x152) pc=0x1804b988c args=[0x27fd430,0x27fd830,0x27fd430,0x27fd7f0,0x27fd480,0x0,0xffffffffbfc007ff,0xfffff0003ffff800]
[trap] num=398 (0x18e) pc=0x1804ae948 args=[0x1803fd5e6,0x1000000,0x0,0x30,0x6d1c0,0x20,0xffffffffbfc007ff,0xfffff0003ffff800]
[trap] num=339 (0x153) pc=0x1804bc288 args=[0x4,0x27fd8c0,0x0,0x30,0x6d1c0,0x20,0xffffffffbfc007ff,0xfffff0003ffff800]
[trap] num=406 (0x196) pc=0x1804b2174 args=[0x4,0x32,0x27fd430,0x27fd7f0,0x27fd480,0x20,0xffffffffbfc007ff,0xfffff0003ffff800]
[trap] num=399 (0x18f) pc=0x1804af584 args=[0x4,0x32,0x27fd430,0x27fd7f0,0x27fd480,0x20,0xffffffffbfc007ff,0xfffff0003ffff800]
[trap] num=338 (0x152) pc=0x1804b988c args=[0x27fd430,0x27fd830,0x27fd430,0x27fd7f0,0x27fd480,0x20,0xffffffffbfc007ff,0xfffff0003ffff800]
[trap] num=5 (0x5) pc=0x1804ae694 args=[0x6d160,0x1000a02,0x1b6,0x6d1fb,0x70102c080,0x20,0x6b,0x0]
[M28 BANDSHRINK] syscall 5 band past ipa 0x6d160 len 65536 shrunk 64 -> 0 by an overlapping window of the same call
[trap] num=340 (0x154) pc=0x1804b9860 args=[0x700c18230,0x27fdc60,0x0,0x700c18239,0x10027b3f7,0x27fdbc0,0x44,0xfffff0003ffff800]
[M28 BANDSHRINK] syscall 340 band past ipa 0x700c18230 len 65536 shrunk 64 -> 0 by an overlapping window of the same call
[trap] num=5 (0x5) pc=0x1804ae694 args=[0x700c18230,0x0,0x0,0x700c18239,0x10027b3f7,0x27fdbc0,0x44,0xfffff0003ffff800]
[M28 BANDSHRINK] syscall 5 band past ipa 0x700c18230 len 65536 shrunk 64 -> 0 by an overlapping window of the same call
[trap] num=3 (0x3) pc=0x1804ae91c args=[0x5,0x70102c000,0x100,0xa003c2640,0x70102c000,0x0,0xffffffffbfc007ff,0xfffff0003ffff800]
[trap] num=3 (0x3) pc=0x1804ae91c args=[0x5,0x70102c015,0xeb,0xa003c2640,0x70102c000,0x0,0xffffffffbfc007ff,0xfffff0003ffff800]
[M28 BANDSHRINK] syscall 3 band past ipa 0x70102c000 len 65536 shrunk 64 -> 0 by an overlapping window of the same call
[trap] num=6 (0x6) pc=0x1804ae8f0 args=[0x5,0x70102c015,0xeb,0xa003c2640,0x70102c000,0x0,0xffffffffbfc007ff,0xfffff0003ffff800]
[M28 BANDSHRINK] syscall 6 band past ipa 0x70102c000 len 65536 shrunk 64 -> 0 by an overlapping window of the same call
[trap] num=340 (0x154) pc=0x1804b9860 args=[0x700c18280,0x27fdbc0,0x0,0x700c18294,0x10027b3f7,0x27fdb20,0x6e,0xfffff0003ffff800]
[M28 BANDSHRINK] syscall 340 band past ipa 0x700c18280 len 65536 shrunk 64 -> 0 by an overlapping window of the same call
[trap] num=5 (0x5) pc=0x1804ae694 args=[0x700c18280,0x0,0x0,0x700c18294,0x10027b3f7,0x27fdb20,0x6e,0xfffff0003ffff800]
[M28 BANDSHRINK] syscall 5 band past ipa 0x700c18280 len 65536 shrunk 64 -> 0 by an overlapping window of the same call
[trap] num=3 (0x3) pc=0x1804ae91c args=[0x5,0x70102c000,0x100,0xa003c2640,0x70102c000,0x0,0xffffffffbfc007ff,0xfffff0003ffff800]
[trap] num=3 (0x3) pc=0x1804ae91c args=[0x5,0x70102c029,0xd7,0xa003c2640,0x70102c000,0x0,0xffffffffbfc007ff,0xfffff0003ffff800]
[M28 BANDSHRINK] syscall 3 band past ipa 0x70102c000 len 65536 shrunk 64 -> 0 by an overlapping window of the same call
[trap] num=6 (0x6) pc=0x1804ae8f0 args=[0x5,0x70102c029,0xd7,0xa003c2640,0x70102c000,0x0,0xffffffffbfc007ff,0xfffff0003ffff800]
[M28 BANDSHRINK] syscall 6 band past ipa 0x70102c000 len 65536 shrunk 64 -> 0 by an overlapping window of the same call
[trap] num=406 (0x196) pc=0x1804b2174 args=[0x4,0x3,0x0,0xfffff0007fc00000,0x70102c080,0x0,0x27fdbbc,0xfffff0003ffff800]
[trap] num=194 (0xc2) pc=0x1804b00c8 args=[0x1008,0x27fdcd8,0x1804edb6c,0xfffff0007fc00000,0x70102c080,0x0,0x27fdbbc,0xfffff0003ffff800]
[trap] num=339 (0x153) pc=0x1804bc288 args=[0x4,0x27fdb60,0x27fdc24,0x1ec701f90,0x1002d2019,0x27fddc0,0x27fdbbc,0xfffff0003ffff800]
[trap] num=397 (0x18d) pc=0x1804b1be4 args=[0x4,0x70101a000,0x16,0x70101a016,0x70101a000,0x0,0xa,0xfffff0003ffff800]
[M28 BANDSHRINK] syscall 397 band past ipa 0x70101a000 len 65536 shrunk 64 -> 0 by an overlapping window of the same call
[M28 BANDSHRINK] syscall 397 band past ipa 0x70101a000 len 65536 shrunk 64 -> 0 by an overlapping window of the same call
[trap] num=399 (0x18f) pc=0x1804af584 args=[0x4,0x70101a000,0x16,0x70101a016,0x70101a000,0x0,0xa,0xfffff0003ffff800]
[M28 BANDSHRINK] syscall 399 band past ipa 0x70101a000 len 65536 shrunk 64 -> 0 by an overlapping window of the same call
[M28 BANDSHRINK] syscall 399 band past ipa 0x70101a000 len 65536 shrunk 64 -> 0 by an overlapping window of the same call
[trap] num=33 (0x21) pc=0x1804ae668 args=[0x6d4b0,0x1,0xb30,0x1,0x0,0x6f,0x6e,0xfffff0003ffff800]
[trap] num=340 (0x154) pc=0x1804b9860 args=[0x700c18280,0x27fdc10,0x0,0x700c18295,0x10027b3f7,0x27fdb70,0x6369706f742f7364,0xfffff0003ffff800]
[M28 BANDSHRINK] syscall 340 band past ipa 0x700c18280 len 65536 shrunk 64 -> 0 by an overlapping window of the same call
[trap] num=5 (0x5) pc=0x1804ae694 args=[0x700c18280,0x0,0x0,0x700c18295,0x10027b3f7,0x27fdb70,0x6369706f742f7364,0xfffff0003ffff800]
[M28 BANDSHRINK] syscall 5 band past ipa 0x700c18280 len 65536 shrunk 64 -> 0 by an overlapping window of the same call
[trap] num=3 (0x3) pc=0x1804ae91c args=[0x4,0x70102c000,0x100,0xa003c2640,0x70102c000,0x0,0xffffffffbfc007ff,0xfffff0003ffff800]
[trap] num=3 (0x3) pc=0x1804ae91c args=[0x4,0x70102c029,0xd7,0xa003c2640,0x70102c000,0x0,0xffffffffbfc007ff,0xfffff0003ffff800]
[M28 BANDSHRINK] syscall 3 band past ipa 0x70102c000 len 65536 shrunk 64 -> 0 by an overlapping window of the same call
[trap] num=6 (0x6) pc=0x1804ae8f0 args=[0x4,0x70102c029,0xd7,0xa003c2640,0x70102c000,0x0,0xffffffffbfc007ff,0xfffff0003ffff800]
[M28 BANDSHRINK] syscall 6 band past ipa 0x70102c000 len 65536 shrunk 64 -> 0 by an overlapping window of the same call
[trap] num=5 (0x5) pc=0x1804ae694 args=[0x700c18280,0x209,0x1b6,0xfffffffffffffff4,0x0,0x0,0x44,0x870]
[trap] num=4 (0x4) pc=0x1804b1834 args=[0x4,0x700c44000,0xad,0x700c440ac,0x700c3c080,0x20,0x63,0x0]
[M28 BANDSHRINK] syscall 4 band past ipa 0x700c44000 len 65536 shrunk 64 -> 0 by an overlapping window of the same call
[M28 BANDSHRINK] syscall 4 band past ipa 0x700c3c080 len 65536 shrunk 64 -> 0 by an overlapping window of the same call
[trap] num=6 (0x6) pc=0x1804ae8f0 args=[0x4,0xa003bdca0,0x0,0xa,0x700c44080,0x20,0x63,0x0]
[trap] num=340 (0x154) pc=0x1804b9860 args=[0x700c3c000,0x27fdd60,0xfffffffffffffffb,0x0,0x0,0x0,0x3ff800,0xfffff0007ffff800]
[trap] num=128 (0x80) pc=0x1804b188c args=[0x6d160,0x700c3c000,0xfffffffffffffffb,0x0,0x0,0x0,0xffffffffbfc007ff,0xfffff0003ffff800]
[trap] num=33 (0x21) pc=0x1804ae668 args=[0x6d4b0,0x1,0xb30,0x1,0x0,0x6f,0x6e,0xfffff0003ffff800]
[trap] num=340 (0x154) pc=0x1804b9860 args=[0x700c182d0,0x27fdde0,0x0,0x700c182e4,0x10027b3f7,0x27fdd40,0x6e,0xfffff0003ffff800]
[M28 BANDSHRINK] syscall 340 band past ipa 0x700c182d0 len 65536 shrunk 64 -> 0 by an overlapping window of the same call
[trap] num=5 (0x5) pc=0x1804ae694 args=[0x700c182d0,0x0,0x0,0x700c182e4,0x10027b3f7,0x27fdd40,0x6e,0xfffff0003ffff800]
[M28 BANDSHRINK] syscall 5 band past ipa 0x700c182d0 len 65536 shrunk 64 -> 0 by an overlapping window of the same call
[trap] num=3 (0x3) pc=0x1804ae91c args=[0x4,0x70102c000,0x100,0xa003c2640,0x70102c000,0x0,0xffffffffbfc007ff,0xfffff0003ffff800]
[trap] num=3 (0x3) pc=0x1804ae91c args=[0x4,0x70102c029,0xd7,0xa003c2640,0x70102c000,0x0,0xffffffffbfc007ff,0xfffff0003ffff800]
[M28 BANDSHRINK] syscall 3 band past ipa 0x70102c000 len 65536 shrunk 64 -> 0 by an overlapping window of the same call
[trap] num=6 (0x6) pc=0x1804ae8f0 args=[0x4,0x70102c029,0xd7,0xa003c2640,0x70102c000,0x0,0xffffffffbfc007ff,0xfffff0003ffff800]
[M28 BANDSHRINK] syscall 6 band past ipa 0x70102c000 len 65536 shrunk 64 -> 0 by an overlapping window of the same call
[trap] num=340 (0x154) pc=0x1804b9860 args=[0x700c182d0,0x27fdca0,0x0,0x700c182e5,0x10027b3f7,0x27fdc00,0x444145485f4b4349,0xfffff0003ffff800]
[M28 BANDSHRINK] syscall 340 band past ipa 0x700c182d0 len 65536 shrunk 64 -> 0 by an overlapping window of the same call
[trap] num=338 (0x152) pc=0x1804b988c args=[0x700c181e0,0x27fda60,0x1002d265f,0x100306f98,0x27fde10,0x27fdc9c,0x1001af3d4,0xfffff0003ffff800]
[trap] num=340 (0x154) pc=0x1804b9860 args=[0x700c182d0,0x27fdca0,0x0,0x700c182e0,0x10027b3f7,0x27fdc00,0x44,0xfffff0003ffff800]
[M28 BANDSHRINK] syscall 340 band past ipa 0x700c182d0 len 65536 shrunk 64 -> 0 by an overlapping window of the same call
[trap] num=338 (0x152) pc=0x1804b988c args=[0x700c181e0,0x27fda60,0x1002d265f,0x100306f98,0x27fde10,0x27fdc9c,0x1001af3d4,0xfffff0003ffff800]
[trap] num=340 (0x154) pc=0x1804b9860 args=[0x700c18320,0x27fda80,0x0,0x700c18329,0x10027b3f7,0x27fd9e0,0x44,0xfffff0003ffff800]
[M28 BANDSHRINK] syscall 340 band past ipa 0x700c18320 len 65536 shrunk 64 -> 0 by an overlapping window of the same call
[trap] num=5 (0x5) pc=0x1804ae694 args=[0x700c18320,0x0,0x0,0x700c18329,0x10027b3f7,0x27fd9e0,0x44,0xfffff0003ffff800]
[M28 BANDSHRINK] syscall 5 band past ipa 0x700c18320 len 65536 shrunk 64 -> 0 by an overlapping window of the same call
[trap] num=3 (0x3) pc=0x1804ae91c args=[0x4,0x70102c000,0x100,0xa0040c2a0,0x0,0x27fd967,0x3ff800,0xfffff0007ffff800]
[trap] num=3 (0x3) pc=0x1804ae91c args=[0x4,0x70102c016,0xea,0xa0040c2a0,0x0,0x27fd967,0x3ff800,0xfffff0007ffff800]
[trap] num=6 (0x6) pc=0x1804ae8f0 args=[0x4,0x70102c016,0xea,0xa0040c2a0,0x0,0x27fd967,0x3ff800,0xfffff0007ffff800]
[trap] num=338 (0x152) pc=0x1804b988c args=[0x700c18320,0x27fdbc0,0x0,0x700c1832f,0x10027b3f7,0x27fdc20,0x45,0xfffff0003ffff800]
[M28 BANDSHRINK] syscall 338 band past ipa 0x700c18320 len 65536 shrunk 64 -> 0 by an overlapping window of the same call
[trap] num=398 (0x18e) pc=0x1804ae948 args=[0x1803fd5e6,0x1000000,0x0,0xa003c2340,0x700c3c000,0x0,0xffffffffbfc007ff,0xfffff0003ffff800]
[trap] num=339 (0x153) pc=0x1804bc288 args=[0x4,0x27fd790,0x0,0xa003c2340,0x700c3c000,0x0,0xffffffffbfc007ff,0xfffff0003ffff800]
[trap] num=406 (0x196) pc=0x1804b2174 args=[0x4,0x32,0x27fd300,0x27fd6c0,0x27fd380,0x0,0xffffffffbfc007ff,0xfffff0003ffff800]
[trap] num=399 (0x18f) pc=0x1804af584 args=[0x4,0x32,0x27fd300,0x27fd6c0,0x27fd380,0x0,0xffffffffbfc007ff,0xfffff0003ffff800]
[trap] num=338 (0x152) pc=0x1804b988c args=[0x27fd300,0x27fd700,0x27fd300,0x27fd6c0,0x27fd380,0x0,0xffffffffbfc007ff,0xfffff0003ffff800]
[trap] num=398 (0x18e) pc=0x1804ae948 args=[0x1803fd5e6,0x1000000,0x0,0xa,0x700c3c080,0x20,0xffffffffbfc007ff,0xfffff0003ffff800]
[trap] num=339 (0x153) pc=0x1804bc288 args=[0x4,0x27fd790,0x0,0xa,0x700c3c080,0x20,0xffffffffbfc007ff,0xfffff0003ffff800]
[trap] num=406 (0x196) pc=0x1804b2174 args=[0x4,0x32,0x27fd300,0x27fd6c0,0x27fd380,0x20,0xffffffffbfc007ff,0xfffff0003ffff800]
[trap] num=399 (0x18f) pc=0x1804af584 args=[0x4,0x32,0x27fd300,0x27fd6c0,0x27fd380,0x20,0xffffffffbfc007ff,0xfffff0003ffff800]
[trap] num=338 (0x152) pc=0x1804b988c args=[0x27fd300,0x27fd700,0x27fd300,0x27fd6c0,0x27fd380,0x20,0xffffffffbfc007ff,0xfffff0003ffff800]
[trap] num=5 (0x5) pc=0x1804ae694 args=[0x700c44000,0x1000a02,0x1b6,0x700c440a1,0x70102c080,0x20,0x6b,0xfffff0007ffff800]
[M28 BANDSHRINK] syscall 5 band past ipa 0x700c44000 len 65536 shrunk 64 -> 0 by an overlapping window of the same call
[trap] num=340 (0x154) pc=0x1804b9860 args=[0x700c18230,0x27fdb30,0x0,0x700c1823f,0x10027b3f7,0x27fda90,0x45,0xfffff0003ffff800]
[M28 BANDSHRINK] syscall 340 band past ipa 0x700c18230 len 65536 shrunk 64 -> 0 by an overlapping window of the same call
[trap] num=338 (0x152) pc=0x1804b988c args=[0x700c181e0,0x27fd8f0,0x1002d265f,0x27fdd20,0x701054428,0x27fdb2c,0x1001af3d4,0xfffff0003ffff800]
[trap] num=6 (0x6) pc=0x1804ae8f0 args=[0x4,0x700c40090,0x27fde50,0xa0040c508,0x0,0x27fdb97,0x3ff800,0xfffff0007ffff800]
[trap] num=338 (0x152) pc=0x1804b988c args=[0x700c181e0,0x27fd8a0,0x1002d264c,0x1,0x700c02f80,0x0,0x45,0xfffff0003ffff800]
[trap] num=58 (0x3a) pc=0x1804b015c args=[0x700c02f80,0x6d470,0x20,0x1,0x0,0x0,0x736665722d64656b,0xfffff0003ffff800]
[trap] num=398 (0x18e) pc=0x1804ae948 args=[0x1803fd5e6,0x1000000,0x0,0xa003c2340,0x700c3c000,0x0,0xffffffffbfc007ff,0xfffff0003ffff800]
[trap] num=339 (0x153) pc=0x1804bc288 args=[0x4,0x27fd750,0x0,0xa003c2340,0x700c3c000,0x0,0xffffffffbfc007ff,0xfffff0003ffff800]
[trap] num=406 (0x196) pc=0x1804b2174 args=[0x4,0x32,0x27fd2c0,0x27fd680,0x27fd340,0x0,0xffffffffbfc007ff,0xfffff0003ffff800]
[trap] num=399 (0x18f) pc=0x1804af584 args=[0x4,0x32,0x27fd2c0,0x27fd680,0x27fd340,0x0,0xffffffffbfc007ff,0xfffff0003ffff800]
[trap] num=338 (0x152) pc=0x1804b988c args=[0x27fd2c0,0x27fd6c0,0x27fd2c0,0x27fd680,0x27fd340,0x0,0xffffffffbfc007ff,0xfffff0003ffff800]
[trap] num=398 (0x18e) pc=0x1804ae948 args=[0x1803fd5e6,0x1000000,0x0,0xfffff0007fc00000,0x700c3c080,0x20,0x3ff800,0xfffff0007ffff800]
[trap] num=339 (0x153) pc=0x1804bc288 args=[0x4,0x27fd750,0x0,0xfffff0007fc00000,0x700c3c080,0x20,0x3ff800,0xfffff0007ffff800]
[trap] num=406 (0x196) pc=0x1804b2174 args=[0x4,0x32,0x27fd2c0,0x27fd680,0x27fd340,0x20,0x3ff800,0xfffff0007ffff800]
[trap] num=399 (0x18f) pc=0x1804af584 args=[0x4,0x32,0x27fd2c0,0x27fd680,0x27fd340,0x20,0x3ff800,0xfffff0007ffff800]
[trap] num=338 (0x152) pc=0x1804b988c args=[0x27fd2c0,0x27fd6c0,0x27fd2c0,0x27fd680,0x27fd340,0x20,0x3ff800,0xfffff0007ffff800]
[trap] num=5 (0x5) pc=0x1804ae694 args=[0x700c44100,0x1000a02,0x1b6,0x700c441a2,0x70102c080,0x20,0x6b,0xfffff0003ffff800]
[M28 BANDSHRINK] syscall 5 band past ipa 0x700c44100 len 65536 shrunk 64 -> 0 by an overlapping window of the same call
[trap] num=6 (0x6) pc=0x1804ae8f0 args=[0x4,0xffffffffb0000000,0x60,0xfffff0007fc00000,0x70102c080,0x20,0x6b,0xfffff0003ffff800]
[trap] num=5 (0x5) pc=0x1804ae694 args=[0x700c181e0,0x0,0x0,0xa003c1f80,0x700c400c0,0x0,0xffffffffbfc007ff,0xfffff0003ffff800]
[trap] num=33 (0x21) pc=0x1804ae668 args=[0x6d4b0,0x1,0xd93,0x3,0x0,0x6f,0x6e,0xfffff0003ffff800]
[trap] num=33 (0x21) pc=0x1804ae668 args=[0x6d4b0,0x1,0xd14,0x1,0x0,0x6f,0x6e,0xfffff0003ffff800]
[trap] num=10 (0xa) pc=0x1804b1cac args=[0x700c18230,0x14,0x0,0x700c18244,0x1002d2273,0x27fdca0,0x45,0xfffff0003ffff800]
[M28 BANDSHRINK] syscall 10 band past ipa 0x700c18230 len 65536 shrunk 64 -> 0 by an overlapping window of the same call
[trap] num=10 (0xa) pc=0x1804b1cac args=[0x700c18230,0x27fde50,0x0,0x700c1823f,0x10027b3f7,0x27fdca0,0x45,0xfffff0003ffff800]
[M28 BANDSHRINK] syscall 10 band past ipa 0x700c18230 len 65536 shrunk 64 -> 0 by an overlapping window of the same call
[trap] num=10 (0xa) pc=0x1804b1cac args=[0x700c44000,0x6d880,0x0,0x700c1823f,0x10027b3f7,0x27fdca0,0x45,0xfffff0003ffff800]
[trap] num=10 (0xa) pc=0x1804b1cac args=[0x700c44100,0x3,0x1002d30a9,0xfffff0007fc00000,0x700c40100,0x27fdca0,0x45,0xfffff0003ffff800]
[M28 BANDSHRINK] syscall 10 band past ipa 0x700c40100 len 65536 shrunk 64 -> 0 by an overlapping window of the same call
[trap] num=33 (0x21) pc=0x1804ae668 args=[0x6d4b0,0x1,0xd11,0x4,0x0,0x6f,0x6e,0xfffff0003ffff800]
[trap] num=10 (0xa) pc=0x1804b1cac args=[0x700c02e80,0x0,0xb30,0x1,0x0,0x6f,0x47,0xfffff0003ffff800]
[trap] num=10 (0xa) pc=0x1804b1cac args=[0x700c02da0,0xffffffffffffffff,0xb30,0x1,0x0,0x6f,0x47,0xfffff0003ffff800]
[trap] num=10 (0xa) pc=0x1804b1cac args=[0x700c02f60,0x0,0xb30,0x1,0x0,0x6f,0x52525f454752454d,0xfffff0003ffff800]
[trap] num=10 (0xa) pc=0x1804b1cac args=[0x700c02f80,0x0,0xb30,0x1,0x0,0x6f,0x47,0xfffff0003ffff800]
[trap] num=10 (0xa) pc=0x1804b1cac args=[0x700c02fa0,0x0,0xb30,0x1,0x0,0x6f,0x45,0xfffff0003ffff800]
[trap] num=340 (0x154) pc=0x1804b9860 args=[0x700c182d0,0x27fdba0,0x0,0x700c182d9,0x10027b3f7,0x27fdb00,0x44,0xfffff0003ffff800]
[M28 BANDSHRINK] syscall 340 band past ipa 0x700c182d0 len 65536 shrunk 64 -> 0 by an overlapping window of the same call
[trap] num=5 (0x5) pc=0x1804ae694 args=[0x700c182d0,0x0,0x0,0x700c182d9,0x10027b3f7,0x27fdb00,0x44,0xfffff0003ffff800]
[M28 BANDSHRINK] syscall 5 band past ipa 0x700c182d0 len 65536 shrunk 64 -> 0 by an overlapping window of the same call
[trap] num=3 (0x3) pc=0x1804ae91c args=[0x4,0x70102c000,0x100,0xa0040c2a0,0x0,0x27fda87,0x3ff800,0xfffff0007ffff800]
[trap] num=3 (0x3) pc=0x1804ae91c args=[0x4,0x70102c016,0xea,0xa0040c2a0,0x0,0x27fda87,0x3ff800,0xfffff0007ffff800]
[trap] num=6 (0x6) pc=0x1804ae8f0 args=[0x4,0x70102c016,0xea,0xa0040c2a0,0x0,0x27fda87,0x3ff800,0xfffff0007ffff800]
[trap] num=338 (0x152) pc=0x1804b988c args=[0x700c182d0,0x27fdce0,0x0,0x700c182df,0x10027b3f7,0x27fdd40,0x45,0xfffff0003ffff800]
[M28 BANDSHRINK] syscall 338 band past ipa 0x700c182d0 len 65536 shrunk 64 -> 0 by an overlapping window of the same call
[trap] num=398 (0x18e) pc=0x1804ae948 args=[0x1803fd5e6,0x1000000,0x0,0xa003c2340,0x700c3c000,0x0,0xffffffffbfc007ff,0xfffff0003ffff800]
[trap] num=339 (0x153) pc=0x1804bc288 args=[0x4,0x27fd8b0,0x0,0xa003c2340,0x700c3c000,0x0,0xffffffffbfc007ff,0xfffff0003ffff800]
[trap] num=406 (0x196) pc=0x1804b2174 args=[0x4,0x32,0x27fd420,0x27fd7e0,0x27fd480,0x0,0xffffffffbfc007ff,0xfffff0003ffff800]
[trap] num=399 (0x18f) pc=0x1804af584 args=[0x4,0x32,0x27fd420,0x27fd7e0,0x27fd480,0x0,0xffffffffbfc007ff,0xfffff0003ffff800]
[trap] num=338 (0x152) pc=0x1804b988c args=[0x27fd420,0x27fd820,0x27fd420,0x27fd7e0,0x27fd480,0x0,0xffffffffbfc007ff,0xfffff0003ffff800]
[trap] num=398 (0x18e) pc=0x1804ae948 args=[0x1803fd5e6,0x1000000,0x0,0xa,0x700c3c080,0x20,0x3ff800,0xfffff0007ffff800]
[trap] num=339 (0x153) pc=0x1804bc288 args=[0x4,0x27fd8b0,0x0,0xa,0x700c3c080,0x20,0x3ff800,0xfffff0007ffff800]
[trap] num=406 (0x196) pc=0x1804b2174 args=[0x4,0x32,0x27fd420,0x27fd7e0,0x27fd480,0x20,0x3ff800,0xfffff0007ffff800]
[trap] num=399 (0x18f) pc=0x1804af584 args=[0x4,0x32,0x27fd420,0x27fd7e0,0x27fd480,0x20,0x3ff800,0xfffff0007ffff800]
[trap] num=338 (0x152) pc=0x1804b988c args=[0x27fd420,0x27fd820,0x27fd420,0x27fd7e0,0x27fd480,0x20,0x3ff800,0xfffff0007ffff800]
[trap] num=5 (0x5) pc=0x1804ae694 args=[0x700c44000,0x1000a02,0x1b6,0x700c440a1,0x70102c080,0x20,0x6b,0xfffff0007ffff800]
[M28 BANDSHRINK] syscall 5 band past ipa 0x700c44000 len 65536 shrunk 64 -> 0 by an overlapping window of the same call
[trap] num=340 (0x154) pc=0x1804b9860 args=[0x700c18280,0x27fdc50,0x0,0x700c1828f,0x10027b3f7,0x27fdbb0,0x45,0xfffff0003ffff800]
[M28 BANDSHRINK] syscall 340 band past ipa 0x700c18280 len 65536 shrunk 64 -> 0 by an overlapping window of the same call
[trap] num=338 (0x152) pc=0x1804b988c args=[0x700c181e0,0x27fda10,0x1002d265f,0x27fde40,0x7010544e8,0x27fdc4c,0x1001af3d4,0xfffff0003ffff800]
[trap] num=6 (0x6) pc=0x1804ae8f0 args=[0x4,0x700c40050,0x27fdf70,0xa0040c508,0x0,0x27fdcb7,0x3ff800,0xfffff0007ffff800]
[trap] num=338 (0x152) pc=0x1804b988c args=[0x700c181e0,0x27fd9c0,0x1002d264c,0x1,0x700c03000,0x0,0x45,0xfffff0003ffff800]
[trap] num=58 (0x3a) pc=0x1804b015c args=[0x700c03000,0x6ca20,0x20,0x1,0x0,0x0,0x736665722d64656b,0xfffff0003ffff800]
[trap] num=398 (0x18e) pc=0x1804ae948 args=[0x1803fd5e6,0x1000000,0x0,0xa003c2340,0x700c3c000,0x0,0xffffffffbfc007ff,0xfffff0003ffff800]
[trap] num=339 (0x153) pc=0x1804bc288 args=[0x4,0x27fd870,0x0,0xa003c2340,0x700c3c000,0x0,0xffffffffbfc007ff,0xfffff0003ffff800]
[trap] num=406 (0x196) pc=0x1804b2174 args=[0x4,0x32,0x27fd3e0,0x27fd7a0,0x27fd440,0x0,0xffffffffbfc007ff,0xfffff0003ffff800]
[trap] num=399 (0x18f) pc=0x1804af584 args=[0x4,0x32,0x27fd3e0,0x27fd7a0,0x27fd440,0x0,0xffffffffbfc007ff,0xfffff0003ffff800]
[trap] num=338 (0x152) pc=0x1804b988c args=[0x27fd3e0,0x27fd7e0,0x27fd3e0,0x27fd7a0,0x27fd440,0x0,0xffffffffbfc007ff,0xfffff0003ffff800]
[trap] num=398 (0x18e) pc=0x1804ae948 args=[0x1803fd5e6,0x1000000,0x0,0xfffff0007fc00000,0x700c3c080,0x20,0x3ff800,0xfffff0007ffff800]
[trap] num=339 (0x153) pc=0x1804bc288 args=[0x4,0x27fd870,0x0,0xfffff0007fc00000,0x700c3c080,0x20,0x3ff800,0xfffff0007ffff800]
[trap] num=406 (0x196) pc=0x1804b2174 args=[0x4,0x32,0x27fd3e0,0x27fd7a0,0x27fd440,0x20,0x3ff800,0xfffff0007ffff800]
[trap] num=399 (0x18f) pc=0x1804af584 args=[0x4,0x32,0x27fd3e0,0x27fd7a0,0x27fd440,0x20,0x3ff800,0xfffff0007ffff800]
[trap] num=338 (0x152) pc=0x1804b988c args=[0x27fd3e0,0x27fd7e0,0x27fd3e0,0x27fd7a0,0x27fd440,0x20,0x3ff800,0xfffff0007ffff800]
[trap] num=5 (0x5) pc=0x1804ae694 args=[0x700c44100,0x1000a02,0x1b6,0x700c441a2,0x70102c080,0x20,0x6b,0xfffff0003ffff800]
[M28 BANDSHRINK] syscall 5 band past ipa 0x700c44100 len 65536 shrunk 64 -> 0 by an overlapping window of the same call
[trap] num=6 (0x6) pc=0x1804ae8f0 args=[0x4,0xffffffffb0000000,0x60,0xfffff0007fc00000,0x70102c080,0x20,0x6b,0xfffff0003ffff800]
[trap] num=5 (0x5) pc=0x1804ae694 args=[0x700c181e0,0x0,0x0,0xa003c1f80,0x700c400c0,0x0,0xffffffffbfc007ff,0xfffff0003ffff800]
[trap] num=33 (0x21) pc=0x1804ae668 args=[0x6d4b0,0x1,0xd93,0x3,0x0,0x6f,0x6e,0xfffff0003ffff800]
[trap] num=33 (0x21) pc=0x1804ae668 args=[0x6d4b0,0x1,0xd14,0x1,0x0,0x6f,0x6e,0xfffff0003ffff800]
[trap] num=10 (0xa) pc=0x1804b1cac args=[0x700c18280,0x14,0x0,0x700c18294,0x1002d2273,0x27fddc0,0x45,0xfffff0003ffff800]
[M28 BANDSHRINK] syscall 10 band past ipa 0x700c18280 len 65536 shrunk 64 -> 0 by an overlapping window of the same call
[trap] num=10 (0xa) pc=0x1804b1cac args=[0x700c18280,0x27fdf70,0x0,0x700c1828f,0x10027b3f7,0x27fddc0,0x45,0xfffff0003ffff800]
[M28 BANDSHRINK] syscall 10 band past ipa 0x700c18280 len 65536 shrunk 64 -> 0 by an overlapping window of the same call
[trap] num=10 (0xa) pc=0x1804b1cac args=[0x700c44000,0x6d880,0x0,0x700c1828f,0x10027b3f7,0x27fddc0,0x45,0xfffff0003ffff800]
[trap] num=10 (0xa) pc=0x1804b1cac args=[0x700c44100,0x3,0x1002d30a9,0xfffff0007fc00000,0x700c400c0,0x27fddc0,0x45,0xfffff0003ffff800]
[M28 BANDSHRINK] syscall 10 band past ipa 0x700c400c0 len 65536 shrunk 64 -> 0 by an overlapping window of the same call
[trap] num=33 (0x21) pc=0x1804ae668 args=[0x6d4b0,0x1,0xd11,0x4,0x0,0x6f,0x6e,0xfffff0003ffff800]
[trap] num=340 (0x154) pc=0x1804b9860 args=[0x700c18280,0x27fdd30,0x0,0x700c18294,0x10027b3f7,0x27fdc90,0x48,0xfffff0003ffff800]
[M28 BANDSHRINK] syscall 340 band past ipa 0x700c18280 len 65536 shrunk 64 -> 0 by an overlapping window of the same call
[trap] num=338 (0x152) pc=0x1804b988c args=[0x700c181e0,0x27fdaf0,0x1002d265f,0x100306f98,0x27fdea0,0x27fdd2c,0x1001af3d4,0xfffff0003ffff800]
[trap] num=33 (0x21) pc=0x1804ae668 args=[0x6d4b0,0x1,0xd14,0x1,0x0,0x6f,0x74,0xfffff0003ffff800]
[trap] num=339 (0x153) pc=0x1804bc288 args=[0x1,0x27ff458,0x120a8,0x60,0x6b9c0,0x6f,0x74,0xfffff0003ffff800]
[trap] num=399 (0x18f) pc=0x1804af584 args=[0x1,0x0,0x1804edb6c,0x60,0x6b9c0,0x6f,0x74,0xfffff0003ffff800]
[trap] num=1 (0x1) pc=0x1804b5584 args=[0x0,0x1,0x120a8,0x1ec701508,0x1803a78bc,0x6f,0x74,0xfffff0003ffff800]
[retrace] fall-throughs: 5
