[trap] num=-28 (0xffffffffffffffe4) pc=0x140001654 args=[0x27ff9a8,0x8,0x1400e0090,0x27ff44f,0x27ff598,0x1400647cc,0x0,0x0]
[trap] num=-26 (0xffffffffffffffe6) pc=0x14000163c args=[0x203,0x8,0x1400e0090,0x27ff44f,0x27ff598,0x1400647cc,0x0,0x0]
[trap] num=372 (0x174) pc=0x140004b14 args=[0x0,0x8,0x1400e0090,0x27ff44f,0x27ff598,0x1400647cc,0x0,0x0]
[trap] num=2147483648 (0x80000000) pc=0x14008194c args=[0x1400b9ee0,0x8,0x1400e0090,0x2,0x27ff598,0x1400647cc,0x0,0x0]
[retrace warn] dyld __mac_syscall(Sandbox) synthesized as success/unsandboxed (not forwarded; host would fault)
[trap] num=38 (0x26) pc=0x1400815a0 args=[0x0,0x0,0x0,0x27ff648,0x0,0x1400647cc,0x0,0x0]
[trap] num=-14 (0xfffffffffffffff2) pc=0x1400015b8 args=[0x203,0x1400bc000,0x200f0,0x0,0x3,0x1400647cc,0x0,0x0]
[trap] num=483 (0x1e3) pc=0x140004e08 args=[0x0,0x27ff60c,0x4,0x0,0x3,0x1400647cc,0x0,0x0]
[trap] num=38 (0x26) pc=0x1400815a0 args=[0x0,0x0,0x0,0x27ff5c8,0x0,0x1400647cc,0x0,0x0]
[trap] num=-14 (0xfffffffffffffff2) pc=0x1400015b8 args=[0x203,0x1400bc000,0x200f0,0x0,0x1,0x1400bc0f0,0x20000,0x0]
[trap] num=-14 (0xfffffffffffffff2) pc=0x1400015b8 args=[0x203,0x1400bc000,0x200f0,0x0,0x3,0x1400bc0f0,0x20000,0x0]
[trap] num=-14 (0xfffffffffffffff2) pc=0x1400015b8 args=[0x203,0x1400bc000,0x200f0,0x0,0x1,0x72,0x20000,0xec0]
[trap] num=294 (0x126) pc=0x1400062f8 args=[0x27ff970,0x27ff970,0x27ff960,0x27ff970,0x27ffa00,0x72,0x20000,0xec0]
[trap] num=-14 (0xfffffffffffffff2) pc=0x1400015b8 args=[0x203,0x1400bc000,0x200f0,0x0,0x3,0x72,0x20000,0xec0]
[trap] num=-15 (0xfffffffffffffff1) pc=0x1400015c4 args=[0x203,0x27fedf0,0x20000,0x3fff,0x3c000001,0x3,0x0,0x0]
[trap] num=20 (0x14) pc=0x140004f48 args=[0x0,0x3,0x71e4d4cf50a,0x2,0x1,0x27ff540,0x65,0x0]
[trap] num=-12 (0xfffffffffffffff4) pc=0x1400015a0 args=[0x203,0x100014000,0x20000,0x0,0x0,0x0,0x0,0x0]
[trap] num=-14 (0xfffffffffffffff2) pc=0x1400015b8 args=[0x203,0x1400bc000,0x200f0,0x0,0x1,0x0,0x0,0x0]
[trap] num=38 (0x26) pc=0x1400815a0 args=[0x0,0x0,0x0,0x27ff758,0x1,0x0,0x0,0x0]
[trap] num=483 (0x1e3) pc=0x140004e08 args=[0x0,0x27ff76c,0x4,0x27ff7d8,0x1,0x0,0x0,0x0]
[trap] num=-14 (0xfffffffffffffff2) pc=0x1400015b8 args=[0x203,0x1400bc000,0x200f0,0x0,0x3,0x0,0x0,0x0]
[trap] num=-15 (0xfffffffffffffff1) pc=0x1400015c4 args=[0x203,0x27fedf0,0x20000,0x3fff,0x3c000001,0x3,0x0,0x0]
[trap] num=-12 (0xfffffffffffffff4) pc=0x1400015a0 args=[0x203,0x100014000,0x20000,0x0,0x0,0x0,0x0,0x0]
[trap] num=-14 (0xfffffffffffffff2) pc=0x1400015b8 args=[0x203,0x1400bc000,0x200f0,0x0,0x1,0x0,0x0,0x0]
[trap] num=336 (0x150) pc=0x14000600c args=[0xf,0x1125c,0x0,0x0,0x1ec6f7f80,0x170,0x0,0x0]
[trap] num=-28 (0xffffffffffffffe4) pc=0x180115654 args=[0x1,0x0,0x0,0x0,0x0,0x0,0x0,0x0]
[trap] num=-26 (0xffffffffffffffe6) pc=0x18011563c args=[0x203,0x0,0x0,0x0,0x0,0x0,0x0,0x0]
[trap] num=372 (0x174) pc=0x180118b14 args=[0x0,0x0,0x0,0x0,0x0,0x0,0x0,0x0]
[trap] num=2147483648 (0x80000000) pc=0x18019594c args=[0x1ec6f9e60,0x0,0x0,0x2,0x0,0x0,0x0,0x0]
[retrace warn] dyld __mac_syscall(Sandbox) synthesized as success/unsandboxed (not forwarded; host would fault)
[trap] num=38 (0x26) pc=0x1801955a0 args=[0x0,0x0,0x0,0x27ff648,0x0,0x0,0x0,0x0]
[trap] num=-14 (0xfffffffffffffff2) pc=0x1801155b8 args=[0x203,0x1ec444000,0x24000,0x0,0x13,0x0,0x0,0x0]
[trap] num=483 (0x1e3) pc=0x180118e08 args=[0x0,0x27ff60c,0x4,0x0,0x13,0x0,0x0,0x0]
[trap] num=38 (0x26) pc=0x1801955a0 args=[0x0,0x0,0x0,0x27ff5c8,0x0,0x0,0x0,0x0]
[trap] num=-14 (0xfffffffffffffff2) pc=0x1801155b8 args=[0x203,0x1ec444000,0x24000,0x0,0x1,0x1ec444140,0x20000,0x0]
[trap] num=-14 (0xfffffffffffffff2) pc=0x1801155b8 args=[0x203,0x1ec444000,0x24000,0x0,0x13,0x1ec444140,0x20000,0x0]
[trap] num=-14 (0xfffffffffffffff2) pc=0x1801155b8 args=[0x203,0x1ec444000,0x24000,0x0,0x1,0x72,0x20000,0xec0]
[trap] num=294 (0x126) pc=0x18011a2f8 args=[0x27ff970,0x27ff970,0x27ff960,0x27ff970,0x27ffa00,0x72,0x20000,0xec0]
[trap] num=-19 (0xffffffffffffffed) pc=0x1801155e8 args=[0x203,0x203,0x0,0xffffffff,0x27ffa00,0x72,0x20000,0xec0]
[trap] num=-14 (0xfffffffffffffff2) pc=0x1801155b8 args=[0x203,0x1ec444000,0x24000,0x0,0x3,0x72,0x20000,0xec0]
[trap] num=-15 (0xfffffffffffffff1) pc=0x1801155c4 args=[0x203,0x27fedf0,0x20000,0x3fff,0x3c000001,0x3,0x0,0x0]
[trap] num=20 (0x14) pc=0x180118f48 args=[0x0,0x3,0x71e4d4e5d0a,0x2,0x1,0x27ff540,0x65,0x0]
[trap] num=-12 (0xfffffffffffffff4) pc=0x1801155a0 args=[0x203,0x100014000,0x20000,0x0,0x0,0x0,0x0,0x0]
[trap] num=-14 (0xfffffffffffffff2) pc=0x1801155b8 args=[0x203,0x1ec444000,0x24000,0x0,0x1,0x0,0x0,0x0]
[trap] num=73 (0x49) pc=0x18011823c args=[0x140000000,0xa8000,0x27ff6cf,0x2,0x8,0x0,0x0,0x0]
[trap] num=73 (0x49) pc=0x18011823c args=[0x1400a8000,0x4000,0x27ff6cf,0x2,0x8,0x0,0x0,0x0]
[trap] num=73 (0x49) pc=0x18011823c args=[0x1400ac000,0x8000,0x27ff6cf,0x2,0x8,0x0,0x0,0x0]
[trap] num=73 (0x49) pc=0x18011823c args=[0x1400b4000,0x4000,0x27ff6cf,0x2,0x8,0x0,0x0,0x0]
[trap] num=73 (0x49) pc=0x18011823c args=[0x1400bc000,0x24000,0x27ff6cf,0x2,0x8,0x0,0x0,0x0]
[trap] num=73 (0x49) pc=0x18011823c args=[0x1400e0000,0x60000,0x27ff6cf,0x2,0x8,0x0,0x0,0x0]
[trap] num=-14 (0xfffffffffffffff2) pc=0x1801155b8 args=[0x203,0x1ec444000,0x24000,0x0,0x3,0x0,0x0,0x0]
[trap] num=38 (0x26) pc=0x1801955a0 args=[0x0,0x0,0x0,0x27ff288,0x1,0x0,0x0,0x0]
[trap] num=5 (0x5) pc=0x180119f50 args=[0x27ffee2,0x0,0x0,0x0,0x1,0x0,0x0,0x0]
[trap] num=92 (0x5c) pc=0x1801180d8 args=[0x3,0x32,0x27fee88,0x0,0x1,0x0,0x0,0x0]
[trap] num=6 (0x6) pc=0x180116750 args=[0x3,0x32,0x27fee88,0x0,0x1,0x0,0x0,0x0]
[trap] num=483 (0x1e3) pc=0x180118e08 args=[0x0,0x27ff29c,0x4,0x21,0x6e,0x4d,0x0,0x0]
[trap] num=381 (0x17d) pc=0x180119ecc args=[0x1801b7eb4,0x2,0x27ff1c0,0xa,0x73,0x69,0x0,0x0]
[trap] num=483 (0x1e3) pc=0x180118e08 args=[0x0,0x27ff2ac,0x4,0x2d,0x6e,0x41,0x0,0x90]
[trap] num=202 (0xca) pc=0x18011a37c args=[0x27ff260,0x2,0x27ff228,0x27ff220,0x1801ab70b,0x20,0x0,0x90]
[trap] num=202 (0xca) pc=0x18011a37c args=[0x27ff228,0x3,0x27ff2bc,0x27ff2b0,0x0,0x0,0x0,0x90]
[trap] num=381 (0x17d) pc=0x180119ecc args=[0x1801b4bf1,0x5a,0x27ff240,0xa,0x0,0x0,0x0,0x90]
[trap] num=202 (0xca) pc=0x18011a37c args=[0x27fe4b0,0x2,0x27fe478,0x27fe470,0x1801b698e,0xd,0x1ec444ed0,0x90]
[trap] num=202 (0xca) pc=0x18011a37c args=[0x27fe478,0x2,0x27fe528,0x27fe520,0x0,0x0,0x1ec444ed0,0x90]
[trap] num=5 (0x5) pc=0x180119f50 args=[0x1801aaaf1,0x20100000,0x0,0xfffffffffffffff0,0x0,0x72,0x0,0x80]
[trap] num=463 (0x1cf) pc=0x180119f7c args=[0x3,0x1801b4c4b,0x100000,0x0,0x0,0x72,0x0,0x80]
[trap] num=41 (0x29) pc=0x18011a484 args=[0x4,0x1801b625c,0x100000,0x0,0x0,0x72,0x0,0x80]
[trap] num=470 (0x1d6) pc=0x18011a5e4 args=[0x4,0x27fe001,0x27fdf70,0x0,0x27fe080,0x72,0x0,0x80]
[trap] num=463 (0x1cf) pc=0x180119f7c args=[0x4,0x27fe001,0x100000,0x0,0x27fe080,0x72,0x0,0x80]
[trap] num=92 (0x5c) pc=0x1801180d8 args=[0x6,0x32,0x27fe000,0x0,0x27fe080,0x72,0x0,0x80]
[trap] num=41 (0x29) pc=0x18011a484 args=[0x6,0x1801b6e25,0x27fee90,0x0,0x27fe080,0x72,0x0,0x80]
[trap] num=41 (0x29) pc=0x18011a484 args=[0x5,0x1801b6e25,0x27fee90,0x0,0x27fe080,0x72,0x0,0x80]
[trap] num=6 (0x6) pc=0x180116750 args=[0x3,0x1801b6cb4,0x27fee90,0x0,0x27fe080,0x72,0x0,0x80]
[trap] num=6 (0x6) pc=0x180116750 args=[0x5,0x1801b6cf2,0x27fee90,0x0,0x27fe080,0x72,0x0,0x80]
[trap] num=6 (0x6) pc=0x180116750 args=[0x4,0x1801b6d1f,0x27fee90,0x0,0x27fe080,0x72,0x0,0x80]
[trap] num=6 (0x6) pc=0x180116750 args=[0x6,0x1801b6d4a,0x27fee90,0x0,0x27fe080,0x72,0x0,0x80]
[trap] num=381 (0x17d) pc=0x180119ecc args=[0x1801b7eb4,0x2,0x27fed10,0xa,0x73,0x69,0x0,0x80]
[trap] num=294 (0x126) pc=0x18011a2f8 args=[0x27fed58,0x27fee28,0x27fee28,0x27fee54,0x73,0x69,0x0,0x80]
[trap] num=-14 (0xfffffffffffffff2) pc=0x1801155b8 args=[0x203,0x1ec444000,0x24000,0x0,0x3,0x0,0x0,0x5c0]
[trap] num=427 (0x1ab) pc=0x18011a5b8 args=[0x27feec0,0x400,0x27fee44,0x748e8,0x3,0x0,0x0,0x5c0]
[trap] num=92 (0x5c) pc=0x1801180d8 args=[0x8,0x32,0x27feec0,0x1ec445222,0xfffffffe163b9cb0,0x10,0x0,0x5c0]
[trap] num=6 (0x6) pc=0x180116750 args=[0x8,0x1801b6a74,0x4,0x180115e30,0x1,0x10,0x0,0x5c0]
[trap] num=6 (0x6) pc=0x180116750 args=[0x7,0x1801b6a98,0x4,0x180115e30,0x1,0x10,0x0,0x5c0]
[trap] num=338 (0x152) pc=0x180116c48 args=[0x1ec4451d0,0x27fe9e0,0x1ec4451d0,0x27fead8,0x27feb00,0x27feae0,0x0,0x27feb08]
[trap] num=5 (0x5) pc=0x180119f50 args=[0x1ec4451d0,0x0,0x0,0x27fead8,0x27feb00,0x27feae0,0x0,0x27feb08]
[trap] num=197 (0xc5) pc=0x180119190 args=[0x0,0x10b20,0x1,0x40002,0x3,0x0,0x0,0x27feb08]
[trap] num=92 (0x5c) pc=0x1801180d8 args=[0x3,0x32,0x27feb08,0x40002,0x3,0x0,0x0,0x27feb08]
[trap] num=73 (0x49) pc=0x18011823c args=[0xa00000000,0x10b20,0x10b20,0x0,0x27feae0,0x27feb08,0x3,0x27feb08]
[trap] num=6 (0x6) pc=0x180116750 args=[0x3,0x10b20,0x10b20,0x0,0x27feae0,0x27feb08,0x3,0x27feb08]
[trap] num=338 (0x152) pc=0x180116c48 args=[0x1ec4451d0,0x27fef60,0x27ff020,0x0,0x27feae0,0x27feb08,0x3,0x27feb08]
[trap] num=5 (0x5) pc=0x180119f50 args=[0x100000350,0x0,0x0,0x100000350,0x40,0x2f,0x27fee6f,0x6d0]
[trap] num=5 (0x5) pc=0x180119f50 args=[0x27fded8,0x100000,0x0,0x27fdef1,0x40,0x2f,0x0,0x6d0]
[trap] num=338 (0x152) pc=0x180116c48 args=[0x27fe050,0x27fdd50,0x27fde50,0x27fde38,0x27fe05a,0x1801ac864,0x0,0x160]
[trap] num=-10 (0xfffffffffffffff6) pc=0x180115588 args=[0x203,0x27fdd10,0x4000,0x3c000001,0x27fe05a,0x1801ac864,0x0,0x160]
[trap] num=338 (0x152) pc=0x180116c48 args=[0x27fe050,0x27fdd50,0x27fde50,0x27fde38,0x27fe05a,0x1801ac864,0x0,0x160]
[trap] num=338 (0x152) pc=0x180116c48 args=[0x27fe050,0x27fd660,0x27fe050,0x27fd7f4,0x27fd7e8,0x27fd7c0,0x0,0x27fd930]
[trap] num=5 (0x5) pc=0x180119f50 args=[0x27fe050,0x0,0x0,0x27fd7f4,0x27fd7e8,0x27fd7c0,0x0,0x27fd930]
[trap] num=197 (0xc5) pc=0x180119190 args=[0x0,0x3ea9050,0x1,0x40002,0x3,0x0,0x0,0x27fd930]
[trap] num=92 (0x5c) pc=0x1801180d8 args=[0x3,0x32,0x27fd930,0x40002,0x3,0x0,0x0,0x27fd930]
[trap] num=92 (0x5c) pc=0x1801180d8 args=[0x3,0x61,0x27fd6b0,0x0,0x0,0x0,0x0,0x23b70]
[trap] num=73 (0x49) pc=0x18011823c args=[0xa00018000,0x3ea9050,0x3ea9050,0x0,0x0,0x0,0x0,0x0]
[trap] num=197 (0xc5) pc=0x180119190 args=[0x0,0x3ea9050,0x1,0x40002,0x3,0x0,0x0,0x0]
[trap] num=339 (0x153) pc=0x1801195b8 args=[0x3,0x27fcf30,0x27fcf30,0x27fd930,0x27fd8cc,0x27fd860,0x0,0x27fd700]
[trap] num=153 (0x99) pc=0x180117f04 args=[0x3,0x27fcf9c,0x1c,0x0,0x0,0x27fd860,0x0,0x27fd700]
[trap] num=153 (0x99) pc=0x180117f04 args=[0x3,0x27fc090,0xef8,0x0,0x0,0x27fd860,0x0,0x27fd700]
[trap] num=92 (0x5c) pc=0x1801180d8 args=[0x3,0x61,0x27fcf80,0x0,0x0,0x0,0x0,0x23b70]
[trap] num=92 (0x5c) pc=0x1801180d8 args=[0x3,0x62,0x27fd0a8,0x27fd0a8,0x0,0x0,0x0,0x0]
[trap] num=-10 (0xfffffffffffffff6) pc=0x180115588 args=[0x203,0x27fcfa0,0x3edc000,0x1,0x0,0x0,0x0,0x0]
[trap] num=197 (0xc5) pc=0x180119190 args=[0xa07d70000,0x1f78000,0x5,0x40012,0x3,0x0,0x0,0x0]
[trap] num=197 (0xc5) pc=0x180119190 args=[0xa09ce8000,0xe8000,0x3,0x40012,0x3,0x1f78000,0x1f78000,0x0]
[trap] num=197 (0xc5) pc=0x180119190 args=[0xa09dd0000,0x24000,0x3,0x40012,0x3,0x2060000,0x2060000,0x0]
[trap] num=197 (0xc5) pc=0x180119190 args=[0xa09e24000,0x1e28000,0x1,0x40012,0x3,0x2084000,0x2084000,0x0]
[trap] num=73 (0x49) pc=0x18011823c args=[0xa03ec4000,0x3ea9050,0x3ea9050,0xfffffffffffffffa,0x6f,0x75,0x0,0x6c0]
[trap] num=6 (0x6) pc=0x180116750 args=[0x3,0x3ea9050,0x3ea9050,0xfffffffffffffffa,0x6f,0x75,0x0,0x6c0]
[trap] num=-12 (0xfffffffffffffff4) pc=0x1801155a0 args=[0x203,0xa00014000,0x4000,0xfffffffffffffffa,0x6f,0x75,0x0,0x6c0]
[trap] num=338 (0x152) pc=0x180116c48 args=[0x100000388,0x27fde60,0x27fdf60,0x27fdf48,0x75,0x6f,0x27fe6a8,0x900]
[trap] num=-10 (0xfffffffffffffff6) pc=0x180115588 args=[0x203,0x27fde20,0x4000,0x3c000001,0x75,0x6f,0x27fe6a8,0x900]
[trap] num=338 (0x152) pc=0x180116c48 args=[0x27fe480,0x27fde10,0x27fdf10,0x27fdef8,0x27fe494,0x1ec445294,0x0,0x900]
[trap] num=-12 (0xfffffffffffffff4) pc=0x1801155a0 args=[0x203,0xa0bc4c000,0x4000,0x1a0500,0x0,0x0,0x0,0xbc0]
[trap] num=5 (0x5) pc=0x180119f50 args=[0x1000003b8,0x0,0x0,0x1000003b8,0x2f,0x40,0x27fee6f,0x770]
[trap] num=92 (0x5c) pc=0x1801180d8 args=[0x3,0x32,0x27fe328,0x1000003b8,0x2f,0x40,0x27fee6f,0x770]
[trap] num=6 (0x6) pc=0x180116750 args=[0x3,0x32,0x27fe328,0x1000003b8,0x2f,0x40,0x27fee6f,0x770]
[trap] num=338 (0x152) pc=0x180116c48 args=[0x1000003b8,0x27fde60,0x27fdf60,0x27fdf48,0x1000003c2,0x1801ac864,0x27fe6a8,0x770]
[trap] num=338 (0x152) pc=0x180116c48 args=[0x1000003b8,0x27fd770,0x1000003b8,0x27fd904,0x27fd8f8,0x27fd8d0,0x0,0x27fda40]
[trap] num=5 (0x5) pc=0x180119f50 args=[0x1000003b8,0x0,0x0,0x27fd904,0x27fd8f8,0x27fd8d0,0x0,0x27fda40]
[trap] num=197 (0xc5) pc=0x180119190 args=[0x0,0x17320,0x1,0x40002,0x3,0x0,0x0,0x27fda40]
[trap] num=92 (0x5c) pc=0x1801180d8 args=[0x3,0x32,0x27fda40,0x40002,0x3,0x0,0x0,0x27fda40]
[trap] num=92 (0x5c) pc=0x1801180d8 args=[0x3,0x61,0x27fd7c0,0x0,0x0,0x0,0x0,0x47d0]
[trap] num=73 (0x49) pc=0x18011823c args=[0xa0bc50000,0x17320,0x17320,0x0,0x0,0x0,0x0,0x0]
[trap] num=197 (0xc5) pc=0x180119190 args=[0x0,0x17320,0x1,0x40002,0x3,0x0,0x0,0x0]
[trap] num=339 (0x153) pc=0x1801195b8 args=[0x3,0x27fd060,0x27fd060,0x27fda40,0x27fd9dc,0x27fd970,0x0,0x27fd810]
[trap] num=153 (0x99) pc=0x180117f04 args=[0x3,0x27fd0cc,0x1c,0x0,0x0,0x27fd970,0x0,0x27fd810]
[trap] num=153 (0x99) pc=0x180117f04 args=[0x3,0x27fcc10,0x4b0,0x0,0x0,0x27fd970,0x0,0x27fd810]
[trap] num=92 (0x5c) pc=0x1801180d8 args=[0x3,0x61,0x27fd0b0,0x0,0x0,0x0,0x0,0x47d0]
[trap] num=92 (0x5c) pc=0x1801180d8 args=[0x3,0x62,0x27fd1d8,0x27fd1d8,0x0,0x0,0x0,0x0]
[trap] num=-10 (0xfffffffffffffff6) pc=0x180115588 args=[0x203,0x27fd0d0,0x18000,0x1,0x0,0x0,0x0,0x0]
[trap] num=197 (0xc5) pc=0x180119190 args=[0xa0bc80000,0xc000,0x5,0x40012,0x3,0x0,0x0,0x0]
[trap] num=197 (0xc5) pc=0x180119190 args=[0xa0bc8c000,0x4000,0x3,0x40012,0x3,0xc000,0xc000,0x0]
[trap] num=197 (0xc5) pc=0x180119190 args=[0xa0bc90000,0x8000,0x1,0x40012,0x3,0x10000,0x10000,0x0]
[trap] num=73 (0x49) pc=0x18011823c args=[0xa0bc68000,0x17320,0x17320,0xfffffffffffffff1,0x6f,0x75,0x0,0x940]
[trap] num=6 (0x6) pc=0x180116750 args=[0x3,0x17320,0x17320,0xfffffffffffffff1,0x6f,0x75,0x0,0x940]
[trap] num=5 (0x5) pc=0x180119f50 args=[0x100000408,0x0,0x0,0x100000408,0x2f,0x40,0x27fee6f,0xcb0]
[trap] num=92 (0x5c) pc=0x1801180d8 args=[0x3,0x32,0x27fe328,0x100000408,0x2f,0x40,0x27fee6f,0xcb0]
[trap] num=6 (0x6) pc=0x180116750 args=[0x3,0x32,0x27fe328,0x100000408,0x2f,0x40,0x27fee6f,0xcb0]
[trap] num=338 (0x152) pc=0x180116c48 args=[0x100000408,0x27fde60,0x27fdf60,0x27fdf48,0x100000412,0x1801ac864,0x27fe6a8,0xcb0]
[trap] num=338 (0x152) pc=0x180116c48 args=[0x100000408,0x27fd770,0x100000408,0x27fd904,0x27fd8f8,0x27fd8d0,0x0,0x27fda40]
[trap] num=5 (0x5) pc=0x180119f50 args=[0x100000408,0x0,0x0,0x27fd904,0x27fd8f8,0x27fd8d0,0x0,0x27fda40]
[trap] num=197 (0xc5) pc=0x180119190 args=[0x0,0x325f0,0x1,0x40002,0x3,0x0,0x0,0x27fda40]
[trap] num=92 (0x5c) pc=0x1801180d8 args=[0x3,0x32,0x27fda40,0x40002,0x3,0x0,0x0,0x27fda40]
[trap] num=92 (0x5c) pc=0x1801180d8 args=[0x3,0x61,0x27fd7c0,0x0,0x0,0x0,0x0,0x48b0]
[trap] num=73 (0x49) pc=0x18011823c args=[0xa0bc98000,0x325f0,0x325f0,0x0,0x0,0x0,0x0,0x0]
[trap] num=197 (0xc5) pc=0x180119190 args=[0x0,0x325f0,0x1,0x40002,0x3,0x0,0x0,0x0]
[trap] num=339 (0x153) pc=0x1801195b8 args=[0x3,0x27fd040,0x27fd040,0x27fda40,0x27fd9dc,0x27fd970,0x0,0x27fd810]
[trap] num=153 (0x99) pc=0x180117f04 args=[0x3,0x27fd0ac,0x1c,0x0,0x0,0x27fd970,0x0,0x27fd810]
[trap] num=153 (0x99) pc=0x180117f04 args=[0x3,0x27fcac0,0x5e0,0x0,0x0,0x27fd970,0x0,0x27fd810]
[trap] num=92 (0x5c) pc=0x1801180d8 args=[0x3,0x61,0x27fd090,0x0,0x0,0x0,0x0,0x48b0]
[trap] num=92 (0x5c) pc=0x1801180d8 args=[0x3,0x62,0x27fd1b8,0x27fd1b8,0x0,0x0,0x0,0x0]
[trap] num=-10 (0xfffffffffffffff6) pc=0x180115588 args=[0x203,0x27fd0b0,0x34000,0x1,0x0,0x0,0x0,0x0]
[trap] num=197 (0xc5) pc=0x180119190 args=[0xa0bd00000,0x1c000,0x5,0x40012,0x3,0x0,0x0,0x0]
[trap] num=197 (0xc5) pc=0x180119190 args=[0xa0bd1c000,0x4000,0x3,0x40012,0x3,0x1c000,0x1c000,0x0]
[trap] num=197 (0xc5) pc=0x180119190 args=[0xa0bd20000,0x4000,0x3,0x40012,0x3,0x20000,0x20000,0x0]
[trap] num=197 (0xc5) pc=0x180119190 args=[0xa0bd24000,0x10000,0x1,0x40012,0x3,0x24000,0x24000,0x0]
[trap] num=73 (0x49) pc=0x18011823c args=[0xa0bccc000,0x325f0,0x325f0,0xfffffffffffffffa,0x6f,0x75,0x62696c79642e30,0x5b0]
[trap] num=6 (0x6) pc=0x180116750 args=[0x3,0x325f0,0x325f0,0xfffffffffffffffa,0x6f,0x75,0x62696c79642e30,0x5b0]
[trap] num=5 (0x5) pc=0x180119f50 args=[0x100000450,0x0,0x0,0x100000450,0x2f,0x40,0x27fee6f,0x6d0]
[trap] num=92 (0x5c) pc=0x1801180d8 args=[0x3,0x32,0x27fe328,0x100000450,0x2f,0x40,0x27fee6f,0x6d0]
[trap] num=6 (0x6) pc=0x180116750 args=[0x3,0x32,0x27fe328,0x100000450,0x2f,0x40,0x27fee6f,0x6d0]
[trap] num=338 (0x152) pc=0x180116c48 args=[0x100000450,0x27fde60,0x27fdf60,0x27fdf48,0x10000045a,0x1801ac864,0x27fe6a8,0xb70]
[trap] num=338 (0x152) pc=0x180116c48 args=[0x100000450,0x27fd770,0x100000450,0x27fd904,0x27fd8f8,0x27fd8d0,0x0,0x27fda40]
[trap] num=5 (0x5) pc=0x180119f50 args=[0x100000450,0x0,0x0,0x27fd904,0x27fd8f8,0x27fd8d0,0x0,0x27fda40]
[trap] num=197 (0xc5) pc=0x180119190 args=[0x0,0x91b70,0x1,0x40002,0x3,0x0,0x0,0x27fda40]
[trap] num=92 (0x5c) pc=0x1801180d8 args=[0x3,0x32,0x27fda40,0x40002,0x3,0x0,0x0,0x27fda40]
[trap] num=92 (0x5c) pc=0x1801180d8 args=[0x3,0x61,0x27fd7c0,0x0,0x0,0x0,0x0,0x4bb0]
[trap] num=73 (0x49) pc=0x18011823c args=[0xa0bd34000,0x91b70,0x91b70,0x0,0x0,0x0,0x0,0x0]
[trap] num=197 (0xc5) pc=0x180119190 args=[0x0,0x91b70,0x1,0x40002,0x3,0x0,0x0,0x0]
[trap] num=339 (0x153) pc=0x1801195b8 args=[0x3,0x27fd040,0x27fd040,0x27fda40,0x27fd9dc,0x27fd970,0x0,0x27fd810]
[trap] num=153 (0x99) pc=0x180117f04 args=[0x3,0x27fd0ac,0x1c,0x0,0x0,0x27fd970,0x0,0x27fd810]
[trap] num=153 (0x99) pc=0x180117f04 args=[0x3,0x27fc9d0,0x6d0,0x0,0x0,0x27fd970,0x0,0x27fd810]
[trap] num=92 (0x5c) pc=0x1801180d8 args=[0x3,0x61,0x27fd090,0x0,0x0,0x0,0x0,0x4bb0]
[trap] num=92 (0x5c) pc=0x1801180d8 args=[0x3,0x62,0x27fd1b8,0x27fd1b8,0x0,0x0,0x0,0x0]
[trap] num=-10 (0xfffffffffffffff6) pc=0x180115588 args=[0x203,0x27fd0b0,0x94000,0x1,0x0,0x0,0x0,0x0]
[trap] num=197 (0xc5) pc=0x180119190 args=[0xa0be5c000,0x74000,0x5,0x40012,0x3,0x0,0x0,0x0]
[trap] num=197 (0xc5) pc=0x180119190 args=[0xa0bed0000,0x4000,0x3,0x40012,0x3,0x74000,0x74000,0x0]
[trap] num=197 (0xc5) pc=0x180119190 args=[0xa0bed4000,0x4000,0x3,0x40012,0x3,0x78000,0x78000,0x0]
[trap] num=197 (0xc5) pc=0x180119190 args=[0xa0bed8000,0x18000,0x1,0x40012,0x3,0x7c000,0x7c000,0x0]
[trap] num=73 (0x49) pc=0x18011823c args=[0xa0bdc8000,0x91b70,0x91b70,0xfffffffffffffffa,0x6f,0x75,0x0,0x5b0]
[trap] num=6 (0x6) pc=0x180116750 args=[0x3,0x91b70,0x91b70,0xfffffffffffffffa,0x6f,0x75,0x0,0x5b0]
[trap] num=5 (0x5) pc=0x180119f50 args=[0x100000498,0x0,0x0,0x100000498,0x2f,0x40,0x27fee6f,0xe30]
[trap] num=92 (0x5c) pc=0x1801180d8 args=[0x3,0x32,0x27fe328,0x100000498,0x2f,0x40,0x27fee6f,0xe30]
[trap] num=6 (0x6) pc=0x180116750 args=[0x3,0x32,0x27fe328,0x100000498,0x2f,0x40,0x27fee6f,0xe30]
[trap] num=338 (0x152) pc=0x180116c48 args=[0x100000498,0x27fde60,0x27fdf60,0x27fdf48,0x1000004a2,0x1801ac864,0x27fe6a8,0xe30]
[trap] num=338 (0x152) pc=0x180116c48 args=[0x100000498,0x27fd770,0x100000498,0x27fd904,0x27fd8f8,0x27fd8d0,0x0,0x27fda40]
[trap] num=5 (0x5) pc=0x180119f50 args=[0x100000498,0x0,0x0,0x27fd904,0x27fd8f8,0x27fd8d0,0x0,0x27fda40]
[trap] num=197 (0xc5) pc=0x180119190 args=[0x0,0x1b740,0x1,0x40002,0x3,0x0,0x0,0x27fda40]
[trap] num=92 (0x5c) pc=0x1801180d8 args=[0x3,0x32,0x27fda40,0x40002,0x3,0x0,0x0,0x27fda40]
[trap] num=92 (0x5c) pc=0x1801180d8 args=[0x3,0x61,0x27fd7c0,0x0,0x0,0x0,0x0,0x47f0]
[trap] num=73 (0x49) pc=0x18011823c args=[0xa0bef0000,0x1b740,0x1b740,0x0,0x0,0x0,0x0,0x0]
[trap] num=197 (0xc5) pc=0x180119190 args=[0x0,0x1b740,0x1,0x40002,0x3,0x0,0x0,0x0]
[trap] num=339 (0x153) pc=0x1801195b8 args=[0x3,0x27fd040,0x27fd040,0x27fda40,0x27fd9dc,0x27fd970,0x0,0x27fd810]
[trap] num=153 (0x99) pc=0x180117f04 args=[0x3,0x27fd0ac,0x1c,0x0,0x0,0x27fd970,0x0,0x27fd810]
[trap] num=153 (0x99) pc=0x180117f04 args=[0x3,0x27fcad0,0x5c8,0x0,0x0,0x27fd970,0x0,0x27fd810]
[trap] num=92 (0x5c) pc=0x1801180d8 args=[0x3,0x61,0x27fd090,0x0,0x0,0x0,0x0,0x47f0]
[trap] num=92 (0x5c) pc=0x1801180d8 args=[0x3,0x62,0x27fd1b8,0x27fd1b8,0x0,0x0,0x0,0x0]
[trap] num=-10 (0xfffffffffffffff6) pc=0x180115588 args=[0x203,0x27fd0b0,0x20000,0x1,0x0,0x0,0x0,0x0]
[trap] num=197 (0xc5) pc=0x180119190 args=[0xa0bf28000,0x10000,0x5,0x40012,0x3,0x0,0x0,0x0]
[trap] num=197 (0xc5) pc=0x180119190 args=[0xa0bf38000,0x4000,0x3,0x40012,0x3,0x10000,0x10000,0x0]
[trap] num=197 (0xc5) pc=0x180119190 args=[0xa0bf40000,0x8000,0x1,0x40012,0x3,0x14000,0x14000,0x0]
[trap] num=73 (0x49) pc=0x18011823c args=[0xa0bf0c000,0x1b740,0x1b740,0xfffffffffffffffa,0x6f,0x75,0x27fd45f,0x5b0]
[trap] num=6 (0x6) pc=0x180116750 args=[0x3,0x1b740,0x1b740,0xfffffffffffffffa,0x6f,0x75,0x27fd45f,0x5b0]
[trap] num=5 (0x5) pc=0x180119f50 args=[0x1000004e8,0x0,0x0,0x1000004e8,0x2f,0x40,0x27fee6f,0xc00]
[trap] num=92 (0x5c) pc=0x1801180d8 args=[0x3,0x32,0x27fe328,0x1000004e8,0x2f,0x40,0x27fee6f,0xc00]
[trap] num=6 (0x6) pc=0x180116750 args=[0x3,0x32,0x27fe328,0x1000004e8,0x2f,0x40,0x27fee6f,0xc00]
[trap] num=338 (0x152) pc=0x180116c48 args=[0x1000004e8,0x27fde60,0x27fdf60,0x27fdf48,0x1000004f2,0x1801ac864,0x27fe6a8,0xc00]
[trap] num=338 (0x152) pc=0x180116c48 args=[0x1000004e8,0x27fd770,0x1000004e8,0x27fd904,0x27fd8f8,0x27fd8d0,0x0,0x27fda40]
[trap] num=5 (0x5) pc=0x180119f50 args=[0x1000004e8,0x0,0x0,0x27fd904,0x27fd8f8,0x27fd8d0,0x0,0x27fda40]
[trap] num=197 (0xc5) pc=0x180119190 args=[0x0,0x156b0,0x1,0x40002,0x3,0x0,0x0,0x27fda40]
[trap] num=92 (0x5c) pc=0x1801180d8 args=[0x3,0x32,0x27fda40,0x40002,0x3,0x0,0x0,0x27fda40]
[trap] num=92 (0x5c) pc=0x1801180d8 args=[0x3,0x61,0x27fd7c0,0x0,0x0,0x0,0x0,0x47d0]
[trap] num=73 (0x49) pc=0x18011823c args=[0xa0bf48000,0x156b0,0x156b0,0x0,0x0,0x0,0x0,0x0]
[trap] num=197 (0xc5) pc=0x180119190 args=[0x0,0x156b0,0x1,0x40002,0x3,0x0,0x0,0x0]
[trap] num=339 (0x153) pc=0x1801195b8 args=[0x3,0x27fd060,0x27fd060,0x27fda40,0x27fd9dc,0x27fd970,0x0,0x27fd810]
[trap] num=153 (0x99) pc=0x180117f04 args=[0x3,0x27fd0cc,0x1c,0x0,0x0,0x27fd970,0x0,0x27fd810]
[trap] num=153 (0x99) pc=0x180117f04 args=[0x3,0x27fcbb0,0x508,0x0,0x0,0x27fd970,0x0,0x27fd810]
[trap] num=92 (0x5c) pc=0x1801180d8 args=[0x3,0x61,0x27fd0b0,0x0,0x0,0x0,0x0,0x47d0]
[trap] num=92 (0x5c) pc=0x1801180d8 args=[0x3,0x62,0x27fd1d8,0x27fd1d8,0x0,0x0,0x0,0x0]
[trap] num=-10 (0xfffffffffffffff6) pc=0x180115588 args=[0x203,0x27fd0d0,0x18000,0x1,0x0,0x0,0x0,0x0]
[trap] num=197 (0xc5) pc=0x180119190 args=[0xa0bf78000,0xc000,0x5,0x40012,0x3,0x0,0x0,0x0]
[trap] num=197 (0xc5) pc=0x180119190 args=[0xa0bf84000,0x4000,0x3,0x40012,0x3,0xc000,0xc000,0x0]
[trap] num=197 (0xc5) pc=0x180119190 args=[0xa0bf88000,0x8000,0x1,0x40012,0x3,0x10000,0x10000,0x0]
[trap] num=73 (0x49) pc=0x18011823c args=[0xa0bf60000,0x156b0,0x156b0,0xfffffffffffffff1,0x6f,0x75,0x0,0x940]
[trap] num=6 (0x6) pc=0x180116750 args=[0x3,0x156b0,0x156b0,0xfffffffffffffff1,0x6f,0x75,0x0,0x940]
[trap] num=5 (0x5) pc=0x180119f50 args=[0x100000538,0x0,0x0,0x100000538,0x2f,0x40,0x27fee6f,0xca0]
[trap] num=92 (0x5c) pc=0x1801180d8 args=[0x3,0x32,0x27fe328,0x100000538,0x2f,0x40,0x27fee6f,0xca0]
[trap] num=6 (0x6) pc=0x180116750 args=[0x3,0x32,0x27fe328,0x100000538,0x2f,0x40,0x27fee6f,0xca0]
[trap] num=338 (0x152) pc=0x180116c48 args=[0x100000538,0x27fde60,0x27fdf60,0x27fdf48,0x100000542,0x1801ac864,0x27fe6a8,0xca0]
[trap] num=338 (0x152) pc=0x180116c48 args=[0x100000538,0x27fd770,0x100000538,0x27fd904,0x27fd8f8,0x27fd8d0,0x0,0x27fda40]
[trap] num=5 (0x5) pc=0x180119f50 args=[0x100000538,0x0,0x0,0x27fd904,0x27fd8f8,0x27fd8d0,0x0,0x27fda40]
[trap] num=197 (0xc5) pc=0x180119190 args=[0x0,0x9f810,0x1,0x40002,0x3,0x0,0x0,0x27fda40]
[trap] num=92 (0x5c) pc=0x1801180d8 args=[0x3,0x32,0x27fda40,0x40002,0x3,0x0,0x0,0x27fda40]
[trap] num=92 (0x5c) pc=0x1801180d8 args=[0x3,0x61,0x27fd7c0,0x0,0x0,0x0,0x0,0x4c10]
[trap] num=73 (0x49) pc=0x18011823c args=[0xa0bf90000,0x9f810,0x9f810,0x0,0x0,0x0,0x0,0x0]
[trap] num=197 (0xc5) pc=0x180119190 args=[0x0,0x9f810,0x1,0x40002,0x3,0x0,0x0,0x0]
[trap] num=339 (0x153) pc=0x1801195b8 args=[0x3,0x27fd040,0x27fd040,0x27fda40,0x27fd9dc,0x27fd970,0x0,0x27fd810]
[trap] num=153 (0x99) pc=0x180117f04 args=[0x3,0x27fd0ac,0x1c,0x0,0x0,0x27fd970,0x0,0x27fd810]
[trap] num=153 (0x99) pc=0x180117f04 args=[0x3,0x27fcb50,0x550,0x0,0x0,0x27fd970,0x0,0x27fd810]
[trap] num=92 (0x5c) pc=0x1801180d8 args=[0x3,0x61,0x27fd090,0x0,0x0,0x0,0x0,0x4c10]
[trap] num=92 (0x5c) pc=0x1801180d8 args=[0x3,0x62,0x27fd1b8,0x27fd1b8,0x0,0x0,0x0,0x0]
[trap] num=-10 (0xfffffffffffffff6) pc=0x180115588 args=[0x203,0x27fd0b0,0xa0000,0x1,0x0,0x0,0x0,0x0]
[trap] num=197 (0xc5) pc=0x180119190 args=[0xa0c0d0000,0x90000,0x5,0x40012,0x3,0x0,0x0,0x0]
[trap] num=197 (0xc5) pc=0x180119190 args=[0xa0c160000,0x4000,0x3,0x40012,0x3,0x90000,0x90000,0x0]
[trap] num=197 (0xc5) pc=0x180119190 args=[0xa0c164000,0x4000,0x3,0x40012,0x3,0x94000,0x94000,0x0]
[trap] num=197 (0xc5) pc=0x180119190 args=[0xa0c168000,0x8000,0x1,0x40012,0x3,0x98000,0x98000,0x0]
[trap] num=73 (0x49) pc=0x18011823c args=[0xa0c030000,0x9f810,0x9f810,0xfffffffffffffffa,0x6f,0x75,0x0,0x5b0]
[trap] num=6 (0x6) pc=0x180116750 args=[0x3,0x9f810,0x9f810,0xfffffffffffffffa,0x6f,0x75,0x0,0x5b0]
[trap] num=5 (0x5) pc=0x180119f50 args=[0x100000588,0x0,0x0,0x100000588,0x2f,0x40,0x27fee6f,0x790]
[trap] num=92 (0x5c) pc=0x1801180d8 args=[0x3,0x32,0x27fe328,0x100000588,0x2f,0x40,0x27fee6f,0x790]
[trap] num=6 (0x6) pc=0x180116750 args=[0x3,0x32,0x27fe328,0x100000588,0x2f,0x40,0x27fee6f,0x790]
[trap] num=338 (0x152) pc=0x180116c48 args=[0x100000588,0x27fde60,0x27fdf60,0x27fdf48,0x100000592,0x1801ac864,0x27fe6a8,0x790]
[trap] num=338 (0x152) pc=0x180116c48 args=[0x100000588,0x27fd770,0x100000588,0x27fd904,0x27fd8f8,0x27fd8d0,0x0,0x27fda40]
[trap] num=5 (0x5) pc=0x180119f50 args=[0x100000588,0x0,0x0,0x27fd904,0x27fd8f8,0x27fd8d0,0x0,0x27fda40]
[trap] num=197 (0xc5) pc=0x180119190 args=[0x0,0x3b700,0x1,0x40002,0x3,0x0,0x0,0x27fda40]
[trap] num=92 (0x5c) pc=0x1801180d8 args=[0x3,0x32,0x27fda40,0x40002,0x3,0x0,0x0,0x27fda40]
[trap] num=92 (0x5c) pc=0x1801180d8 args=[0x3,0x61,0x27fd7c0,0x0,0x0,0x0,0x0,0x48f0]
[trap] num=73 (0x49) pc=0x18011823c args=[0xa0c170000,0x3b700,0x3b700,0x0,0x0,0x0,0x0,0x0]
[trap] num=197 (0xc5) pc=0x180119190 args=[0x0,0x3b700,0x1,0x40002,0x3,0x0,0x0,0x0]
[trap] num=339 (0x153) pc=0x1801195b8 args=[0x3,0x27fd040,0x27fd040,0x27fda40,0x27fd9dc,0x27fd970,0x0,0x27fd810]
[trap] num=153 (0x99) pc=0x180117f04 args=[0x3,0x27fd0ac,0x1c,0x0,0x0,0x27fd970,0x0,0x27fd810]
[trap] num=153 (0x99) pc=0x180117f04 args=[0x3,0x27fcab0,0x5e8,0x0,0x0,0x27fd970,0x0,0x27fd810]
[trap] num=92 (0x5c) pc=0x1801180d8 args=[0x3,0x61,0x27fd090,0x0,0x0,0x0,0x0,0x48f0]
[trap] num=92 (0x5c) pc=0x1801180d8 args=[0x3,0x62,0x27fd1b8,0x27fd1b8,0x0,0x0,0x0,0x0]
[trap] num=-10 (0xfffffffffffffff6) pc=0x180115588 args=[0x203,0x27fd0b0,0x3c000,0x1,0x0,0x0,0x0,0x0]
[trap] num=197 (0xc5) pc=0x180119190 args=[0xa0c1e8000,0x24000,0x5,0x40012,0x3,0x0,0x0,0x0]
[trap] num=197 (0xc5) pc=0x180119190 args=[0xa0c20c000,0x4000,0x3,0x40012,0x3,0x24000,0x24000,0x0]
[trap] num=197 (0xc5) pc=0x180119190 args=[0xa0c210000,0x4000,0x3,0x40012,0x3,0x28000,0x28000,0x0]
[trap] num=197 (0xc5) pc=0x180119190 args=[0xa0c214000,0x10000,0x1,0x40012,0x3,0x2c000,0x2c000,0x0]
[trap] num=73 (0x49) pc=0x18011823c args=[0xa0c1ac000,0x3b700,0x3b700,0xfffffffffffffffa,0x6f,0x75,0x0,0x5b0]
[trap] num=6 (0x6) pc=0x180116750 args=[0x3,0x3b700,0x3b700,0xfffffffffffffffa,0x6f,0x75,0x0,0x5b0]
[trap] num=5 (0x5) pc=0x180119f50 args=[0x1000005d0,0x0,0x0,0x1000005d0,0x2f,0x40,0x27fee6f,0x6d0]
[trap] num=92 (0x5c) pc=0x1801180d8 args=[0x3,0x32,0x27fe328,0x1000005d0,0x2f,0x40,0x27fee6f,0x6d0]
[trap] num=6 (0x6) pc=0x180116750 args=[0x3,0x32,0x27fe328,0x1000005d0,0x2f,0x40,0x27fee6f,0x6d0]
[trap] num=338 (0x152) pc=0x180116c48 args=[0x1000005d0,0x27fde60,0x27fdf60,0x27fdf48,0x1000005da,0x1801ac864,0x27fe6a8,0xbc0]
[trap] num=338 (0x152) pc=0x180116c48 args=[0x1000005d0,0x27fd770,0x1000005d0,0x27fd904,0x27fd8f8,0x27fd8d0,0x0,0x27fda40]
[trap] num=5 (0x5) pc=0x180119f50 args=[0x1000005d0,0x0,0x0,0x27fd904,0x27fd8f8,0x27fd8d0,0x0,0x27fda40]
[trap] num=197 (0xc5) pc=0x180119190 args=[0x0,0x12750,0x1,0x40002,0x3,0x0,0x0,0x27fda40]
[trap] num=92 (0x5c) pc=0x1801180d8 args=[0x3,0x32,0x27fda40,0x40002,0x3,0x0,0x0,0x27fda40]
[trap] num=92 (0x5c) pc=0x1801180d8 args=[0x3,0x61,0x27fd7c0,0x0,0x0,0x0,0x0,0x47c0]
[trap] num=73 (0x49) pc=0x18011823c args=[0xa0c224000,0x12750,0x12750,0x0,0x0,0x0,0x0,0x0]
[trap] num=197 (0xc5) pc=0x180119190 args=[0x0,0x12750,0x1,0x40002,0x3,0x0,0x0,0x0]
[trap] num=339 (0x153) pc=0x1801195b8 args=[0x3,0x27fd060,0x27fd060,0x27fda40,0x27fd9dc,0x27fd970,0x0,0x27fd810]
[trap] num=153 (0x99) pc=0x180117f04 args=[0x3,0x27fd0cc,0x1c,0x0,0x0,0x27fd970,0x0,0x27fd810]
[trap] num=153 (0x99) pc=0x180117f04 args=[0x3,0x27fcbd0,0x4e8,0x0,0x0,0x27fd970,0x0,0x27fd810]
[trap] num=92 (0x5c) pc=0x1801180d8 args=[0x3,0x61,0x27fd0b0,0x0,0x0,0x0,0x0,0x47c0]
[trap] num=92 (0x5c) pc=0x1801180d8 args=[0x3,0x62,0x27fd1d8,0x27fd1d8,0x0,0x0,0x0,0x0]
[trap] num=-10 (0xfffffffffffffff6) pc=0x180115588 args=[0x203,0x27fd0d0,0x14000,0x1,0x0,0x0,0x0,0x0]
[trap] num=197 (0xc5) pc=0x180119190 args=[0xa0c24c000,0x8000,0x5,0x40012,0x3,0x0,0x0,0x0]
[trap] num=197 (0xc5) pc=0x180119190 args=[0xa0c254000,0x4000,0x3,0x40012,0x3,0x8000,0x8000,0x0]
[trap] num=197 (0xc5) pc=0x180119190 args=[0xa0c258000,0x8000,0x1,0x40012,0x3,0xc000,0xc000,0x0]
[trap] num=73 (0x49) pc=0x18011823c args=[0xa0c238000,0x12750,0x12750,0xfffffffffffffff1,0x6f,0x75,0x27fd47f,0x940]
[trap] num=6 (0x6) pc=0x180116750 args=[0x3,0x12750,0x12750,0xfffffffffffffff1,0x6f,0x75,0x27fd47f,0x940]
[trap] num=5 (0x5) pc=0x180119f50 args=[0x100000628,0x0,0x0,0x100000628,0x2f,0x40,0x27fee6f,0xcb0]
[trap] num=92 (0x5c) pc=0x1801180d8 args=[0x3,0x32,0x27fe328,0x100000628,0x2f,0x40,0x27fee6f,0xcb0]
[trap] num=6 (0x6) pc=0x180116750 args=[0x3,0x32,0x27fe328,0x100000628,0x2f,0x40,0x27fee6f,0xcb0]
[trap] num=338 (0x152) pc=0x180116c48 args=[0x100000628,0x27fde60,0x27fdf60,0x27fdf48,0x100000632,0x1801ac864,0x27fe6a8,0xcb0]
[trap] num=338 (0x152) pc=0x180116c48 args=[0x100000628,0x27fd770,0x100000628,0x27fd904,0x27fd8f8,0x27fd8d0,0x0,0x27fda40]
[trap] num=5 (0x5) pc=0x180119f50 args=[0x100000628,0x0,0x0,0x27fd904,0x27fd8f8,0x27fd8d0,0x0,0x27fda40]
[trap] num=197 (0xc5) pc=0x180119190 args=[0x0,0x31140,0x1,0x40002,0x3,0x0,0x0,0x27fda40]
[trap] num=92 (0x5c) pc=0x1801180d8 args=[0x3,0x32,0x27fda40,0x40002,0x3,0x0,0x0,0x27fda40]
[trap] num=92 (0x5c) pc=0x1801180d8 args=[0x3,0x61,0x27fd7c0,0x0,0x0,0x0,0x0,0x48e0]
[trap] num=73 (0x49) pc=0x18011823c args=[0xa0c260000,0x31140,0x31140,0x0,0x0,0x0,0x0,0x0]
[trap] num=197 (0xc5) pc=0x180119190 args=[0x0,0x31140,0x1,0x40002,0x3,0x0,0x0,0x0]
[trap] num=339 (0x153) pc=0x1801195b8 args=[0x3,0x27fd040,0x27fd040,0x27fda40,0x27fd9dc,0x27fd970,0x0,0x27fd810]
[trap] num=153 (0x99) pc=0x180117f04 args=[0x3,0x27fd0ac,0x1c,0x0,0x0,0x27fd970,0x0,0x27fd810]
[trap] num=153 (0x99) pc=0x180117f04 args=[0x3,0x27fcb00,0x598,0x0,0x0,0x27fd970,0x0,0x27fd810]
[trap] num=92 (0x5c) pc=0x1801180d8 args=[0x3,0x61,0x27fd090,0x0,0x0,0x0,0x0,0x48e0]
[trap] num=92 (0x5c) pc=0x1801180d8 args=[0x3,0x62,0x27fd1b8,0x27fd1b8,0x0,0x0,0x0,0x0]
[trap] num=-10 (0xfffffffffffffff6) pc=0x180115588 args=[0x203,0x27fd0b0,0x34000,0x1,0x0,0x0,0x0,0x0]
[trap] num=197 (0xc5) pc=0x180119190 args=[0xa0c2c8000,0x1c000,0x5,0x40012,0x3,0x0,0x0,0x0]
[trap] num=197 (0xc5) pc=0x180119190 args=[0xa0c2e4000,0x4000,0x3,0x40012,0x3,0x1c000,0x1c000,0x0]
[trap] num=197 (0xc5) pc=0x180119190 args=[0xa0c2e8000,0x4000,0x3,0x40012,0x3,0x20000,0x20000,0x0]
[trap] num=197 (0xc5) pc=0x180119190 args=[0xa0c2ec000,0x10000,0x1,0x40012,0x3,0x24000,0x24000,0x0]
[trap] num=73 (0x49) pc=0x18011823c args=[0xa0c294000,0x31140,0x31140,0xfffffffffffffffa,0x6f,0x75,0x0,0x5b0]
[trap] num=6 (0x6) pc=0x180116750 args=[0x3,0x31140,0x31140,0xfffffffffffffffa,0x6f,0x75,0x0,0x5b0]
[trap] num=5 (0x5) pc=0x180119f50 args=[0x100000678,0x0,0x0,0x100000678,0x2f,0x40,0x27fee6f,0xcb0]
[trap] num=92 (0x5c) pc=0x1801180d8 args=[0x3,0x32,0x27fe328,0x100000678,0x2f,0x40,0x27fee6f,0xcb0]
[trap] num=6 (0x6) pc=0x180116750 args=[0x3,0x32,0x27fe328,0x100000678,0x2f,0x40,0x27fee6f,0xcb0]
[trap] num=338 (0x152) pc=0x180116c48 args=[0x100000678,0x27fde60,0x27fdf60,0x27fdf48,0x100000682,0x1801ac864,0x27fe6a8,0xcb0]
[trap] num=338 (0x152) pc=0x180116c48 args=[0x100000678,0x27fd770,0x100000678,0x27fd904,0x27fd8f8,0x27fd8d0,0x0,0x27fda40]
[trap] num=5 (0x5) pc=0x180119f50 args=[0x100000678,0x0,0x0,0x27fd904,0x27fd8f8,0x27fd8d0,0x0,0x27fda40]
[trap] num=197 (0xc5) pc=0x180119190 args=[0x0,0x30c80,0x1,0x40002,0x3,0x0,0x0,0x27fda40]
[trap] num=92 (0x5c) pc=0x1801180d8 args=[0x3,0x32,0x27fda40,0x40002,0x3,0x0,0x0,0x27fda40]
[trap] num=92 (0x5c) pc=0x1801180d8 args=[0x3,0x61,0x27fd7c0,0x0,0x0,0x0,0x0,0x48e0]
[trap] num=73 (0x49) pc=0x18011823c args=[0xa0c2fc000,0x30c80,0x30c80,0x0,0x0,0x0,0x0,0x0]
[trap] num=197 (0xc5) pc=0x180119190 args=[0x0,0x30c80,0x1,0x40002,0x3,0x0,0x0,0x0]
[trap] num=339 (0x153) pc=0x1801195b8 args=[0x3,0x27fd040,0x27fd040,0x27fda40,0x27fd9dc,0x27fd970,0x0,0x27fd810]
[trap] num=153 (0x99) pc=0x180117f04 args=[0x3,0x27fd0ac,0x1c,0x0,0x0,0x27fd970,0x0,0x27fd810]
[trap] num=153 (0x99) pc=0x180117f04 args=[0x3,0x27fcb50,0x548,0x0,0x0,0x27fd970,0x0,0x27fd810]
[trap] num=92 (0x5c) pc=0x1801180d8 args=[0x3,0x61,0x27fd090,0x0,0x0,0x0,0x0,0x48e0]
[trap] num=92 (0x5c) pc=0x1801180d8 args=[0x3,0x62,0x27fd1b8,0x27fd1b8,0x0,0x0,0x0,0x0]
[trap] num=-10 (0xfffffffffffffff6) pc=0x180115588 args=[0x203,0x27fd0b0,0x34000,0x1,0x0,0x0,0x0,0x0]
[trap] num=197 (0xc5) pc=0x180119190 args=[0xa0c364000,0x1c000,0x5,0x40012,0x3,0x0,0x0,0x0]
[trap] num=197 (0xc5) pc=0x180119190 args=[0xa0c380000,0x4000,0x3,0x40012,0x3,0x1c000,0x1c000,0x0]
[trap] num=197 (0xc5) pc=0x180119190 args=[0xa0c384000,0x4000,0x3,0x40012,0x3,0x20000,0x20000,0x0]
[trap] num=197 (0xc5) pc=0x180119190 args=[0xa0c388000,0x10000,0x1,0x40012,0x3,0x24000,0x24000,0x0]
[trap] num=73 (0x49) pc=0x18011823c args=[0xa0c330000,0x30c80,0x30c80,0xfffffffffffffffa,0x6f,0x75,0x27fd45f,0x5b0]
[trap] num=6 (0x6) pc=0x180116750 args=[0x3,0x30c80,0x30c80,0xfffffffffffffffa,0x6f,0x75,0x27fd45f,0x5b0]
[trap] num=5 (0x5) pc=0x180119f50 args=[0x1000006c8,0x0,0x0,0x1000006c8,0x2f,0x40,0x27fee6f,0xcb0]
[trap] num=92 (0x5c) pc=0x1801180d8 args=[0x3,0x32,0x27fe328,0x1000006c8,0x2f,0x40,0x27fee6f,0xcb0]
[trap] num=6 (0x6) pc=0x180116750 args=[0x3,0x32,0x27fe328,0x1000006c8,0x2f,0x40,0x27fee6f,0xcb0]
[trap] num=338 (0x152) pc=0x180116c48 args=[0x1000006c8,0x27fde60,0x27fdf60,0x27fdf48,0x1000006d2,0x1801ac864,0x27fe6a8,0xcb0]
[trap] num=338 (0x152) pc=0x180116c48 args=[0x1000006c8,0x27fd770,0x1000006c8,0x27fd904,0x27fd8f8,0x27fd8d0,0x0,0x27fda40]
[trap] num=5 (0x5) pc=0x180119f50 args=[0x1000006c8,0x0,0x0,0x27fd904,0x27fd8f8,0x27fd8d0,0x0,0x27fda40]
[trap] num=197 (0xc5) pc=0x180119190 args=[0x0,0x54570,0x1,0x40002,0x3,0x0,0x0,0x27fda40]
[trap] num=92 (0x5c) pc=0x1801180d8 args=[0x3,0x32,0x27fda40,0x40002,0x3,0x0,0x0,0x27fda40]
[trap] num=92 (0x5c) pc=0x1801180d8 args=[0x3,0x61,0x27fd7c0,0x0,0x0,0x0,0x0,0x49e0]
[trap] num=73 (0x49) pc=0x18011823c args=[0xa0c398000,0x54570,0x54570,0x0,0x0,0x0,0x0,0x0]
[trap] num=197 (0xc5) pc=0x180119190 args=[0x0,0x54570,0x1,0x40002,0x3,0x0,0x0,0x0]
[trap] num=339 (0x153) pc=0x1801195b8 args=[0x3,0x27fd040,0x27fd040,0x27fda40,0x27fd9dc,0x27fd970,0x0,0x27fd810]
[trap] num=153 (0x99) pc=0x180117f04 args=[0x3,0x27fd0ac,0x1c,0x0,0x0,0x27fd970,0x0,0x27fd810]
[trap] num=153 (0x99) pc=0x180117f04 args=[0x3,0x27fcb00,0x598,0x0,0x0,0x27fd970,0x0,0x27fd810]
[trap] num=92 (0x5c) pc=0x1801180d8 args=[0x3,0x61,0x27fd090,0x0,0x0,0x0,0x0,0x49e0]
[trap] num=92 (0x5c) pc=0x1801180d8 args=[0x3,0x62,0x27fd1b8,0x27fd1b8,0x0,0x0,0x0,0x0]
[trap] num=-10 (0xfffffffffffffff6) pc=0x180115588 args=[0x203,0x27fd0b0,0x58000,0x1,0x0,0x0,0x0,0x0]
[trap] num=197 (0xc5) pc=0x180119190 args=[0xa0c448000,0x38000,0x5,0x40012,0x3,0x0,0x0,0x0]
[trap] num=197 (0xc5) pc=0x180119190 args=[0xa0c480000,0x4000,0x3,0x40012,0x3,0x38000,0x38000,0x0]
[trap] num=197 (0xc5) pc=0x180119190 args=[0xa0c484000,0x4000,0x3,0x40012,0x3,0x3c000,0x3c000,0x0]
[trap] num=197 (0xc5) pc=0x180119190 args=[0xa0c488000,0x18000,0x1,0x40012,0x3,0x40000,0x40000,0x0]
[trap] num=73 (0x49) pc=0x18011823c args=[0xa0c3f0000,0x54570,0x54570,0xfffffffffffffffa,0x6f,0x75,0x0,0x5b0]
[trap] num=6 (0x6) pc=0x180116750 args=[0x3,0x54570,0x54570,0xfffffffffffffffa,0x6f,0x75,0x0,0x5b0]
[trap] num=5 (0x5) pc=0x180119f50 args=[0x100000718,0x0,0x0,0x100000718,0x2f,0x40,0x27fee6f,0xcb0]
[trap] num=92 (0x5c) pc=0x1801180d8 args=[0x3,0x32,0x27fe328,0x100000718,0x2f,0x40,0x27fee6f,0xcb0]
[trap] num=6 (0x6) pc=0x180116750 args=[0x3,0x32,0x27fe328,0x100000718,0x2f,0x40,0x27fee6f,0xcb0]
[trap] num=338 (0x152) pc=0x180116c48 args=[0x100000718,0x27fde60,0x27fdf60,0x27fdf48,0x100000722,0x1801ac864,0x27fe6a8,0xcb0]
[trap] num=338 (0x152) pc=0x180116c48 args=[0x100000718,0x27fd770,0x100000718,0x27fd904,0x27fd8f8,0x27fd8d0,0x0,0x27fda40]
[trap] num=5 (0x5) pc=0x180119f50 args=[0x100000718,0x0,0x0,0x27fd904,0x27fd8f8,0x27fd8d0,0x0,0x27fda40]
[trap] num=197 (0xc5) pc=0x180119190 args=[0x0,0x1379a0,0x1,0x40002,0x3,0x0,0x0,0x27fda40]
[trap] num=92 (0x5c) pc=0x1801180d8 args=[0x3,0x32,0x27fda40,0x40002,0x3,0x0,0x0,0x27fda40]
[trap] num=92 (0x5c) pc=0x1801180d8 args=[0x3,0x61,0x27fd7c0,0x0,0x0,0x0,0x0,0x27b0]
[trap] num=73 (0x49) pc=0x18011823c args=[0xa0c4a0000,0x1379a0,0x1379a0,0x0,0x0,0x0,0x0,0x0]
[trap] num=197 (0xc5) pc=0x180119190 args=[0x0,0x1379a0,0x1,0x40002,0x3,0x0,0x0,0x0]
[trap] num=339 (0x153) pc=0x1801195b8 args=[0x3,0x27fd040,0x27fd040,0x27fda40,0x27fd9dc,0x27fd970,0x0,0x27fd810]
[trap] num=153 (0x99) pc=0x180117f04 args=[0x3,0x27fd0ac,0x1c,0x0,0x0,0x27fd970,0x0,0x27fd810]
[trap] num=153 (0x99) pc=0x180117f04 args=[0x3,0x27fca50,0x648,0x0,0x0,0x27fd970,0x0,0x27fd810]
[trap] num=92 (0x5c) pc=0x1801180d8 args=[0x3,0x61,0x27fd090,0x0,0x0,0x0,0x0,0x27b0]
[trap] num=92 (0x5c) pc=0x1801180d8 args=[0x3,0x62,0x27fd1b8,0x27fd1b8,0x0,0x0,0x0,0x0]
[trap] num=-10 (0xfffffffffffffff6) pc=0x180115588 args=[0x203,0x27fd0b0,0x138000,0x1,0x0,0x0,0x0,0x0]
[trap] num=197 (0xc5) pc=0x180119190 args=[0xa0c710000,0x10c000,0x5,0x40012,0x3,0x0,0x0,0x0]
[trap] num=197 (0xc5) pc=0x180119190 args=[0xa0c81c000,0x4000,0x3,0x40012,0x3,0x10c000,0x10c000,0x0]
[trap] num=197 (0xc5) pc=0x180119190 args=[0xa0c820000,0x8000,0x3,0x40012,0x3,0x110000,0x110000,0x0]
[trap] num=197 (0xc5) pc=0x180119190 args=[0xa0c828000,0x20000,0x1,0x40012,0x3,0x118000,0x118000,0x0]
[trap] num=73 (0x49) pc=0x18011823c args=[0xa0c5d8000,0x1379a0,0x1379a0,0xfffffffffffffffa,0x6f,0x75,0x0,0x5b0]
[trap] num=6 (0x6) pc=0x180116750 args=[0x3,0x1379a0,0x1379a0,0xfffffffffffffffa,0x6f,0x75,0x0,0x5b0]
[trap] num=5 (0x5) pc=0x180119f50 args=[0x100000760,0x0,0x0,0x100000760,0x2f,0x40,0x27fee6f,0x6d0]
[trap] num=92 (0x5c) pc=0x1801180d8 args=[0x3,0x32,0x27fe328,0x100000760,0x2f,0x40,0x27fee6f,0x6d0]
[trap] num=6 (0x6) pc=0x180116750 args=[0x3,0x32,0x27fe328,0x100000760,0x2f,0x40,0x27fee6f,0x6d0]
[trap] num=338 (0x152) pc=0x180116c48 args=[0x100000760,0x27fde60,0x27fdf60,0x27fdf48,0x10000076a,0x1801ac864,0x27fe6a8,0xb70]
[trap] num=338 (0x152) pc=0x180116c48 args=[0x100000760,0x27fd770,0x100000760,0x27fd904,0x27fd8f8,0x27fd8d0,0x0,0x27fda40]
[trap] num=5 (0x5) pc=0x180119f50 args=[0x100000760,0x0,0x0,0x27fd904,0x27fd8f8,0x27fd8d0,0x0,0x27fda40]
[trap] num=197 (0xc5) pc=0x180119190 args=[0x0,0x14520,0x1,0x40002,0x3,0x0,0x0,0x27fda40]
[trap] num=92 (0x5c) pc=0x1801180d8 args=[0x3,0x32,0x27fda40,0x40002,0x3,0x0,0x0,0x27fda40]
[trap] num=92 (0x5c) pc=0x1801180d8 args=[0x3,0x61,0x27fd7c0,0x0,0x0,0x0,0x0,0x47e0]
[trap] num=73 (0x49) pc=0x18011823c args=[0xa0c848000,0x14520,0x14520,0x0,0x0,0x0,0x0,0x0]
[trap] num=197 (0xc5) pc=0x180119190 args=[0x0,0x14520,0x1,0x40002,0x3,0x0,0x0,0x0]
[trap] num=339 (0x153) pc=0x1801195b8 args=[0x3,0x27fd060,0x27fd060,0x27fda40,0x27fd9dc,0x27fd970,0x0,0x27fd810]
[trap] num=153 (0x99) pc=0x180117f04 args=[0x3,0x27fd0cc,0x1c,0x0,0x0,0x27fd970,0x0,0x27fd810]
[trap] num=153 (0x99) pc=0x180117f04 args=[0x3,0x27fcbd0,0x4f0,0x0,0x0,0x27fd970,0x0,0x27fd810]
[trap] num=92 (0x5c) pc=0x1801180d8 args=[0x3,0x61,0x27fd0b0,0x0,0x0,0x0,0x0,0x47e0]
[trap] num=92 (0x5c) pc=0x1801180d8 args=[0x3,0x62,0x27fd1d8,0x27fd1d8,0x0,0x0,0x0,0x0]
[trap] num=-10 (0xfffffffffffffff6) pc=0x180115588 args=[0x203,0x27fd0d0,0x18000,0x1,0x0,0x0,0x0,0x0]
[trap] num=197 (0xc5) pc=0x180119190 args=[0xa0c878000,0x8000,0x5,0x40012,0x3,0x0,0x0,0x0]
[trap] num=197 (0xc5) pc=0x180119190 args=[0xa0c880000,0x4000,0x3,0x40012,0x3,0x8000,0x8000,0x0]
[trap] num=197 (0xc5) pc=0x180119190 args=[0xa0c884000,0xc000,0x1,0x40012,0x3,0xc000,0xc000,0x0]
[trap] num=73 (0x49) pc=0x18011823c args=[0xa0c860000,0x14520,0x14520,0xfffffffffffffff1,0x6f,0x75,0x0,0x940]
[trap] num=6 (0x6) pc=0x180116750 args=[0x3,0x14520,0x14520,0xfffffffffffffff1,0x6f,0x75,0x0,0x940]
[trap] num=5 (0x5) pc=0x180119f50 args=[0x1000007a8,0x0,0x0,0x1000007a8,0x2f,0x40,0x27fee6f,0xcb0]
[trap] num=92 (0x5c) pc=0x1801180d8 args=[0x3,0x32,0x27fe328,0x1000007a8,0x2f,0x40,0x27fee6f,0xcb0]
[trap] num=6 (0x6) pc=0x180116750 args=[0x3,0x32,0x27fe328,0x1000007a8,0x2f,0x40,0x27fee6f,0xcb0]
[trap] num=338 (0x152) pc=0x180116c48 args=[0x1000007a8,0x27fde60,0x27fdf60,0x27fdf48,0x1000007b2,0x1801ac864,0x27fe6a8,0xcb0]
[trap] num=338 (0x152) pc=0x180116c48 args=[0x1000007a8,0x27fd770,0x1000007a8,0x27fd904,0x27fd8f8,0x27fd8d0,0x0,0x27fda40]
[trap] num=5 (0x5) pc=0x180119f50 args=[0x1000007a8,0x0,0x0,0x27fd904,0x27fd8f8,0x27fd8d0,0x0,0x27fda40]
[trap] num=197 (0xc5) pc=0x180119190 args=[0x0,0x9e9b0,0x1,0x40002,0x3,0x0,0x0,0x27fda40]
[trap] num=92 (0x5c) pc=0x1801180d8 args=[0x3,0x32,0x27fda40,0x40002,0x3,0x0,0x0,0x27fda40]
[trap] num=92 (0x5c) pc=0x1801180d8 args=[0x3,0x61,0x27fd7c0,0x0,0x0,0x0,0x0,0x4c10]
[trap] num=73 (0x49) pc=0x18011823c args=[0xa0c890000,0x9e9b0,0x9e9b0,0x0,0x0,0x0,0x0,0x0]
[trap] num=197 (0xc5) pc=0x180119190 args=[0x0,0x9e9b0,0x1,0x40002,0x3,0x0,0x0,0x0]
[trap] num=339 (0x153) pc=0x1801195b8 args=[0x3,0x27fd040,0x27fd040,0x27fda40,0x27fd9dc,0x27fd970,0x0,0x27fd810]
[trap] num=153 (0x99) pc=0x180117f04 args=[0x3,0x27fd0ac,0x1c,0x0,0x0,0x27fd970,0x0,0x27fd810]
[trap] num=153 (0x99) pc=0x180117f04 args=[0x3,0x27fcaa0,0x600,0x0,0x0,0x27fd970,0x0,0x27fd810]
[trap] num=92 (0x5c) pc=0x1801180d8 args=[0x3,0x61,0x27fd090,0x0,0x0,0x0,0x0,0x4c10]
[trap] num=92 (0x5c) pc=0x1801180d8 args=[0x3,0x62,0x27fd1b8,0x27fd1b8,0x0,0x0,0x0,0x0]
[trap] num=-10 (0xfffffffffffffff6) pc=0x180115588 args=[0x203,0x27fd0b0,0xa4000,0x1,0x0,0x0,0x0,0x0]
[trap] num=197 (0xc5) pc=0x180119190 args=[0xa0c9d0000,0x88000,0x5,0x40012,0x3,0x0,0x0,0x0]
[trap] num=197 (0xc5) pc=0x180119190 args=[0xa0ca58000,0x4000,0x3,0x40012,0x3,0x88000,0x88000,0x0]
[trap] num=197 (0xc5) pc=0x180119190 args=[0xa0ca60000,0x14000,0x1,0x40012,0x3,0x8c000,0x8c000,0x0]
[trap] num=73 (0x49) pc=0x18011823c args=[0xa0c930000,0x9e9b0,0x9e9b0,0xfffffffffffffffa,0x6f,0x75,0x0,0x5b0]
[trap] num=6 (0x6) pc=0x180116750 args=[0x3,0x9e9b0,0x9e9b0,0xfffffffffffffffa,0x6f,0x75,0x0,0x5b0]
[trap] num=5 (0x5) pc=0x180119f50 args=[0x1000007f0,0x0,0x0,0x1000007f0,0x2f,0x40,0x27fee6f,0x6d0]
[trap] num=92 (0x5c) pc=0x1801180d8 args=[0x3,0x32,0x27fe328,0x1000007f0,0x2f,0x40,0x27fee6f,0x6d0]
[trap] num=6 (0x6) pc=0x180116750 args=[0x3,0x32,0x27fe328,0x1000007f0,0x2f,0x40,0x27fee6f,0x6d0]
[trap] num=338 (0x152) pc=0x180116c48 args=[0x1000007f0,0x27fde60,0x27fdf60,0x27fdf48,0x1000007fa,0x1801ac864,0x27fe6a8,0xb70]
[trap] num=338 (0x152) pc=0x180116c48 args=[0x1000007f0,0x27fd770,0x1000007f0,0x27fd904,0x27fd8f8,0x27fd8d0,0x0,0x27fda40]
[trap] num=5 (0x5) pc=0x180119f50 args=[0x1000007f0,0x0,0x0,0x27fd904,0x27fd8f8,0x27fd8d0,0x0,0x27fda40]
[trap] num=197 (0xc5) pc=0x180119190 args=[0x0,0x4a19c0,0x1,0x40002,0x3,0x0,0x0,0x27fda40]
[trap] num=92 (0x5c) pc=0x1801180d8 args=[0x3,0x32,0x27fda40,0x40002,0x3,0x0,0x0,0x27fda40]
[trap] num=92 (0x5c) pc=0x1801180d8 args=[0x3,0x61,0x27fd7c0,0x0,0x0,0x0,0x0,0x9400]
[trap] num=73 (0x49) pc=0x18011823c args=[0xa0ca74000,0x4a19c0,0x4a19c0,0x0,0x0,0x0,0x0,0x0]
[trap] num=197 (0xc5) pc=0x180119190 args=[0x0,0x4a19c0,0x1,0x40002,0x3,0x0,0x0,0x0]
[trap] num=339 (0x153) pc=0x1801195b8 args=[0x3,0x27fd040,0x27fd040,0x27fda40,0x27fd9dc,0x27fd970,0x0,0x27fd810]
[trap] num=153 (0x99) pc=0x180117f04 args=[0x3,0x27fd0ac,0x1c,0x0,0x0,0x27fd970,0x0,0x27fd810]
[trap] num=153 (0x99) pc=0x180117f04 args=[0x3,0x27fca10,0x688,0x0,0x0,0x27fd970,0x0,0x27fd810]
[trap] num=92 (0x5c) pc=0x1801180d8 args=[0x3,0x61,0x27fd090,0x0,0x0,0x0,0x0,0x9400]
[trap] num=92 (0x5c) pc=0x1801180d8 args=[0x3,0x62,0x27fd1b8,0x27fd1b8,0x0,0x0,0x0,0x0]
[trap] num=-10 (0xfffffffffffffff6) pc=0x180115588 args=[0x203,0x27fd0b0,0x4a4000,0x1,0x0,0x0,0x0,0x0]
[trap] num=197 (0xc5) pc=0x180119190 args=[0xa0d3bc000,0x340000,0x5,0x40012,0x3,0x0,0x0,0x0]
[trap] num=197 (0xc5) pc=0x180119190 args=[0xa0d6fc000,0x78000,0x3,0x40012,0x3,0x340000,0x340000,0x0]
[trap] num=197 (0xc5) pc=0x180119190 args=[0xa0d774000,0x4000,0x3,0x40012,0x3,0x3b8000,0x3b8000,0x0]
[trap] num=197 (0xc5) pc=0x180119190 args=[0xa0d778000,0xe8000,0x1,0x40012,0x3,0x3bc000,0x3bc000,0x0]
[trap] num=73 (0x49) pc=0x18011823c args=[0xa0cf18000,0x4a19c0,0x4a19c0,0xfffffffffffffffa,0x6f,0x75,0x0,0x5b0]
[trap] num=6 (0x6) pc=0x180116750 args=[0x3,0x4a19c0,0x4a19c0,0xfffffffffffffffa,0x6f,0x75,0x0,0x5b0]
[trap] num=5 (0x5) pc=0x180119f50 args=[0x100000840,0x0,0x0,0x100000840,0x2f,0x40,0x27fee6f,0x6d0]
[trap] num=92 (0x5c) pc=0x1801180d8 args=[0x3,0x32,0x27fe328,0x100000840,0x2f,0x40,0x27fee6f,0x6d0]
[trap] num=6 (0x6) pc=0x180116750 args=[0x3,0x32,0x27fe328,0x100000840,0x2f,0x40,0x27fee6f,0x6d0]
[trap] num=338 (0x152) pc=0x180116c48 args=[0x100000840,0x27fde60,0x27fdf60,0x27fdf48,0x10000084a,0x1801ac864,0x27fe6a8,0xac0]
[trap] num=338 (0x152) pc=0x180116c48 args=[0x100000840,0x27fd770,0x100000840,0x27fd904,0x27fd8f8,0x27fd8d0,0x0,0x27fda40]
[trap] num=5 (0x5) pc=0x180119f50 args=[0x100000840,0x0,0x0,0x27fd904,0x27fd8f8,0x27fd8d0,0x0,0x27fda40]
[trap] num=197 (0xc5) pc=0x180119190 args=[0x0,0xd4e90,0x1,0x40002,0x3,0x0,0x0,0x27fda40]
[trap] num=92 (0x5c) pc=0x1801180d8 args=[0x3,0x32,0x27fda40,0x40002,0x3,0x0,0x0,0x27fda40]
[trap] num=92 (0x5c) pc=0x1801180d8 args=[0x3,0x61,0x27fd7c0,0x0,0x0,0x0,0x0,0x1b60]
[trap] num=73 (0x49) pc=0x18011823c args=[0xa0d860000,0xd4e90,0xd4e90,0x0,0x0,0x0,0x0,0x0]
[trap] num=197 (0xc5) pc=0x180119190 args=[0x0,0xd4e90,0x1,0x40002,0x3,0x0,0x0,0x0]
[trap] num=339 (0x153) pc=0x1801195b8 args=[0x3,0x27fd040,0x27fd040,0x27fda40,0x27fd9dc,0x27fd970,0x0,0x27fd810]
[trap] num=153 (0x99) pc=0x180117f04 args=[0x3,0x27fd0ac,0x1c,0x0,0x0,0x27fd970,0x0,0x27fd810]
[trap] num=153 (0x99) pc=0x180117f04 args=[0x3,0x27fcab0,0x5e8,0x0,0x0,0x27fd970,0x0,0x27fd810]
[trap] num=92 (0x5c) pc=0x1801180d8 args=[0x3,0x61,0x27fd090,0x0,0x0,0x0,0x0,0x1b60]
[trap] num=92 (0x5c) pc=0x1801180d8 args=[0x3,0x62,0x27fd1b8,0x27fd1b8,0x0,0x0,0x0,0x0]
[trap] num=-10 (0xfffffffffffffff6) pc=0x180115588 args=[0x203,0x27fd0b0,0xdc000,0x1,0x0,0x0,0x0,0x0]
[trap] num=197 (0xc5) pc=0x180119190 args=[0xa0da10000,0x90000,0x5,0x40012,0x3,0x0,0x0,0x0]
[trap] num=197 (0xc5) pc=0x180119190 args=[0xa0daa0000,0xc000,0x3,0x40012,0x3,0x90000,0x90000,0x0]
[trap] num=197 (0xc5) pc=0x180119190 args=[0xa0daac000,0x4000,0x3,0x40012,0x3,0x9c000,0x9c000,0x0]
[trap] num=197 (0xc5) pc=0x180119190 args=[0xa0dab0000,0x3c000,0x1,0x40012,0x3,0xa0000,0xa0000,0x0]
[trap] num=73 (0x49) pc=0x18011823c args=[0xa0d938000,0xd4e90,0xd4e90,0xfffffffffffffffa,0x6f,0x75,0x62696c79642e33,0x5b0]
[trap] num=6 (0x6) pc=0x180116750 args=[0x3,0xd4e90,0xd4e90,0xfffffffffffffffa,0x6f,0x75,0x62696c79642e33,0x5b0]
[trap] num=5 (0x5) pc=0x180119f50 args=[0x100000888,0x0,0x0,0x100000888,0x2f,0x40,0x27fee6f,0x1a0]
[trap] num=92 (0x5c) pc=0x1801180d8 args=[0x3,0x32,0x27fe328,0x100000888,0x2f,0x40,0x27fee6f,0x1a0]
[trap] num=6 (0x6) pc=0x180116750 args=[0x3,0x32,0x27fe328,0x100000888,0x2f,0x40,0x27fee6f,0x1a0]
[trap] num=338 (0x152) pc=0x180116c48 args=[0x100000888,0x27fde60,0x27fdf60,0x27fdf48,0x100000892,0x1801ac864,0x27fe6a8,0x1a0]
[trap] num=338 (0x152) pc=0x180116c48 args=[0x100000888,0x27fd770,0x100000888,0x27fd904,0x27fd8f8,0x27fd8d0,0x0,0x27fda40]
[trap] num=5 (0x5) pc=0x180119f50 args=[0x100000888,0x0,0x0,0x27fd904,0x27fd8f8,0x27fd8d0,0x0,0x27fda40]
[trap] num=197 (0xc5) pc=0x180119190 args=[0x0,0x305810,0x1,0x40002,0x3,0x0,0x0,0x27fda40]
[trap] num=92 (0x5c) pc=0x1801180d8 args=[0x3,0x32,0x27fda40,0x40002,0x3,0x0,0x0,0x27fda40]
[trap] num=92 (0x5c) pc=0x1801180d8 args=[0x3,0x61,0x27fd7c0,0x0,0x0,0x0,0x0,0x5f30]
[trap] num=73 (0x49) pc=0x18011823c args=[0xa0daec000,0x305810,0x305810,0x0,0x0,0x0,0x0,0x0]
[trap] num=197 (0xc5) pc=0x180119190 args=[0x0,0x305810,0x1,0x40002,0x3,0x0,0x0,0x0]
[trap] num=339 (0x153) pc=0x1801195b8 args=[0x3,0x27fd040,0x27fd040,0x27fda40,0x27fd9dc,0x27fd970,0x0,0x27fd810]
[trap] num=153 (0x99) pc=0x180117f04 args=[0x3,0x27fd0ac,0x1c,0x0,0x0,0x27fd970,0x0,0x27fd810]
[trap] num=153 (0x99) pc=0x180117f04 args=[0x3,0x27fc970,0x730,0x0,0x0,0x27fd970,0x0,0x27fd810]
[trap] num=92 (0x5c) pc=0x1801180d8 args=[0x3,0x61,0x27fd090,0x0,0x0,0x0,0x0,0x5f30]
[trap] num=92 (0x5c) pc=0x1801180d8 args=[0x3,0x62,0x27fd1b8,0x27fd1b8,0x0,0x0,0x0,0x0]
[trap] num=-10 (0xfffffffffffffff6) pc=0x180115588 args=[0x203,0x27fd0b0,0x308000,0x1,0x0,0x0,0x0,0x0]
[trap] num=197 (0xc5) pc=0x180119190 args=[0xa0e0fc000,0x1b4000,0x5,0x40012,0x3,0x0,0x0,0x0]
[trap] num=197 (0xc5) pc=0x180119190 args=[0xa0e2b0000,0x14000,0x3,0x40012,0x3,0x1b4000,0x1b4000,0x0]
[trap] num=197 (0xc5) pc=0x180119190 args=[0xa0e2c4000,0x4000,0x3,0x40012,0x3,0x1c8000,0x1c8000,0x0]
[trap] num=197 (0xc5) pc=0x180119190 args=[0xa0e2c8000,0x13c000,0x1,0x40012,0x3,0x1cc000,0x1cc000,0x0]
[trap] num=73 (0x49) pc=0x18011823c args=[0xa0ddf4000,0x305810,0x305810,0xfffffffffffffffa,0x6f,0x75,0x0,0x5b0]
[trap] num=6 (0x6) pc=0x180116750 args=[0x3,0x305810,0x305810,0xfffffffffffffffa,0x6f,0x75,0x0,0x5b0]
[trap] num=5 (0x5) pc=0x180119f50 args=[0x1000008d8,0x0,0x0,0x1000008d8,0x2f,0x40,0x27fee6f,0xf60]
[trap] num=92 (0x5c) pc=0x1801180d8 args=[0x3,0x32,0x27fe328,0x1000008d8,0x2f,0x40,0x27fee6f,0xf60]
[trap] num=6 (0x6) pc=0x180116750 args=[0x3,0x32,0x27fe328,0x1000008d8,0x2f,0x40,0x27fee6f,0xf60]
[trap] num=338 (0x152) pc=0x180116c48 args=[0x1000008d8,0x27fde60,0x27fdf60,0x27fdf48,0x1000008e2,0x1801ac864,0x27fe6a8,0xf60]
[trap] num=338 (0x152) pc=0x180116c48 args=[0x1000008d8,0x27fd770,0x1000008d8,0x27fd904,0x27fd8f8,0x27fd8d0,0x0,0x27fda40]
[trap] num=5 (0x5) pc=0x180119f50 args=[0x1000008d8,0x0,0x0,0x27fd904,0x27fd8f8,0x27fd8d0,0x0,0x27fda40]
[trap] num=197 (0xc5) pc=0x180119190 args=[0x0,0x1c7b60,0x1,0x40002,0x3,0x0,0x0,0x27fda40]
[trap] num=92 (0x5c) pc=0x1801180d8 args=[0x3,0x32,0x27fda40,0x40002,0x3,0x0,0x0,0x27fda40]
[trap] num=92 (0x5c) pc=0x1801180d8 args=[0x3,0x61,0x27fd7c0,0x0,0x0,0x0,0x0,0x5550]
[trap] num=73 (0x49) pc=0x18011823c args=[0xa0e404000,0x1c7b60,0x1c7b60,0x0,0x0,0x0,0x0,0x0]
[trap] num=197 (0xc5) pc=0x180119190 args=[0x0,0x1c7b60,0x1,0x40002,0x3,0x0,0x0,0x0]
[trap] num=339 (0x153) pc=0x1801195b8 args=[0x3,0x27fd040,0x27fd040,0x27fda40,0x27fd9dc,0x27fd970,0x0,0x27fd810]
[trap] num=153 (0x99) pc=0x180117f04 args=[0x3,0x27fd0ac,0x1c,0x0,0x0,0x27fd970,0x0,0x27fd810]
[trap] num=153 (0x99) pc=0x180117f04 args=[0x3,0x27fc9a0,0x6f8,0x0,0x0,0x27fd970,0x0,0x27fd810]
[trap] num=92 (0x5c) pc=0x1801180d8 args=[0x3,0x61,0x27fd090,0x0,0x0,0x0,0x0,0x5550]
[trap] num=92 (0x5c) pc=0x1801180d8 args=[0x3,0x62,0x27fd1b8,0x27fd1b8,0x0,0x0,0x0,0x0]
[trap] num=-10 (0xfffffffffffffff6) pc=0x180115588 args=[0x203,0x27fd0b0,0x1cc000,0x1,0x0,0x0,0x0,0x0]
[trap] num=197 (0xc5) pc=0x180119190 args=[0xa0e794000,0x140000,0x5,0x40012,0x3,0x0,0x0,0x0]
[trap] num=197 (0xc5) pc=0x180119190 args=[0xa0e8d4000,0x14000,0x3,0x40012,0x3,0x140000,0x140000,0x0]
[trap] num=197 (0xc5) pc=0x180119190 args=[0xa0e8ec000,0x74000,0x1,0x40012,0x3,0x154000,0x154000,0x0]
[trap] num=73 (0x49) pc=0x18011823c args=[0xa0e5cc000,0x1c7b60,0x1c7b60,0xfffffffffffffffa,0x6f,0x75,0x0,0x5b0]
[trap] num=6 (0x6) pc=0x180116750 args=[0x3,0x1c7b60,0x1c7b60,0xfffffffffffffffa,0x6f,0x75,0x0,0x5b0]
[trap] num=338 (0x152) pc=0x180116c48 args=[0x100000928,0x27fde60,0x27fdf60,0x27fdf48,0x100000932,0x1801ac864,0x6e,0x690]
[trap] num=-10 (0xfffffffffffffff6) pc=0x180115588 args=[0x203,0x27fde20,0x4000,0x3c000001,0x100000932,0x1801ac864,0x6e,0x690]
[trap] num=338 (0x152) pc=0x180116c48 args=[0x27fe450,0x27fdde0,0x27fdee0,0x27fdec8,0x27fe47e,0x1801ac864,0x0,0xae0]
[trap] num=-12 (0xfffffffffffffff4) pc=0x1801155a0 args=[0x203,0xa0e960000,0x4000,0x1a0500,0x0,0x0,0x0,0x140]
[trap] num=338 (0x152) pc=0x180116c48 args=[0x100000990,0x27fde60,0x27fdf60,0x27fdf48,0x10000099a,0x1801ac864,0x7974697275636553,0xae0]
[trap] num=-10 (0xfffffffffffffff6) pc=0x180115588 args=[0x203,0x27fde20,0x4000,0x3c000001,0x10000099a,0x1801ac864,0x7974697275636553,0xae0]
[trap] num=338 (0x152) pc=0x180116c48 args=[0x27fe460,0x27fddf0,0x27fdef0,0x27fded8,0x27fe48e,0x1801ac864,0x0,0xae0]
[trap] num=-12 (0xfffffffffffffff4) pc=0x1801155a0 args=[0x203,0xa0e964000,0x4000,0x1a0500,0x0,0x0,0x0,0xbc0]
[trap] num=338 (0x152) pc=0x180116c48 args=[0x1000009f0,0x27fde60,0x27fdf60,0x27fdf48,0x75,0x6f,0x27fe6a8,0xae0]
[trap] num=-10 (0xfffffffffffffff6) pc=0x180115588 args=[0x203,0x27fde20,0x4000,0x3c000001,0x75,0x6f,0x27fe6a8,0xae0]
[trap] num=338 (0x152) pc=0x180116c48 args=[0x27fe480,0x27fde10,0x27fdf10,0x27fdef8,0x27fe494,0x1ec445294,0x62696c79642e31,0xae0]
[trap] num=-12 (0xfffffffffffffff4) pc=0x1801155a0 args=[0x203,0xa0e968000,0x4000,0x1a0500,0x0,0x0,0x62696c79642e31,0xbc0]
[trap] num=338 (0x152) pc=0x180116c48 args=[0x100000a20,0x27fde60,0x27fdf60,0x27fdf48,0x100000a2a,0x1801ac864,0x27fe6a8,0xae0]
[trap] num=-10 (0xfffffffffffffff6) pc=0x180115588 args=[0x203,0x27fde20,0x4000,0x3c000001,0x100000a2a,0x1801ac864,0x27fe6a8,0xae0]
[trap] num=338 (0x152) pc=0x180116c48 args=[0x27fe480,0x27fde10,0x27fdf10,0x27fdef8,0x27fe4ae,0x1801ac864,0x0,0xae0]
[trap] num=-12 (0xfffffffffffffff4) pc=0x1801155a0 args=[0x203,0xa0e96c000,0x4000,0x1a0500,0x0,0x0,0x0,0xbc0]
[trap] num=338 (0x152) pc=0x180116c48 args=[0xa07d70810,0x27fdd90,0x27fde90,0x27fde78,0xa07d7081a,0x1801ac864,0x6e,0xae0]
[M28 BANDSHRINK] syscall 338 band past ipa 0xa07d70810 len 65536 shrunk 64 -> 0 by an overlapping window of the same call
[trap] num=-10 (0xfffffffffffffff6) pc=0x180115588 args=[0x203,0x27fdd50,0x4000,0x3c000001,0xa07d7081a,0x1801ac864,0x6e,0xae0]
[trap] num=338 (0x152) pc=0x180116c48 args=[0x27fe380,0x27fdd10,0x27fde10,0x27fddf8,0x27fe3ae,0x1801ac864,0x0,0xae0]
[trap] num=-12 (0xfffffffffffffff4) pc=0x1801155a0 args=[0x203,0xa0e970000,0x4000,0x1a0500,0x0,0x0,0x0,0xbc0]
[trap] num=338 (0x152) pc=0x180116c48 args=[0xa07d70878,0x27fdd90,0x27fde90,0x27fde78,0x75,0x6f,0x27fe5d8,0x900]
[trap] num=-10 (0xfffffffffffffff6) pc=0x180115588 args=[0x203,0x27fdd50,0x4000,0x3c000001,0x75,0x6f,0x27fe5d8,0x900]
[trap] num=338 (0x152) pc=0x180116c48 args=[0x27fe3b0,0x27fdd40,0x27fde40,0x27fde28,0x27fe3c4,0x1ec445294,0x0,0xae0]
[trap] num=-12 (0xfffffffffffffff4) pc=0x1801155a0 args=[0x203,0xa0e974000,0x4000,0x1a0500,0x0,0x0,0x0,0xbc0]
[trap] num=338 (0x152) pc=0x180116c48 args=[0xa07d70e18,0x27fdd90,0x27fde90,0x27fde78,0xa07d70e22,0x1801ac864,0x7974697275636553,0x1a0]
[M28 BANDSHRINK] syscall 338 band past ipa 0xa07d70e18 len 65536 shrunk 64 -> 0 by an overlapping window of the same call
[trap] num=-10 (0xfffffffffffffff6) pc=0x180115588 args=[0x203,0x27fdd50,0x4000,0x3c000001,0xa07d70e22,0x1801ac864,0x7974697275636553,0x1a0]
[trap] num=338 (0x152) pc=0x180116c48 args=[0x27fe390,0x27fdd20,0x27fde20,0x27fde08,0x27fe3be,0x1801ac864,0x0,0xae0]
[trap] num=-12 (0xfffffffffffffff4) pc=0x1801155a0 args=[0x203,0xa0e978000,0x4000,0x1a0500,0x0,0x0,0x0,0x140]
[trap] num=338 (0x152) pc=0x180116c48 args=[0xa07d70e78,0x27fdd90,0x27fde90,0x27fde78,0x75,0x6f,0x27fe5d8,0x900]
[trap] num=-10 (0xfffffffffffffff6) pc=0x180115588 args=[0x203,0x27fdd50,0x4000,0x3c000001,0x75,0x6f,0x27fe5d8,0x900]
[trap] num=338 (0x152) pc=0x180116c48 args=[0x27fe3b0,0x27fdd40,0x27fde40,0x27fde28,0x27fe3c4,0x1ec445294,0x62696c79642e31,0xae0]
[trap] num=-12 (0xfffffffffffffff4) pc=0x1801155a0 args=[0x203,0xa0e97c000,0x4000,0x1a0500,0x0,0x0,0x62696c79642e31,0xbc0]
[trap] num=338 (0x152) pc=0x180116c48 args=[0xa07d70ea8,0x27fdd90,0x27fde90,0x27fde78,0xa07d70eb2,0x1801ac864,0x27fe5d8,0x900]
[M28 BANDSHRINK] syscall 338 band past ipa 0xa07d70ea8 len 65536 shrunk 64 -> 0 by an overlapping window of the same call
[trap] num=-10 (0xfffffffffffffff6) pc=0x180115588 args=[0x203,0x27fdd50,0x4000,0x3c000001,0xa07d70eb2,0x1801ac864,0x27fe5d8,0x900]
[trap] num=338 (0x152) pc=0x180116c48 args=[0x27fe3b0,0x27fdd40,0x27fde40,0x27fde28,0x27fe3de,0x1801ac864,0x0,0xae0]
[trap] num=-12 (0xfffffffffffffff4) pc=0x1801155a0 args=[0x203,0xa0e980000,0x4000,0x1a0500,0x0,0x0,0x0,0xbc0]
[trap] num=5 (0x5) pc=0x180119f50 args=[0xa0bf78498,0x0,0x0,0xa0bf78498,0x40,0x2f,0x27feccf,0x670]
[trap] num=5 (0x5) pc=0x180119f50 args=[0x27fdd38,0x100000,0x0,0x27fdd57,0x40,0x2f,0x0,0x670]
[trap] num=338 (0x152) pc=0x180116c48 args=[0x27fdeb0,0x27fdbb0,0x27fdcb0,0x27fdc98,0x27fdeba,0x1801ac864,0x0,0x780]
[trap] num=338 (0x152) pc=0x180116c48 args=[0x27fdeb0,0x27fd4c0,0x27fdeb0,0x27fd654,0x27fd648,0x27fd620,0x0,0x27fd790]
[trap] num=5 (0x5) pc=0x180119f50 args=[0x27fdeb0,0x0,0x0,0x27fd654,0x27fd648,0x27fd620,0x0,0x27fd790]
[trap] num=197 (0xc5) pc=0x180119190 args=[0x0,0x28d60,0x1,0x40002,0x3,0x0,0x0,0x27fd790]
[trap] num=92 (0x5c) pc=0x1801180d8 args=[0x3,0x32,0x27fd790,0x40002,0x3,0x0,0x0,0x27fd790]
[trap] num=92 (0x5c) pc=0x1801180d8 args=[0x3,0x61,0x27fd510,0x0,0x0,0x0,0x0,0x4880]
[trap] num=73 (0x49) pc=0x18011823c args=[0xa0e984000,0x28d60,0x28d60,0x0,0x0,0x0,0x0,0x0]
[trap] num=197 (0xc5) pc=0x180119190 args=[0x0,0x28d60,0x1,0x40002,0x3,0x0,0x0,0x0]
[trap] num=339 (0x153) pc=0x1801195b8 args=[0x3,0x27fcdb0,0x27fcdb0,0x27fd790,0x27fd72c,0x27fd6c0,0x0,0x27fd560]
[trap] num=153 (0x99) pc=0x180117f04 args=[0x3,0x27fce1c,0x1c,0x0,0x0,0x27fd6c0,0x0,0x27fd560]
[trap] num=153 (0x99) pc=0x180117f04 args=[0x3,0x27fc990,0x480,0x0,0x0,0x27fd6c0,0x0,0x27fd560]
[trap] num=92 (0x5c) pc=0x1801180d8 args=[0x3,0x61,0x27fce00,0x0,0x0,0x0,0x0,0x4880]
[trap] num=92 (0x5c) pc=0x1801180d8 args=[0x3,0x62,0x27fcf28,0x27fcf28,0x0,0x0,0x0,0x0]
[trap] num=-10 (0xfffffffffffffff6) pc=0x180115588 args=[0x203,0x27fce20,0x2c000,0x1,0x0,0x0,0x0,0x0]
[trap] num=197 (0xc5) pc=0x180119190 args=[0xa0e9dc000,0x20000,0x5,0x40012,0x3,0x0,0x0,0x0]
[trap] num=197 (0xc5) pc=0x180119190 args=[0xa0e9fc000,0x4000,0x3,0x40012,0x3,0x20000,0x20000,0x0]
[trap] num=197 (0xc5) pc=0x180119190 args=[0xa0ea00000,0x8000,0x1,0x40012,0x3,0x24000,0x24000,0x0]
[trap] num=73 (0x49) pc=0x18011823c args=[0xa0e9b0000,0x28d60,0x28d60,0x1ec4467ba,0xfffffffe163b6fd8,0x8,0x27fd1cf,0xba0]
[trap] num=6 (0x6) pc=0x180116750 args=[0x3,0x28d60,0x28d60,0x1ec4467ba,0xfffffffe163b6fd8,0x8,0x27fd1cf,0xba0]
[trap] num=5 (0x5) pc=0x180119f50 args=[0xa0c0d04e0,0x0,0x0,0xa0c0d04e0,0x40,0x2f,0x27feccf,0x840]
[trap] num=5 (0x5) pc=0x180119f50 args=[0x27fdd38,0x100000,0x0,0x27fdd57,0x40,0x2f,0x0,0x840]
[trap] num=338 (0x152) pc=0x180116c48 args=[0x27fdeb0,0x27fdbb0,0x27fdcb0,0x27fdc98,0x27fdeba,0x1801ac864,0x0,0x820]
[trap] num=5 (0x5) pc=0x180119f50 args=[0xa0e0fc638,0x0,0x0,0xa0e0fc638,0x6c,0x72,0x27feccf,0x7b0]
[trap] num=5 (0x5) pc=0x180119f50 args=[0x27fdd38,0x100000,0x0,0x27fdd57,0x6c,0x72,0x0,0x7b0]
[trap] num=338 (0x152) pc=0x180116c48 args=[0x27fdeb0,0x27fdcc0,0x27fddc0,0x27fdda8,0x27fdeba,0x1801ac864,0x0,0x830]
[trap] num=5 (0x5) pc=0x180119f50 args=[0xa0e0fc670,0x0,0x0,0xa0e0fc670,0x6c,0x72,0x27feccf,0x6d0]
[trap] num=5 (0x5) pc=0x180119f50 args=[0x27fdd38,0x100000,0x0,0x27fdd59,0x6c,0x72,0x0,0x6d0]
[trap] num=338 (0x152) pc=0x180116c48 args=[0x27fdeb0,0x27fdcc0,0x27fddc0,0x27fdda8,0x27fdeba,0x1801ac864,0x0,0x830]
[trap] num=338 (0x152) pc=0x180116c48 args=[0x27fdeb0,0x27fd5d0,0x27fdeb0,0x27fd764,0x27fd758,0x27fd730,0x0,0x27fd8a0]
[trap] num=5 (0x5) pc=0x180119f50 args=[0x27fdeb0,0x0,0x0,0x27fd764,0x27fd758,0x27fd730,0x0,0x27fd8a0]
[trap] num=197 (0xc5) pc=0x180119190 args=[0x0,0x1fa8470,0x1,0x40002,0x3,0x0,0x0,0x27fd8a0]
[trap] num=92 (0x5c) pc=0x1801180d8 args=[0x3,0x32,0x27fd8a0,0x40002,0x3,0x0,0x0,0x27fd8a0]
[trap] num=92 (0x5c) pc=0x1801180d8 args=[0x3,0x61,0x27fd620,0x0,0x0,0x0,0x0,0x143f0]
[trap] num=73 (0x49) pc=0x18011823c args=[0xa0ea08000,0x1fa8470,0x1fa8470,0x0,0x0,0x0,0x0,0x0]
[trap] num=197 (0xc5) pc=0x180119190 args=[0x0,0x1fa8470,0x1,0x40002,0x3,0x0,0x0,0x0]
[trap] num=339 (0x153) pc=0x1801195b8 args=[0x3,0x27fcec0,0x27fcec0,0x27fd8a0,0x27fd83c,0x27fd7d0,0x0,0x27fd670]
[trap] num=153 (0x99) pc=0x180117f04 args=[0x3,0x27fcf2c,0x1c,0x0,0x0,0x27fd7d0,0x0,0x27fd670]
[trap] num=153 (0x99) pc=0x180117f04 args=[0x3,0x27fcbb0,0x370,0x0,0x0,0x27fd7d0,0x0,0x27fd670]
[trap] num=92 (0x5c) pc=0x1801180d8 args=[0x3,0x61,0x27fcf10,0x0,0x0,0x0,0x0,0x143f0]
[trap] num=92 (0x5c) pc=0x1801180d8 args=[0x3,0x62,0x27fd038,0x27fd038,0x0,0x0,0x0,0x0]
[trap] num=-10 (0xfffffffffffffff6) pc=0x180115588 args=[0x203,0x27fcf30,0x1fac000,0x1,0x0,0x0,0x0,0x0]
[trap] num=197 (0xc5) pc=0x180119190 args=[0xa12960000,0x1f94000,0x5,0x40012,0x3,0x0,0x0,0x0]
[trap] num=197 (0xc5) pc=0x180119190 args=[0xa148f4000,0x18000,0x1,0x40012,0x3,0x1f94000,0x1f94000,0x0]
[trap] num=73 (0x49) pc=0x18011823c args=[0xa109b4000,0x1fa8470,0x1fa8470,0x1ec446a25,0x8,0x41,0x0,0xba0]
[trap] num=6 (0x6) pc=0x180116750 args=[0x3,0x1fa8470,0x1fa8470,0x1ec446a25,0x8,0x41,0x0,0xba0]
[trap] num=5 (0x5) pc=0x180119f50 args=[0xa0e794638,0x0,0x0,0xa0e794638,0x6c,0x72,0x27febff,0xf20]
[trap] num=5 (0x5) pc=0x180119f50 args=[0x27fdc68,0x100000,0x0,0x27fdc89,0x6c,0x72,0x0,0xf20]
[trap] num=338 (0x152) pc=0x180116c48 args=[0x27fdde0,0x27fdbf0,0x27fdcf0,0x27fdcd8,0x27fddea,0x1801ac864,0x0,0x5e0]
[trap] num=5 (0x5) pc=0x180119f50 args=[0x1ec447880,0x0,0x0,0x0,0x0,0x27fcae8,0x1,0x27fca48]
[trap] num=381 (0x17d) pc=0x180119ecc args=[0x1801b7eb4,0x2,0x27fbd40,0xa,0x73,0x69,0x1,0x27fca48]
[trap] num=550 (0x226) pc=0x180119ef8 args=[0x27fbc80,0x1,0x27fbcb0,0x50,0x27fbd00,0x0,0x100000000,0x27fcae8]
[trap] num=6 (0x6) pc=0x180116750 args=[0x3,0x3,0x27fbce0,0x0,0x1,0x0,0x100000000,0x27fcae8]
[trap] num=74 (0x4a) pc=0x180119f24 args=[0x100008000,0x4000,0x1,0x1,0x8,0x0,0x100000000,0x27fcae8]
[trap] num=-10 (0xfffffffffffffff6) pc=0x180115588 args=[0x203,0x27fbf50,0x4000,0x3c000001,0x0,0x1,0x27fbcc0,0x27fbcf0]
[trap] num=-10 (0xfffffffffffffff6) pc=0x180115588 args=[0x203,0x27fbf50,0x8000,0x3c000001,0x1,0x1,0x27fbb18,0x0]
[trap] num=-12 (0xfffffffffffffff4) pc=0x1801155a0 args=[0x203,0xa1490c000,0x4000,0xa14913fc0,0xffffffffffffc000,0x20,0x27fbb18,0x0]
[trap] num=-14 (0xfffffffffffffff2) pc=0x1801155b8 args=[0x203,0x1e5908000,0x2324000,0x0,0x13,0x13,0x4,0x4000]
[trap] num=-14 (0xfffffffffffffff2) pc=0x1801155b8 args=[0x203,0x1edc84000,0x7b90000,0x0,0x13,0x13,0x5,0x6380000]
[trap] num=-14 (0xfffffffffffffff2) pc=0x1801155b8 args=[0x203,0x28f64c000,0x2c2c000,0x0,0x13,0x13,0x4,0x4000]
[trap] num=-14 (0xfffffffffffffff2) pc=0x1801155b8 args=[0x203,0x29a1cc000,0x5678000,0x0,0x13,0x13,0x5,0x8b84000]
[trap] num=-14 (0xfffffffffffffff2) pc=0x1801155b8 args=[0x203,0x2d0bac000,0x2a4000,0x0,0x13,0x13,0x4,0x4000]
[trap] num=-14 (0xfffffffffffffff2) pc=0x1801155b8 args=[0x203,0x2d361c000,0xac8000,0x0,0x13,0x13,0x5,0xa74000]
[trap] num=5 (0x5) pc=0x180119f50 args=[0x1ec447b48,0x0,0x0,0x0,0x0,0x27fcae8,0x1,0x27fca48]
[trap] num=381 (0x17d) pc=0x180119ecc args=[0x1801b7eb4,0x2,0x27fbd40,0xa,0x73,0x69,0x1,0x27fca48]
[trap] num=550 (0x226) pc=0x180119ef8 args=[0x27f4830,0x2,0x27f4880,0x7480,0xa0762f784,0xc,0x18000000000008,0x27fcae8]
[trap] num=6 (0x6) pc=0x180116750 args=[0x3,0x3,0x27f493e,0x8,0x1,0xc,0x18000000000008,0x27fcae8]
[trap] num=74 (0x4a) pc=0x180119f24 args=[0xa09ce8000,0xe8000,0x1,0x1,0x0,0xc,0x18000000000008,0x27fcae8]
[trap] num=-12 (0xfffffffffffffff4) pc=0x1801155a0 args=[0x203,0xa14910000,0x8000,0xa,0x0,0xc,0x18000000000008,0x27fcae8]
[trap] num=5 (0x5) pc=0x180119f50 args=[0x1ec447d68,0x0,0x0,0x0,0x0,0x27fcae8,0x1,0x27fca48]
[trap] num=381 (0x17d) pc=0x180119ecc args=[0x1801b7eb4,0x2,0x27fbd40,0xa,0x73,0x69,0x1,0x27fca48]
[trap] num=550 (0x226) pc=0x180119ef8 args=[0x27fbc70,0x1,0x27fbca0,0x60,0x27fbd00,0x0,0x100000000,0x27fcae8]
[trap] num=6 (0x6) pc=0x180116750 args=[0x3,0x3,0x27fbcd0,0x0,0x1,0x0,0x100000000,0x27fcae8]
[trap] num=74 (0x4a) pc=0x180119f24 args=[0xa0bc8c000,0x4000,0x1,0x1,0x0,0x0,0x100000000,0x27fcae8]
[trap] num=5 (0x5) pc=0x180119f50 args=[0x1ec447f98,0x0,0x0,0x0,0x0,0x27fcae8,0x1,0x27fca48]
[trap] num=381 (0x17d) pc=0x180119ecc args=[0x1801b7eb4,0x2,0x27fbd40,0xa,0x73,0x69,0x1,0x27fca48]
[trap] num=550 (0x226) pc=0x180119ef8 args=[0x27fb590,0x1,0x27fb5c0,0x738,0x1688,0x18,0x100000000,0x27fcae8]
[trap] num=6 (0x6) pc=0x180116750 args=[0x3,0x3,0x27fb5f0,0x0,0x1,0x18,0x10000100000000,0x27fcae8]
[trap] num=74 (0x4a) pc=0x180119f24 args=[0xa0bd1c000,0x4000,0x1,0x1,0x0,0x18,0x10000100000000,0x27fcae8]
[trap] num=5 (0x5) pc=0x180119f50 args=[0x1ec4481c0,0x0,0x0,0x0,0x0,0x27fcae8,0x1,0x27fca48]
[trap] num=381 (0x17d) pc=0x180119ecc args=[0x1801b7eb4,0x2,0x27fbd40,0xa,0x73,0x69,0x1,0x27fca48]
[trap] num=550 (0x226) pc=0x180119ef8 args=[0x27fb9f0,0x1,0x27fba20,0x2d8,0x1228,0x18,0x100000000,0x27fcae8]
[trap] num=6 (0x6) pc=0x180116750 args=[0x3,0x3,0x27fba50,0x0,0x1,0x18,0x100000000,0x27fcae8]
[trap] num=74 (0x4a) pc=0x180119f24 args=[0xa0bed0000,0x4000,0x1,0x1,0x0,0x18,0x100000000,0x27fcae8]
[trap] num=5 (0x5) pc=0x180119f50 args=[0x1ec4483f0,0x0,0x0,0x0,0x0,0x27fcae8,0x1,0x27fca48]
[trap] num=381 (0x17d) pc=0x180119ecc args=[0x1801b7eb4,0x2,0x27fbd40,0xa,0x73,0x69,0x1,0x27fca48]
[trap] num=550 (0x226) pc=0x180119ef8 args=[0x27fbb90,0x1,0x27fbbc0,0x138,0x1088,0x18,0x100000000,0x27fcae8]
[trap] num=6 (0x6) pc=0x180116750 args=[0x3,0x3,0x27fbbf0,0x0,0x1,0x18,0x100000000,0x27fcae8]
[trap] num=74 (0x4a) pc=0x180119f24 args=[0xa0bf38000,0x4000,0x1,0x1,0x0,0x18,0x100000000,0x27fcae8]
[trap] num=5 (0x5) pc=0x180119f50 args=[0x1ec448630,0x0,0x0,0x0,0x0,0x27fcae8,0x1,0x27fca48]
[trap] num=381 (0x17d) pc=0x180119ecc args=[0x1801b7eb4,0x2,0x27fbd40,0xa,0x73,0x69,0x1,0x27fca48]
[trap] num=550 (0x226) pc=0x180119ef8 args=[0x27fbc00,0x1,0x27fbc30,0xc8,0x1018,0x8,0x100000000,0x27fcae8]
[trap] num=6 (0x6) pc=0x180116750 args=[0x3,0x3,0x27fbc60,0x0,0x1,0x8,0x100000000,0x27fcae8]
[trap] num=74 (0x4a) pc=0x180119f24 args=[0xa0bf84000,0x4000,0x1,0x1,0x0,0x8,0x100000000,0x27fcae8]
[trap] num=5 (0x5) pc=0x180119f50 args=[0x1ec448860,0x0,0x0,0x0,0x0,0x27fcae8,0x1,0x27fca48]
[trap] num=381 (0x17d) pc=0x180119ecc args=[0x1801b7eb4,0x2,0x27fbd40,0xa,0x73,0x69,0x1,0x27fca48]
[trap] num=550 (0x226) pc=0x180119ef8 args=[0x27fbc00,0x1,0x27fbc30,0xd0,0x1018,0x8,0x100000000,0x27fcae8]
[trap] num=6 (0x6) pc=0x180116750 args=[0x3,0x3,0x27fbc60,0x0,0x1,0x8,0x100000000,0x27fcae8]
[trap] num=74 (0x4a) pc=0x180119f24 args=[0xa0c160000,0x4000,0x1,0x1,0x0,0x8,0x100000000,0x27fcae8]
[trap] num=5 (0x5) pc=0x180119f50 args=[0x1ec448a90,0x0,0x0,0x0,0x0,0x27fcae8,0x1,0x27fca48]
[trap] num=381 (0x17d) pc=0x180119ecc args=[0x1801b7eb4,0x2,0x27fbd40,0xa,0x73,0x69,0x1,0x27fca48]
[trap] num=550 (0x226) pc=0x180119ef8 args=[0x27fb9e0,0x1,0x27fba10,0x2f0,0x1238,0x8,0x100000000,0x27fcae8]
[trap] num=6 (0x6) pc=0x180116750 args=[0x3,0x3,0x27fba40,0x0,0x1,0x8,0x100000000,0x27fcae8]
[trap] num=74 (0x4a) pc=0x180119f24 args=[0xa0c20c000,0x4000,0x1,0x1,0x0,0x8,0x100000000,0x27fcae8]
[trap] num=5 (0x5) pc=0x180119f50 args=[0x1ec448cc0,0x0,0x0,0x0,0x0,0x27fcae8,0x1,0x27fca48]
[trap] num=381 (0x17d) pc=0x180119ecc args=[0x1801b7eb4,0x2,0x27fbd40,0xa,0x73,0x69,0x1,0x27fca48]
[trap] num=550 (0x226) pc=0x180119ef8 args=[0x27fbb70,0x1,0x27fbba0,0x160,0x10a8,0x18,0x100000000,0x27fcae8]
[trap] num=6 (0x6) pc=0x180116750 args=[0x3,0x3,0x27fbbd0,0x0,0x1,0x18,0x100000000,0x27fcae8]
[trap] num=74 (0x4a) pc=0x180119f24 args=[0xa0c254000,0x4000,0x1,0x1,0x0,0x18,0x100000000,0x27fcae8]
[trap] num=5 (0x5) pc=0x180119f50 args=[0x1ec448ef8,0x0,0x0,0x0,0x0,0x27fcae8,0x1,0x27fca48]
[trap] num=381 (0x17d) pc=0x180119ecc args=[0x1801b7eb4,0x2,0x27fbd40,0xa,0x73,0x69,0x1,0x27fca48]
[trap] num=550 (0x226) pc=0x180119ef8 args=[0x27fbbf0,0x1,0x27fbc20,0xe0,0x1028,0x18,0x100000000,0x27fcae8]
[trap] num=6 (0x6) pc=0x180116750 args=[0x3,0x3,0x27fbc50,0x0,0x1,0x18,0x10000100000000,0x27fcae8]
[trap] num=74 (0x4a) pc=0x180119f24 args=[0xa0c2e4000,0x4000,0x1,0x1,0x0,0x18,0x10000100000000,0x27fcae8]
[trap] num=5 (0x5) pc=0x180119f50 args=[0x1ec449128,0x0,0x0,0x0,0x0,0x27fcae8,0x1,0x27fca48]
[trap] num=381 (0x17d) pc=0x180119ecc args=[0x1801b7eb4,0x2,0x27fbd40,0xa,0x73,0x69,0x1,0x27fca48]
[trap] num=550 (0x226) pc=0x180119ef8 args=[0x27fbbf0,0x1,0x27fbc20,0xe0,0x1028,0x18,0x100000000,0x27fcae8]
[trap] num=6 (0x6) pc=0x180116750 args=[0x3,0x3,0x27fbc50,0x0,0x1,0x18,0x8000100000000,0x27fcae8]
[trap] num=74 (0x4a) pc=0x180119f24 args=[0xa0c380000,0x4000,0x1,0x1,0x0,0x18,0x8000100000000,0x27fcae8]
[trap] num=5 (0x5) pc=0x180119f50 args=[0x1ec449358,0x0,0x0,0x0,0x0,0x27fcae8,0x1,0x27fca48]
[trap] num=381 (0x17d) pc=0x180119ecc args=[0x1801b7eb4,0x2,0x27fbd40,0xa,0x73,0x69,0x1,0x27fca48]
[trap] num=550 (0x226) pc=0x180119ef8 args=[0x27fbbe0,0x1,0x27fbc10,0xf0,0x1038,0x8,0x100000000,0x27fcae8]
[trap] num=6 (0x6) pc=0x180116750 args=[0x3,0x3,0x27fbc40,0x0,0x1,0x8,0x18000100000000,0x27fcae8]
[trap] num=74 (0x4a) pc=0x180119f24 args=[0xa0c480000,0x4000,0x1,0x1,0x0,0x8,0x18000100000000,0x27fcae8]
[trap] num=5 (0x5) pc=0x180119f50 args=[0x1ec449590,0x0,0x0,0x0,0x0,0x27fcae8,0x1,0x27fca48]
[trap] num=381 (0x17d) pc=0x180119ecc args=[0x1801b7eb4,0x2,0x27fbd40,0xa,0x73,0x69,0x1,0x27fca48]
[trap] num=550 (0x226) pc=0x180119ef8 args=[0x27fb8d0,0x2,0x27fb920,0x3d8,0x1308,0x18,0x0,0x27fcae8]
[trap] num=6 (0x6) pc=0x180116750 args=[0x3,0x3,0x27fb96c,0x1,0x1,0x18,0x0,0x27fcae8]
[trap] num=74 (0x4a) pc=0x180119f24 args=[0xa0c81c000,0x4000,0x1,0x1,0x0,0x18,0x0,0x27fcae8]
[trap] num=5 (0x5) pc=0x180119f50 args=[0x1ec4497c0,0x0,0x0,0x0,0x0,0x27fcae8,0x1,0x27fca48]
[trap] num=381 (0x17d) pc=0x180119ecc args=[0x1801b7eb4,0x2,0x27fbd40,0xa,0x73,0x69,0x1,0x27fca48]
[trap] num=550 (0x226) pc=0x180119ef8 args=[0x27fb9e0,0x1,0x27fba10,0x2f0,0x1238,0x8,0x100000000,0x27fcae8]
[trap] num=6 (0x6) pc=0x180116750 args=[0x3,0x3,0x27fba40,0x0,0x1,0x8,0x100000000,0x27fcae8]
[trap] num=74 (0x4a) pc=0x180119f24 args=[0xa0c880000,0x4000,0x1,0x1,0x0,0x8,0x100000000,0x27fcae8]
[trap] num=5 (0x5) pc=0x180119f50 args=[0x1ec4499e8,0x0,0x0,0x0,0x0,0x27fcae8,0x1,0x27fca48]
[trap] num=381 (0x17d) pc=0x180119ecc args=[0x1801b7eb4,0x2,0x27fbd40,0xa,0x73,0x69,0x1,0x27fca48]
[trap] num=550 (0x226) pc=0x180119ef8 args=[0x27fbb90,0x1,0x27fbbc0,0x140,0x1088,0x18,0x100000000,0x27fcae8]
[trap] num=6 (0x6) pc=0x180116750 args=[0x3,0x3,0x27fbbf0,0x0,0x1,0x18,0x100000000,0x27fcae8]
[trap] num=74 (0x4a) pc=0x180119f24 args=[0xa0ca58000,0x4000,0x1,0x1,0x0,0x18,0x100000000,0x27fcae8]
[trap] num=5 (0x5) pc=0x180119f50 args=[0x1ec449c18,0x0,0x0,0x0,0x0,0x27fcae8,0x1,0x27fca48]
[trap] num=381 (0x17d) pc=0x180119ecc args=[0x1801b7eb4,0x2,0x27fbd40,0xa,0x73,0x69,0x1,0x27fca48]
[trap] num=550 (0x226) pc=0x180119ef8 args=[0x27fb750,0x1,0x27fb780,0x580,0xa0af7c888,0x10,0x27fbf58,0x27fcae8]
[trap] num=6 (0x6) pc=0x180116750 args=[0x3,0x3,0x27fb7f0,0x0,0x1,0x18,0x8000100000000,0x27fcae8]
[trap] num=74 (0x4a) pc=0x180119f24 args=[0xa0d6fc000,0x78000,0x1,0x1,0x0,0x18,0x8000100000000,0x27fcae8]
[trap] num=-10 (0xfffffffffffffff6) pc=0x180115588 args=[0x203,0x27fbf50,0x4000,0x3c000001,0x0,0x1,0x27fbcc0,0x27fbcf0]
[trap] num=5 (0x5) pc=0x180119f50 args=[0x1ec449e50,0x0,0x0,0x0,0x0,0x27fcae8,0x1,0x27fca48]
[trap] num=381 (0x17d) pc=0x180119ecc args=[0x1801b7eb4,0x2,0x27fbd40,0xa,0x73,0x69,0x1,0x27fca48]
[trap] num=550 (0x226) pc=0x180119ef8 args=[0x27fa950,0x1,0x27fa980,0x1378,0xa1211d630,0x10,0x0,0x27fcae8]
[trap] num=6 (0x6) pc=0x180116750 args=[0x3,0x3,0x27fa9c0,0x0,0x1,0x8,0x8000100000000,0x27fcae8]
[trap] num=74 (0x4a) pc=0x180119f24 args=[0xa0daa0000,0xc000,0x1,0x1,0x0,0x8,0x8000100000000,0x27fcae8]
[trap] num=-12 (0xfffffffffffffff4) pc=0x1801155a0 args=[0x203,0xa14918000,0x4000,0xa,0x0,0x8,0x8000100000000,0x27fcae8]
[trap] num=-10 (0xfffffffffffffff6) pc=0x180115588 args=[0x203,0x27fbf50,0x4000,0x3c000001,0x0,0x1,0x27fbcc0,0x27fbcf0]
[trap] num=5 (0x5) pc=0x180119f50 args=[0x1ec44a090,0x0,0x0,0x0,0x0,0x27fcae8,0x1,0x27fca48]
[trap] num=381 (0x17d) pc=0x180119ecc args=[0x1801b7eb4,0x2,0x27fbd40,0xa,0x73,0x69,0x1,0x27fca48]
[trap] num=550 (0x226) pc=0x180119ef8 args=[0x27fa4b0,0x1,0x27fa4e0,0x1818,0xa12121ad0,0x10,0x8,0x27fcae8]
[trap] num=6 (0x6) pc=0x180116750 args=[0x3,0x3,0x27fa510,0x4,0x1,0x10,0x8,0x27fcae8]
[trap] num=74 (0x4a) pc=0x180119f24 args=[0xa0e2b0000,0x14000,0x1,0x1,0x0,0x10,0x8,0x27fcae8]
[trap] num=-12 (0xfffffffffffffff4) pc=0x1801155a0 args=[0x203,0xa1491c000,0x4000,0xa,0x0,0x10,0x8,0x27fcae8]
[trap] num=5 (0x5) pc=0x180119f50 args=[0x1ec44a2c8,0x0,0x0,0x0,0x0,0x27fcae8,0x1,0x27fca48]
[trap] num=381 (0x17d) pc=0x180119ecc args=[0x1801b7eb4,0x2,0x27fbd40,0xa,0x73,0x69,0x1,0x27fca48]
[trap] num=550 (0x226) pc=0x180119ef8 args=[0x27fb9e0,0x1,0x27fba10,0x2f0,0x1230,0x20,0xc80000,0x27fcae8]
[trap] num=6 (0x6) pc=0x180116750 args=[0x3,0x3,0x27fba40,0x4,0x1,0x20,0xc80000,0x27fcae8]
[trap] num=74 (0x4a) pc=0x180119f24 args=[0xa0e8d4000,0x14000,0x1,0x1,0x0,0x20,0xc80000,0x27fcae8]
[trap] num=5 (0x5) pc=0x180119f50 args=[0x1ec4467b8,0x0,0x0,0x0,0x0,0x27fcae8,0x1,0x27fca48]
[trap] num=381 (0x17d) pc=0x180119ecc args=[0x1801b7eb4,0x2,0x27fbd40,0xa,0x73,0x69,0x1,0x27fca48]
[trap] num=550 (0x226) pc=0x180119ef8 args=[0x27fbc70,0x1,0x27fbca0,0x60,0x27fbd00,0x0,0x100000000,0x27fcae8]
[trap] num=6 (0x6) pc=0x180116750 args=[0x3,0x3,0x27fbcd0,0x0,0x1,0x0,0x100000000,0x27fcae8]
[trap] num=74 (0x4a) pc=0x180119f24 args=[0xa0e9fc000,0x4000,0x1,0x1,0x0,0x0,0x100000000,0x27fcae8]
[trap] num=5 (0x5) pc=0x180119f50 args=[0x1ec4469e8,0x0,0x0,0x0,0x0,0x27fcae8,0x1,0x27fca48]
[trap] num=381 (0x17d) pc=0x180119ecc args=[0x1801b7eb4,0x2,0x27fbd40,0xa,0x73,0x69,0x1,0x27fca48]
[trap] num=6 (0x6) pc=0x180116750 args=[0x3,0x3,0x27fbccf,0x2,0x8,0x69,0x1,0x27fca48]
[trap] num=-14 (0xfffffffffffffff2) pc=0x1801155b8 args=[0x203,0x1e5908000,0x2324000,0x0,0x1,0x1,0x4,0x4000]
[trap] num=-14 (0xfffffffffffffff2) pc=0x1801155b8 args=[0x203,0x1edc84000,0x7b90000,0x0,0x1,0x1,0x5,0x6380000]
[trap] num=-14 (0xfffffffffffffff2) pc=0x1801155b8 args=[0x203,0x28f64c000,0x2c2c000,0x0,0x1,0x1,0x4,0x4000]
[trap] num=-14 (0xfffffffffffffff2) pc=0x1801155b8 args=[0x203,0x29a1cc000,0x5678000,0x0,0x1,0x1,0x5,0x8b84000]
[trap] num=-14 (0xfffffffffffffff2) pc=0x1801155b8 args=[0x203,0x2d0bac000,0x2a4000,0x0,0x1,0x1,0x4,0x4000]
[trap] num=-14 (0xfffffffffffffff2) pc=0x1801155b8 args=[0x203,0x2d361c000,0xac8000,0x0,0x1,0x1,0x5,0xa74000]
[trap] num=-14 (0xfffffffffffffff2) pc=0x1801155b8 args=[0x203,0x1e5908000,0x2324000,0x0,0x13,0x13,0x4,0x4000]
[trap] num=-14 (0xfffffffffffffff2) pc=0x1801155b8 args=[0x203,0x1edc84000,0x7b90000,0x0,0x13,0x13,0x5,0x6380000]
[trap] num=-14 (0xfffffffffffffff2) pc=0x1801155b8 args=[0x203,0x28f64c000,0x2c2c000,0x0,0x13,0x13,0x4,0x4000]
[trap] num=-14 (0xfffffffffffffff2) pc=0x1801155b8 args=[0x203,0x29a1cc000,0x5678000,0x0,0x13,0x13,0x5,0x8b84000]
[trap] num=-14 (0xfffffffffffffff2) pc=0x1801155b8 args=[0x203,0x2d0bac000,0x2a4000,0x0,0x13,0x13,0x4,0x4000]
[trap] num=-14 (0xfffffffffffffff2) pc=0x1801155b8 args=[0x203,0x2d361c000,0xac8000,0x0,0x13,0x13,0x5,0xa74000]
[trap] num=-14 (0xfffffffffffffff2) pc=0x1801155b8 args=[0x203,0x1e5908000,0x2324000,0x0,0x1,0x1,0x4,0x4000]
[trap] num=-14 (0xfffffffffffffff2) pc=0x1801155b8 args=[0x203,0x1edc84000,0x7b90000,0x0,0x1,0x1,0x5,0x6380000]
[trap] num=-14 (0xfffffffffffffff2) pc=0x1801155b8 args=[0x203,0x28f64c000,0x2c2c000,0x0,0x1,0x1,0x4,0x4000]
[trap] num=-14 (0xfffffffffffffff2) pc=0x1801155b8 args=[0x203,0x29a1cc000,0x5678000,0x0,0x1,0x1,0x5,0x8b84000]
[trap] num=-14 (0xfffffffffffffff2) pc=0x1801155b8 args=[0x203,0x2d0bac000,0x2a4000,0x0,0x1,0x1,0x4,0x4000]
[trap] num=-14 (0xfffffffffffffff2) pc=0x1801155b8 args=[0x203,0x2d361c000,0xac8000,0x0,0x1,0x1,0x5,0xa74000]
[trap] num=-15 (0xfffffffffffffff1) pc=0x1801155c4 args=[0x203,0x27f79f0,0x20000,0x3fff,0x3c000001,0x3,0x0,0x0]
[trap] num=347 (0x15b) pc=0x18011a6ec args=[0x0,0x0,0x2,0x2,0x1,0x27f7580,0xa0,0x0]
[trap] num=-15 (0xfffffffffffffff1) pc=0x1801155c4 args=[0x203,0x27f7010,0x20000,0x3fff,0x3c000001,0x3,0x0,0x0]
[trap] num=347 (0x15b) pc=0x18011a6ec args=[0x100034060,0xb1d8,0x2,0x2,0x1,0x100034000,0x20000,0x0]
[M28 BANDSHRINK] syscall 347 band past ipa 0x100034000 len 65536 shrunk 64 -> 0 by an overlapping window of the same call
[trap] num=220 (0xdc) pc=0x180116e90 args=[0x1000340b8,0x27f74f8,0x27f7640,0x40,0x0,0x0,0x20000,0x0]
[trap] num=-12 (0xfffffffffffffff4) pc=0x1801155a0 args=[0x203,0x100034000,0x20000,0x87,0x2,0x1000038,0xffffffffffffffff,0x0]
[trap] num=-15 (0xfffffffffffffff1) pc=0x1801155c4 args=[0x203,0x27f7760,0x20000,0x3fff,0x3c000001,0x3,0x0,0x0]
[trap] num=-15 (0xfffffffffffffff1) pc=0x1801155c4 args=[0x203,0x27f7780,0x20000,0x3fff,0x3c000001,0x3,0x0,0x0]
[trap] num=-12 (0xfffffffffffffff4) pc=0x1801155a0 args=[0x203,0x100054000,0x20000,0x0,0x0,0x0,0x0,0x0]
[trap] num=-12 (0xfffffffffffffff4) pc=0x1801155a0 args=[0x203,0x100034000,0x20000,0x0,0x0,0x0,0x0,0x0]
[trap] num=-12 (0xfffffffffffffff4) pc=0x1801155a0 args=[0x203,0x100014000,0x20000,0x0,0x0,0x0,0x0,0x0]
[trap] num=5 (0x5) pc=0x180119f50 args=[0x1801ab41a,0x2,0x0,0x2,0x8,0x0,0x0,0x0]
[trap] num=54 (0x36) pc=0x180116724 args=[0x3,0x80086804,0x27f4388,0x2,0x8,0x0,0x0,0x0]
[trap] num=6 (0x6) pc=0x180116750 args=[0x3,0xffffffffffffffff,0x27f4388,0x2,0x8,0x0,0x0,0x0]
[trap] num=294 (0x126) pc=0x18011a2f8 args=[0xffffffffffffffff,0x1f070030,0x0,0x0,0x0,0x0,0x0,0x0]
[trap] num=-14 (0xfffffffffffffff2) pc=0x1801155b8 args=[0x203,0x1ec444000,0x24000,0x0,0x1,0x0,0x0,0x0]
[trap] num=-28 (0xffffffffffffffe4) pc=0x1804adb5c args=[0x0,0x1804e2db8,0x27ffe30,0x1ec445338,0x1ec445338,0x0,0x0,0x0]
[trap] num=-26 (0xffffffffffffffe6) pc=0x1804adb44 args=[0x203,0x1804e2db8,0x27ffe30,0x1ec445338,0x1ec445338,0x0,0x0,0x0]
[trap] num=33 (0x21) pc=0x1804ae668 args=[0x1804e2dda,0x0,0x27ffe30,0x1ec445338,0x1ec445338,0x0,0x0,0x0]
[trap] num=-15 (0xfffffffffffffff1) pc=0x1804adacc args=[0x203,0x27fb4e8,0x8000,0x0,0x49000001,0x3,0x0,0x0]
[trap] num=-29 (0xffffffffffffffe3) pc=0x1804adb68 args=[0x1eec6fd98,0x27ffe28,0x27ffe30,0x1ec445338,0x49000001,0x3,0x0,0x0]
[trap] num=-24 (0xffffffffffffffe8) pc=0x1804adb2c args=[0x203,0x27fb390,0x0,0x27fb3ac,0x49000001,0x3,0x0,0x0]
[trap] num=-47 (0xffffffffffffffd1) pc=0x1804adc34 args=[0x27fb3d0,0x200000003,0x2800001513,0x100300001d03,0xc800000000,0x100300000000,0x140,0x0]
[mach_msg2] msgh_id=200 dest=0x1d03 reply=0x1003 options=0x200000003 bits=0x1513 send_size=40 rcv_size=320
  send+000: 13 15 00 00 28 00 00 00 03 1d 00 00 03 10 00 00
  send+010: 00 00 00 00 c8 00 00 00 00 00 00 00 01 00 00 00
  send+020: 05 00 00 00 08 00 00 00
[retrace] forwarding mach_msg2 host_info (msgh_id 200) to host (decided allowlist)
[mach_msg2] host ret=0x0 err=false
  reply@0x27fb3d0+000: 00 12 00 00 48 00 00 00 00 00 00 00 03 10 00 00
  reply@0x27fb3d0+010: 00 00 00 00 2c 01 00 00 00 00 00 00 01 00 00 00
  reply@0x27fb3d0+020: 00 00 00 00 08 00 00 00 50 00 00 00 50 00 00 00
  reply@0x27fb3d0+030: 40 00 00 00 1f 00 00 00 00 00 00 00 00 00 00 00
  reply@0x27fb3d0+040: 00 00 00 00 4f 00 00 00 00 00 00 00 08 00 00 00
  reply@0x27fb3d0+050: 00 00 00 00 00 00 00 00 00 00 00 00 00 00 00 00
  reply@0x27fb3d0+060: 00 00 00 00 00 00 00 00 00 00 00 00 00 00 00 00
  reply@0x27fb3d0+070: 00 00 00 00 00 00 00 00 00 00 00 00 00 00 00 00
  reply@0x27fb3d0+080: 00 00 00 00 00 00 00 00 00 00 00 00 00 00 00 00
  reply@0x27fb3d0+090: 00 00 00 00 00 00 00 00 00 00 00 00 00 00 00 00
  reply@0x27fb3d0+0a0: 00 00 00 00 00 00 00 00 00 00 00 00 00 00 00 00
  reply@0x27fb3d0+0b0: 00 00 00 00 00 00 00 00 00 00 00 00 00 00 00 00
  reply@0x27fb3d0+0c0: 00 00 00 00 00 00 00 00 00 00 00 00 00 00 00 00
  reply@0x27fb3d0+0d0: 00 00 00 00 00 00 00 00 00 00 00 00 00 00 00 00
  reply@0x27fb3d0+0e0: 00 00 00 00 00 00 00 00 00 00 00 00 00 00 00 00
  reply@0x27fb3d0+0f0: 00 00 00 00 00 00 00 00 00 00 00 00 00 00 00 00
[trap] num=-18 (0xffffffffffffffee) pc=0x1804adae4 args=[0x203,0x1d03,0x0,0x27fb5c0,0xc800000000,0x100300000000,0x4f00000000,0x0]
[trap] num=202 (0xca) pc=0x1804af460 args=[0x27fb5c8,0x2,0x27fb598,0x27fb560,0x0,0x0,0x4f00000000,0x0]
[trap] num=-27 (0xffffffffffffffe5) pc=0x1804adb50 args=[0x2ff20,0x0,0x5,0x1804f8a0c,0x0,0x0,0x4f00000000,0x0]
[trap] num=-24 (0xffffffffffffffe8) pc=0x1804adb2c args=[0x203,0x27fb510,0x0,0x27fb52c,0x0,0x0,0x4f00000000,0x0]
[trap] num=366 (0x16e) pc=0x1804b3d2c args=[0x1804ecc14,0x1804ecc08,0x4000,0x27fb560,0x38,0xa0,0x4f00000000,0x0]
[trap] num=-29 (0xffffffffffffffe3) pc=0x1804adb68 args=[0x10030,0x103,0x1804f8cd8,0x103,0x38,0xa0,0x4f00000000,0x0]
[trap] num=-47 (0xffffffffffffffd1) pc=0x1804adc34 args=[0x27fb5a0,0x200000003,0x2400001513,0x140300001d03,0xce00000000,0x140300000000,0x30,0x0]
[mach_msg2] msgh_id=206 dest=0x1d03 reply=0x1403 options=0x200000003 bits=0x1513 send_size=36 rcv_size=48
  send+000: 13 15 00 00 24 00 00 00 03 1d 00 00 03 14 00 00
  send+010: 00 00 00 00 ce 00 00 00 00 00 00 00 01 00 00 00
  send+020: 00 00 00 00
[retrace] forwarding mach_msg2 host_get_clock_service (msgh_id 206) to host (decided allowlist)
[mach_msg2] host ret=0x0 err=false
  reply@0x27fb5a0+000: 00 12 00 80 28 00 00 00 00 00 00 00 03 14 00 00
  reply@0x27fb5a0+010: 00 00 00 00 32 01 00 00 01 00 00 00 03 1f 00 00
  reply@0x27fb5a0+020: 00 00 00 00 00 00 11 00 00 00 00 00 08 00 00 00
  reply@0x27fb5a0+030: b8 fd c6 ee 01 00 00 00 03 1d 00 00 00 00 00 00
  reply@0x27fb5a0+040: 00 b6 7f 02 00 00 00 00 14 e8 39 80 01 00 00 00
  reply@0x27fb5a0+050: b8 fd c6 ee 01 00 00 00 30 fe 7f 02 00 00 00 00
  reply@0x27fb5a0+060: 20 b6 7f 02 00 00 00 00 a0 e6 39 80 01 00 00 00
  reply@0x27fb5a0+070: 38 53 44 ec 01 00 00 00 30 fe 7f 02 00 00 00 00
  reply@0x27fb5a0+080: 90 b6 7f 02 00 00 00 00 04 13 34 90 01 00 00 00
  reply@0x27fb5a0+090: 48 02 34 90 01 00 00 00 a0 00 00 00 00 00 00 00
  reply@0x27fb5a0+0a0: 06 00 00 00 00 00 00 00 18 01 34 90 01 00 00 00
  reply@0x27fb5a0+0b0: c0 1b 34 90 01 00 00 00 c0 52 44 ec 01 00 00 00
  reply@0x27fb5a0+0c0: 5c 12 34 90 01 00 00 00 b0 b6 7f 02 00 00 00 00
  reply@0x27fb5a0+0d0: c0 1b 34 90 01 00 00 00 c0 52 44 ec 01 00 00 00
  reply@0x27fb5a0+0e0: 5c 12 34 90 01 00 00 00 b8 bb 7f 02 00 00 00 00
  reply@0x27fb5a0+0f0: 40 b7 7f 02 00 00 00 00 30 0e 16 80 01 00 00 00
[trap] num=-47 (0xffffffffffffffd1) pc=0x1804adc34 args=[0x27fb5a0,0x200000003,0x2800001513,0x140300000203,0xd5a00000000,0x140300000000,0x30,0x0]
[mach_msg2] msgh_id=3418 dest=0x203 reply=0x1403 options=0x200000003 bits=0x1513 send_size=40 rcv_size=48
  send+000: 13 15 00 00 28 00 00 00 03 02 00 00 03 14 00 00
  send+010: 00 00 00 00 5a 0d 00 00 00 00 00 00 01 00 00 00
  send+020: 00 00 00 00 00 00 00 00
[retrace] forwarding mach_msg2 semaphore_create (msgh_id 3418) to host (decided allowlist)
[mach_msg2] host ret=0x0 err=false
  reply@0x27fb5a0+000: 00 12 00 80 28 00 00 00 00 00 00 00 03 14 00 00
  reply@0x27fb5a0+010: 00 00 00 00 be 0d 00 00 01 00 00 00 03 13 00 00
  reply@0x27fb5a0+020: 00 00 00 00 00 00 11 00 00 00 00 00 08 00 00 00
  reply@0x27fb5a0+030: d8 5d 70 ec 01 00 00 00 03 1d 00 00 00 00 00 00
  reply@0x27fb5a0+040: 00 b6 7f 02 00 00 00 00 38 e8 39 80 01 00 00 00
  reply@0x27fb5a0+050: b8 fd c6 ee 01 00 00 00 30 fe 7f 02 00 00 00 00
  reply@0x27fb5a0+060: 20 b6 7f 02 00 00 00 00 a0 e6 39 80 01 00 00 00
  reply@0x27fb5a0+070: 38 53 44 ec 01 00 00 00 30 fe 7f 02 00 00 00 00
  reply@0x27fb5a0+080: 90 b6 7f 02 00 00 00 00 04 13 34 90 01 00 00 00
  reply@0x27fb5a0+090: 48 02 34 90 01 00 00 00 a0 00 00 00 00 00 00 00
  reply@0x27fb5a0+0a0: 06 00 00 00 00 00 00 00 18 01 34 90 01 00 00 00
  reply@0x27fb5a0+0b0: c0 1b 34 90 01 00 00 00 c0 52 44 ec 01 00 00 00
  reply@0x27fb5a0+0c0: 5c 12 34 90 01 00 00 00 b0 b6 7f 02 00 00 00 00
  reply@0x27fb5a0+0d0: c0 1b 34 90 01 00 00 00 c0 52 44 ec 01 00 00 00
  reply@0x27fb5a0+0e0: 5c 12 34 90 01 00 00 00 b8 bb 7f 02 00 00 00 00
  reply@0x27fb5a0+0f0: 40 b7 7f 02 00 00 00 00 30 0e 16 80 01 00 00 00
[trap] num=-18 (0xffffffffffffffee) pc=0x1804adae4 args=[0x203,0x1d03,0x2800001513,0x140300000203,0xd5a00000000,0x140300000000,0x30,0x0]
[trap] num=20 (0x14) pc=0x1804ae198 args=[0x0,0x0,0x0,0x27fb480,0x27fb140,0x72,0x0,0xc70]
[trap] num=266 (0x10a) pc=0x1804af558 args=[0x18037ff36,0x0,0x1,0x103,0x27fb140,0x72,0x0,0xc70]
[trap] num=339 (0x153) pc=0x1804bc288 args=[0x3,0x27faf10,0x1,0x103,0x27fb140,0x72,0x0,0xc70]
[trap] num=197 (0xc5) pc=0x1804aea18 args=[0x0,0x8000,0x1,0x40001,0x3,0x0,0x0,0xc70]
[trap] num=6 (0x6) pc=0x1804ae8f0 args=[0x3,0x8000,0x1,0x40001,0x3,0x0,0x0,0xc70]
[trap] num=169 (0xa9) pc=0x1804af8dc args=[0x1125c,0x0,0x27fb06c,0x4,0x3,0x0,0x0,0xc70]
[trap] num=500 (0x1f4) pc=0x1804ae144 args=[0x1ec6fd858,0x10,0x4,0x1804f8a0c,0x6f,0x6f,0x38,0xc70]
[trap] num=54 (0x36) pc=0x1804b2338 args=[0x2,0x4004667a,0x27fafdc,0x103,0x6f,0x6f,0x38,0xc70]
[trap] num=54 (0x36) pc=0x1804b2338 args=[0x2,0x40487413,0x27fafe0,0x103,0x6f,0x6f,0x38,0xc70]
[trap] num=116 (0x74) pc=0x1804b1b60 args=[0x27fad50,0x0,0x0,0xfffffc088,0x6e,0x6d,0x38,0xc70]
[trap] num=500 (0x1f4) pc=0x1804ae144 args=[0x27fae88,0x20,0x27fae88,0x1c725a0a,0x180267bdc,0x6d,0x38,0xc70]
[trap] num=116 (0x74) pc=0x1804b1b60 args=[0x27fad70,0x0,0x0,0xfffffc088,0x180267bdc,0x6d,0x38,0xc70]
[trap] num=116 (0x74) pc=0x1804b1b60 args=[0x27fad90,0x0,0x0,0xfffffc088,0x1ec6fcf70,0x1ec6fcfa8,0x1000,0x20]
[trap] num=116 (0x74) pc=0x1804b1b60 args=[0x27fad90,0x0,0x0,0xfffffc088,0x27fad00,0x1802361b0,0x9454e3af282daa8d,0x27fadb0]
[trap] num=-47 (0xffffffffffffffd1) pc=0x1804adc34 args=[0x27faf28,0x200000003,0x6480001513,0x140300000203,0x12cb00000000,0x140300000001,0x34,0x0]
[mach_msg2] msgh_id=4811 dest=0x203 reply=0x1403 options=0x200000003 bits=0x80001513 send_size=100 rcv_size=52
  send+000: 13 15 00 80 64 00 00 00 03 02 00 00 03 14 00 00
  send+010: 00 00 00 00 cb 12 00 00 01 00 00 00 00 00 00 00
  send+020: 00 00 00 00 00 00 13 00 00 00 00 00 01 00 00 00
  send+030: 00 00 00 00 00 00 00 00 00 40 43 00 00 00 00 00
  send+040: 00 00 00 00 00 00 00 00 01 00 00 01 00 00 00 00
  send+050: 00 00 00 00 00 00 00 00 00 00 00 00 00 00 00 00
  send+060: 01 00 00 00
[trap] num=-12 (0xfffffffffffffff4) pc=0x1804adaa8 args=[0x203,0xa14b3c000,0x100000,0x140300000203,0x12cb00000000,0x140300000001,0x34,0x0]
[trap] num=116 (0x74) pc=0x1804b1b60 args=[0x27faa70,0x0,0x0,0xfffffc088,0x12cb00000000,0x140300000001,0x34,0x0]
[trap] num=-15 (0xfffffffffffffff1) pc=0x1804adacc args=[0x203,0x27fab38,0x408000,0x0,0x1000001,0x3,0x0,0x0]
[trap] num=74 (0x4a) pc=0x1804b1b04 args=[0x4c000,0x4000,0x0,0x40000000,0x0,0x3,0x0,0x0]
[trap] num=74 (0x4a) pc=0x1804b1b04 args=[0x450000,0x4000,0x0,0x40000000,0x0,0x3,0x0,0x0]
[trap] num=-15 (0xfffffffffffffff1) pc=0x1804adacc args=[0x203,0x27fabb8,0x400000,0x0,0x7004000,0x3,0x0,0x0]
[trap] num=-89 (0xffffffffffffffa7) pc=0x1804add00 args=[0x1ec705d78,0x180327210,0x0,0x1804f8a08,0x7004000,0x3,0x0,0x0]
[trap] num=-15 (0xfffffffffffffff1) pc=0x1804adacc args=[0x203,0x27faba8,0x3e000,0x0,0x1000001,0x3,0x0,0x0]
[trap] num=-47 (0xffffffffffffffd1) pc=0x1804adc34 args=[0x27fab00,0x200000003,0x2800001513,0x140300000203,0x12d600000000,0x140300000000,0x3c,0x0]
[mach_msg2] msgh_id=4822 dest=0x203 reply=0x1403 options=0x200000003 bits=0x1513 send_size=40 rcv_size=60
  send+000: 13 15 00 00 28 00 00 00 03 02 00 00 03 14 00 00
  send+010: 00 00 00 00 d6 12 00 00 00 00 00 00 01 00 00 00
  send+020: f8 03 00 00 f8 03 40 00
[trap] num=-10 (0xfffffffffffffff6) pc=0x1804ada90 args=[0x203,0x27fa4f8,0x4000,0x1,0x180327599,0x27fabb0,0x3c,0x0]
[trap] num=336 (0x150) pc=0x1804af110 args=[0x2,0x1125c,0x11,0x0,0x27fa4d8,0x38,0x180327461,0x300000028]
[trap] num=97 (0x61) pc=0x1804b1fa0 args=[0x1,0x2,0x0,0x103,0x27fa4d8,0x38,0x0,0x300000028]
[trap] num=92 (0x5c) pc=0x1804ae8c4 args=[0x3,0x2,0x1,0x103,0x27fa4d8,0x38,0x0,0x300000028]
[trap] num=98 (0x62) pc=0x1804b2364 args=[0x3,0x27f9b06,0x6a,0x27f9b18,0x27fa4d8,0x38,0x676f6c7379732f,0x300000028]
[trap] num=133 (0x85) pc=0x1804b2390 args=[0x3,0x27f9c10,0xfb,0x0,0x0,0x0,0x0,0x300000028]
[trap] num=-12 (0xfffffffffffffff4) pc=0x1804adaa8 args=[0x203,0x300000000,0x4000,0x0,0x0,0x0,0x0,0x300000028]
[trap] num=-47 (0xffffffffffffffd1) pc=0x1804adc34 args=[0x27faa98,0x200000003,0x6480001513,0x140300000203,0x12cb00000000,0x140300000001,0x34,0x0]
[mach_msg2] msgh_id=4811 dest=0x203 reply=0x1403 options=0x200000003 bits=0x80001513 send_size=100 rcv_size=52
  send+000: 13 15 00 80 64 00 00 00 03 02 00 00 03 14 00 00
  send+010: 00 00 00 00 cb 12 00 00 01 00 00 00 00 00 00 00
  send+020: 00 00 00 00 00 00 13 00 00 00 00 00 01 00 00 00
  send+030: 00 00 00 00 04 00 00 00 00 00 00 00 06 00 00 00
  send+040: 00 00 00 00 00 00 00 00 00 00 00 00 00 00 00 00
  send+050: 00 00 00 00 00 00 00 00 00 00 00 00 00 00 00 00
  send+060: 01 00 00 00
[trap] num=116 (0x74) pc=0x1804b1b60 args=[0x27fa980,0x0,0x0,0xfffffc088,0x0,0x700,0xa14b67378,0x0]
[trap] num=-15 (0xfffffffffffffff1) pc=0x1804adacc args=[0x203,0x27fafd8,0x4000,0x0,0x1000001,0x3,0x0,0x0]
[trap] num=74 (0x4a) pc=0x1804b1b04 args=[0xa14b7c000,0x4000,0x1,0xa14b7c008,0x1000001,0x3,0x0,0x0]
[trap] num=-14 (0xfffffffffffffff2) pc=0x1801155b8 args=[0x203,0x1ec444000,0x24000,0x0,0x3,0x3,0x0,0x0]
[trap] num=-14 (0xfffffffffffffff2) pc=0x1801155b8 args=[0x203,0x1ec444000,0x24000,0x0,0x1,0x3,0x0,0x0]
[trap] num=327 (0x147) pc=0x1804ad92c args=[0x1125c,0x3,0x103,0x103,0x1,0x3,0x0,0x0]
[trap] num=-47 (0xffffffffffffffd1) pc=0x1804adc34 args=[0x27fb0dc,0x200000003,0x7400001513,0x140300000203,0x1f4000000000,0x140300000000,0x2c,0x0]
[mach_msg2] msgh_id=8000 dest=0x203 reply=0x1403 options=0x200000003 bits=0x1513 send_size=116 rcv_size=44
  send+000: 13 15 00 00 74 00 00 00 03 02 00 00 03 14 00 00
  send+010: 00 00 00 00 40 1f 00 00 00 00 00 00 01 00 00 00
  send+020: 05 00 00 00 88 5c 09 80 01 00 00 00 78 00 78 00
  send+030: 00 00 00 00 20 58 09 80 01 00 00 00 5c 00 5c 00
  send+040: 00 00 00 00 38 5a 09 80 01 00 00 00 5c 00 5c 00
  send+050: 00 00 00 00 00 59 09 80 01 00 00 00 78 00 78 00
  send+060: 00 00 00 00 b8 5a 09 80 01 00 00 00 78 00 78 00
  send+070: 00 00 00 00
[trap] num=-47 (0xffffffffffffffd1) pc=0x1804adc34 args=[0x27fb4e0,0x200000003,0x1800001513,0x140300000203,0x1f4100000000,0x140300000000,0x2c,0x0]
[mach_msg2] msgh_id=8001 dest=0x203 reply=0x1403 options=0x200000003 bits=0x1513 send_size=24 rcv_size=44
  send+000: 13 15 00 00 18 00 00 00 03 02 00 00 03 14 00 00
  send+010: 00 00 00 00 41 1f 00 00
[trap] num=-14 (0xfffffffffffffff2) pc=0x1801155b8 args=[0x203,0x1ec444000,0x24000,0x0,0x3,0x53,0x2c,0x0]
[trap] num=-15 (0xfffffffffffffff1) pc=0x1804adacc args=[0x203,0x27f4a18,0x8000,0x0,0x1000001,0x3,0x0,0x0]
[trap] num=-15 (0xfffffffffffffff1) pc=0x1804adacc args=[0x203,0x27f4a78,0x8000,0x0,0xb004000,0x3,0x0,0x0]
[trap] num=116 (0x74) pc=0x1804b1b60 args=[0x27f4960,0x0,0x0,0xfffffc088,0x8,0x41,0x0,0xb40]
[trap] num=116 (0x74) pc=0x1804b1b60 args=[0x27f48b0,0x0,0x0,0xfffffc088,0x8,0x41,0x69300c82f5d07f26,0xb40]
[trap] num=116 (0x74) pc=0x1804b1b60 args=[0x27f48b0,0x0,0x0,0xfffffc088,0x8,0x41,0x98835243d54afbfa,0xb40]
[trap] num=116 (0x74) pc=0x1804b1b60 args=[0x27f48b0,0x0,0x0,0xfffffc088,0x8,0x41,0xb452faf84da64b52,0xb40]
[trap] num=116 (0x74) pc=0x1804b1b60 args=[0x27f48b0,0x0,0x0,0xfffffc088,0x8,0x41,0xde962c063b959ef1,0xb40]
[trap] num=116 (0x74) pc=0x1804b1b60 args=[0x27f48b0,0x0,0x0,0xfffffc088,0x8,0x41,0xb1bc2731c9d43c,0xb40]
[trap] num=116 (0x74) pc=0x1804b1b60 args=[0x27f48b0,0x0,0x0,0xfffffc088,0x8,0x41,0xedde3aa8270dfaa1,0xb40]
[trap] num=116 (0x74) pc=0x1804b1b60 args=[0x27f48b0,0x0,0x0,0xfffffc088,0x8,0x41,0xde3b0d5a6fc3831a,0xb40]
[trap] num=116 (0x74) pc=0x1804b1b60 args=[0x27f48b0,0x0,0x0,0xfffffc088,0x8,0x41,0xe4979afda3c111b,0xb40]
[trap] num=116 (0x74) pc=0x1804b1b60 args=[0x27f48b0,0x0,0x0,0xfffffc088,0x8,0x41,0x1cd6098861f1bd8f,0xb40]
[trap] num=116 (0x74) pc=0x1804b1b60 args=[0x27f48b0,0x0,0x0,0xfffffc088,0x8,0x41,0x982d70bfd3bb88a9,0xb40]
[trap] num=116 (0x74) pc=0x1804b1b60 args=[0x27f48b0,0x0,0x0,0xfffffc088,0x8,0x41,0xdf21ab6feb3e8ca3,0xb40]
[trap] num=-15 (0xfffffffffffffff1) pc=0x1804adacc args=[0x203,0x27f4808,0x400000,0x0,0x2004000,0x3,0x0,0x0]
[trap] num=-15 (0xfffffffffffffff1) pc=0x1804adacc args=[0x203,0x27f4758,0x80000,0x3fff,0x1000001,0x3,0x0,0x0]
[trap] num=-14 (0xfffffffffffffff2) pc=0x1801155b8 args=[0x203,0x1ec444000,0x24000,0x0,0x1,0x0,0xffffffffbfc007ff,0xfffff0003ffff800]
[trap] num=202 (0xca) pc=0x1804af460 args=[0x27fb4d0,0x2,0x27fb498,0x27fb490,0x180205f3c,0x15,0xffffffffbfc007ff,0xfffff0003ffff800]
[trap] num=202 (0xca) pc=0x1804af460 args=[0x27fb498,0x2,0x27fb550,0x27fb540,0x0,0x0,0xffffffffbfc007ff,0xfffff0003ffff800]
[trap] num=202 (0xca) pc=0x1804af460 args=[0x27fb4d0,0x2,0x27fb498,0x27fb490,0x180205f9b,0x16,0xffffffffbfc007ff,0xfffff0003ffff800]
[trap] num=202 (0xca) pc=0x1804af460 args=[0x27fb498,0x2,0x27fb550,0x27fb540,0x0,0x0,0xffffffffbfc007ff,0xfffff0003ffff800]
[trap] num=202 (0xca) pc=0x1804af460 args=[0x27fb4d0,0x2,0x27fb498,0x27fb490,0x180205f3c,0x15,0xffffffffbfc007ff,0xfffff0003ffff800]
[trap] num=202 (0xca) pc=0x1804af460 args=[0x27fb498,0x2,0x27fb550,0x27fb540,0x0,0x0,0xffffffffbfc007ff,0xfffff0003ffff800]
[trap] num=-47 (0xffffffffffffffd1) pc=0x1804adc34 args=[0x27fb570,0x200000003,0x2400001513,0x140300000203,0xd5100000000,0x140300000000,0x30,0x0]
[mach_msg2] msgh_id=3409 dest=0x203 reply=0x1403 options=0x200000003 bits=0x1513 send_size=36 rcv_size=48
  send+000: 13 15 00 00 24 00 00 00 03 02 00 00 03 14 00 00
  send+010: 00 00 00 00 51 0d 00 00 00 00 00 00 01 00 00 00
  send+020: 04 00 00 00
[trap] num=-19 (0xffffffffffffffed) pc=0x1804adaf0 args=[0x203,0x1103,0x0,0x1,0xd5100000000,0x140300000000,0x30,0x0]
[trap] num=-19 (0xffffffffffffffed) pc=0x1804adaf0 args=[0x203,0x1103,0x0,0x1,0xd5100000000,0x140300000000,0x30,0x0]
[trap] num=-19 (0xffffffffffffffed) pc=0x1804adaf0 args=[0x203,0x1103,0x0,0x1,0x0,0x140300000000,0x30,0x0]
[trap] num=-15 (0xfffffffffffffff1) pc=0x1804adacc args=[0x203,0x27f98e8,0x400000,0x0,0x2004000,0x3,0x0,0x0]
[trap] num=-14 (0xfffffffffffffff2) pc=0x1801155b8 args=[0x203,0x1ec444000,0x24000,0x0,0x3,0x27fb39f,0xffffffffbfc007ff,0x90]
[trap] num=-14 (0xfffffffffffffff2) pc=0x1801155b8 args=[0x203,0x1ec444000,0x24000,0x0,0x1,0x27fb39f,0xffffffffbfc007ff,0x90]
[trap] num=5 (0x5) pc=0x180119f50 args=[0x639c0,0x0,0x0,0x639c0,0x0,0x27fb39f,0x0,0x90]
[trap] num=92 (0x5c) pc=0x1801180d8 args=[0x4,0x32,0x27fae68,0x639c0,0x0,0x27fb39f,0x0,0x90]
[trap] num=6 (0x6) pc=0x180116750 args=[0x4,0x32,0x27fae68,0x639c0,0x0,0x27fb39f,0x0,0x90]
[trap] num=220 (0xdc) pc=0x1804ae63c args=[0x639c0,0x27fae90,0x27faeac,0x40c,0x0,0x27fb39f,0x0,0x90]
[trap] num=33 (0x21) pc=0x1804ae668 args=[0x63a20,0x4,0x638d0,0x63960,0x0,0x56,0x0,0x470]
[M28 BANDSHRINK] syscall 33 band past ipa 0x638d0 len 65536 shrunk 64 -> 0 by an overlapping window of the same call
[M28 BANDSHRINK] syscall 33 band past ipa 0x63960 len 65536 shrunk 64 -> 0 by an overlapping window of the same call
[trap] num=5 (0x5) pc=0x1804ae694 args=[0x63a20,0x0,0x0,0x63960,0x0,0x56,0x0,0x470]
[M28 BANDSHRINK] syscall 5 band past ipa 0x63960 len 65536 shrunk 64 -> 0 by an overlapping window of the same call
[trap] num=339 (0x153) pc=0x1804bc288 args=[0x4,0x638d0,0x0,0x63960,0x0,0x56,0x0,0x470]
[M28 BANDSHRINK] syscall 339 band past ipa 0x638d0 len 65536 shrunk 64 -> 0 by an overlapping window of the same call
[trap] num=483 (0x1e3) pc=0x1804ae6f0 args=[0x0,0x27fb0bc,0x4,0x63960,0x0,0x56,0x0,0x470]
[trap] num=228 (0xe4) pc=0x1804b1694 args=[0x4,0x27fb180,0x27fb0e0,0x28,0x0,0x56,0x0,0x470]
[trap] num=381 (0x17d) pc=0x1804af730 args=[0x18df1ac55,0x2,0x27fb0e0,0x28,0x0,0x56,0x0,0x470]
[trap] num=92 (0x5c) pc=0x1804ae8c4 args=[0x4,0x32,0x27fadd8,0x27fb198,0x27fae40,0x56,0x0,0x470]
[trap] num=6 (0x6) pc=0x1804ae8f0 args=[0x4,0x27fadfd,0x0,0x63a75,0x0,0x56,0x0,0x470]
[trap] num=5 (0x5) pc=0x1804ae694 args=[0x63a80,0x0,0x0,0x63aaf,0x18020b535,0x27fb2a0,0x74,0x470]
[M28 BANDSHRINK] syscall 5 band past ipa 0x63a80 len 65536 shrunk 64 -> 0 by an overlapping window of the same call
[trap] num=336 (0x150) pc=0x1804af110 args=[0x2,0x1125c,0xd,0x1,0x27fb510,0x40,0x74,0x470]
[trap] num=-24 (0xffffffffffffffe8) pc=0x1804adb2c args=[0x203,0x27fb5d0,0x71b75ace,0x27fb5cc,0x0,0x5,0x0,0x0]
[trap] num=-47 (0xffffffffffffffd1) pc=0x1804adc34 args=[0x27fb568,0x200000003,0x3480001513,0x140300000203,0xd5200000000,0x140300000001,0x2c,0x0]
[mach_msg2] msgh_id=3410 dest=0x203 reply=0x1403 options=0x200000003 bits=0x80001513 send_size=52 rcv_size=44
  send+000: 13 15 00 80 34 00 00 00 03 02 00 00 03 14 00 00
  send+010: 00 00 00 00 52 0d 00 00 01 00 00 00 03 12 00 00
  send+020: 00 00 00 00 00 00 13 00 00 00 00 00 01 00 00 00
  send+030: 0a 00 00 00
[trap] num=-47 (0xffffffffffffffd1) pc=0x1804adc34 args=[0x27fb2e8,0x200000003,0x2800001513,0x140300000203,0xd4d00000000,0x140300000000,0x1a8,0x0]
[mach_msg2] msgh_id=3405 dest=0x203 reply=0x1403 options=0x200000003 bits=0x1513 send_size=40 rcv_size=424
  send+000: 13 15 00 00 28 00 00 00 03 02 00 00 03 14 00 00
  send+010: 00 00 00 00 4d 0d 00 00 00 00 00 00 01 00 00 00
  send+020: 0f 00 00 00 08 00 00 00
[retrace] forwarding mach_msg2 task_info (msgh_id 3405) to host (decided allowlist)
[mach_msg2] host ret=0x0 err=false
  reply@0x27fb2e8+000: 00 12 00 00 48 00 00 00 00 00 00 00 03 14 00 00
  reply@0x27fb2e8+010: 00 00 00 00 b1 0d 00 00 00 00 00 00 01 00 00 00
  reply@0x27fb2e8+020: 00 00 00 00 08 00 00 00 f5 01 00 00 f5 01 00 00
  reply@0x27fb2e8+030: 14 00 00 00 f5 01 00 00 14 00 00 00 5c 12 01 00
  reply@0x27fb2e8+040: b9 86 01 00 51 22 57 00 00 00 00 00 08 00 00 00
  reply@0x27fb2e8+050: 00 00 00 00 00 00 00 00 00 00 00 00 00 00 00 00
  reply@0x27fb2e8+060: 00 00 00 00 00 00 00 00 00 00 00 00 00 00 00 00
  reply@0x27fb2e8+070: 00 00 00 00 00 00 00 00 00 00 00 00 00 00 00 00
  reply@0x27fb2e8+080: 00 00 00 00 00 00 00 00 00 00 00 00 00 00 00 00
  reply@0x27fb2e8+090: 00 00 00 00 00 00 00 00 00 00 00 00 00 00 00 00
  reply@0x27fb2e8+0a0: 00 00 00 00 00 00 00 00 00 00 00 00 00 00 00 00
  reply@0x27fb2e8+0b0: 00 00 00 00 00 00 00 00 00 00 00 00 00 00 00 00
  reply@0x27fb2e8+0c0: 00 00 00 00 00 00 00 00 00 00 00 00 00 00 00 00
  reply@0x27fb2e8+0d0: 00 00 00 00 00 00 00 00 00 00 00 00 00 00 00 00
  reply@0x27fb2e8+0e0: 00 00 00 00 00 00 00 00 00 00 00 00 00 00 00 00
  reply@0x27fb2e8+0f0: 00 00 00 00 00 00 00 00 00 00 00 00 00 00 00 00
[trap] num=170 (0xaa) pc=0x1804ae5d0 args=[0x1125c,0x10,0x27fb100,0x408,0x10478,0x140300000000,0x572251000186b9,0x0]
[trap] num=202 (0xca) pc=0x1804af460 args=[0x27fb500,0x2,0x27fb4c8,0x27fb4c0,0x1844cfba7,0x15,0x72,0x400]
[trap] num=202 (0xca) pc=0x1804af460 args=[0x27fb4c8,0x2,0x27fb558,0x27fb550,0x0,0x0,0x72,0x400]
[trap] num=-14 (0xfffffffffffffff2) pc=0x1801155b8 args=[0x203,0x1ec444000,0x24000,0x0,0x3,0x0,0x0,0x0]
[trap] num=-15 (0xfffffffffffffff1) pc=0x1801155c4 args=[0x203,0x27fb1b0,0x20000,0x3fff,0x3c000001,0x3,0x0,0x0]
[trap] num=-15 (0xfffffffffffffff1) pc=0x1801155c4 args=[0x203,0x27fb170,0x20000,0x3fff,0x3c000001,0x3,0x0,0x0]
[trap] num=-15 (0xfffffffffffffff1) pc=0x1801155c4 args=[0x203,0x27fb360,0x20000,0x3fff,0x3c000001,0x3,0x0,0x0]
[trap] num=-12 (0xfffffffffffffff4) pc=0x1801155a0 args=[0x203,0x100054000,0x20000,0x103,0xffffffff13c06d50,0x10,0x20000,0x0]
[trap] num=-12 (0xfffffffffffffff4) pc=0x1801155a0 args=[0x203,0x100034000,0x20000,0x103,0xffffffff13c06d50,0x10,0x20000,0x0]
[trap] num=-12 (0xfffffffffffffff4) pc=0x1801155a0 args=[0x203,0x100014000,0x20000,0x103,0xffffffff13c06d50,0x10,0x20000,0x0]
[trap] num=-14 (0xfffffffffffffff2) pc=0x1801155b8 args=[0x203,0x1ec444000,0x24000,0x0,0x1,0x0,0x0,0x0]
[trap] num=-14 (0xfffffffffffffff2) pc=0x1801155b8 args=[0x203,0x1ec444000,0x24000,0x0,0x3,0x0,0x0,0x0]
[trap] num=-14 (0xfffffffffffffff2) pc=0x1801155b8 args=[0x203,0x1ec444000,0x24000,0x0,0x1,0x0,0x0,0x0]
[trap] num=-14 (0xfffffffffffffff2) pc=0x1801155b8 args=[0x203,0x1ec444000,0x24000,0x0,0x3,0x0,0x0,0x0]
[trap] num=-14 (0xfffffffffffffff2) pc=0x1801155b8 args=[0x203,0x1ec444000,0x24000,0x0,0x1,0x0,0x0,0x0]
[trap] num=-14 (0xfffffffffffffff2) pc=0x1801155b8 args=[0x203,0x1ec444000,0x24000,0x0,0x3,0x0,0x0,0x0]
[trap] num=-14 (0xfffffffffffffff2) pc=0x1801155b8 args=[0x203,0x1ec444000,0x24000,0x0,0x1,0x0,0x0,0x0]
[trap] num=-14 (0xfffffffffffffff2) pc=0x1801155b8 args=[0x203,0x1ec444000,0x24000,0x0,0x3,0x0,0x0,0x0]
[trap] num=-14 (0xfffffffffffffff2) pc=0x1801155b8 args=[0x203,0x1ec444000,0x24000,0x0,0x1,0x0,0x0,0x0]
[trap] num=-14 (0xfffffffffffffff2) pc=0x1801155b8 args=[0x203,0x1ec444000,0x24000,0x0,0x3,0x0,0x0,0x0]
[trap] num=25 (0x19) pc=0x1804af050 args=[0x1edd8d978,0x180533098,0x180533098,0x103,0x1ec445338,0x0,0x0,0x0]
[trap] num=24 (0x18) pc=0x1804af858 args=[0x1f5,0x180533098,0x180533098,0x103,0x1ec445338,0x0,0x0,0x0]
[trap] num=202 (0xca) pc=0x1804af460 args=[0x27fa3d0,0x4,0x27fa3e0,0x27fa3c8,0x0,0x0,0x0,0x0]
[trap] num=286 (0x11e) pc=0x1804af884 args=[0x27fa680,0x27fa684,0x1805331c8,0x27fa3c8,0x0,0x0,0x0,0x0]
[trap] num=25 (0x19) pc=0x1804af050 args=[0xffffffffffffffff,0xffffffffffffffff,0x1805331c8,0x27fa3c8,0x0,0x0,0x0,0x0]
[trap] num=43 (0x2b) pc=0x1804af8b0 args=[0x1f5,0xffffffffffffffff,0x1805331c8,0x27fa3c8,0x0,0x0,0x0,0x0]
[trap] num=169 (0xa9) pc=0x1804af8dc args=[0x1125c,0x10,0x27f9c00,0x408,0x408,0x0,0x0,0x3f0]
[trap] num=169 (0xa9) pc=0x1804af8dc args=[0x1125c,0x10,0x27f9d20,0x408,0x408,0x73,0x72,0x400]
[trap] num=-19 (0xffffffffffffffed) pc=0x1804adaf0 args=[0x203,0x1103,0x0,0x1,0x0,0x58,0x65,0x400]
[trap] num=-50 (0xffffffffffffffce) pc=0x1804adc58 args=[0x1ec6fbd20,0x103,0x103,0x0,0x6,0x0,0x73,0x400]
[trap] num=-29 (0xffffffffffffffe3) pc=0x1804adb68 args=[0x0,0x18035aad8,0x18035aad8,0x66268,0x0,0x13,0x0,0x400]
[trap] num=-47 (0xffffffffffffffd1) pc=0x1804adc34 args=[0x27f9d00,0x200000003,0x2800001513,0x140300001d03,0x19c00000000,0x140300000000,0x30,0x0]
[mach_msg2] msgh_id=412 dest=0x1d03 reply=0x1403 options=0x200000003 bits=0x1513 send_size=40 rcv_size=48
  send+000: 13 15 00 00 28 00 00 00 03 1d 00 00 03 14 00 00
  send+010: 00 00 00 00 9c 01 00 00 00 00 00 00 01 00 00 00
  send+020: ff ff ff ff 01 00 00 00
[retrace] forwarding mach_msg2 host_get_special_port (msgh_id 412) to host (decided allowlist)
[mach_msg2] host ret=0x0 err=false
  reply@0x27f9d00+000: 00 12 00 00 24 00 00 00 00 00 00 00 03 14 00 00
  reply@0x27f9d00+010: 00 00 00 00 00 02 00 00 00 00 00 00 01 00 00 00
  reply@0x27f9d00+020: 04 00 00 00 00 00 00 00 08 00 00 00 00 00 00 00
  reply@0x27f9d00+030: 40 18 06 00 00 00 00 00 03 1d 00 00 00 00 00 00
  reply@0x27f9d00+040: 70 9d 7f 02 00 00 00 00 08 ab 35 80 01 00 00 00
  reply@0x27f9d00+050: 03 11 00 00 00 00 00 00 40 3f 06 00 00 00 00 00
  reply@0x27f9d00+060: 40 18 06 00 00 00 00 00 f0 fa 6f ec 01 00 00 00
  reply@0x27f9d00+070: 80 9d 7f 02 00 00 00 00 b0 04 35 80 01 00 00 00
  reply@0x27f9d00+080: a0 9d 7f 02 00 00 00 00 30 96 33 80 01 00 00 00
  reply@0x27f9d00+090: 40 18 06 00 00 00 00 00 28 f9 6f ec 01 00 00 00
  reply@0x27f9d00+0a0: b0 9d 7f 02 00 00 00 00 cc aa 35 80 01 00 00 00
  reply@0x27f9d00+0b0: d0 9d 7f 02 00 00 00 00 34 c5 35 80 01 00 00 00
  reply@0x27f9d00+0c0: 2e 00 00 00 00 00 00 00 6e 0a 2f a6 00 00 00 00
  reply@0x27f9d00+0d0: e0 9d 7f 02 00 00 00 00 b0 04 35 80 01 00 00 00
  reply@0x27f9d00+0e0: 00 9e 7f 02 00 00 00 00 30 96 33 80 01 00 00 00
  reply@0x27f9d00+0f0: 40 18 06 00 00 00 00 00 68 62 06 00 00 00 00 00
[trap] num=-70 (0xffffffffffffffba) pc=0x1804adcc4 args=[0x1d03,0x180373fb0,0x10,0x27f9dcc,0x19c00000000,0x140300000000,0x30,0x0]
[trap] num=-47 (0xffffffffffffffd1) pc=0x1804adc34 args=[0x66268,0x403114207,0xf880131513,0x200300001103,0x400000cf00001c03,0x200300000001,0xf8,0x0]
[mach_msg2] msgh_id=1073742031 dest=0x1103 reply=0x2003 options=0x403114207 bits=0x80131513 send_size=248 rcv_size=248
  send+000: 13 15 13 80 f8 00 00 00 03 11 00 00 03 20 00 00
  send+010: 03 1c 00 00 cf 00 00 40 01 00 00 00 03 11 00 00
  send+020: 00 00 00 00 00 00 13 00 43 50 58 40 05 00 00 00
  send+030: 00 f0 00 00 c0 00 00 00 07 00 00 00 68 61 6e 64
  send+040: 6c 65 00 00 00 40 00 00 00 00 00 00 00 00 00 00
  send+050: 69 6e 73 74 61 6e 63 65 00 00 00 00 00 a0 00 00
  send+060: 00 00 00 00 00 00 00 00 00 00 00 00 00 00 00 00
  send+070: 66 6c 61 67 73 00 00 00 00 40 00 00 08 00 00 00
  send+080: 00 00 00 00 6e 61 6d 65 00 00 00 00 00 90 00 00
  send+090: 25 00 00 00 63 6f 6d 2e 61 70 70 6c 65 2e 73 79
  send+0a0: 73 74 65 6d 2e 6e 6f 74 69 66 69 63 61 74 69 6f
  send+0b0: 6e 5f 63 65 6e 74 65 72 00 00 00 00 74 79 70 65
  send+0c0: 00 00 00 00 00 40 00 00 07 00 00 00 00 00 00 00
  send+0d0: 74 61 72 67 65 74 70 69 64 00 00 00 00 30 00 00
  send+0e0: 00 00 00 00 00 00 00 00 64 6f 6d 61 69 6e 2d 70
  send+0f0: 6f 72 74 00 00 d0 00 00
[retrace] refusing mach_msg2 message-queue send (msgh_id 0x400000cf dest 0x1103 send_size 248): the box hosts no message-queue receivers
[trap] num=-18 (0xffffffffffffffee) pc=0x1804adae4 args=[0x203,0x1103,0x1801c8220,0x66090,0x66100,0x200300000001,0xf8,0x0]
[M28 BANDSHRINK] syscall -18 band past ipa 0x66090 len 65536 shrunk 64 -> 0 by an overlapping window of the same call
[trap] num=327 (0x147) pc=0x1804ad92c args=[0x0,0x103,0x103,0x103,0x0,0x0,0x0,0x0]
[trap] num=327 (0x147) pc=0x1804ad92c args=[0x0,0x103,0x103,0x103,0x2,0x63,0x0,0x0]
[trap] num=327 (0x147) pc=0x1804ad92c args=[0x0,0x0,0x0,0x103,0x2,0x63,0x0,0x0]
[trap] num=25 (0x19) pc=0x1804af050 args=[0x1ec7182a0,0x0,0x1f5,0x2,0x66000,0x0,0x65,0x400]
[trap] num=194 (0xc2) pc=0x1804b00c8 args=[0x1008,0x27fa4b8,0x1804edb6c,0x2,0x66000,0x0,0x65,0x400]
[trap] num=398 (0x18e) pc=0x1804ae948 args=[0x18052cc13,0x0,0x0,0x2,0x66000,0x0,0x65,0x400]
[trap] num=339 (0x153) pc=0x1804bc288 args=[0x4,0x27fa4c0,0x120a8,0x1ec7035c0,0x27fa638,0x27fa630,0x65,0x400]
[trap] num=339 (0x153) pc=0x1804bc288 args=[0x4,0x27f93b0,0x27f9474,0x1ec7035c0,0x27fa638,0x27fa630,0x65,0x400]
[trap] num=396 (0x18c) pc=0x1804afcac args=[0x4,0x66050,0x1000,0x100,0x0,0x27fa630,0x65,0x400]
[trap] num=396 (0x18c) pc=0x1804afcac args=[0x4,0x66050,0x1000,0x27f9555,0x66000,0x0,0x65,0xfffff0003ffff800]
[M28 BANDSHRINK] syscall 396 band past ipa 0x66000 len 65536 shrunk 64 -> 0 by an overlapping window of the same call
[trap] num=396 (0x18c) pc=0x1804afcac args=[0x4,0x66050,0x1000,0x27f954a,0x700c10080,0x27fa337,0x61,0xfffff0007ffff800]
[trap] num=396 (0x18c) pc=0x1804afcac args=[0x4,0x66050,0x1000,0xa,0x701010080,0x27fa337,0x0,0xfffff0007ffff800]
[trap] num=399 (0x18f) pc=0x1804af584 args=[0x4,0x0,0x1804edb6c,0xa,0x701010080,0x27fa337,0x0,0xfffff0007ffff800]
[trap] num=169 (0xa9) pc=0x1804af8dc args=[0x1125c,0x0,0x27fb414,0x4,0x700c01ec0,0x0,0xffffffffbfc007ff,0xfffff0003ffff800]
[trap] num=327 (0x147) pc=0x1804ad92c args=[0x0,0x1edd85ee8,0x180503ca0,0x1f5,0x2,0x0,0x0,0xfffff0003ffff800]
[trap] num=25 (0x19) pc=0x1804af050 args=[0x1ec7182a0,0x0,0x1f5,0x2,0x66240,0x0,0x65,0xfffff0003ffff800]
[trap] num=194 (0xc2) pc=0x1804b00c8 args=[0x1008,0x27fa488,0x1804edb6c,0x2,0x66240,0x0,0x65,0xfffff0003ffff800]
[trap] num=398 (0x18e) pc=0x1804ae948 args=[0x18052cc13,0x0,0x0,0x2,0x66240,0x0,0x65,0xfffff0003ffff800]
[trap] num=339 (0x153) pc=0x1804bc288 args=[0x4,0x27fa490,0x120a8,0x1ec7035c0,0x27fa608,0x27fa600,0x65,0xfffff0003ffff800]
[trap] num=339 (0x153) pc=0x1804bc288 args=[0x4,0x27f9380,0x27f9444,0x1ec7035c0,0x27fa608,0x27fa600,0x65,0xfffff0003ffff800]
[trap] num=396 (0x18c) pc=0x1804afcac args=[0x4,0x700c18000,0x1000,0x1,0x0,0x1,0x0,0x0]
[trap] num=396 (0x18c) pc=0x1804afcac args=[0x4,0x700c18000,0x1000,0x27f9525,0x700c10080,0x27fa307,0x65,0xfffff0007ffff800]
[M28 BANDSHRINK] syscall 396 band past ipa 0x700c10080 len 65536 shrunk 64 -> 0 by an overlapping window of the same call
[trap] num=396 (0x18c) pc=0x1804afcac args=[0x4,0x700c18000,0x1000,0x27f951a,0x700c10080,0x27fa307,0x61,0xfffff0007ffff800]
[M28 BANDSHRINK] syscall 396 band past ipa 0x700c10080 len 65536 shrunk 64 -> 0 by an overlapping window of the same call
[trap] num=396 (0x18c) pc=0x1804afcac args=[0x4,0x700c18000,0x1000,0xa,0x701010080,0x27fa307,0x0,0xfffff0007ffff800]
[trap] num=399 (0x18f) pc=0x1804af584 args=[0x4,0x0,0x1804edb6c,0xa,0x701010080,0x27fa307,0x0,0xfffff0007ffff800]
[trap] num=202 (0xca) pc=0x1804af460 args=[0x27fb3e0,0x2,0x27fb3a8,0x27fb3a0,0xa0d6cec45,0x1a,0x0,0x20]
[trap] num=202 (0xca) pc=0x1804af460 args=[0x27fb3a8,0x3,0x27fb430,0x27fb438,0x0,0x0,0x0,0x20]
[trap] num=202 (0xca) pc=0x1804af460 args=[0x27fb3e0,0x2,0x27fb3a8,0x27fb3a0,0xa0d6cec60,0x18,0x0,0x20]
[trap] num=202 (0xca) pc=0x1804af460 args=[0x27fb3a8,0x3,0x27fb430,0x27fb438,0x0,0x0,0x0,0x20]
[trap] num=202 (0xca) pc=0x1804af460 args=[0x27fb3e0,0x2,0x27fb3a8,0x27fb3a0,0xa0d6cec79,0x18,0x0,0x20]
[trap] num=202 (0xca) pc=0x1804af460 args=[0x27fb3a8,0x3,0x27fb438,0x27fb430,0x0,0x0,0x0,0x20]
[trap] num=327 (0x147) pc=0x1804ad92c args=[0x0,0x100,0x193c16a30,0x27ffe30,0x1ec445338,0x0,0x0,0x0]
[trap] num=169 (0xa9) pc=0x1804af8dc args=[0x1125c,0x0,0x27fb338,0x4,0x1ec445338,0x0,0x0,0x0]
[trap] num=327 (0x147) pc=0x1804ad92c args=[0x1,0x194057bf0,0xf,0x1804f8a01,0x1ec445338,0x0,0x0,0x0]
[trap] num=169 (0xa9) pc=0x1804af8dc args=[0x1125c,0x0,0x27fb33c,0x4,0x1ec445338,0x0,0x0,0x0]
[trap] num=54 (0x36) pc=0x1804b2338 args=[0x1,0x4004667a,0x27fb2bc,0x4,0x1ec445338,0x0,0x0,0x0]
[trap] num=54 (0x36) pc=0x1804b2338 args=[0x1,0x40487413,0x27fb2c0,0x4,0x1ec445338,0x0,0x0,0x0]
[trap] num=54 (0x36) pc=0x1804b2338 args=[0x1,0x4004667a,0x27fb2bc,0x4,0x1ec445338,0x0,0x0,0x0]
[trap] num=54 (0x36) pc=0x1804b2338 args=[0x1,0x40487413,0x27fb2c0,0x4,0x1ec445338,0x0,0x0,0x0]
[trap] num=116 (0x74) pc=0x1804b1b60 args=[0x27fb190,0x0,0x0,0xfffffc088,0x1ec445338,0x0,0x0,0x0]
[trap] num=116 (0x74) pc=0x1804b1b60 args=[0x27fb190,0x0,0x0,0xfffffc088,0x1ec445338,0x0,0x7161ae214cc3cefe,0x0]
[trap] num=116 (0x74) pc=0x1804b1b60 args=[0x27fb490,0x0,0x0,0xfffffc088,0x1ec445338,0x0,0x0,0x0]
[trap] num=-47 (0xffffffffffffffd1) pc=0x1804adc34 args=[0x27fb460,0x200000003,0x2800001513,0x140300000203,0xd5a00000000,0x140300000000,0x30,0x0]
[mach_msg2] msgh_id=3418 dest=0x203 reply=0x1403 options=0x200000003 bits=0x1513 send_size=40 rcv_size=48
  send+000: 13 15 00 00 28 00 00 00 03 02 00 00 03 14 00 00
  send+010: 00 00 00 00 5a 0d 00 00 00 00 00 00 01 00 00 00
  send+020: 00 00 00 00 00 00 00 00
[retrace] forwarding mach_msg2 semaphore_create (msgh_id 3418) to host (decided allowlist)
[mach_msg2] host ret=0x0 err=false
  reply@0x27fb460+000: 00 12 00 80 28 00 00 00 00 00 00 00 03 14 00 00
  reply@0x27fb460+010: 00 00 00 00 be 0d 00 00 01 00 00 00 03 21 00 00
  reply@0x27fb460+020: 00 00 00 00 00 00 11 00 00 00 00 00 08 00 00 00
  reply@0x27fb460+030: 84 58 0b 08 0a 00 00 00 58 00 e2 09 0a 00 00 00
  reply@0x27fb460+040: b0 b4 7f 02 00 00 00 00 0c 22 d1 0b 0a 00 00 00
  reply@0x27fb460+050: d0 b4 7f 02 00 00 00 00 b4 4f 0b 08 0a 00 00 00
  reply@0x27fb460+060: 84 58 0b 08 0a 00 00 00 58 00 e2 09 0a 00 00 00
  reply@0x27fb460+070: f0 b4 7f 02 00 00 00 00 a0 58 0b 08 0a 00 00 00
  reply@0x27fb460+080: 84 58 0b 08 0a 00 00 00 18 ba 7f 02 00 00 00 00
  reply@0x27fb460+090: a0 b5 7f 02 00 00 00 00 30 0e 16 80 01 00 00 00
  reply@0x27fb460+0a0: 00 00 00 42 00 00 00 00 28 27 1a 80 01 00 00 00
  reply@0x27fb460+0b0: 00 00 07 1f 01 00 00 00 00 00 d7 07 0a 00 00 00
  reply@0x27fb460+0c0: 00 00 00 00 00 00 00 00 84 58 0b 08 0a 00 00 00
  reply@0x27fb460+0d0: 00 00 00 00 00 00 00 00 00 00 00 00 00 00 00 00
  reply@0x27fb460+0e0: 00 00 00 00 00 00 00 00 00 00 00 00 00 00 00 00
  reply@0x27fb460+0f0: 00 00 00 00 00 00 00 00 00 00 00 00 00 00 00 00
[trap] num=5 (0x5) pc=0x180119f50 args=[0x700c0cbc0,0x0,0x0,0x700c0cbc0,0x2f,0x40,0x0,0x6d0]
[trap] num=92 (0x5c) pc=0x1801180d8 args=[0x4,0x32,0x27fa308,0x700c0cbc0,0x2f,0x40,0x0,0x6d0]
[trap] num=6 (0x6) pc=0x180116750 args=[0x4,0x32,0x27fa308,0x700c0cbc0,0x2f,0x40,0x0,0x6d0]
[trap] num=483 (0x1e3) pc=0x1804ae6f0 args=[0x0,0x27fb38c,0x4,0x27ffe30,0x1ec445338,0x0,0x0,0x0]
[trap] num=-15 (0xfffffffffffffff1) pc=0x1801155c4 args=[0x203,0x27fb230,0x20000,0x3fff,0x3c000001,0x3,0x0,0x0]
[trap] num=-15 (0xfffffffffffffff1) pc=0x1801155c4 args=[0x203,0x27fb1f0,0x20000,0x3fff,0x3c000001,0x3,0x0,0x0]
[trap] num=-15 (0xfffffffffffffff1) pc=0x1801155c4 args=[0x203,0x27fb3e0,0x20000,0x3fff,0x3c000001,0x3,0x0,0x0]
[trap] num=-12 (0xfffffffffffffff4) pc=0x1801155a0 args=[0x203,0x100054000,0x20000,0x103,0xffffffff13c06d50,0x10,0x20000,0x0]
[trap] num=-12 (0xfffffffffffffff4) pc=0x1801155a0 args=[0x203,0x100034000,0x20000,0x103,0xffffffff13c06d50,0x10,0x20000,0x0]
[trap] num=-12 (0xfffffffffffffff4) pc=0x1801155a0 args=[0x203,0x100014000,0x20000,0x103,0xffffffff13c06d50,0x10,0x20000,0x0]
[trap] num=-14 (0xfffffffffffffff2) pc=0x1801155b8 args=[0x203,0x1ec444000,0x24000,0x0,0x1,0x10,0x20000,0x0]
[trap] num=24 (0x18) pc=0x1804af858 args=[0xa0919a7ae,0x27ff4c8,0x0,0x70101c430,0xfffffffffffe7f40,0x20,0xffffffffbfc007ff,0xfffff0003ffff800]
[trap] num=25 (0x19) pc=0x1804af050 args=[0x1f5,0x27ff4c8,0x0,0x70101c430,0xfffffffffffe7f40,0x20,0xffffffffbfc007ff,0xfffff0003ffff800]
[trap] num=47 (0x2f) pc=0x1804b1f48 args=[0x1f5,0x27ff4c8,0x0,0x70101c430,0xfffffffffffe7f40,0x20,0xffffffffbfc007ff,0xfffff0003ffff800]
[trap] num=43 (0x2b) pc=0x1804af8b0 args=[0x14,0x27ff4c8,0x0,0x70101c430,0xfffffffffffe7f40,0x20,0xffffffffbfc007ff,0xfffff0003ffff800]
[trap] num=339 (0x153) pc=0x1804bc288 args=[0x0,0xa09df4978,0x120a8,0x0,0xa07d70000,0x0,0xa07fd6f04,0x0]
[trap] num=339 (0x153) pc=0x1804bc288 args=[0x1,0xa09df4a58,0x120a8,0x0,0xa07d70000,0x0,0xa07fd6f04,0x0]
[trap] num=339 (0x153) pc=0x1804bc288 args=[0x2,0xa09df4b38,0x120a8,0x0,0xa07d70000,0x0,0xa07fd6f04,0x0]
[trap] num=329 (0x149) pc=0x1804b54f4 args=[0x3,0x27ff528,0x0,0x0,0xa07d70000,0x0,0xa07fd6f04,0x0]
[trap] num=46 (0x2e) pc=0x1804b4478 args=[0x1,0x0,0x27ff4c0,0x0,0xa07d70000,0x0,0xa07fd6f04,0x0]
[trap] num=46 (0x2e) pc=0x1804b4478 args=[0x2,0x0,0x27ff4c0,0x0,0xa07d70000,0x0,0xa07fd6f04,0x0]
[trap] num=46 (0x2e) pc=0x1804b4478 args=[0x3,0x0,0x27ff4c0,0x0,0xa07d70000,0x0,0xa07fd6f04,0x0]
[trap] num=46 (0x2e) pc=0x1804b4478 args=[0x4,0x0,0x27ff4c0,0x0,0xa07d70000,0x0,0xa07fd6f04,0x0]
[trap] num=46 (0x2e) pc=0x1804b4478 args=[0x5,0x0,0x27ff4c0,0x0,0xa07d70000,0x0,0xa07fd6f04,0x0]
[trap] num=46 (0x2e) pc=0x1804b4478 args=[0x6,0x0,0x27ff4c0,0x0,0xa07d70000,0x0,0xa07fd6f04,0x0]
[trap] num=46 (0x2e) pc=0x1804b4478 args=[0x7,0x0,0x27ff4c0,0x0,0xa07d70000,0x0,0xa07fd6f04,0x0]
[trap] num=46 (0x2e) pc=0x1804b4478 args=[0x8,0x0,0x27ff4c0,0x0,0xa07d70000,0x0,0xa07fd6f04,0x0]
[trap] num=46 (0x2e) pc=0x1804b4478 args=[0xa,0x0,0x27ff4c0,0x0,0xa07d70000,0x0,0xa07fd6f04,0x0]
[trap] num=46 (0x2e) pc=0x1804b4478 args=[0xb,0x0,0x27ff4c0,0x0,0xa07d70000,0x0,0xa07fd6f04,0x0]
[trap] num=46 (0x2e) pc=0x1804b4478 args=[0xc,0x0,0x27ff4c0,0x0,0xa07d70000,0x0,0xa07fd6f04,0x0]
[trap] num=46 (0x2e) pc=0x1804b4478 args=[0xd,0x27ff498,0x0,0x0,0xa07d70000,0x0,0xa07fd6f04,0x0]
[trap] num=46 (0x2e) pc=0x1804b4478 args=[0xe,0x0,0x27ff4c0,0x0,0xa07d70000,0x0,0xa07fd6f04,0x0]
[trap] num=46 (0x2e) pc=0x1804b4478 args=[0xf,0x0,0x27ff4c0,0x0,0xa07d70000,0x0,0xa07fd6f04,0x0]
[trap] num=46 (0x2e) pc=0x1804b4478 args=[0x10,0x0,0x27ff4c0,0x0,0xa07d70000,0x0,0xa07fd6f04,0x0]
[trap] num=46 (0x2e) pc=0x1804b4478 args=[0x12,0x0,0x27ff4c0,0x0,0xa07d70000,0x0,0xa07fd6f04,0x0]
[trap] num=46 (0x2e) pc=0x1804b4478 args=[0x13,0x0,0x27ff4c0,0x0,0xa07d70000,0x0,0xa07fd6f04,0x0]
[trap] num=46 (0x2e) pc=0x1804b4478 args=[0x14,0x0,0x27ff4c0,0x0,0xa07d70000,0x0,0xa07fd6f04,0x0]
[trap] num=46 (0x2e) pc=0x1804b4478 args=[0x15,0x0,0x27ff4c0,0x0,0xa07d70000,0x0,0xa07fd6f04,0x0]
[trap] num=46 (0x2e) pc=0x1804b4478 args=[0x16,0x0,0x27ff4c0,0x0,0xa07d70000,0x0,0xa07fd6f04,0x0]
[trap] num=46 (0x2e) pc=0x1804b4478 args=[0x17,0x0,0x27ff4c0,0x0,0xa07d70000,0x0,0xa07fd6f04,0x0]
[trap] num=46 (0x2e) pc=0x1804b4478 args=[0x18,0x0,0x27ff4c0,0x0,0xa07d70000,0x0,0xa07fd6f04,0x0]
[trap] num=46 (0x2e) pc=0x1804b4478 args=[0x19,0x27ff498,0x0,0x0,0xa07d70000,0x0,0xa07fd6f04,0x0]
[trap] num=46 (0x2e) pc=0x1804b4478 args=[0x1a,0x0,0x27ff4c0,0x0,0xa07d70000,0x0,0xa07fd6f04,0x0]
[trap] num=46 (0x2e) pc=0x1804b4478 args=[0x1b,0x0,0x27ff4c0,0x0,0xa07d70000,0x0,0xa07fd6f04,0x0]
[trap] num=46 (0x2e) pc=0x1804b4478 args=[0x1c,0x0,0x27ff4c0,0x0,0xa07d70000,0x0,0xa07fd6f04,0x0]
[trap] num=46 (0x2e) pc=0x1804b4478 args=[0x1d,0x0,0x27ff4c0,0x0,0xa07d70000,0x0,0xa07fd6f04,0x0]
[trap] num=46 (0x2e) pc=0x1804b4478 args=[0x1e,0x0,0x27ff4c0,0x0,0xa07d70000,0x0,0xa07fd6f04,0x0]
[trap] num=46 (0x2e) pc=0x1804b4478 args=[0x1f,0x0,0x27ff4c0,0x0,0xa07d70000,0x0,0xa07fd6f04,0x0]
[trap] num=92 (0x5c) pc=0x1804ae8c4 args=[0x0,0x3,0x27ff4c0,0x0,0xa07d70000,0x0,0xa07fd6f04,0x0]
[trap] num=54 (0x36) pc=0x1804b2338 args=[0x0,0x4004667a,0x27ff34c,0x0,0xa07d70000,0x0,0xa07fd6f04,0x0]
[trap] num=339 (0x153) pc=0x1804bc288 args=[0x0,0x27ff3c8,0x27ff34c,0x0,0xa07d70000,0x0,0xa07fd6f04,0x0]
[trap] num=92 (0x5c) pc=0x1804ae8c4 args=[0x1,0x3,0x27ff4c0,0x0,0xa07d70000,0x0,0xa07fd6f04,0x0]
[trap] num=54 (0x36) pc=0x1804b2338 args=[0x1,0x4004667a,0x27ff34c,0x0,0xa07d70000,0x0,0xa07fd6f04,0x0]
[trap] num=54 (0x36) pc=0x1804b2338 args=[0x1,0x40487413,0x27ff350,0x0,0xa07d70000,0x0,0xa07fd6f04,0x0]
[trap] num=339 (0x153) pc=0x1804bc288 args=[0x1,0x27ff3c8,0x27ff350,0x0,0xa07d70000,0x0,0xa07fd6f04,0x0]
[trap] num=92 (0x5c) pc=0x1804ae8c4 args=[0x2,0x3,0x27ff4c0,0x0,0xa07d70000,0x0,0xa07fd6f04,0x0]
[trap] num=54 (0x36) pc=0x1804b2338 args=[0x2,0x4004667a,0x27ff34c,0x0,0xa07d70000,0x0,0xa07fd6f04,0x0]
[trap] num=54 (0x36) pc=0x1804b2338 args=[0x2,0x40487413,0x27ff350,0x0,0xa07d70000,0x0,0xa07fd6f04,0x0]
[trap] num=339 (0x153) pc=0x1804bc288 args=[0x2,0x27ff3c8,0x27ff350,0x0,0xa07d70000,0x0,0xa07fd6f04,0x0]
[trap] num=46 (0x2e) pc=0x1804b4478 args=[0x2,0x27ff4b8,0x0,0x0,0xa07d70000,0x0,0xa07fd6f04,0x0]
[trap] num=46 (0x2e) pc=0x1804b4478 args=[0xf,0x27ff4b8,0x0,0x0,0xa07d70000,0x0,0xa07fd6f04,0x0]
[trap] num=194 (0xc2) pc=0x1804b00c8 args=[0x1008,0x27ff528,0x0,0x0,0xa07d70000,0x0,0xa07fd6f04,0x0]
[trap] num=195 (0xc3) pc=0x1804b0a10 args=[0x1008,0x27ff528,0x0,0x0,0xa07d70000,0x0,0xa07fd6f04,0x0]
[trap] num=92 (0x5c) pc=0x1804ae8c4 args=[0x0,0x2,0x1,0x0,0xa07d70000,0x0,0xa07fd6f04,0x0]
[trap] num=92 (0x5c) pc=0x1804ae8c4 args=[0x1,0x2,0x1,0x0,0xa07d70000,0x0,0xa07fd6f04,0x0]
[trap] num=92 (0x5c) pc=0x1804ae8c4 args=[0x2,0x2,0x1,0x0,0xa07d70000,0x0,0xa07fd6f04,0x0]
[trap] num=92 (0x5c) pc=0x1804ae8c4 args=[0x3,0x2,0x1,0x0,0xa07d70000,0x0,0xa07fd6f04,0x0]
[trap] num=92 (0x5c) pc=0x1804ae8c4 args=[0x4,0x2,0x1,0x0,0xa07d70000,0x0,0xa07fd6f04,0x0]
[trap] num=92 (0x5c) pc=0x1804ae8c4 args=[0x5,0x2,0x1,0x0,0xa07d70000,0x0,0xa07fd6f04,0x0]
[trap] num=92 (0x5c) pc=0x1804ae8c4 args=[0x6,0x2,0x1,0x0,0xa07d70000,0x0,0xa07fd6f04,0x0]
[trap] num=92 (0x5c) pc=0x1804ae8c4 args=[0x7,0x2,0x1,0x0,0xa07d70000,0x0,0xa07fd6f04,0x0]
[trap] num=92 (0x5c) pc=0x1804ae8c4 args=[0x8,0x2,0x1,0x0,0xa07d70000,0x0,0xa07fd6f04,0x0]
[trap] num=92 (0x5c) pc=0x1804ae8c4 args=[0x9,0x2,0x1,0x0,0xa07d70000,0x0,0xa07fd6f04,0x0]
[trap] num=92 (0x5c) pc=0x1804ae8c4 args=[0xa,0x2,0x1,0x0,0xa07d70000,0x0,0xa07fd6f04,0x0]
[trap] num=92 (0x5c) pc=0x1804ae8c4 args=[0xb,0x2,0x1,0x0,0xa07d70000,0x0,0xa07fd6f04,0x0]
[trap] num=92 (0x5c) pc=0x1804ae8c4 args=[0xc,0x2,0x1,0x0,0xa07d70000,0x0,0xa07fd6f04,0x0]
[trap] num=92 (0x5c) pc=0x1804ae8c4 args=[0xd,0x2,0x1,0x0,0xa07d70000,0x0,0xa07fd6f04,0x0]
[trap] num=92 (0x5c) pc=0x1804ae8c4 args=[0xe,0x2,0x1,0x0,0xa07d70000,0x0,0xa07fd6f04,0x0]
[trap] num=92 (0x5c) pc=0x1804ae8c4 args=[0xf,0x2,0x1,0x0,0xa07d70000,0x0,0xa07fd6f04,0x0]
[trap] num=92 (0x5c) pc=0x1804ae8c4 args=[0x10,0x2,0x1,0x0,0xa07d70000,0x0,0xa07fd6f04,0x0]
[trap] num=24 (0x18) pc=0x1804af858 args=[0xa091ae51d,0x27ff628,0x0,0x729b0,0x27fefcf,0x27fefce,0xffffffffbfc007ff,0xfffff0003ffff800]
[trap] num=25 (0x19) pc=0x1804af050 args=[0x1f5,0x27ff628,0x0,0x729b0,0x27fefcf,0x27fefce,0xffffffffbfc007ff,0xfffff0003ffff800]
[trap] num=47 (0x2f) pc=0x1804b1f48 args=[0x1f5,0x27ff628,0x0,0x729b0,0x27fefcf,0x27fefce,0xffffffffbfc007ff,0xfffff0003ffff800]
[trap] num=43 (0x2b) pc=0x1804af8b0 args=[0x14,0x27ff628,0x0,0x729b0,0x27fefcf,0x27fefce,0xffffffffbfc007ff,0xfffff0003ffff800]
[trap] num=24 (0x18) pc=0x1804af858 args=[0xa091cac7c,0x27ff428,0x0,0x103,0x27fefcf,0x27fefce,0xffffffffbfc007ff,0xfffff0003ffff800]
[trap] num=25 (0x19) pc=0x1804af050 args=[0x1f5,0x27ff428,0x0,0x103,0x27fefcf,0x27fefce,0xffffffffbfc007ff,0xfffff0003ffff800]
[trap] num=47 (0x2f) pc=0x1804b1f48 args=[0x1f5,0x27ff428,0x0,0x103,0x27fefcf,0x27fefce,0xffffffffbfc007ff,0xfffff0003ffff800]
[trap] num=43 (0x2b) pc=0x1804af8b0 args=[0x14,0x27ff428,0x0,0x103,0x27fefcf,0x27fefce,0xffffffffbfc007ff,0xfffff0003ffff800]
[trap] num=24 (0x18) pc=0x1804af858 args=[0xa091cac95,0x27ff428,0x0,0x1804f8a0b,0x27fefcf,0x27fefce,0xffffffffbfc007ff,0xfffff0003ffff800]
[trap] num=25 (0x19) pc=0x1804af050 args=[0x1f5,0x27ff428,0x0,0x1804f8a0b,0x27fefcf,0x27fefce,0xffffffffbfc007ff,0xfffff0003ffff800]
[trap] num=47 (0x2f) pc=0x1804b1f48 args=[0x1f5,0x27ff428,0x0,0x1804f8a0b,0x27fefcf,0x27fefce,0xffffffffbfc007ff,0xfffff0003ffff800]
[trap] num=43 (0x2b) pc=0x1804af8b0 args=[0x14,0x27ff428,0x0,0x1804f8a0b,0x27fefcf,0x27fefce,0xffffffffbfc007ff,0xfffff0003ffff800]
[trap] num=24 (0x18) pc=0x1804af858 args=[0xa091cacac,0x27ff428,0x0,0x1804f8a0b,0x27fefcf,0x27fefce,0xffffffffbfc007ff,0xfffff0003ffff800]
[trap] num=25 (0x19) pc=0x1804af050 args=[0x1f5,0x27ff428,0x0,0x1804f8a0b,0x27fefcf,0x27fefce,0xffffffffbfc007ff,0xfffff0003ffff800]
[trap] num=47 (0x2f) pc=0x1804b1f48 args=[0x1f5,0x27ff428,0x0,0x1804f8a0b,0x27fefcf,0x27fefce,0xffffffffbfc007ff,0xfffff0003ffff800]
[trap] num=43 (0x2b) pc=0x1804af8b0 args=[0x14,0x27ff428,0x0,0x1804f8a0b,0x27fefcf,0x27fefce,0xffffffffbfc007ff,0xfffff0003ffff800]
[trap] num=24 (0x18) pc=0x1804af858 args=[0xa091cacc8,0x27ff428,0x0,0x1804f8a0b,0x27fefcf,0x27fefce,0xffffffffbfc007ff,0xfffff0003ffff800]
[trap] num=25 (0x19) pc=0x1804af050 args=[0x1f5,0x27ff428,0x0,0x1804f8a0b,0x27fefcf,0x27fefce,0xffffffffbfc007ff,0xfffff0003ffff800]
[trap] num=47 (0x2f) pc=0x1804b1f48 args=[0x1f5,0x27ff428,0x0,0x1804f8a0b,0x27fefcf,0x27fefce,0xffffffffbfc007ff,0xfffff0003ffff800]
[trap] num=43 (0x2b) pc=0x1804af8b0 args=[0x14,0x27ff428,0x0,0x1804f8a0b,0x27fefcf,0x27fefce,0xffffffffbfc007ff,0xfffff0003ffff800]
[trap] num=24 (0x18) pc=0x1804af858 args=[0xa091cacdb,0x27ff428,0x0,0x1804f8a0b,0x27fefcf,0x27fefce,0xffffffffbfc007ff,0xfffff0003ffff800]
[trap] num=25 (0x19) pc=0x1804af050 args=[0x1f5,0x27ff428,0x0,0x1804f8a0b,0x27fefcf,0x27fefce,0xffffffffbfc007ff,0xfffff0003ffff800]
[trap] num=47 (0x2f) pc=0x1804b1f48 args=[0x1f5,0x27ff428,0x0,0x1804f8a0b,0x27fefcf,0x27fefce,0xffffffffbfc007ff,0xfffff0003ffff800]
[trap] num=43 (0x2b) pc=0x1804af8b0 args=[0x14,0x27ff428,0x0,0x1804f8a0b,0x27fefcf,0x27fefce,0xffffffffbfc007ff,0xfffff0003ffff800]
[trap] num=24 (0x18) pc=0x1804af858 args=[0xa091ae62b,0x27ff600,0x0,0xfffffffffffffff0,0x70101c3d2,0xa091b3990,0xffffffffbfc007ff,0xfffff0003ffff800]
[M28 BANDSHRINK] syscall 24 band past ipa 0xa091ae62b len 65536 shrunk 64 -> 0 by an overlapping window of the same call
[trap] num=25 (0x19) pc=0x1804af050 args=[0x1f5,0x27ff600,0x0,0xfffffffffffffff0,0x70101c3d2,0xa091b3990,0xffffffffbfc007ff,0xfffff0003ffff800]
[trap] num=47 (0x2f) pc=0x1804b1f48 args=[0x1f5,0x27ff600,0x0,0xfffffffffffffff0,0x70101c3d2,0xa091b3990,0xffffffffbfc007ff,0xfffff0003ffff800]
[trap] num=43 (0x2b) pc=0x1804af8b0 args=[0x14,0x27ff600,0x0,0xfffffffffffffff0,0x70101c3d2,0xa091b3990,0xffffffffbfc007ff,0xfffff0003ffff800]
[trap] num=24 (0x18) pc=0x1804af858 args=[0xa091ae696,0x66810,0x0,0xfffff0007fc00000,0x72b00,0x27fef2e,0xffffffffbfc007ff,0xfffff0003ffff800]
[M28 BANDSHRINK] syscall 24 band past ipa 0x66810 len 65536 shrunk 64 -> 0 by an overlapping window of the same call
[trap] num=25 (0x19) pc=0x1804af050 args=[0x1f5,0x66810,0x0,0xfffff0007fc00000,0x72b00,0x27fef2e,0xffffffffbfc007ff,0xfffff0003ffff800]
[M28 BANDSHRINK] syscall 25 band past ipa 0x66810 len 65536 shrunk 64 -> 0 by an overlapping window of the same call
[trap] num=47 (0x2f) pc=0x1804b1f48 args=[0x1f5,0x66810,0x0,0xfffff0007fc00000,0x72b00,0x27fef2e,0xffffffffbfc007ff,0xfffff0003ffff800]
[M28 BANDSHRINK] syscall 47 band past ipa 0x66810 len 65536 shrunk 64 -> 0 by an overlapping window of the same call
[trap] num=43 (0x2b) pc=0x1804af8b0 args=[0x14,0x66810,0x0,0xfffff0007fc00000,0x72b00,0x27fef2e,0xffffffffbfc007ff,0xfffff0003ffff800]
[M28 BANDSHRINK] syscall 43 band past ipa 0x66810 len 65536 shrunk 64 -> 0 by an overlapping window of the same call
[trap] num=24 (0x18) pc=0x1804af858 args=[0xa091ae1a6,0x27ff628,0x0,0x0,0x73900,0x0,0x30,0x27ff4c4]
[trap] num=25 (0x19) pc=0x1804af050 args=[0x1f5,0x27ff628,0x0,0x0,0x73900,0x0,0x30,0x27ff4c4]
[trap] num=47 (0x2f) pc=0x1804b1f48 args=[0x1f5,0x27ff628,0x0,0x0,0x73900,0x0,0x30,0x27ff4c4]
[trap] num=43 (0x2b) pc=0x1804af8b0 args=[0x14,0x27ff628,0x0,0x0,0x73900,0x0,0x30,0x27ff4c4]
[trap] num=-15 (0xfffffffffffffff1) pc=0x1804adacc args=[0x203,0x27ff038,0x400000,0x0,0x2004000,0x3,0x0,0x0]
[trap] num=24 (0x18) pc=0x1804af858 args=[0xa0d6c4457,0x2,0x27ff2d8,0x6c430,0xb1010000b183,0xb000,0xb1010000b1c0,0xb100]
[trap] num=25 (0x19) pc=0x1804af050 args=[0x1f5,0x2,0x27ff2d8,0x6c430,0xb1010000b183,0xb000,0xb1010000b1c0,0xb100]
[trap] num=47 (0x2f) pc=0x1804b1f48 args=[0x1f5,0x2,0x27ff2d8,0x6c430,0xb1010000b183,0xb000,0xb1010000b1c0,0xb100]
[trap] num=43 (0x2b) pc=0x1804af8b0 args=[0x14,0x2,0x27ff2d8,0x6c430,0xb1010000b183,0xb000,0xb1010000b1c0,0xb100]
[trap] num=194 (0xc2) pc=0x1804b00c8 args=[0x1008,0x27ff218,0x1804edb6c,0xa0d42cfa0,0x70100ff00,0x0,0xffffffffbfc007ff,0xfffff0003ffff800]
[trap] num=398 (0x18e) pc=0x1804ae948 args=[0x70100fe70,0x0,0x0,0xa0d42cfa0,0x70100ff00,0x0,0xffffffffbfc007ff,0xfffff0003ffff800]
[M28 BANDSHRINK] syscall 398 band past ipa 0x70100fe70 len 65536 shrunk 64 -> 0 by an overlapping window of the same call
[trap] num=339 (0x153) pc=0x1804bc288 args=[0x4,0x27ff060,0x27ff124,0x763d0,0x76280,0x0,0xffffffffbfc007ff,0xfffff0003ffff800]
[M28 BANDSHRINK] syscall 339 band past ipa 0x76280 len 65536 shrunk 64 -> 0 by an overlapping window of the same call
[trap] num=396 (0x18c) pc=0x1804afcac args=[0x4,0x700c1a000,0x1000,0xa14b431a0,0x700c1a000,0x0,0xffffffffbfc007ff,0xfffff0003ffff800]
[trap] num=396 (0x18c) pc=0x1804afcac args=[0x4,0x700c1a000,0x1000,0x76228,0x700ba4d8f,0x10,0x657473696c206568,0xfffff0003ffff800]
[trap] num=396 (0x18c) pc=0x1804afcac args=[0x4,0x700c1a000,0x1000,0x7621c,0x700ba4d4c,0x10,0x6e,0xfffff0003ffff800]
[trap] num=396 (0x18c) pc=0x1804afcac args=[0x4,0x700c1a000,0x1000,0x76213,0x70104f120,0x0,0x64,0xfffff0003ffff800]
[trap] num=396 (0x18c) pc=0x1804afcac args=[0x4,0x700c1a000,0x1000,0xa14b41e20,0x70104f160,0x0,0xffffffffbfc007ff,0xfffff0003ffff800]
[trap] num=399 (0x18f) pc=0x1804af584 args=[0x4,0x0,0x1804edb6c,0xfffff0007fc00000,0x76280,0x0,0xffffffffbfc007ff,0xfffff0003ffff800]
[trap] num=116 (0x74) pc=0x1804b1b60 args=[0x27feda0,0x0,0x0,0xfffffc088,0x701069800,0x0,0xffffffffbfc007ff,0xfffff0003ffff800]
[trap] num=116 (0x74) pc=0x1804b1b60 args=[0x27ff100,0x0,0x0,0xfffffc088,0x0,0x0,0x1,0x0]
[trap] num=116 (0x74) pc=0x1804b1b60 args=[0x27feff0,0x0,0x0,0xfffffc088,0x0,0x27ff088,0x8,0xfffff0003ffff800]
[trap] num=116 (0x74) pc=0x1804b1b60 args=[0x27ff0f0,0x0,0x0,0xfffffc088,0x0,0x0,0x1,0x0]
[trap] num=202 (0xca) pc=0x1804af460 args=[0x27ff190,0x2,0x1ec7027b0,0x27ff188,0x0,0x0,0x0,0xfffff0003ffff800]
[trap] num=197 (0xc5) pc=0x1804aea18 args=[0x0,0x40000,0x3,0x41002,0xffffffff,0x0,0x0,0xfffff0003ffff800]
[trap] num=197 (0xc5) pc=0x1804aea18 args=[0x0,0x40000,0x3,0x41002,0xffffffff,0x0,0xffffffffbfc007ff,0xfffff0003ffff800]
[trap] num=197 (0xc5) pc=0x1804aea18 args=[0x0,0x140000,0x3,0x41002,0xffffffff,0x0,0xffffffffbfc007ff,0xfffff0003ffff800]
[trap] num=24 (0x18) pc=0x1804af858 args=[0xa091ae2c2,0x27ff528,0x0,0xa14edc054,0xa14ddc100,0x0,0xffffffffbfc007ff,0xfffff0003ffff800]
[trap] num=25 (0x19) pc=0x1804af050 args=[0x1f5,0x27ff528,0x0,0xa14edc054,0xa14ddc100,0x0,0xffffffffbfc007ff,0xfffff0003ffff800]
[trap] num=47 (0x2f) pc=0x1804b1f48 args=[0x1f5,0x27ff528,0x0,0xa14edc054,0xa14ddc100,0x0,0xffffffffbfc007ff,0xfffff0003ffff800]
[trap] num=43 (0x2b) pc=0x1804af8b0 args=[0x14,0x27ff528,0x0,0xa14edc054,0xa14ddc100,0x0,0xffffffffbfc007ff,0xfffff0003ffff800]
[trap] num=336 (0x150) pc=0x1804af110 args=[0x5,0x1125c,0x2,0x0,0x27ff4a8,0xf,0x64,0xfffff0003ffff800]
[trap] num=362 (0x16a) pc=0x1804b3f98 args=[0x78398,0x27ff410,0x1804edb6c,0x1,0x0,0x0,0xffffffffbfc007ff,0xfffff0003ffff800]
[trap] num=92 (0x5c) pc=0x1804ae8c4 args=[0x4,0x2,0x1,0x1,0x0,0x0,0xffffffffbfc007ff,0xfffff0003ffff800]
[trap] num=42 (0x2a) pc=0x1804b43ec args=[0x27ff360,0x0,0x0,0x103,0x0,0x0,0xffffffffbfc007ff,0xfffff0003ffff800]
[trap] num=92 (0x5c) pc=0x1804ae8c4 args=[0x5,0x2,0x1,0x103,0x0,0x0,0xffffffffbfc007ff,0xfffff0003ffff800]
[trap] num=92 (0x5c) pc=0x1804ae8c4 args=[0x6,0x2,0x1,0x103,0x0,0x0,0xffffffffbfc007ff,0xfffff0003ffff800]
[trap] num=4 (0x4) pc=0x1804b1834 args=[0x6,0x27ff37f,0x1,0x103,0x0,0x0,0xffffffffbfc007ff,0xfffff0003ffff800]
[trap] num=362 (0x16a) pc=0x1804b3f98 args=[0x27ff390,0x27ff390,0x1804edb6c,0x103,0x0,0x0,0xffffffffbfc007ff,0xfffff0003ffff800]
[trap] num=363 (0x16b) pc=0x1804b3fc4 args=[0x7,0x27ff2a8,0x2,0x27ff2a8,0x1,0x27ff298,0xffffffffbfc007ff,0xfffff0003ffff800]
[probe] kevent#1 tid=0 kq=7 change ident=0x1e7e7711 filter=-10 flags=0x21 fflags=0x0 data=0x0 udata=0x0 nev=1 timeout=Some((0, 0))
[probe] kevent#1 tid=0 kq=7 change ident=0x1e7e7711 filter=-10 flags=0x0 fflags=0x1000000 data=0x0 udata=0x0 nev=1 timeout=Some((0, 0))
[probe] kevent deliver kq=7 n=1
[probe] kevent#1 call tid=0 kq=7 nch=2 nev=1 timeout=Some((0, 0)) -> immediate n=1
[trap] num=399 (0x18f) pc=0x1804af584 args=[0x7,0x27ff2a8,0x2,0x27ff2a8,0x1,0x27ff298,0xffffffffbfc007ff,0xfffff0003ffff800]
[trap] num=5 (0x5) pc=0x1804ae694 args=[0xa0bd18705,0x1000000,0x0,0x27ff2a8,0x1,0x27ff298,0xffffffffbfc007ff,0xfffff0003ffff800]
[trap] num=363 (0x16b) pc=0x1804b3fc4 args=[0x4,0x27ff3e0,0x1,0x0,0x0,0x0,0xffffffffbfc007ff,0xfffff0003ffff800]
[probe] kevent#2 tid=0 kq=4 change ident=0x7 filter=-10 flags=0x21 fflags=0x0 data=0x0 udata=0x0 nev=0 timeout=None
[probe] kevent#2 call tid=0 kq=4 nch=1 nev=0 timeout=None -> immediate n=0
[trap] num=-47 (0xffffffffffffffd1) pc=0x1804adc34 args=[0x27ff2f0,0x200000003,0x2800001513,0x140300000203,0xd5a00000000,0x140300000000,0x30,0x0]
[mach_msg2] msgh_id=3418 dest=0x203 reply=0x1403 options=0x200000003 bits=0x1513 send_size=40 rcv_size=48
  send+000: 13 15 00 00 28 00 00 00 03 02 00 00 03 14 00 00
  send+010: 00 00 00 00 5a 0d 00 00 00 00 00 00 01 00 00 00
  send+020: 00 00 00 00 00 00 00 00
[retrace] forwarding mach_msg2 semaphore_create (msgh_id 3418) to host (decided allowlist)
[mach_msg2] host ret=0x0 err=false
  reply@0x27ff2f0+000: 00 12 00 80 28 00 00 00 00 00 00 00 03 14 00 00
  reply@0x27ff2f0+010: 00 00 00 00 be 0d 00 00 01 00 00 00 03 29 00 00
  reply@0x27ff2f0+020: 00 00 00 00 00 00 11 00 00 00 00 00 08 00 00 00
  reply@0x27ff2f0+030: 88 f3 7f 02 00 00 00 00 10 8b 07 00 00 00 00 00
  reply@0x27ff2f0+040: 40 f3 7f 02 00 00 00 00 0c 22 d1 0b 0a 00 00 00
  reply@0x27ff2f0+050: 70 f3 7f 02 00 00 00 00 b8 59 05 08 0a 00 00 00
  reply@0x27ff2f0+060: 10 8b 07 00 00 00 00 00 20 20 07 01 07 00 00 00
  reply@0x27ff2f0+070: 04 00 00 00 00 00 00 00 58 1f 07 01 07 00 00 00
  reply@0x27ff2f0+080: 60 f4 7f 02 00 00 00 00 58 57 05 08 0a 00 00 00
  reply@0x27ff2f0+090: e0 6e 01 01 07 00 00 00 90 72 06 00 00 00 00 00
  reply@0x27ff2f0+0a0: 10 86 07 00 04 00 00 00 44 4e 4f 43 00 00 00 00
  reply@0x27ff2f0+0b0: 00 00 00 00 00 00 00 80 00 00 00 00 00 00 00 00
  reply@0x27ff2f0+0c0: 00 00 00 00 01 00 00 00 00 00 00 00 0a 00 00 00
  reply@0x27ff2f0+0d0: c0 f5 7f 02 00 00 00 00 5a 54 55 4d 00 00 00 00
  reply@0x27ff2f0+0e0: 00 00 00 00 a0 20 00 00 00 00 00 00 5a 54 55 4d
  reply@0x27ff2f0+0f0: 00 00 00 00 00 00 00 00 02 00 00 00 00 00 00 00
[trap] num=194 (0xc2) pc=0x1804b00c8 args=[0x1003,0x27ff280,0xa08057bec,0x78b10,0xd5a00000000,0x140300000000,0x30,0x0]
[trap] num=-15 (0xfffffffffffffff1) pc=0x1804adacc args=[0x203,0x27ff248,0x4c000,0x3fff,0x1e000001,0x3,0x0,0x0]
[trap] num=-14 (0xfffffffffffffff2) pc=0x1804adac0 args=[0x203,0x30000000,0x4000,0x0,0x0,0x3,0x0,0x0]
[trap] num=360 (0x168) pc=0x1804b1ad8 args=[0xa08057bec,0x78b10,0x30047000,0x30047000,0x90008ff,0x3,0x0,0x0]
[trap] num=-36 (0xffffffffffffffdc) pc=0x1804adbb0 args=[0x2903,0x0,0x30047000,0x30047000,0x90008ff,0x3,0x0,0x0]
[trap] num=372 (0x174) pc=0x1804afacc args=[0x30047000,0x0,0x0,0x0,0x0,0x190008ff,0x0,0x0]
[trap] num=336 (0x150) pc=0x1804af110 args=[0x5,0x1125c,0x2,0x0,0x30046f58,0x1a,0x72,0x0]
[trap] num=362 (0x16a) pc=0x1804b3f98 args=[0x78be8,0x30046ed0,0x1804edb6c,0xfffffc088,0x0,0x0,0x0,0x0]
[trap] num=92 (0x5c) pc=0x1804ae8c4 args=[0x8,0x2,0x1,0xfffffc088,0x0,0x0,0x0,0x0]
[trap] num=5 (0x5) pc=0x1804ae694 args=[0xa0bd18705,0x1000000,0x0,0xfffffc088,0x0,0x0,0x0,0x0]
[trap] num=363 (0x16b) pc=0x1804b3fc4 args=[0x8,0x30046ea0,0x1,0x0,0x0,0x0,0x0,0x0]
[probe] kevent#3 tid=1 kq=8 change ident=0x9 filter=-10 flags=0x21 fflags=0x0 data=0x0 udata=0x0 nev=0 timeout=None
[probe] kevent#3 call tid=1 kq=8 nch=1 nev=0 timeout=None -> immediate n=0
[trap] num=-33 (0xffffffffffffffdf) pc=0x1804adb8c args=[0x2903,0x79018,0xa08057d7c,0x79220,0x79240,0x0,0x0,0x0]
[trap] num=363 (0x16b) pc=0x1804b3fc4 args=[0x8,0x3003ee90,0x0,0x3003ee90,0x400,0x0,0x0,0x0]
[probe] kevent#4 call tid=1 kq=8 nch=0 nev=1024 timeout=None -> immediate n=0
[probe] kevent#4 BLOCK tid=1 kq=8 timeout=None deadline=None now=0x71e4de4210a
[trap] num=-47 (0xffffffffffffffd1) pc=0x1804adc34 args=[0x27ff320,0x200000003,0x2880001513,0x140300000203,0xd5b00000000,0x140300000001,0x2c,0x0]
[mach_msg2] msgh_id=3419 dest=0x203 reply=0x1403 options=0x200000003 bits=0x80001513 send_size=40 rcv_size=44
  send+000: 13 15 00 80 28 00 00 00 03 02 00 00 03 14 00 00
  send+010: 00 00 00 00 5b 0d 00 00 01 00 00 00 03 29 00 00
  send+020: 00 00 00 00 00 00 11 00
[retrace] forwarding mach_msg2 semaphore_destroy (msgh_id 3419) to host (decided allowlist)
[mach_msg2] host ret=0x0 err=false
  reply@0x27ff320+000: 00 12 00 00 24 00 00 00 00 00 00 00 03 14 00 00
  reply@0x27ff320+010: 00 00 00 00 bf 0d 00 00 00 00 00 00 01 00 00 00
  reply@0x27ff320+020: 00 00 00 00 00 00 00 00 08 00 00 00 0a 00 00 00
  reply@0x27ff320+030: 04 00 00 00 00 00 00 00 58 1f 07 01 07 00 00 00
  reply@0x27ff320+040: 70 f3 7f 02 00 00 00 00 58 22 d1 0b 0a 00 00 00
  reply@0x27ff320+050: 60 f4 7f 02 00 00 00 00 58 57 05 08 0a 00 00 00
  reply@0x27ff320+060: e0 6e 01 01 07 00 00 00 90 72 06 00 00 00 00 00
  reply@0x27ff320+070: 10 86 07 00 04 00 00 00 44 4e 4f 43 00 00 00 00
  reply@0x27ff320+080: 00 00 00 00 00 00 00 80 00 00 00 00 00 00 00 00
  reply@0x27ff320+090: 00 00 00 00 01 00 00 00 00 00 00 00 0a 00 00 00
  reply@0x27ff320+0a0: c0 f5 7f 02 00 00 00 00 5a 54 55 4d 00 00 00 00
  reply@0x27ff320+0b0: 00 00 00 00 a0 20 00 00 00 00 00 00 5a 54 55 4d
  reply@0x27ff320+0c0: 00 00 00 00 00 00 00 00 02 00 00 00 00 00 00 00
  reply@0x27ff320+0d0: ff ff ff ff ff ff ff ff 37 0c 80 fd ff ff ff ff
  reply@0x27ff320+0e0: 5a 54 55 4d 5a 54 55 4d 00 0f 0e 0d 0c 0b 0a 00
  reply@0x27ff320+0f0: 18 0e c4 00 07 00 00 00 50 f7 7f 02 00 00 00 00
[trap] num=194 (0xc2) pc=0x1804b00c8 args=[0x1003,0x27ff2b0,0xa080559f0,0x76cd0,0x0,0x0,0xffffffffbfc007ff,0xfffff0003ffff800]
[trap] num=-15 (0xfffffffffffffff1) pc=0x1804adacc args=[0x203,0x27ff278,0x4c000,0x3fff,0x1e000001,0x3,0x0,0x0]
[trap] num=-14 (0xfffffffffffffff2) pc=0x1804adac0 args=[0x203,0x3004c000,0x4000,0x0,0x0,0x3,0x0,0x0]
[trap] num=360 (0x168) pc=0x1804b1ad8 args=[0xa080559f0,0x76cd0,0x30093000,0x30093000,0x90008ff,0x3,0x0,0x0]
[trap] num=194 (0xc2) pc=0x1804b00c8 args=[0x1003,0x27ff2b0,0xa080559f0,0x79270,0x0,0x0,0x67290,0xfffff0003ffff800]
[trap] num=-15 (0xfffffffffffffff1) pc=0x1804adacc args=[0x203,0x27ff278,0x4c000,0x3fff,0x1e000001,0x3,0x0,0x0]
[trap] num=-14 (0xfffffffffffffff2) pc=0x1804adac0 args=[0x203,0x30098000,0x4000,0x0,0x0,0x3,0x0,0x0]
[trap] num=360 (0x168) pc=0x1804b1ad8 args=[0xa080559f0,0x79270,0x300df000,0x300df000,0x90008ff,0x3,0x0,0x0]
[trap] num=194 (0xc2) pc=0x1804b00c8 args=[0x1003,0x27ff2b0,0xa080559f0,0x792a0,0x0,0x0,0x76d00,0xfffff0003ffff800]
[trap] num=-15 (0xfffffffffffffff1) pc=0x1804adacc args=[0x203,0x27ff278,0x4c000,0x3fff,0x1e000001,0x3,0x0,0x0]
[trap] num=-14 (0xfffffffffffffff2) pc=0x1804adac0 args=[0x203,0x300e4000,0x4000,0x0,0x0,0x3,0x0,0x0]
[trap] num=360 (0x168) pc=0x1804b1ad8 args=[0xa080559f0,0x792a0,0x3012b000,0x3012b000,0x90008ff,0x3,0x0,0x0]
[trap] num=194 (0xc2) pc=0x1804b00c8 args=[0x1003,0x27ff2b0,0xa080559f0,0x792d0,0x0,0x3,0x0,0x0]
[trap] num=-15 (0xfffffffffffffff1) pc=0x1804adacc args=[0x203,0x27ff278,0x4c000,0x3fff,0x1e000001,0x3,0x0,0x0]
[trap] num=-14 (0xfffffffffffffff2) pc=0x1804adac0 args=[0x203,0x30130000,0x4000,0x0,0x0,0x3,0x0,0x0]
[trap] num=360 (0x168) pc=0x1804b1ad8 args=[0xa080559f0,0x792d0,0x30177000,0x30177000,0x90008ff,0x3,0x0,0x0]
[trap] num=305 (0x131) pc=0x1804b150c args=[0x27ff398,0x100000100,0x0,0x0,0x0,0xa0,0x0,0x0]
[probe] psynch#1 cvwait tid=0 cv=0x27ff398 lsgen=0x100000100 ugen=0x0 mutex=0x0 mugen=0x0 flags=0xa0 sec=0 nsec=0
[trap] num=372 (0x174) pc=0x1804afacc args=[0x30093000,0x0,0x0,0x0,0x0,0x190008ff,0x0,0x0]
[trap] num=336 (0x150) pc=0x1804af110 args=[0x5,0x1125c,0x2,0x0,0x30092ec8,0xd,0x72,0x0]
[trap] num=304 (0x130) pc=0x1804b2a64 args=[0x27ff398,0x100,0x0,0x0,0x0,0x0,0x0,0x0]
[probe] psynch#2 cvsignal tid=2 cv=0x27ff398 lsgen=0x100 ugen=0x0 port=0x0 mutex=0x0 mugen=0x0 thr=0x0 flags=0x0
[trap] num=305 (0x131) pc=0x1804b150c args=[0x701071f98,0x100000100,0x0,0x0,0x0,0xa0,0x0,0x0]
[probe] psynch#3 cvwait tid=2 cv=0x701071f98 lsgen=0x100000100 ugen=0x0 mutex=0x0 mugen=0x0 flags=0xa0 sec=0 nsec=0
[trap] num=305 (0x131) pc=0x1804b150c args=[0x27ff398,0x10000000200,0x100,0x0,0x0,0xa0,0x0,0x0]
[probe] psynch#4 cvwait tid=0 cv=0x27ff398 lsgen=0x10000000200 ugen=0x100 mutex=0x0 mugen=0x0 flags=0xa0 sec=0 nsec=0
[trap] num=372 (0x174) pc=0x1804afacc args=[0x300df000,0x0,0x0,0x0,0x0,0x190008ff,0x0,0x0]
[trap] num=336 (0x150) pc=0x1804af110 args=[0x5,0x1125c,0x2,0x0,0x300deec8,0xd,0x72,0x0]
[trap] num=304 (0x130) pc=0x1804b2a64 args=[0x27ff398,0x10000000200,0x100,0x0,0x0,0x0,0x0,0x0]
[probe] psynch#5 cvsignal tid=3 cv=0x27ff398 lsgen=0x10000000200 ugen=0x100 port=0x0 mutex=0x0 mugen=0x0 thr=0x0 flags=0x0
[trap] num=305 (0x131) pc=0x1804b150c args=[0x701071f98,0x200,0x0,0x0,0x0,0xa0,0x0,0x0]
[probe] psynch#6 cvwait tid=3 cv=0x701071f98 lsgen=0x200 ugen=0x0 mutex=0x0 mugen=0x0 flags=0xa0 sec=0 nsec=0
[trap] num=305 (0x131) pc=0x1804b150c args=[0x27ff398,0x20000000300,0x200,0x0,0x0,0xa0,0x0,0x0]
[probe] psynch#7 cvwait tid=0 cv=0x27ff398 lsgen=0x20000000300 ugen=0x200 mutex=0x0 mugen=0x0 flags=0xa0 sec=0 nsec=0
[trap] num=372 (0x174) pc=0x1804afacc args=[0x3012b000,0x0,0x0,0x0,0x0,0x190008ff,0x0,0x0]
[trap] num=336 (0x150) pc=0x1804af110 args=[0x5,0x1125c,0x2,0x0,0x3012aec8,0xd,0x72,0x0]
[trap] num=304 (0x130) pc=0x1804b2a64 args=[0x27ff398,0x20000000300,0x200,0x0,0x0,0x0,0x0,0x0]
[probe] psynch#8 cvsignal tid=4 cv=0x27ff398 lsgen=0x20000000300 ugen=0x200 port=0x0 mutex=0x0 mugen=0x0 thr=0x0 flags=0x0
[trap] num=305 (0x131) pc=0x1804b150c args=[0x701071f98,0x300,0x0,0x0,0x0,0xa0,0x0,0x0]
[probe] psynch#9 cvwait tid=4 cv=0x701071f98 lsgen=0x300 ugen=0x0 mutex=0x0 mugen=0x0 flags=0xa0 sec=0 nsec=0
[trap] num=305 (0x131) pc=0x1804b150c args=[0x27ff398,0x30000000400,0x300,0x0,0x0,0xa0,0x0,0x0]
[probe] psynch#10 cvwait tid=0 cv=0x27ff398 lsgen=0x30000000400 ugen=0x300 mutex=0x0 mugen=0x0 flags=0xa0 sec=0 nsec=0
[trap] num=372 (0x174) pc=0x1804afacc args=[0x30177000,0x0,0x0,0x0,0x0,0x190008ff,0x0,0x0]
[trap] num=336 (0x150) pc=0x1804af110 args=[0x5,0x1125c,0x2,0x0,0x30176ec8,0xd,0x72,0x0]
[trap] num=304 (0x130) pc=0x1804b2a64 args=[0x27ff398,0x30000000400,0x300,0x0,0x0,0x0,0x0,0x0]
[probe] psynch#11 cvsignal tid=5 cv=0x27ff398 lsgen=0x30000000400 ugen=0x300 port=0x0 mutex=0x0 mugen=0x0 thr=0x0 flags=0x0
[trap] num=305 (0x131) pc=0x1804b150c args=[0x701071f98,0x400,0x0,0x0,0x0,0xa0,0x0,0x0]
[probe] psynch#12 cvwait tid=5 cv=0x701071f98 lsgen=0x400 ugen=0x0 mutex=0x0 mugen=0x0 flags=0xa0 sec=0 nsec=0
[trap] num=305 (0x131) pc=0x1804b150c args=[0x27ff398,0x40000000500,0x400,0x0,0x0,0xa0,0x0,0x1]
[probe] psynch#13 cvwait tid=0 cv=0x27ff398 lsgen=0x40000000500 ugen=0x400 mutex=0x0 mugen=0x0 flags=0xa0 sec=0 nsec=1
[probe] cvwait timeout tid=0 cv=0x27ff398
[trap] num=197 (0xc5) pc=0x1804aea18 args=[0x0,0x80000,0x0,0x41042,0xff000000,0x0,0xffffffffbfc007ff,0xfffff0003ffff800]
[trap] num=74 (0x4a) pc=0x1804b1b04 args=[0xa14f1c000,0x4000,0x3,0x2,0xff000000,0x0,0xffffffffbfc007ff,0xfffff0003ffff800]
[trap] num=75 (0x4b) pc=0x1804b09b0 args=[0xa14f1c000,0x4000,0x8,0x2,0xff000000,0x0,0xffffffffbfc007ff,0xfffff0003ffff800]
[trap] num=197 (0xc5) pc=0x1804aea18 args=[0x0,0x10000000,0x0,0x41042,0xff000000,0x0,0xffffffffbfc007ff,0xfffff0003ffff800]
[trap] num=116 (0x74) pc=0x1804b1b60 args=[0x27feef0,0x0,0x0,0xfffffc088,0x0,0x0,0x0,0x500]
[trap] num=116 (0x74) pc=0x1804b1b60 args=[0x27feda0,0x0,0x0,0xfffffc088,0x0,0x27fee38,0x8,0xfffff0003ffff800]
[trap] num=116 (0x74) pc=0x1804b1b60 args=[0x27feea0,0x0,0x0,0xfffffc088,0x0,0x0,0x1,0x0]
[trap] num=74 (0x4a) pc=0x1804b1b04 args=[0xa14f9c000,0x10000,0x1,0x1,0x0,0x0,0xffffffffbfc007ff,0xfffff0003ffff800]
[trap] num=75 (0x4b) pc=0x1804b09b0 args=[0xa14f9c000,0x10000,0x8,0x1,0x0,0x0,0xffffffffbfc007ff,0xfffff0003ffff800]
[trap] num=74 (0x4a) pc=0x1804b1b04 args=[0xa14fac000,0x4000,0x3,0x2,0x0,0x0,0xffffffffbfc007ff,0xfffff0003ffff800]
[trap] num=75 (0x4b) pc=0x1804b09b0 args=[0xa14fac000,0x4000,0x8,0x2,0x0,0x0,0xffffffffbfc007ff,0xfffff0003ffff800]
[trap] num=74 (0x4a) pc=0x1804b1b04 args=[0xa14fb0000,0x4000,0x3,0x2,0x0,0x0,0xffffffffbfc007ff,0xfffff0003ffff800]
[trap] num=75 (0x4b) pc=0x1804b09b0 args=[0xa14fb0000,0x4000,0x8,0x2,0x0,0x0,0xffffffffbfc007ff,0xfffff0003ffff800]
[trap] num=74 (0x4a) pc=0x1804b1b04 args=[0xa14fb4000,0x4000,0x3,0x2,0x0,0x0,0xffffffffbfc007ff,0xfffff0003ffff800]
[trap] num=75 (0x4b) pc=0x1804b09b0 args=[0xa14fb4000,0x4000,0x8,0x2,0x0,0x0,0xffffffffbfc007ff,0xfffff0003ffff800]
[trap] num=74 (0x4a) pc=0x1804b1b04 args=[0xa14fb8000,0x4000,0x3,0x2,0x0,0x0,0xffffffffbfc007ff,0xfffff0003ffff800]
[trap] num=75 (0x4b) pc=0x1804b09b0 args=[0xa14fb8000,0x4000,0x8,0x2,0x0,0x0,0xffffffffbfc007ff,0xfffff0003ffff800]
[trap] num=116 (0x74) pc=0x1804b1b60 args=[0x27fef60,0x0,0x0,0xfffffc088,0x0,0x0,0x0,0x700]
[trap] num=197 (0xc5) pc=0x1804aea18 args=[0x0,0x8000000,0x0,0x41042,0xff000000,0x0,0x27ff0f8,0x27ff0ff]
[trap] num=116 (0x74) pc=0x1804b1b60 args=[0x27fef40,0x0,0x0,0xfffffc088,0x0,0x0,0x0,0x900]
[trap] num=46 (0x2e) pc=0x1804b4478 args=[0xb,0x27ff4d8,0x0,0xa14b41d60,0x700c15480,0x0,0xffffffffbfc007ff,0xfffff0003ffff800]
[trap] num=46 (0x2e) pc=0x1804b4478 args=[0xa,0x27ff4d8,0x0,0xa14b41d60,0x700c15480,0x0,0xffffffffbfc007ff,0xfffff0003ffff800]
[trap] num=362 (0x16a) pc=0x1804b3f98 args=[0xa0bd20298,0x27ff620,0x1804edb6c,0x1,0x0,0x0,0xffffffffbfc007ff,0xfffff0003ffff800]
[trap] num=92 (0x5c) pc=0x1804ae8c4 args=[0xa,0x2,0x1,0x1,0x0,0x0,0xffffffffbfc007ff,0xfffff0003ffff800]
[trap] num=5 (0x5) pc=0x1804ae694 args=[0xa0bd18705,0x1000000,0x0,0x1,0x0,0x0,0xffffffffbfc007ff,0xfffff0003ffff800]
[trap] num=363 (0x16b) pc=0x1804b3fc4 args=[0xa,0x27ff5f0,0x1,0x0,0x0,0x0,0xffffffffbfc007ff,0xfffff0003ffff800]
[probe] kevent#5 tid=0 kq=10 change ident=0xb filter=-10 flags=0x21 fflags=0x0 data=0x0 udata=0x0 nev=0 timeout=None
[probe] kevent#5 call tid=0 kq=10 nch=1 nev=0 timeout=None -> immediate n=0
[trap] num=194 (0xc2) pc=0x1804b00c8 args=[0x1005,0x27ff550,0x60,0xfffff0007fc00000,0x70105e580,0x0,0x7da40,0xfffff0003ffff800]
[trap] num=194 (0xc2) pc=0x1804b00c8 args=[0x1002,0x27ff550,0x60,0xfffff0007fc00000,0x70105e580,0x0,0x7da40,0xfffff0003ffff800]
[trap] num=202 (0xca) pc=0x1804af460 args=[0x27ff560,0x2,0x27ff558,0x27ff550,0x0,0x0,0x7da40,0xfffff0003ffff800]
[trap] num=197 (0xc5) pc=0x1804aea18 args=[0xa08470000,0x10000000,0x0,0x41842,0xff000000,0x0,0x5,0xfffff0003ffff800]
[probe] MAP_JIT mmap ipa=0xa2cf9c000 len=0x10000000 prot=0x0 flags=0x41842
[probe] view flip #1 -> RX (tid 0)
[trap] num=74 (0x4a) pc=0x1804b1b04 args=[0xa2cfc0000,0xffc0000,0x7,0x3,0x0,0x0,0xffffffffbfc007ff,0xfffff0003ffff800]
[probe] mprotect over MAP_JIT ipa=0xa2cfc0000 len=0xffc0000 prot=0x7
[probe] view flip #2 -> RX (tid 0)
[trap] num=75 (0x4b) pc=0x1804b09b0 args=[0xa2cfc0000,0xffc0000,0x8,0x3,0x0,0x0,0xffffffffbfc007ff,0xfffff0003ffff800]
[trap] num=75 (0x4b) pc=0x1804b09b0 args=[0xa2cfc0000,0xffc0000,0x7,0x3,0x0,0x0,0xffffffffbfc007ff,0xfffff0003ffff800]
[trap] num=197 (0xc5) pc=0x1804aea18 args=[0x20e88a640000,0x7c000,0x3,0x41002,0xff000000,0x0,0x2,0x27fe8b8]
[trap] num=73 (0x49) pc=0x1804b1728 args=[0xa3cf9c000,0x24000,0x3,0x41002,0xff000000,0x0,0x2,0x27fe8b8]
[probe] partial munmap 0xa3cf9c000+0x24000 of backing 0xa3cf9c000..0xa3d018000
[trap] num=73 (0x49) pc=0x1804b1728 args=[0xa3d000000,0x18000,0x3,0x41002,0xff000000,0x0,0x2,0x27fe8b8]
[probe] partial munmap 0xa3d000000+0x18000 of backing 0xa3cfc0000..0xa3d018000
[trap] num=197 (0xc5) pc=0x1804aea18 args=[0x1d4e81c00000,0x7c000,0x3,0x41002,0xff000000,0x0,0x2,0x27fe8b8]
[trap] num=73 (0x49) pc=0x1804b1728 args=[0xa3d018000,0x28000,0x3,0x41002,0xff000000,0x0,0x2,0x27fe8b8]
[probe] partial munmap 0xa3d018000+0x28000 of backing 0xa3d018000..0xa3d094000
[trap] num=73 (0x49) pc=0x1804b1728 args=[0xa3d080000,0x14000,0x3,0x41002,0xff000000,0x0,0x2,0x27fe8b8]
[probe] partial munmap 0xa3d080000+0x14000 of backing 0xa3d040000..0xa3d094000
[trap] num=73 (0x49) pc=0x1804b1728 args=[0xa3d05c000,0x24000,0x40000,0x1c000,0xa3d05c000,0x10,0x85fd0,0xfffff0003ffff800]
[probe] partial munmap 0xa3d05c000+0x24000 of backing 0xa3d040000..0xa3d080000
[trap] num=116 (0x74) pc=0x1804b1b60 args=[0x27fe7e0,0x0,0x0,0xfffffc088,0x0,0x0,0x0,0xb00]
[trap] num=74 (0x4a) pc=0x1804b1b04 args=[0xa3cfc0000,0x40000,0x1,0x1,0xa08b07ee8,0x18,0x1,0x0]
[trap] num=75 (0x4b) pc=0x1804b09b0 args=[0xa3cfc0000,0x40000,0x8,0x1,0xa08b07ee8,0x18,0x1,0x0]
[trap] num=74 (0x4a) pc=0x1804b1b04 args=[0xa3d040000,0x1c000,0x1,0x1,0xa08b07ee8,0x18,0x1,0x0]
[trap] num=75 (0x4b) pc=0x1804b09b0 args=[0xa3d040000,0x1c000,0x8,0x1,0xa08b07ee8,0x18,0x1,0x0]
[trap] num=116 (0x74) pc=0x1804b1b60 args=[0x27feb20,0x0,0x0,0xfffffc088,0x0,0x0,0x0,0xd00]
[trap] num=197 (0xc5) pc=0x1804aea18 args=[0x32b8d1e00000,0x7c000,0x3,0x41002,0xff000000,0x0,0x2,0x27fe828]
[trap] num=73 (0x49) pc=0x1804b1728 args=[0xa3d094000,0x2c000,0x3,0x41002,0xff000000,0x0,0x2,0x27fe828]
[probe] partial munmap 0xa3d094000+0x2c000 of backing 0xa3d094000..0xa3d110000
[trap] num=73 (0x49) pc=0x1804b1728 args=[0xa3d100000,0x10000,0x3,0x41002,0xff000000,0x0,0x2,0x27fe828]
[probe] partial munmap 0xa3d100000+0x10000 of backing 0xa3d0c0000..0xa3d110000
[trap] num=197 (0xc5) pc=0x1804aea18 args=[0x8477bbc0000,0x7c000,0x3,0x41002,0xff000000,0x0,0x2,0x27fe768]
[trap] num=73 (0x49) pc=0x1804b1728 args=[0xa3d110000,0x30000,0x3,0x41002,0xff000000,0x0,0x2,0x27fe768]
[probe] partial munmap 0xa3d110000+0x30000 of backing 0xa3d110000..0xa3d18c000
[trap] num=73 (0x49) pc=0x1804b1728 args=[0xa3d180000,0xc000,0x3,0x41002,0xff000000,0x0,0x2,0x27fe768]
[probe] partial munmap 0xa3d180000+0xc000 of backing 0xa3d140000..0xa3d18c000
[trap] num=197 (0xc5) pc=0x1804aea18 args=[0x137dbc100000,0x7c000,0x3,0x41002,0xff000000,0x0,0x2,0x27ff108]
[trap] num=73 (0x49) pc=0x1804b1728 args=[0xa3d18c000,0x34000,0x3,0x41002,0xff000000,0x0,0x2,0x27ff108]
[probe] partial munmap 0xa3d18c000+0x34000 of backing 0xa3d18c000..0xa3d208000
[trap] num=73 (0x49) pc=0x1804b1728 args=[0xa3d200000,0x8000,0x3,0x41002,0xff000000,0x0,0x2,0x27ff108]
[probe] partial munmap 0xa3d200000+0x8000 of backing 0xa3d1c0000..0xa3d208000
[trap] num=338 (0x152) pc=0x1804b988c args=[0x1803fe0ff,0x27fc0f0,0x0,0x27fded0,0x700c27f00,0x0,0x0,0xfffff0003ffff800]
[trap] num=220 (0xdc) pc=0x1804ae63c args=[0x27fe2a7,0x1803fbb50,0x27fda00,0x41c,0x1,0x0,0x0,0xfffff0003ffff800]
[trap] num=220 (0xdc) pc=0x1804ae63c args=[0x27fe2a7,0x1803fbb50,0x27fda00,0x41c,0x1,0x0,0x0,0xfffff0003ffff800]
[trap] num=220 (0xdc) pc=0x1804ae63c args=[0x27fe2a7,0x1803fbb50,0x27fda00,0x41c,0x1,0x0,0x0,0xfffff0003ffff800]
[trap] num=220 (0xdc) pc=0x1804ae63c args=[0x27fe2a7,0x1803fbb50,0x27fda00,0x41c,0x1,0x0,0x0,0xfffff0003ffff800]
[trap] num=220 (0xdc) pc=0x1804ae63c args=[0x27fe2a7,0x1803fbb50,0x27fda00,0x41c,0x1,0x0,0x0,0xfffff0003ffff800]
[trap] num=220 (0xdc) pc=0x1804ae63c args=[0x27fe2a7,0x1803fbb50,0x27fda00,0x41c,0x1,0x0,0x0,0xfffff0003ffff800]
[trap] num=220 (0xdc) pc=0x1804ae63c args=[0x27fe2a7,0x1803fbb50,0x27fda00,0x41c,0x1,0x0,0x0,0xfffff0003ffff800]
[trap] num=24 (0x18) pc=0x1804af858 args=[0xa0919a7ae,0x27ff308,0x8e8e0,0x0,0x0,0x20,0xffffffffbfc007ff,0xfffff0003ffff800]
[trap] num=25 (0x19) pc=0x1804af050 args=[0x1f5,0x27ff308,0x8e8e0,0x0,0x0,0x20,0xffffffffbfc007ff,0xfffff0003ffff800]
[trap] num=47 (0x2f) pc=0x1804b1f48 args=[0x1f5,0x27ff308,0x8e8e0,0x0,0x0,0x20,0xffffffffbfc007ff,0xfffff0003ffff800]
[trap] num=43 (0x2b) pc=0x1804af8b0 args=[0x14,0x27ff308,0x8e8e0,0x0,0x0,0x20,0xffffffffbfc007ff,0xfffff0003ffff800]
[trap] num=197 (0xc5) pc=0x1804aea18 args=[0xf11d7980000,0x7c000,0x3,0x41002,0xff000000,0x0,0x2,0x27fea98]
[trap] num=73 (0x49) pc=0x1804b1728 args=[0xa3d208000,0x38000,0x3,0x41002,0xff000000,0x0,0x2,0x27fea98]
[probe] partial munmap 0xa3d208000+0x38000 of backing 0xa3d208000..0xa3d284000
[trap] num=73 (0x49) pc=0x1804b1728 args=[0xa3d280000,0x4000,0x3,0x41002,0xff000000,0x0,0x2,0x27fea98]
[probe] partial munmap 0xa3d280000+0x4000 of backing 0xa3d240000..0xa3d284000
[trap] num=304 (0x130) pc=0x1804b2a64 args=[0x701071f98,0x400,0x0,0x0,0x0,0x0,0x0,0x0]
[probe] psynch#14 cvsignal tid=0 cv=0x701071f98 lsgen=0x400 ugen=0x0 port=0x0 mutex=0x0 mugen=0x0 thr=0x0 flags=0x0
[trap] num=197 (0xc5) pc=0x1804aea18 args=[0x3bcea4340000,0x7c000,0x3,0x41002,0xff000000,0x0,0x2,0x27fe6e8]
[trap] num=73 (0x49) pc=0x1804b1728 args=[0xa3d284000,0x3c000,0x3,0x41002,0xff000000,0x0,0x2,0x27fe6e8]
[probe] partial munmap 0xa3d284000+0x3c000 of backing 0xa3d284000..0xa3d300000
[trap] num=197 (0xc5) pc=0x1804aea18 args=[0x2ee460740000,0x7c000,0x3,0x41002,0xff000000,0x0,0x2,0x27fe778]
[trap] num=73 (0x49) pc=0x1804b1728 args=[0xa3d340000,0x3c000,0x3,0x41002,0xff000000,0x0,0x2,0x27fe778]
[probe] partial munmap 0xa3d340000+0x3c000 of backing 0xa3d300000..0xa3d37c000
[trap] num=304 (0x130) pc=0x1804b2a64 args=[0x701071f98,0x10000000400,0x100,0x0,0x0,0x0,0x0,0x0]
[probe] psynch#15 cvsignal tid=0 cv=0x701071f98 lsgen=0x10000000400 ugen=0x100 port=0x0 mutex=0x0 mugen=0x0 thr=0x0 flags=0x0
[trap] num=197 (0xc5) pc=0x1804aea18 args=[0xd8cc0540000,0x7c000,0x3,0x41002,0xff000000,0x0,0x2,0x27fe3f8]
[trap] num=73 (0x49) pc=0x1804b1728 args=[0xa3d37c000,0x4000,0x3,0x41002,0xff000000,0x0,0x2,0x27fe3f8]
[probe] partial munmap 0xa3d37c000+0x4000 of backing 0xa3d37c000..0xa3d3f8000
[trap] num=73 (0x49) pc=0x1804b1728 args=[0xa3d3c0000,0x38000,0x3,0x41002,0xff000000,0x0,0x2,0x27fe3f8]
[probe] partial munmap 0xa3d3c0000+0x38000 of backing 0xa3d380000..0xa3d3f8000
[trap] num=363 (0x16b) pc=0x1804b3fc4 args=[0xa,0x27fe790,0x1,0x0,0x0,0x0,0xffffffffbfc007ff,0xfffff0003ffff800]
[probe] kevent#6 tid=0 kq=10 change ident=0xb filter=-10 flags=0x0 fflags=0x1000000 data=0x0 udata=0x0 nev=0 timeout=None
[probe] kevent#6 call tid=0 kq=10 nch=1 nev=0 timeout=None -> immediate n=0
[trap] num=-47 (0xffffffffffffffd1) pc=0x1804adc34 args=[0x27ff300,0x200000003,0x2800001513,0x140300000203,0xd5a00000000,0x140300000000,0x30,0x0]
[mach_msg2] msgh_id=3418 dest=0x203 reply=0x1403 options=0x200000003 bits=0x1513 send_size=40 rcv_size=48
  send+000: 13 15 00 00 28 00 00 00 03 02 00 00 03 14 00 00
  send+010: 00 00 00 00 5a 0d 00 00 00 00 00 00 01 00 00 00
  send+020: 00 00 00 00 00 00 00 00
[retrace] forwarding mach_msg2 semaphore_create (msgh_id 3418) to host (decided allowlist)
[mach_msg2] host ret=0x0 err=false
  reply@0x27ff300+000: 00 12 00 80 28 00 00 00 00 00 00 00 03 14 00 00
  reply@0x27ff300+010: 00 00 00 00 be 0d 00 00 01 00 00 00 07 29 00 00
  reply@0x27ff300+020: 00 00 00 00 00 00 11 00 00 00 00 00 08 00 00 00
  reply@0x27ff300+030: 58 fa 08 00 00 00 00 00 20 fc 08 00 00 00 00 00
  reply@0x27ff300+040: 50 f3 7f 02 00 00 00 00 0c 22 d1 0b 0a 00 00 00
  reply@0x27ff300+050: 10 f4 7f 02 00 00 00 00 64 64 0f 08 0a 00 00 00
  reply@0x27ff300+060: e0 e8 08 00 00 00 00 00 c0 fd 08 00 00 00 00 00
  reply@0x27ff300+070: 00 00 00 00 00 00 00 00 02 00 00 00 00 00 00 00
  reply@0x27ff300+080: 6f 5c 6f 29 f2 10 02 00 00 00 00 00 00 00 00 00
  reply@0x27ff300+090: 00 00 00 00 00 00 00 00 00 10 fc 08 0a 00 00 00
  reply@0x27ff300+0a0: 6f 5c 6f 29 f2 10 02 00 00 00 00 00 00 00 00 00
  reply@0x27ff300+0b0: 30 f4 7f 02 00 00 00 00 74 40 05 08 0a 00 00 00
  reply@0x27ff300+0c0: 40 61 08 00 00 00 00 00 00 0f 0e 0d 0c 0b 0a 00
  reply@0x27ff300+0d0: 01 00 00 00 00 00 00 00 ff ff ff ff ff ff ff ff
  reply@0x27ff300+0e0: e0 e8 08 00 00 00 00 00 90 60 08 00 00 00 00 00
  reply@0x27ff300+0f0: 90 60 08 00 00 00 00 00 00 00 00 00 00 00 00 00
[trap] num=329 (0x149) pc=0x1804b54f4 args=[0x3,0x27ff378,0x27ff374,0x140300000203,0xd5a00000000,0x140300000000,0x30,0x0]
[trap] num=-15 (0xfffffffffffffff1) pc=0x1804adacc args=[0x203,0x27ff2f8,0x14000,0x3fff,0x1e000001,0x3,0x0,0x0]
[trap] num=-14 (0xfffffffffffffff2) pc=0x1804adac0 args=[0x203,0x3017c000,0x4000,0x0,0x0,0x3,0x0,0x0]
[trap] num=360 (0x168) pc=0x1804b1ad8 args=[0xa080f8eac,0x0,0x3018b000,0x3018b000,0x90008ff,0x3,0x0,0x0]
[trap] num=46 (0x2e) pc=0x1804b4478 args=[0x1e,0x27ff318,0x0,0x3018b000,0x90008ff,0x3,0x0,0x0]
[trap] num=329 (0x149) pc=0x1804b54f4 args=[0x3,0x27ff378,0x0,0x3018b000,0x90008ff,0x3,0x0,0x0]
[trap] num=329 (0x149) pc=0x1804b54f4 args=[0x2,0x27ff378,0x0,0x3018b000,0x90008ff,0x3,0x0,0x0]
[trap] num=197 (0xc5) pc=0x1804aea18 args=[0x717b4040000,0x7c000,0x3,0x41002,0xff000000,0x0,0x2,0x27fddc8]
[trap] num=73 (0x49) pc=0x1804b1728 args=[0xa3d3f8000,0x8000,0x3,0x41002,0xff000000,0x0,0x2,0x27fddc8]
[probe] partial munmap 0xa3d3f8000+0x8000 of backing 0xa3d3f8000..0xa3d474000
[trap] num=73 (0x49) pc=0x1804b1728 args=[0xa3d440000,0x34000,0x3,0x41002,0xff000000,0x0,0x2,0x27fddc8]
[probe] partial munmap 0xa3d440000+0x34000 of backing 0xa3d400000..0xa3d474000
[trap] num=304 (0x130) pc=0x1804b2a64 args=[0x701071f98,0x20000000400,0x200,0x0,0x0,0x0,0x0,0x0]
[probe] psynch#16 cvsignal tid=0 cv=0x701071f98 lsgen=0x20000000400 ugen=0x200 port=0x0 mutex=0x0 mugen=0x0 thr=0x0 flags=0x0
[trap] num=197 (0xc5) pc=0x1804aea18 args=[0x8a226c0000,0x7c000,0x3,0x41002,0xff000000,0x0,0x2,0x27fdb68]
[trap] num=73 (0x49) pc=0x1804b1728 args=[0xa3d474000,0xc000,0x3,0x41002,0xff000000,0x0,0x2,0x27fdb68]
[probe] partial munmap 0xa3d474000+0xc000 of backing 0xa3d474000..0xa3d4f0000
[trap] num=73 (0x49) pc=0x1804b1728 args=[0xa3d4c0000,0x30000,0x3,0x41002,0xff000000,0x0,0x2,0x27fdb68]
[probe] partial munmap 0xa3d4c0000+0x30000 of backing 0xa3d480000..0xa3d4f0000
[trap] num=304 (0x130) pc=0x1804b2a64 args=[0x701071f98,0x30000000400,0x300,0x0,0x0,0x0,0x0,0x0]
[probe] psynch#17 cvsignal tid=0 cv=0x701071f98 lsgen=0x30000000400 ugen=0x300 port=0x0 mutex=0x0 mugen=0x0 thr=0x0 flags=0x0
[trap] num=75 (0x4b) pc=0x1804b09b0 args=[0x700888000,0x10000,0x7,0x0,0x0,0x0,0xffffffffbfc007ff,0xfffff0003ffff800]
[trap] num=75 (0x4b) pc=0x1804b09b0 args=[0xa2cfc0000,0x40000,0x8,0x3,0x701148210,0x0,0xffffffffbfc007ff,0xfffff0003ffff800]
[probe] sprr write #1 tid=0 RW pc=0x1804f2ab0
[probe] view flip #3 -> RW (tid 0)
[probe] sprr write #2 tid=0 RX pc=0x1804f2a60
[probe] view flip #4 -> RX (tid 0)
[probe] sprr write #3 tid=0 RW pc=0x1804f2ab0
[probe] view flip #5 -> RW (tid 0)
[probe] sprr write #4 tid=0 RX pc=0x1804f2a60
[probe] view flip #6 -> RX (tid 0)
[probe] sprr write #5 tid=0 RW pc=0x1804f2ab0
[probe] view flip #7 -> RW (tid 0)
[probe] sprr write #6 tid=0 RX pc=0x1804f2a60
[probe] view flip #8 -> RX (tid 0)
[probe] sprr write #7 tid=0 RW pc=0x1804f2ab0
[probe] view flip #9 -> RW (tid 0)
[probe] sprr write #8 tid=0 RX pc=0x1804f2a60
[probe] view flip #10 -> RX (tid 0)
[trap] num=197 (0xc5) pc=0x1804aea18 args=[0x1afc00b80000,0x7c000,0x3,0x41002,0xff000000,0x0,0x2,0x27fe538]
[trap] num=73 (0x49) pc=0x1804b1728 args=[0xa3d4f0000,0x10000,0x3,0x41002,0xff000000,0x0,0x2,0x27fe538]
[probe] partial munmap 0xa3d4f0000+0x10000 of backing 0xa3d4f0000..0xa3d56c000
[trap] num=73 (0x49) pc=0x1804b1728 args=[0xa3d540000,0x2c000,0x3,0x41002,0xff000000,0x0,0x2,0x27fe538]
[probe] partial munmap 0xa3d540000+0x2c000 of backing 0xa3d500000..0xa3d56c000
[trap] num=197 (0xc5) pc=0x1804aea18 args=[0x2409b83c0000,0x7c000,0x3,0x41002,0xff000000,0x0,0x2,0x27fe378]
[trap] num=73 (0x49) pc=0x1804b1728 args=[0xa3d56c000,0x14000,0x3,0x41002,0xff000000,0x0,0x2,0x27fe378]
[probe] partial munmap 0xa3d56c000+0x14000 of backing 0xa3d56c000..0xa3d5e8000
[trap] num=73 (0x49) pc=0x1804b1728 args=[0xa3d5c0000,0x28000,0x3,0x41002,0xff000000,0x0,0x2,0x27fe378]
[probe] partial munmap 0xa3d5c0000+0x28000 of backing 0xa3d580000..0xa3d5e8000
[trap] num=197 (0xc5) pc=0x1804aea18 args=[0x2ac5ee900000,0x7c000,0x3,0x41002,0xff000000,0x0,0x2,0x27fe538]
[trap] num=73 (0x49) pc=0x1804b1728 args=[0xa3d5e8000,0x18000,0x3,0x41002,0xff000000,0x0,0x2,0x27fe538]
[probe] partial munmap 0xa3d5e8000+0x18000 of backing 0xa3d5e8000..0xa3d664000
[trap] num=73 (0x49) pc=0x1804b1728 args=[0xa3d640000,0x24000,0x3,0x41002,0xff000000,0x0,0x2,0x27fe538]
[probe] partial munmap 0xa3d640000+0x24000 of backing 0xa3d600000..0xa3d664000
[trap] num=75 (0x4b) pc=0x1804b09b0 args=[0x700888000,0xc000,0x7,0x0,0x0,0x0,0xffffffffbfc007ff,0xfffff0003ffff800]
[probe] sprr write #9 tid=0 RW pc=0x1804f2ab0
[probe] view flip #11 -> RW (tid 0)
[probe] sprr write #10 tid=0 RX pc=0x1804f2a60
[probe] view flip #12 -> RX (tid 0)
[trap] num=197 (0xc5) pc=0x1804aea18 args=[0x248da980000,0x7c000,0x3,0x41002,0xff000000,0x0,0x2,0x27fd848]
[trap] num=73 (0x49) pc=0x1804b1728 args=[0xa3d664000,0x1c000,0x3,0x41002,0xff000000,0x0,0x2,0x27fd848]
[probe] partial munmap 0xa3d664000+0x1c000 of backing 0xa3d664000..0xa3d6e0000
[trap] num=73 (0x49) pc=0x1804b1728 args=[0xa3d6c0000,0x20000,0x3,0x41002,0xff000000,0x0,0x2,0x27fd848]
[probe] partial munmap 0xa3d6c0000+0x20000 of backing 0xa3d680000..0xa3d6e0000
[probe] sprr write #11 tid=0 RW pc=0x1804f2ab0
[probe] view flip #13 -> RW (tid 0)
[probe] sprr write #12 tid=0 RX pc=0x1804f2a60
[probe] view flip #14 -> RX (tid 0)
[probe] sprr write #13 tid=0 RW pc=0x1804f2ab0
[probe] view flip #15 -> RW (tid 0)
[probe] sprr write #14 tid=0 RX pc=0x1804f2a60
[probe] view flip #16 -> RX (tid 0)
[trap] num=197 (0xc5) pc=0x1804aea18 args=[0x3ae5b2680000,0x7c000,0x3,0x41002,0xff000000,0x0,0x2,0x27fe0f8]
[trap] num=73 (0x49) pc=0x1804b1728 args=[0xa3d6e0000,0x20000,0x3,0x41002,0xff000000,0x0,0x2,0x27fe0f8]
[probe] partial munmap 0xa3d6e0000+0x20000 of backing 0xa3d6e0000..0xa3d75c000
[trap] num=73 (0x49) pc=0x1804b1728 args=[0xa3d740000,0x1c000,0x3,0x41002,0xff000000,0x0,0x2,0x27fe0f8]
[probe] partial munmap 0xa3d740000+0x1c000 of backing 0xa3d700000..0xa3d75c000
[trap] num=197 (0xc5) pc=0x1804aea18 args=[0x3c01b4a00000,0x60000,0x3,0x41002,0xff000000,0x0,0x2,0x27fe0e8]
[trap] num=73 (0x49) pc=0x1804b1728 args=[0xa3d75c000,0x24000,0x3,0x41002,0xff000000,0x0,0x2,0x27fe0e8]
[probe] partial munmap 0xa3d75c000+0x24000 of backing 0xa3d75c000..0xa3d7bc000
[trap] num=73 (0x49) pc=0x1804b1728 args=[0xa3d7a4000,0x18000,0x3,0x41002,0xff000000,0x0,0x2,0x27fe0e8]
[probe] partial munmap 0xa3d7a4000+0x18000 of backing 0xa3d780000..0xa3d7bc000
[trap] num=75 (0x4b) pc=0x1804b09b0 args=[0x700888000,0xc000,0x7,0x0,0x0,0x0,0xffffffffbfc007ff,0xfffff0003ffff800]
[trap] num=197 (0xc5) pc=0x1804aea18 args=[0x28c9bb940000,0x7c000,0x3,0x41002,0xff000000,0x0,0x2,0x27fdd28]
[trap] num=73 (0x49) pc=0x1804b1728 args=[0xa3d7bc000,0x4000,0x3,0x41002,0xff000000,0x0,0x2,0x27fdd28]
[probe] partial munmap 0xa3d7bc000+0x4000 of backing 0xa3d7bc000..0xa3d838000
[trap] num=73 (0x49) pc=0x1804b1728 args=[0xa3d800000,0x38000,0x3,0x41002,0xff000000,0x0,0x2,0x27fdd28]
[probe] partial munmap 0xa3d800000+0x38000 of backing 0xa3d7c0000..0xa3d838000
[trap] num=75 (0x4b) pc=0x1804b09b0 args=[0x700888000,0xc000,0x7,0x0,0x0,0x0,0xffffffffbfc007ff,0xfffff0003ffff800]
[trap] num=75 (0x4b) pc=0x1804b09b0 args=[0x700888000,0xc000,0x7,0x0,0x0,0x0,0x0,0xfffff0003ffff800]
[trap] num=75 (0x4b) pc=0x1804b09b0 args=[0x700888000,0xc000,0x7,0x0,0x0,0x20,0x0,0x0]
[trap] num=75 (0x4b) pc=0x1804b09b0 args=[0x7008cc000,0x14000,0x7,0x0,0x0,0x0,0xffffffffbfc007ff,0xfffff0003ffff800]
[probe] sprr write #15 tid=0 RW pc=0x1804f2ab0
[probe] view flip #17 -> RW (tid 0)
[probe] sprr write #16 tid=0 RX pc=0x1804f2a60
[probe] view flip #18 -> RX (tid 0)
[trap] num=197 (0xc5) pc=0x1804aea18 args=[0x3f1105940000,0x7c000,0x3,0x41002,0xff000000,0x0,0x2,0x27fcf78]
[trap] num=73 (0x49) pc=0x1804b1728 args=[0xa3d838000,0x8000,0x3,0x41002,0xff000000,0x0,0x2,0x27fcf78]
[probe] partial munmap 0xa3d838000+0x8000 of backing 0xa3d838000..0xa3d8b4000
[trap] num=73 (0x49) pc=0x1804b1728 args=[0xa3d880000,0x34000,0x3,0x41002,0xff000000,0x0,0x2,0x27fcf78]
[probe] partial munmap 0xa3d880000+0x34000 of backing 0xa3d840000..0xa3d8b4000
[trap] num=197 (0xc5) pc=0x1804aea18 args=[0x1821d8dc0000,0x7c000,0x3,0x41002,0xff000000,0x0,0x2,0x27fcfb8]
[trap] num=73 (0x49) pc=0x1804b1728 args=[0xa3d8b4000,0xc000,0x3,0x41002,0xff000000,0x0,0x2,0x27fcfb8]
[probe] partial munmap 0xa3d8b4000+0xc000 of backing 0xa3d8b4000..0xa3d930000
[trap] num=73 (0x49) pc=0x1804b1728 args=[0xa3d900000,0x30000,0x3,0x41002,0xff000000,0x0,0x2,0x27fcfb8]
[probe] partial munmap 0xa3d900000+0x30000 of backing 0xa3d8c0000..0xa3d930000
[trap] num=-15 (0xfffffffffffffff1) pc=0x1804adacc args=[0x203,0x27fe0c8,0x400000,0x3fffff,0x2000001,0x3,0x0,0x0]
[trap] num=197 (0xc5) pc=0x1804aea18 args=[0x2672c8d80000,0x7c000,0x3,0x41002,0xff000000,0x0,0x2,0x27fd4d8]
[trap] num=73 (0x49) pc=0x1804b1728 args=[0xa3d930000,0x10000,0x3,0x41002,0xff000000,0x0,0x2,0x27fd4d8]
[probe] partial munmap 0xa3d930000+0x10000 of backing 0xa3d930000..0xa3d9ac000
[trap] num=73 (0x49) pc=0x1804b1728 args=[0xa3d980000,0x2c000,0x3,0x41002,0xff000000,0x0,0x2,0x27fd4d8]
[probe] partial munmap 0xa3d980000+0x2c000 of backing 0xa3d940000..0xa3d9ac000
[trap] num=197 (0xc5) pc=0x1804aea18 args=[0xee78000000,0x7c000,0x3,0x41002,0xff000000,0x0,0x2,0x27fe728]
[trap] num=73 (0x49) pc=0x1804b1728 args=[0xa3d9ac000,0x14000,0x3,0x41002,0xff000000,0x0,0x2,0x27fe728]
[probe] partial munmap 0xa3d9ac000+0x14000 of backing 0xa3d9ac000..0xa3da28000
[trap] num=73 (0x49) pc=0x1804b1728 args=[0xa3da00000,0x28000,0x3,0x41002,0xff000000,0x0,0x2,0x27fe728]
[probe] partial munmap 0xa3da00000+0x28000 of backing 0xa3d9c0000..0xa3da28000
[trap] num=24 (0x18) pc=0x1804af858 args=[0xa091a5860,0x27ff500,0x8e8e0,0x90980,0x0,0x0,0x70080c288,0x0]
[M28 BANDSHRINK] syscall 24 band past ipa 0x8e8e0 len 65536 shrunk 64 -> 0 by an overlapping window of the same call
[trap] num=25 (0x19) pc=0x1804af050 args=[0x1f5,0x27ff500,0x8e8e0,0x90980,0x0,0x0,0x70080c288,0x0]
[M28 BANDSHRINK] syscall 25 band past ipa 0x8e8e0 len 65536 shrunk 64 -> 0 by an overlapping window of the same call
[trap] num=47 (0x2f) pc=0x1804b1f48 args=[0x1f5,0x27ff500,0x8e8e0,0x90980,0x0,0x0,0x70080c288,0x0]
[M28 BANDSHRINK] syscall 47 band past ipa 0x8e8e0 len 65536 shrunk 64 -> 0 by an overlapping window of the same call
[trap] num=43 (0x2b) pc=0x1804af8b0 args=[0x14,0x27ff500,0x8e8e0,0x90980,0x0,0x0,0x70080c288,0x0]
[M28 BANDSHRINK] syscall 43 band past ipa 0x8e8e0 len 65536 shrunk 64 -> 0 by an overlapping window of the same call
[trap] num=24 (0x18) pc=0x1804af858 args=[0x27fe688,0x27fe658,0x8e8e0,0x27fe688,0xa0830abc4,0x2,0xa3cfc9c09,0x106]
[trap] num=25 (0x19) pc=0x1804af050 args=[0x1f5,0x27fe658,0x8e8e0,0x27fe688,0xa0830abc4,0x2,0xa3cfc9c09,0x106]
[trap] num=47 (0x2f) pc=0x1804b1f48 args=[0x1f5,0x27fe658,0x8e8e0,0x27fe688,0xa0830abc4,0x2,0xa3cfc9c09,0x106]
[trap] num=43 (0x2b) pc=0x1804af8b0 args=[0x14,0x27fe658,0x8e8e0,0x27fe688,0xa0830abc4,0x2,0xa3cfc9c09,0x106]
[trap] num=24 (0x18) pc=0x1804af858 args=[0x27fe688,0x27fe658,0x8e8e0,0x27fe688,0xa0830abc4,0x2,0xa3cfc9c09,0x106]
[trap] num=25 (0x19) pc=0x1804af050 args=[0x1f5,0x27fe658,0x8e8e0,0x27fe688,0xa0830abc4,0x2,0xa3cfc9c09,0x106]
[trap] num=47 (0x2f) pc=0x1804b1f48 args=[0x1f5,0x27fe658,0x8e8e0,0x27fe688,0xa0830abc4,0x2,0xa3cfc9c09,0x106]
[trap] num=43 (0x2b) pc=0x1804af8b0 args=[0x14,0x27fe658,0x8e8e0,0x27fe688,0xa0830abc4,0x2,0xa3cfc9c09,0x106]
[trap] num=-15 (0xfffffffffffffff1) pc=0x1804adacc args=[0x203,0x27fe688,0x400000,0x0,0x2004000,0x3,0x0,0x0]
[trap] num=398 (0x18e) pc=0x1804ae948 args=[0x1803fd5e6,0x1000000,0x0,0xa3d0d4231,0x0,0x1,0xa3cfc9c09,0xa010c2]
[trap] num=339 (0x153) pc=0x1804bc288 args=[0xc,0x27fe070,0x0,0xa3d0d4231,0x0,0x1,0xa3cfc9c09,0xa010c2]
[trap] num=406 (0x196) pc=0x1804b2174 args=[0xc,0x32,0x27fe708,0xa3d0d4231,0x0,0x1,0xa3cfc9c09,0xa010c2]
[trap] num=399 (0x18f) pc=0x1804af584 args=[0xc,0x32,0x27fe708,0xa3d0d4231,0x0,0x1,0xa3cfc9c09,0xa010c2]
[trap] num=338 (0x152) pc=0x1804b988c args=[0x27fe708,0x27fdfe0,0x27fe708,0xa3d0d4231,0x0,0x1,0xa3cfc9c09,0xa010c2]
[trap] num=197 (0xc5) pc=0x1804aea18 args=[0x0,0x3c000,0x0,0x41042,0xff000000,0x0,0x9,0x0]
[trap] num=73 (0x49) pc=0x1804b1728 args=[0xa3da28000,0x18000,0x0,0x41042,0xff000000,0x0,0x9,0x0]
[probe] partial munmap 0xa3da28000+0x18000 of backing 0xa3da28000..0xa3da64000
[trap] num=73 (0x49) pc=0x1804b1728 args=[0xa3da60000,0x4000,0x0,0x41042,0xff000000,0x0,0x9,0x0]
[probe] partial munmap 0xa3da60000+0x4000 of backing 0xa3da40000..0xa3da64000
[trap] num=74 (0x4a) pc=0x1804b1b04 args=[0xa3da40000,0x20000,0x3,0x2,0xa08b07ee8,0x0,0xffffffffbfc007ff,0xfffff0003ffff800]
[trap] num=75 (0x4b) pc=0x1804b09b0 args=[0xa3da40000,0x20000,0x8,0x2,0xa08b07ee8,0x0,0xffffffffbfc007ff,0xfffff0003ffff800]
[probe] sprr write #17 tid=0 RW pc=0x1804f2ab0
[probe] view flip #19 -> RW (tid 0)
[probe] sprr write #18 tid=0 RX pc=0x1804f2a60
[probe] view flip #20 -> RX (tid 0)
[probe] sprr write #19 tid=0 RW pc=0x1804f2ab0
[probe] sprr write #20 tid=0 RX pc=0x1804f2a60
[trap] num=54 (0x36) pc=0x1804b2338 args=[0x1,0x4004667a,0x27fb27c,0xa3d26e879,0x0,0x2,0xa3cfc9c09,0x106]
[trap] num=54 (0x36) pc=0x1804b2338 args=[0x1,0x40487413,0x27fb280,0xa3d26e879,0x0,0x2,0xa3cfc9c09,0x106]
[trap] num=339 (0x153) pc=0x1804bc288 args=[0x1,0x27fb2f8,0x27fb280,0xa3d26e879,0x0,0x2,0xa3cfc9c09,0x106]
[trap] num=197 (0xc5) pc=0x1804aea18 args=[0x190e9c300000,0x7c000,0x3,0x41002,0xff000000,0x0,0x2,0x27f9e18]
[trap] num=73 (0x49) pc=0x1804b1728 args=[0xa3da64000,0x1c000,0x3,0x41002,0xff000000,0x0,0x2,0x27f9e18]
[probe] partial munmap 0xa3da64000+0x1c000 of backing 0xa3da64000..0xa3dae0000
[trap] num=73 (0x49) pc=0x1804b1728 args=[0xa3dac0000,0x20000,0x3,0x41002,0xff000000,0x0,0x2,0x27f9e18]
[probe] partial munmap 0xa3dac0000+0x20000 of backing 0xa3da80000..0xa3dae0000
[trap] num=197 (0xc5) pc=0x1804aea18 args=[0x13d5faa80000,0x7c000,0x3,0x41002,0xff000000,0x0,0x2,0x27fa508]
[trap] num=73 (0x49) pc=0x1804b1728 args=[0xa3dae0000,0x20000,0x3,0x41002,0xff000000,0x0,0x2,0x27fa508]
[probe] partial munmap 0xa3dae0000+0x20000 of backing 0xa3dae0000..0xa3db5c000
[trap] num=73 (0x49) pc=0x1804b1728 args=[0xa3db40000,0x1c000,0x3,0x41002,0xff000000,0x0,0x2,0x27fa508]
[probe] partial munmap 0xa3db40000+0x1c000 of backing 0xa3db00000..0xa3db5c000
[trap] num=54 (0x36) pc=0x1804b2338 args=[0x1,0x4004667a,0x27fb0cc,0xa3d26e879,0x0,0x2,0xa3cfc9c09,0x106]
[trap] num=54 (0x36) pc=0x1804b2338 args=[0x1,0x40487413,0x27fb0d0,0xa3d26e879,0x0,0x2,0xa3cfc9c09,0x106]
[trap] num=339 (0x153) pc=0x1804bc288 args=[0x1,0x27fb148,0x27fb0d0,0xa3d26e879,0x0,0x2,0xa3cfc9c09,0x106]
[trap] num=5 (0x5) pc=0x1804ae694 args=[0xa0bd187c3,0x1000000,0x0,0x4,0x700d3c280,0x0,0x0,0xfffff0003ffff800]
[trap] num=92 (0x5c) pc=0x1804ae8c4 args=[0x1,0x3,0x3cfc0e21,0xa3da8c341,0x0,0x2,0xa3cfc9c09,0xa3da8c071]
[M28 BANDSHRINK] syscall 92 band past ipa 0xa3da8c071 len 65536 shrunk 64 -> 0 by an overlapping window of the same call
[trap] num=54 (0x36) pc=0x1804b2338 args=[0x1,0x8004667e,0x27fb2fc,0xa3da8c341,0x0,0x2,0xa3cfc9c09,0xa3da8c071]
[M28 BANDSHRINK] syscall 54 band past ipa 0xa3da8c071 len 65536 shrunk 64 -> 0 by an overlapping window of the same call
[trap] num=362 (0x16a) pc=0x1804b3f98 args=[0x700d100b8,0x27fb32c,0x27fb2fc,0xa3da8c341,0x0,0x2,0xa3cfc9c09,0xa3da8c071]
[M28 BANDSHRINK] syscall 362 band past ipa 0xa3da8c071 len 65536 shrunk 64 -> 0 by an overlapping window of the same call
[trap] num=363 (0x16b) pc=0x1804b3fc4 args=[0xd,0x27fb2b8,0x1,0x27fb298,0x1,0x27fb280,0xa3cfc9c09,0xa3da8c071]
[probe] kevent#7 tid=0 kq=13 change ident=0x1 filter=-1 flags=0x5 fflags=0x0 data=0x0 udata=0x0 nev=1 timeout=Some((0, 1))
[probe] kevent#7 call tid=0 kq=13 nch=1 nev=1 timeout=Some((0, 1)) -> immediate n=0
[probe] kevent#7 BLOCK tid=0 kq=13 timeout=Some((0, 1)) deadline=Some(7826778349834) now=0x71e5057e10a
[probe] kevent timeout tid=0
[trap] num=399 (0x18f) pc=0x1804af584 args=[0xd,0x27fb2b8,0x1,0x27fb298,0x1,0x27fb280,0xa3cfc9c09,0xa3da8c071]
[trap] num=105 (0x69) pc=0x1804b21a0 args=[0x1,0xffff,0x100,0x27fb2fc,0x4,0x27fb280,0xa3cfc9c09,0xa3da8c071]
[trap] num=4 (0x4) pc=0x1804b1834 args=[0x1,0x27f7308,0x2,0x0,0x1,0x3,0xa3cfc9c09,0xa3da89b01]
[fd1 (console 1)] 3

[trap] num=305 (0x131) pc=0x1804b150c args=[0x701071fc8,0x100000100,0x0,0x0,0x0,0xa0,0x0,0x0]
[probe] psynch#18 cvwait tid=0 cv=0x701071fc8 lsgen=0x100000100 ugen=0x0 mutex=0x0 mugen=0x0 flags=0xa0 sec=0 nsec=0
[trap] num=303 (0x12f) pc=0x1804b1538 args=[0x701071fc8,0x100,0x100,0x0,0x0,0x0,0x0,0x0]
[probe] psynch#19 cvbroad tid=2 cv=0x701071fc8 lsgen=0x100 udgen=0x100 flags=0x0 mutex=0x0 mugen=0x0 waiters=1
[trap] num=197 (0xc5) pc=0x1804aea18 args=[0x1046db940000,0x7c000,0x3,0x41002,0xff000000,0x0,0x2,0x30091aa8]
[trap] num=73 (0x49) pc=0x1804b1728 args=[0xa3db5c000,0x24000,0x3,0x41002,0xff000000,0x0,0x2,0x30091aa8]
[probe] partial munmap 0xa3db5c000+0x24000 of backing 0xa3db5c000..0xa3dbd8000
[trap] num=73 (0x49) pc=0x1804b1728 args=[0xa3dbc0000,0x18000,0x3,0x41002,0xff000000,0x0,0x2,0x30091aa8]
[probe] partial munmap 0xa3dbc0000+0x18000 of backing 0xa3db80000..0xa3dbd8000
[trap] num=75 (0x4b) pc=0x1804b09b0 args=[0xa2d000000,0x40000,0x8,0x3,0x7011482a0,0x0,0xffffffffbfc007ff,0xfffff0003ffff800]
[trap] num=197 (0xc5) pc=0x1804aea18 args=[0x13d797600000,0x7c000,0x3,0x41002,0xff000000,0x0,0x2,0x30091c28]
[trap] num=73 (0x49) pc=0x1804b1728 args=[0xa3dbd8000,0x28000,0x3,0x41002,0xff000000,0x0,0x2,0x30091c28]
[probe] partial munmap 0xa3dbd8000+0x28000 of backing 0xa3dbd8000..0xa3dc54000
[trap] num=73 (0x49) pc=0x1804b1728 args=[0xa3dc40000,0x14000,0x3,0x41002,0xff000000,0x0,0x2,0x30091c28]
[probe] partial munmap 0xa3dc40000+0x14000 of backing 0xa3dc00000..0xa3dc54000
[trap] num=305 (0x131) pc=0x1804b150c args=[0x701071f98,0x40000000500,0x400,0x0,0x0,0xa0,0x0,0x0]
[probe] psynch#20 cvwait tid=2 cv=0x701071f98 lsgen=0x40000000500 ugen=0x400 mutex=0x0 mugen=0x0 flags=0xa0 sec=0 nsec=0
[trap] num=304 (0x130) pc=0x1804b2a64 args=[0x701071f98,0x40000000500,0x400,0x0,0x0,0x0,0x0,0x0]
[probe] psynch#21 cvsignal tid=0 cv=0x701071f98 lsgen=0x40000000500 ugen=0x400 port=0x0 mutex=0x0 mugen=0x0 thr=0x0 flags=0x0
[trap] num=363 (0x16b) pc=0x1804b3fc4 args=[0xa,0x27f7250,0x0,0x27f7250,0x400,0x27f7240,0x0,0x590]
[probe] kevent deliver kq=10 n=1
[probe] kevent#8 call tid=0 kq=10 nch=0 nev=1024 timeout=Some((0, 0)) -> immediate n=1
[trap] num=363 (0x16b) pc=0x1804b3fc4 args=[0xa,0x27f7250,0x0,0x27f7250,0x400,0x27f7240,0x0,0xfffff0003ffff800]
[probe] kevent#9 call tid=0 kq=10 nch=0 nev=1024 timeout=Some((0, 0)) -> immediate n=0
[trap] num=75 (0x4b) pc=0x1804b09b0 args=[0x700888000,0xc000,0x7,0x0,0x0,0x0,0x0,0x590]
[trap] num=75 (0x4b) pc=0x1804b09b0 args=[0x700898000,0x10000,0x7,0x0,0x0,0x0,0x0,0x590]
[trap] num=73 (0x49) pc=0x1804b1728 args=[0xa3da40000,0x20000,0x20000,0xfffff0007fc00000,0x70109c080,0x0,0xffffffffbfc007ff,0xfffff0003ffff800]
[trap] num=75 (0x4b) pc=0x1804b09b0 args=[0xa2cfc0000,0x40000,0x7,0x8e,0x90f40,0x0,0xffffffffbfc007ff,0xfffff0003ffff800]
[trap] num=75 (0x4b) pc=0x1804b09b0 args=[0xa2d000000,0x40000,0x7,0xfffff0007fc00000,0x7012e8680,0x0,0xffffffffbfc007ff,0xfffff0003ffff800]
[trap] num=73 (0x49) pc=0x1804b1728 args=[0xa3d140000,0x40000,0x40000,0x18,0x8b500,0x27ff387,0x3ff800,0xfffff0007ffff800]
[trap] num=73 (0x49) pc=0x1804b1728 args=[0xa3d940000,0x40000,0x40000,0xfffff0007fc00000,0x7012e8380,0x27ff387,0x3ff800,0xfffff0007ffff800]
[trap] num=73 (0x49) pc=0x1804b1728 args=[0xa3db80000,0x40000,0x40000,0xa,0x7012e85c0,0x27ff387,0x3ff800,0xfffff0007ffff800]
[trap] num=73 (0x49) pc=0x1804b1728 args=[0xa3d780000,0x24000,0x24000,0xfffff0007fc00000,0x85ac0,0x27ff387,0x3ff800,0xfffff0007ffff800]
[trap] num=73 (0x49) pc=0x1804b1728 args=[0xa3dc00000,0x40000,0x40000,0x7013f0ee0,0x7013f0ee0,0x0,0xffffffffbfc007ff,0xfffff0003ffff800]
[trap] num=73 (0x49) pc=0x1804b1728 args=[0xa3da80000,0x40000,0x40000,0x60,0xfffff0007fc00000,0x0,0xffffffffbfc007ff,0xfffff0003ffff800]
[trap] num=73 (0x49) pc=0x1804b1728 args=[0xa3d9c0000,0x40000,0x40000,0x60,0xfffff0007fc00000,0x0,0xffffffffbfc007ff,0xfffff0003ffff800]
[trap] num=73 (0x49) pc=0x1804b1728 args=[0xa3d8c0000,0x40000,0x40000,0x60,0xfffff0007fc00000,0x0,0xffffffffbfc007ff,0xfffff0003ffff800]
[trap] num=73 (0x49) pc=0x1804b1728 args=[0xa3d840000,0x40000,0x40000,0x60,0xfffff0007fc00000,0x0,0xffffffffbfc007ff,0xfffff0003ffff800]
[trap] num=73 (0x49) pc=0x1804b1728 args=[0xa3d580000,0x40000,0x40000,0x60,0xfffff0007fc00000,0x0,0xffffffffbfc007ff,0xfffff0003ffff800]
[trap] num=73 (0x49) pc=0x1804b1728 args=[0xa3d7c0000,0x40000,0x40000,0x60,0xfffff0007fc00000,0x0,0xffffffffbfc007ff,0xfffff0003ffff800]
[trap] num=73 (0x49) pc=0x1804b1728 args=[0xa3d700000,0x40000,0x40000,0x60,0xfffff0007fc00000,0x0,0xffffffffbfc007ff,0xfffff0003ffff800]
[trap] num=73 (0x49) pc=0x1804b1728 args=[0xa3d680000,0x40000,0x40000,0x60,0xfffff0007fc00000,0x0,0xffffffffbfc007ff,0xfffff0003ffff800]
[trap] num=73 (0x49) pc=0x1804b1728 args=[0xa3d240000,0x40000,0x40000,0x60,0xfffff0007fc00000,0x0,0xffffffffbfc007ff,0xfffff0003ffff800]
[trap] num=73 (0x49) pc=0x1804b1728 args=[0xa3d0c0000,0x40000,0x40000,0x60,0xfffff0007fc00000,0x0,0xffffffffbfc007ff,0xfffff0003ffff800]
[trap] num=73 (0x49) pc=0x1804b1728 args=[0xa3db00000,0x40000,0x40000,0x15b,0x8a040,0x0,0xffffffffbfc007ff,0xfffff0003ffff800]
[trap] num=73 (0x49) pc=0x1804b1728 args=[0xa3d600000,0x40000,0x40000,0x60,0xfffff0007fc00000,0x0,0xffffffffbfc007ff,0xfffff0003ffff800]
[trap] num=73 (0x49) pc=0x1804b1728 args=[0xa3d500000,0x40000,0x40000,0x60,0xfffff0007fc00000,0x0,0xffffffffbfc007ff,0xfffff0003ffff800]
[trap] num=73 (0x49) pc=0x1804b1728 args=[0xa3d480000,0x40000,0x40000,0x60,0xfffff0007fc00000,0x0,0xffffffffbfc007ff,0xfffff0003ffff800]
[trap] num=73 (0x49) pc=0x1804b1728 args=[0xa3d400000,0x40000,0x40000,0x60,0xfffff0007fc00000,0x0,0xffffffffbfc007ff,0xfffff0003ffff800]
[trap] num=73 (0x49) pc=0x1804b1728 args=[0xa3d380000,0x40000,0x40000,0x60,0xfffff0007fc00000,0x0,0xffffffffbfc007ff,0xfffff0003ffff800]
[trap] num=73 (0x49) pc=0x1804b1728 args=[0xa3d300000,0x40000,0x40000,0x60,0xfffff0007fc00000,0x0,0xffffffffbfc007ff,0xfffff0003ffff800]
[trap] num=73 (0x49) pc=0x1804b1728 args=[0xa3d2c0000,0x40000,0x40000,0x60,0xfffff0007fc00000,0x0,0xffffffffbfc007ff,0xfffff0003ffff800]
[trap] num=73 (0x49) pc=0x1804b1728 args=[0xa3d1c0000,0x40000,0x40000,0x60,0xfffff0007fc00000,0x0,0xffffffffbfc007ff,0xfffff0003ffff800]
[trap] num=73 (0x49) pc=0x1804b1728 args=[0xa3cfc0000,0x40000,0x40000,0xde,0x7dac0,0x0,0xffffffffbfc007ff,0xfffff0003ffff800]
[trap] num=73 (0x49) pc=0x1804b1728 args=[0xa3d040000,0x1c000,0x1c000,0x8,0x86040,0x0,0xffffffffbfc007ff,0xfffff0003ffff800]
[trap] num=75 (0x4b) pc=0x1804b09b0 args=[0x70084c000,0x10000,0x7,0x0,0x0,0x0,0xffffffffbfc007ff,0xfffff0003ffff800]
[trap] num=75 (0x4b) pc=0x1804b09b0 args=[0x70085c000,0xc000,0x7,0x0,0x0,0x0,0x0,0xfffff0003ffff800]
[trap] num=75 (0x4b) pc=0x1804b09b0 args=[0x70081c000,0x10000,0x7,0x0,0x0,0x27ff387,0x3ff800,0xfffff0007ffff800]
[trap] num=75 (0x4b) pc=0x1804b09b0 args=[0x70082c000,0x10000,0x7,0x0,0x0,0x0,0x0,0xfffff0007ffff800]
[trap] num=75 (0x4b) pc=0x1804b09b0 args=[0x70083c000,0x10000,0x7,0x0,0x0,0x0,0x0,0xfffff0007ffff800]
[trap] num=75 (0x4b) pc=0x1804b09b0 args=[0x700868000,0xc000,0x7,0x0,0x0,0x0,0x0,0xfffff0007ffff800]
[trap] num=75 (0x4b) pc=0x1804b09b0 args=[0x700874000,0x14000,0x7,0x0,0x0,0x0,0x0,0xfffff0007ffff800]
[trap] num=75 (0x4b) pc=0x1804b09b0 args=[0x7008a8000,0x24000,0x7,0x0,0x0,0x0,0x0,0xfffff0007ffff800]
[trap] num=73 (0x49) pc=0x1804b1728 args=[0xa2cf9c000,0x10000000,0x10000000,0xcb2,0x81d80,0x0,0xffffffffbfc007ff,0xfffff0003ffff800]
[probe] munmap over MAP_JIT ipa=0xa2cf9c000 len=0x10000000
[trap] num=75 (0x4b) pc=0x1804b09b0 args=[0x70080c000,0x10000,0x7,0x0,0x0,0x0,0xffffffffbfc007ff,0xfffff0003ffff800]
[trap] num=339 (0x153) pc=0x1804bc288 args=[0x0,0x27ff5d0,0x60,0xfffff0007fc00000,0x700c50140,0x0,0x0,0xfffff0003ffff800]
[trap] num=92 (0x5c) pc=0x1804ae8c4 args=[0x0,0x3,0xffffffffec6fb670,0xfffff0007fc00000,0x700c50140,0x0,0x0,0xfffff0003ffff800]
[trap] num=339 (0x153) pc=0x1804bc288 args=[0x1,0x27ff5d0,0xffffffffec6fb670,0xfffff0007fc00000,0x700c50140,0x0,0x0,0xfffff0003ffff800]
[trap] num=92 (0x5c) pc=0x1804ae8c4 args=[0x1,0x3,0xffffffffec6fb670,0xfffff0007fc00000,0x700c50140,0x0,0x0,0xfffff0003ffff800]
[trap] num=92 (0x5c) pc=0x1804ae8c4 args=[0x1,0x4,0x1,0xfffff0007fc00000,0x700c50140,0x0,0x0,0xfffff0003ffff800]
[trap] num=339 (0x153) pc=0x1804bc288 args=[0x2,0x27ff5d0,0x1,0xfffff0007fc00000,0x700c50140,0x0,0x0,0xfffff0003ffff800]
[trap] num=92 (0x5c) pc=0x1804ae8c4 args=[0x2,0x3,0x1,0xfffff0007fc00000,0x700c50140,0x0,0x0,0xfffff0003ffff800]
[trap] num=46 (0x2e) pc=0x1804b4478 args=[0x1,0x0,0x27ff670,0xfffff0007fc00000,0x700c50140,0x0,0x0,0xfffff0003ffff800]
[trap] num=46 (0x2e) pc=0x1804b4478 args=[0x2,0x0,0x27ff670,0xfffff0007fc00000,0x700c50140,0x0,0x0,0xfffff0003ffff800]
[trap] num=46 (0x2e) pc=0x1804b4478 args=[0x3,0x0,0x27ff670,0xfffff0007fc00000,0x700c50140,0x0,0x0,0xfffff0003ffff800]
[trap] num=46 (0x2e) pc=0x1804b4478 args=[0x4,0x0,0x27ff670,0xfffff0007fc00000,0x700c50140,0x0,0x0,0xfffff0003ffff800]
[trap] num=46 (0x2e) pc=0x1804b4478 args=[0x5,0x0,0x27ff670,0xfffff0007fc00000,0x700c50140,0x0,0x0,0xfffff0003ffff800]
[trap] num=46 (0x2e) pc=0x1804b4478 args=[0x6,0x0,0x27ff670,0xfffff0007fc00000,0x700c50140,0x0,0x0,0xfffff0003ffff800]
[trap] num=46 (0x2e) pc=0x1804b4478 args=[0x7,0x0,0x27ff670,0xfffff0007fc00000,0x700c50140,0x0,0x0,0xfffff0003ffff800]
[trap] num=46 (0x2e) pc=0x1804b4478 args=[0x8,0x0,0x27ff670,0xfffff0007fc00000,0x700c50140,0x0,0x0,0xfffff0003ffff800]
[trap] num=46 (0x2e) pc=0x1804b4478 args=[0xa,0x0,0x27ff670,0xfffff0007fc00000,0x700c50140,0x0,0x0,0xfffff0003ffff800]
[trap] num=46 (0x2e) pc=0x1804b4478 args=[0xb,0x0,0x27ff670,0xfffff0007fc00000,0x700c50140,0x0,0x0,0xfffff0003ffff800]
[trap] num=46 (0x2e) pc=0x1804b4478 args=[0xc,0x0,0x27ff670,0xfffff0007fc00000,0x700c50140,0x0,0x0,0xfffff0003ffff800]
[trap] num=46 (0x2e) pc=0x1804b4478 args=[0xd,0x27ff648,0x0,0xfffff0007fc00000,0x700c50140,0x0,0x0,0xfffff0003ffff800]
[trap] num=46 (0x2e) pc=0x1804b4478 args=[0xe,0x0,0x27ff670,0xfffff0007fc00000,0x700c50140,0x0,0x0,0xfffff0003ffff800]
[trap] num=46 (0x2e) pc=0x1804b4478 args=[0xf,0x0,0x27ff670,0xfffff0007fc00000,0x700c50140,0x0,0x0,0xfffff0003ffff800]
[trap] num=46 (0x2e) pc=0x1804b4478 args=[0x10,0x0,0x27ff670,0xfffff0007fc00000,0x700c50140,0x0,0x0,0xfffff0003ffff800]
[trap] num=46 (0x2e) pc=0x1804b4478 args=[0x12,0x0,0x27ff670,0xfffff0007fc00000,0x700c50140,0x0,0x0,0xfffff0003ffff800]
[trap] num=46 (0x2e) pc=0x1804b4478 args=[0x13,0x0,0x27ff670,0xfffff0007fc00000,0x700c50140,0x0,0x0,0xfffff0003ffff800]
[trap] num=46 (0x2e) pc=0x1804b4478 args=[0x14,0x0,0x27ff670,0xfffff0007fc00000,0x700c50140,0x0,0x0,0xfffff0003ffff800]
[trap] num=46 (0x2e) pc=0x1804b4478 args=[0x15,0x0,0x27ff670,0xfffff0007fc00000,0x700c50140,0x0,0x0,0xfffff0003ffff800]
[trap] num=46 (0x2e) pc=0x1804b4478 args=[0x16,0x0,0x27ff670,0xfffff0007fc00000,0x700c50140,0x0,0x0,0xfffff0003ffff800]
[trap] num=46 (0x2e) pc=0x1804b4478 args=[0x17,0x0,0x27ff670,0xfffff0007fc00000,0x700c50140,0x0,0x0,0xfffff0003ffff800]
[trap] num=46 (0x2e) pc=0x1804b4478 args=[0x18,0x0,0x27ff670,0xfffff0007fc00000,0x700c50140,0x0,0x0,0xfffff0003ffff800]
[trap] num=46 (0x2e) pc=0x1804b4478 args=[0x19,0x27ff648,0x0,0xfffff0007fc00000,0x700c50140,0x0,0x0,0xfffff0003ffff800]
[trap] num=46 (0x2e) pc=0x1804b4478 args=[0x1a,0x0,0x27ff670,0xfffff0007fc00000,0x700c50140,0x0,0x0,0xfffff0003ffff800]
[trap] num=46 (0x2e) pc=0x1804b4478 args=[0x1b,0x0,0x27ff670,0xfffff0007fc00000,0x700c50140,0x0,0x0,0xfffff0003ffff800]
[trap] num=46 (0x2e) pc=0x1804b4478 args=[0x1c,0x0,0x27ff670,0xfffff0007fc00000,0x700c50140,0x0,0x0,0xfffff0003ffff800]
[trap] num=46 (0x2e) pc=0x1804b4478 args=[0x1d,0x0,0x27ff670,0xfffff0007fc00000,0x700c50140,0x0,0x0,0xfffff0003ffff800]
[trap] num=46 (0x2e) pc=0x1804b4478 args=[0x1e,0x0,0x27ff670,0xfffff0007fc00000,0x700c50140,0x0,0x0,0xfffff0003ffff800]
[trap] num=46 (0x2e) pc=0x1804b4478 args=[0x1f,0x0,0x27ff670,0xfffff0007fc00000,0x700c50140,0x0,0x0,0xfffff0003ffff800]
[trap] num=73 (0x49) pc=0x1804b1728 args=[0xa24f9c000,0x8000000,0x60,0xfffff0007fc00000,0xfffff0007fc00000,0x0,0x0,0xfffff0003ffff800]
[trap] num=197 (0xc5) pc=0x1804aea18 args=[0xa14f9c000,0x10000,0x0,0x41012,0xffffffff,0x0,0x0,0xfffff0003ffff800]
[trap] num=73 (0x49) pc=0x1804b1728 args=[0xa14f9c000,0x10000000,0x3fc,0x1,0x0,0x27ff4e7,0x3ff800,0xfffff0007ffff800]
[trap] num=363 (0x16b) pc=0x1804b3fc4 args=[0x8,0x27ff5f0,0x1,0x0,0x0,0x0,0xffffffffbfc007ff,0xfffff0003ffff800]
[probe] kevent#10 tid=0 kq=8 change ident=0x9 filter=-10 flags=0x0 fflags=0x1000000 data=0x0 udata=0x0 nev=0 timeout=None
[probe] kevent deliver kq=8 n=1
[probe] kevent wake tid=1 kq=8 n=1
[probe] kevent#10 call tid=0 kq=8 nch=1 nev=0 timeout=None -> immediate n=0
[trap] num=515 (0x203) pc=0x1804afaf8 args=[0x1020002,0x30047034,0xbad7007,0x0,0x0,0x0,0xffffffffbfc007ff,0xfffff0003ffff800]
[trap] num=399 (0x18f) pc=0x1804af584 args=[0x9,0x78e58,0x1,0xfffff0007fc00000,0x400,0x0,0x0,0x0]
[trap] num=399 (0x18f) pc=0x1804af584 args=[0x8,0x78e58,0x1,0xfffff0007fc00000,0x400,0x0,0x0,0x0]
[trap] num=331 (0x14b) pc=0x1804b0b50 args=[0x1,0x0,0x1911,0x16,0x79180,0x0,0x0,0x0]
[trap] num=516 (0x204) pc=0x1804afbcc args=[0x1000002,0x30047034,0x0,0xbad7007,0x30043fc0,0x0,0x0,0x0]
[trap] num=361 (0x169) pc=0x1804b0b7c args=[0x30000000,0x44000,0xbad7007,0x0,0x30043fc0,0x0,0x0,0x0]
[trap] num=-12 (0xfffffffffffffff4) pc=0x1804adaa8 args=[0x203,0x30044000,0x8000,0x0,0x0,0x0,0xffffffffbfc007ff,0xfffff0003ffff800]
[probe] partial munmap 0x30044000+0x8000 of backing 0x30000000..0x3004c000
[trap] num=515 (0x203) pc=0x1804afaf8 args=[0x1020002,0x30093034,0xbad700b,0x0,0x0,0x0,0xffffffffbfc007ff,0xfffff0003ffff800]
[trap] num=331 (0x14b) pc=0x1804b0b50 args=[0x1,0x50000,0x16cd,0x3,0x0,0xa0,0x0,0x0]
[trap] num=516 (0x204) pc=0x1804afbcc args=[0x1000002,0x30093034,0x0,0xbad700b,0x3008ffc0,0xa0,0x0,0x0]
[trap] num=361 (0x169) pc=0x1804b0b7c args=[0x3004c000,0x44000,0xbad700b,0x0,0x3008ffc0,0xa0,0x0,0x0]
[trap] num=-12 (0xfffffffffffffff4) pc=0x1804adaa8 args=[0x203,0x30090000,0x8000,0x0,0x0,0x0,0xffffffffbfc007ff,0xfffff0003ffff800]
[probe] partial munmap 0x30090000+0x8000 of backing 0x3004c000..0x30098000
[trap] num=515 (0x203) pc=0x1804afaf8 args=[0x1020002,0x300df034,0xbad700f,0x0,0x0,0x0,0xffffffffbfc007ff,0xfffff0003ffff800]
[trap] num=331 (0x14b) pc=0x1804b0b50 args=[0x1,0x50000,0x1911,0x19,0x0,0xa0,0x0,0x0]
[trap] num=516 (0x204) pc=0x1804afbcc args=[0x1000002,0x300df034,0x0,0xbad700f,0x300dbfc0,0xa0,0x0,0x0]
[trap] num=361 (0x169) pc=0x1804b0b7c args=[0x30098000,0x44000,0xbad700f,0x0,0x300dbfc0,0xa0,0x0,0x0]
[trap] num=-12 (0xfffffffffffffff4) pc=0x1804adaa8 args=[0x203,0x300dc000,0x8000,0x0,0x0,0x0,0xffffffffbfc007ff,0xfffff0003ffff800]
[probe] partial munmap 0x300dc000+0x8000 of backing 0x30098000..0x300e4000
[trap] num=515 (0x203) pc=0x1804afaf8 args=[0x1020002,0x3012b034,0xbad7013,0x0,0x0,0x0,0xffffffffbfc007ff,0xfffff0003ffff800]
[trap] num=331 (0x14b) pc=0x1804b0b50 args=[0x1,0x50000,0x1911,0x1c,0x0,0xa0,0x0,0x0]
[trap] num=516 (0x204) pc=0x1804afbcc args=[0x1000002,0x3012b034,0x0,0xbad7013,0x30127fc0,0xa0,0x0,0x0]
[trap] num=361 (0x169) pc=0x1804b0b7c args=[0x300e4000,0x44000,0xbad7013,0x0,0x30127fc0,0xa0,0x0,0x0]
[trap] num=-12 (0xfffffffffffffff4) pc=0x1804adaa8 args=[0x203,0x30128000,0x8000,0x0,0x0,0x0,0xffffffffbfc007ff,0xfffff0003ffff800]
[probe] partial munmap 0x30128000+0x8000 of backing 0x300e4000..0x30130000
[trap] num=515 (0x203) pc=0x1804afaf8 args=[0x1020002,0x30177034,0xbad7017,0x0,0x0,0x0,0xffffffffbfc007ff,0xfffff0003ffff800]
[trap] num=331 (0x14b) pc=0x1804b0b50 args=[0x1,0x50000,0x1911,0x31c,0x0,0xa0,0x0,0x0]
[trap] num=516 (0x204) pc=0x1804afbcc args=[0x1000002,0x30177034,0x0,0xbad7017,0x30173fc0,0xa0,0x0,0x0]
[trap] num=361 (0x169) pc=0x1804b0b7c args=[0x30130000,0x44000,0xbad7017,0x0,0x30173fc0,0xa0,0x0,0x0]
[trap] num=-12 (0xfffffffffffffff4) pc=0x1804adaa8 args=[0x203,0x30174000,0x8000,0x0,0x0,0x0,0xffffffffbfc007ff,0xfffff0003ffff800]
[probe] partial munmap 0x30174000+0x8000 of backing 0x30130000..0x3017c000
[trap] num=305 (0x131) pc=0x1804b150c args=[0x78b90,0x100000100,0x0,0x0,0x0,0xa0,0x0,0x1]
[probe] psynch#22 cvwait tid=0 cv=0x78b90 lsgen=0x100000100 ugen=0x0 mutex=0x0 mugen=0x0 flags=0xa0 sec=0 nsec=1
[probe] cvwait timeout tid=0 cv=0x78b90
[trap] num=305 (0x131) pc=0x1804b150c args=[0x78b60,0x100000100,0x0,0x0,0x0,0xa0,0x0,0x1]
[probe] psynch#23 cvwait tid=0 cv=0x78b60 lsgen=0x100000100 ugen=0x0 mutex=0x0 mugen=0x0 flags=0xa0 sec=0 nsec=1
[probe] cvwait timeout tid=0 cv=0x78b60
[trap] num=305 (0x131) pc=0x1804b150c args=[0x701071fc8,0x10000000200,0x100,0x0,0x0,0xa0,0x0,0x1]
[probe] psynch#24 cvwait tid=0 cv=0x701071fc8 lsgen=0x10000000200 ugen=0x100 mutex=0x0 mugen=0x0 flags=0xa0 sec=0 nsec=1
[probe] cvwait timeout tid=0 cv=0x701071fc8
[trap] num=305 (0x131) pc=0x1804b150c args=[0x701071f98,0x50000000600,0x500,0x0,0x0,0xa0,0x0,0x1]
[probe] psynch#25 cvwait tid=0 cv=0x701071f98 lsgen=0x50000000600 ugen=0x500 mutex=0x0 mugen=0x0 flags=0xa0 sec=0 nsec=1
[probe] cvwait timeout tid=0 cv=0x701071f98
[trap] num=363 (0x16b) pc=0x1804b3fc4 args=[0x4,0x27f75b0,0x0,0x27f75b0,0x400,0x27f75a0,0x0,0x1]
[probe] kevent#11 call tid=0 kq=4 nch=0 nev=1024 timeout=Some((0, 0)) -> immediate n=0
[trap] num=399 (0x18f) pc=0x1804af584 args=[0x7,0x78608,0x1,0x27f75b0,0x400,0x27f75a0,0x0,0x1]
[trap] num=399 (0x18f) pc=0x1804af584 args=[0x4,0x78608,0x1,0x27f75b0,0x400,0x27f75a0,0x0,0x1]
[trap] num=305 (0x131) pc=0x1804b150c args=[0x78868,0x100000100,0x0,0x0,0x0,0xa0,0x0,0x1]
[probe] psynch#26 cvwait tid=0 cv=0x78868 lsgen=0x100000100 ugen=0x0 mutex=0x0 mugen=0x0 flags=0xa0 sec=0 nsec=1
[probe] cvwait timeout tid=0 cv=0x78868
[trap] num=339 (0x153) pc=0x1804bc288 args=[0x0,0x27ff5a0,0x60,0xfffff0007fc00000,0x700c40f00,0x10000000100,0x0,0x1]
[trap] num=92 (0x5c) pc=0x1804ae8c4 args=[0x0,0x3,0x2fdc,0xfffff0007fc00000,0x700c40f00,0x10000000100,0x0,0x1]
[trap] num=339 (0x153) pc=0x1804bc288 args=[0x1,0x27ff5a0,0x2fdc,0xfffff0007fc00000,0x700c40f00,0x10000000100,0x0,0x1]
[trap] num=92 (0x5c) pc=0x1804ae8c4 args=[0x1,0x3,0x2fdc,0xfffff0007fc00000,0x700c40f00,0x10000000100,0x0,0x1]
[trap] num=339 (0x153) pc=0x1804bc288 args=[0x2,0x27ff5a0,0x2fdc,0xfffff0007fc00000,0x700c40f00,0x10000000100,0x0,0x1]
[trap] num=92 (0x5c) pc=0x1804ae8c4 args=[0x2,0x3,0x2fdc,0xfffff0007fc00000,0x700c40f00,0x10000000100,0x0,0x1]
[trap] num=75 (0x4b) pc=0x1804b09b0 args=[0x700800000,0xc000,0x7,0x0,0x0,0x0,0xffffffffbfc007ff,0xfffff0003ffff800]
[trap] num=-47 (0xffffffffffffffd1) pc=0x1804adc34 args=[0x27ff600,0x200000003,0x2880001513,0x140300000203,0xd5b00000000,0x140300000001,0x2c,0x0]
[mach_msg2] msgh_id=3419 dest=0x203 reply=0x1403 options=0x200000003 bits=0x80001513 send_size=40 rcv_size=44
  send+000: 13 15 00 80 28 00 00 00 03 02 00 00 03 14 00 00
  send+010: 00 00 00 00 5b 0d 00 00 01 00 00 00 03 21 00 00
  send+020: 00 00 00 00 00 00 11 00
[retrace] forwarding mach_msg2 semaphore_destroy (msgh_id 3419) to host (decided allowlist)
[mach_msg2] host ret=0x0 err=false
  reply@0x27ff600+000: 00 12 00 00 24 00 00 00 00 00 00 00 03 14 00 00
  reply@0x27ff600+010: 00 00 00 00 bf 0d 00 00 00 00 00 00 01 00 00 00
  reply@0x27ff600+020: 00 00 00 00 00 00 00 00 08 00 00 00 0a 00 00 00
  reply@0x27ff600+030: 50 1f 70 ec 01 00 00 00 58 00 e2 09 0a 00 00 00
  reply@0x27ff600+040: 50 f6 7f 02 00 00 00 00 58 22 d1 0b 0a 00 00 00
  reply@0x27ff600+050: 70 f6 7f 02 00 00 00 00 00 50 0b 08 0a 00 00 00
  reply@0x27ff600+060: 50 1f 70 ec 01 00 00 00 00 00 00 00 00 00 00 00
  reply@0x27ff600+070: e0 f6 7f 02 00 00 00 00 f4 77 3a 80 01 00 00 00
  reply@0x27ff600+080: 60 53 44 ec 01 00 00 00 00 00 00 00 00 00 00 00
  reply@0x27ff600+090: 00 00 00 00 00 00 00 00 00 00 00 00 00 00 00 00
  reply@0x27ff600+0a0: 70 b6 6f ec 01 00 00 00 80 f9 7f 02 00 00 00 00
  reply@0x27ff600+0b0: a0 41 44 ec 01 00 00 00 00 00 00 00 00 00 00 00
  reply@0x27ff600+0c0: 00 00 00 00 00 00 00 00 58 40 44 ec 01 00 00 00
  reply@0x27ff600+0d0: 60 53 44 ec 01 00 00 00 00 00 00 00 00 00 00 00
  reply@0x27ff600+0e0: 00 f7 7f 02 00 00 00 00 f4 75 3a 80 01 00 00 00
  reply@0x27ff600+0f0: 60 53 44 ec 01 00 00 00 00 00 00 00 00 00 00 00
[trap] num=399 (0x18f) pc=0x1804af584 args=[0x5,0x1273,0x1273,0x38,0x72780,0x140300000001,0x2c,0x0]
[trap] num=399 (0x18f) pc=0x1804af584 args=[0x6,0x1273,0x1273,0x38,0x72780,0x140300000001,0x2c,0x0]
[trap] num=1 (0x1) pc=0x1804b5584 args=[0x0,0x1,0x120a8,0x1ec701508,0x1803a78bc,0x140300000001,0x2c,0x0]
[probe-summary] threads=7 states=[0:Runnable, 1:Exited(0), 2:Exited(0), 3:Exited(0), 4:Exited(0), 5:Exited(0), 6:Runnable] waits={} sprr_writes=278 view_flips=280 kevents=11 psynch=26 jit=[(a2cf9c000, 10000000)] kqs=[(4, 1), (7, 1), (8, 1), (10, 1), (13, 1)]
[retrace] fall-throughs: 5
