[trap] num=-28 (0xffffffffffffffe4) pc=0x140001654 args=[0x27ff8a8,0x8,0x1400e0090,0x27ff34f,0x27ff498,0x1400647cc,0x0,0x0]
[trap] num=-26 (0xffffffffffffffe6) pc=0x14000163c args=[0x203,0x8,0x1400e0090,0x27ff34f,0x27ff498,0x1400647cc,0x0,0x0]
[trap] num=372 (0x174) pc=0x140004b14 args=[0x0,0x8,0x1400e0090,0x27ff34f,0x27ff498,0x1400647cc,0x0,0x0]
[trap] num=2147483648 (0x80000000) pc=0x14008194c args=[0x1400b9ee0,0x8,0x1400e0090,0x2,0x27ff498,0x1400647cc,0x0,0x0]
[retrace warn] dyld __mac_syscall(Sandbox) synthesized as success/unsandboxed (not forwarded; host would fault)
[trap] num=38 (0x26) pc=0x1400815a0 args=[0x0,0x0,0x0,0x27ff548,0x0,0x1400647cc,0x0,0x0]
[trap] num=-14 (0xfffffffffffffff2) pc=0x1400015b8 args=[0x203,0x1400bc000,0x200f0,0x0,0x3,0x1400647cc,0x0,0x0]
[trap] num=483 (0x1e3) pc=0x140004e08 args=[0x0,0x27ff50c,0x4,0x0,0x3,0x1400647cc,0x0,0x0]
[trap] num=38 (0x26) pc=0x1400815a0 args=[0x0,0x0,0x0,0x27ff4c8,0x0,0x1400647cc,0x0,0x0]
[trap] num=-14 (0xfffffffffffffff2) pc=0x1400015b8 args=[0x203,0x1400bc000,0x200f0,0x0,0x1,0x1400bc0f0,0x20000,0x0]
[trap] num=-14 (0xfffffffffffffff2) pc=0x1400015b8 args=[0x203,0x1400bc000,0x200f0,0x0,0x3,0x1400bc0f0,0x20000,0x0]
[trap] num=-14 (0xfffffffffffffff2) pc=0x1400015b8 args=[0x203,0x1400bc000,0x200f0,0x0,0x1,0x75,0x20000,0xec0]
[trap] num=294 (0x126) pc=0x1400062f8 args=[0x27ff870,0x27ff870,0x27ff860,0x27ff870,0x27ff900,0x75,0x20000,0xec0]
[trap] num=-14 (0xfffffffffffffff2) pc=0x1400015b8 args=[0x203,0x1400bc000,0x200f0,0x0,0x3,0x75,0x20000,0xec0]
[trap] num=-15 (0xfffffffffffffff1) pc=0x1400015c4 args=[0x203,0x27fecf0,0x20000,0x3fff,0x3c000001,0x3,0x0,0x0]
[trap] num=20 (0x14) pc=0x140004f48 args=[0x0,0x3,0x71e4d4cf50a,0x2,0x1,0x27ff440,0x65,0x0]
[trap] num=-12 (0xfffffffffffffff4) pc=0x1400015a0 args=[0x203,0x100014000,0x20000,0x0,0x0,0x0,0x0,0x0]
[trap] num=-14 (0xfffffffffffffff2) pc=0x1400015b8 args=[0x203,0x1400bc000,0x200f0,0x0,0x1,0x0,0x0,0x0]
[trap] num=38 (0x26) pc=0x1400815a0 args=[0x0,0x0,0x0,0x27ff658,0x1,0x0,0x0,0x0]
[trap] num=483 (0x1e3) pc=0x140004e08 args=[0x0,0x27ff66c,0x4,0x27ff6d8,0x1,0x0,0x0,0x0]
[trap] num=-14 (0xfffffffffffffff2) pc=0x1400015b8 args=[0x203,0x1400bc000,0x200f0,0x0,0x3,0x0,0x0,0x0]
[trap] num=-15 (0xfffffffffffffff1) pc=0x1400015c4 args=[0x203,0x27fecf0,0x20000,0x3fff,0x3c000001,0x3,0x0,0x0]
[trap] num=-12 (0xfffffffffffffff4) pc=0x1400015a0 args=[0x203,0x100014000,0x20000,0x0,0x0,0x0,0x0,0x0]
[trap] num=-14 (0xfffffffffffffff2) pc=0x1400015b8 args=[0x203,0x1400bc000,0x200f0,0x0,0x1,0x0,0x0,0x0]
[trap] num=336 (0x150) pc=0x14000600c args=[0xf,0x130d0,0x0,0x0,0x1ec6f7f80,0x170,0x0,0x0]
[trap] num=-28 (0xffffffffffffffe4) pc=0x180115654 args=[0x1,0x0,0x0,0x0,0x0,0x0,0x0,0x0]
[trap] num=-26 (0xffffffffffffffe6) pc=0x18011563c args=[0x203,0x0,0x0,0x0,0x0,0x0,0x0,0x0]
[trap] num=372 (0x174) pc=0x180118b14 args=[0x0,0x0,0x0,0x0,0x0,0x0,0x0,0x0]
[trap] num=2147483648 (0x80000000) pc=0x18019594c args=[0x1ec6f9e60,0x0,0x0,0x2,0x0,0x0,0x0,0x0]
[retrace warn] dyld __mac_syscall(Sandbox) synthesized as success/unsandboxed (not forwarded; host would fault)
[trap] num=38 (0x26) pc=0x1801955a0 args=[0x0,0x0,0x0,0x27ff548,0x0,0x0,0x0,0x0]
[trap] num=-14 (0xfffffffffffffff2) pc=0x1801155b8 args=[0x203,0x1ec444000,0x24000,0x0,0x13,0x0,0x0,0x0]
[trap] num=483 (0x1e3) pc=0x180118e08 args=[0x0,0x27ff50c,0x4,0x0,0x13,0x0,0x0,0x0]
[trap] num=38 (0x26) pc=0x1801955a0 args=[0x0,0x0,0x0,0x27ff4c8,0x0,0x0,0x0,0x0]
[trap] num=-14 (0xfffffffffffffff2) pc=0x1801155b8 args=[0x203,0x1ec444000,0x24000,0x0,0x1,0x1ec444140,0x20000,0x0]
[trap] num=-14 (0xfffffffffffffff2) pc=0x1801155b8 args=[0x203,0x1ec444000,0x24000,0x0,0x13,0x1ec444140,0x20000,0x0]
[trap] num=-14 (0xfffffffffffffff2) pc=0x1801155b8 args=[0x203,0x1ec444000,0x24000,0x0,0x1,0x75,0x20000,0xec0]
[trap] num=294 (0x126) pc=0x18011a2f8 args=[0x27ff870,0x27ff870,0x27ff860,0x27ff870,0x27ff900,0x75,0x20000,0xec0]
[trap] num=-19 (0xffffffffffffffed) pc=0x1801155e8 args=[0x203,0x203,0x0,0xffffffff,0x27ff900,0x75,0x20000,0xec0]
[trap] num=-14 (0xfffffffffffffff2) pc=0x1801155b8 args=[0x203,0x1ec444000,0x24000,0x0,0x3,0x75,0x20000,0xec0]
[trap] num=-15 (0xfffffffffffffff1) pc=0x1801155c4 args=[0x203,0x27fecf0,0x20000,0x3fff,0x3c000001,0x3,0x0,0x0]
[trap] num=20 (0x14) pc=0x180118f48 args=[0x0,0x3,0x71e4d4e5d0a,0x2,0x1,0x27ff440,0x65,0x0]
[trap] num=-12 (0xfffffffffffffff4) pc=0x1801155a0 args=[0x203,0x100014000,0x20000,0x0,0x0,0x0,0x0,0x0]
[trap] num=-14 (0xfffffffffffffff2) pc=0x1801155b8 args=[0x203,0x1ec444000,0x24000,0x0,0x1,0x0,0x0,0x0]
[trap] num=73 (0x49) pc=0x18011823c args=[0x140000000,0xa8000,0x27ff5cf,0x2,0x8,0x0,0x0,0x0]
[trap] num=73 (0x49) pc=0x18011823c args=[0x1400a8000,0x4000,0x27ff5cf,0x2,0x8,0x0,0x0,0x0]
[trap] num=73 (0x49) pc=0x18011823c args=[0x1400ac000,0x8000,0x27ff5cf,0x2,0x8,0x0,0x0,0x0]
[trap] num=73 (0x49) pc=0x18011823c args=[0x1400b4000,0x4000,0x27ff5cf,0x2,0x8,0x0,0x0,0x0]
[trap] num=73 (0x49) pc=0x18011823c args=[0x1400bc000,0x24000,0x27ff5cf,0x2,0x8,0x0,0x0,0x0]
[trap] num=73 (0x49) pc=0x18011823c args=[0x1400e0000,0x60000,0x27ff5cf,0x2,0x8,0x0,0x0,0x0]
[trap] num=-14 (0xfffffffffffffff2) pc=0x1801155b8 args=[0x203,0x1ec444000,0x24000,0x0,0x3,0x0,0x0,0x0]
[trap] num=38 (0x26) pc=0x1801955a0 args=[0x0,0x0,0x0,0x27ff188,0x1,0x0,0x0,0x0]
[trap] num=5 (0x5) pc=0x180119f50 args=[0x27ffde4,0x0,0x0,0x0,0x1,0x0,0x0,0x0]
[trap] num=92 (0x5c) pc=0x1801180d8 args=[0x3,0x32,0x27fed88,0x0,0x1,0x0,0x0,0x0]
[trap] num=6 (0x6) pc=0x180116750 args=[0x3,0x32,0x27fed88,0x0,0x1,0x0,0x0,0x0]
[trap] num=483 (0x1e3) pc=0x180118e08 args=[0x0,0x27ff19c,0x4,0x21,0x6e,0x4d,0x0,0x0]
[trap] num=381 (0x17d) pc=0x180119ecc args=[0x1801b7eb4,0x2,0x27ff0c0,0xa,0x73,0x69,0x0,0x0]
[trap] num=483 (0x1e3) pc=0x180118e08 args=[0x0,0x27ff1ac,0x4,0x2d,0x6e,0x41,0x0,0x90]
[trap] num=202 (0xca) pc=0x18011a37c args=[0x27ff160,0x2,0x27ff128,0x27ff120,0x1801ab70b,0x20,0x0,0x90]
[trap] num=202 (0xca) pc=0x18011a37c args=[0x27ff128,0x3,0x27ff1bc,0x27ff1b0,0x0,0x0,0x0,0x90]
[trap] num=381 (0x17d) pc=0x180119ecc args=[0x1801b4bf1,0x5a,0x27ff140,0xa,0x0,0x0,0x0,0x90]
[trap] num=202 (0xca) pc=0x18011a37c args=[0x27fe3b0,0x2,0x27fe378,0x27fe370,0x1801b698e,0xd,0x1ec444ed0,0x90]
[trap] num=202 (0xca) pc=0x18011a37c args=[0x27fe378,0x2,0x27fe428,0x27fe420,0x0,0x0,0x1ec444ed0,0x90]
[trap] num=5 (0x5) pc=0x180119f50 args=[0x1801aaaf1,0x20100000,0x0,0xfffffffffffffff0,0x0,0x72,0x0,0x80]
[trap] num=463 (0x1cf) pc=0x180119f7c args=[0x3,0x1801b4c4b,0x100000,0x0,0x0,0x72,0x0,0x80]
[trap] num=41 (0x29) pc=0x18011a484 args=[0x4,0x1801b625c,0x100000,0x0,0x0,0x72,0x0,0x80]
[trap] num=470 (0x1d6) pc=0x18011a5e4 args=[0x4,0x27fdf01,0x27fde70,0x0,0x27fdf80,0x72,0x0,0x80]
[trap] num=463 (0x1cf) pc=0x180119f7c args=[0x4,0x27fdf01,0x100000,0x0,0x27fdf80,0x72,0x0,0x80]
[trap] num=92 (0x5c) pc=0x1801180d8 args=[0x6,0x32,0x27fdf00,0x0,0x27fdf80,0x72,0x0,0x80]
[trap] num=41 (0x29) pc=0x18011a484 args=[0x6,0x1801b6e25,0x27fed90,0x0,0x27fdf80,0x72,0x0,0x80]
[trap] num=41 (0x29) pc=0x18011a484 args=[0x5,0x1801b6e25,0x27fed90,0x0,0x27fdf80,0x72,0x0,0x80]
[trap] num=6 (0x6) pc=0x180116750 args=[0x3,0x1801b6cb4,0x27fed90,0x0,0x27fdf80,0x72,0x0,0x80]
[trap] num=6 (0x6) pc=0x180116750 args=[0x5,0x1801b6cf2,0x27fed90,0x0,0x27fdf80,0x72,0x0,0x80]
[trap] num=6 (0x6) pc=0x180116750 args=[0x4,0x1801b6d1f,0x27fed90,0x0,0x27fdf80,0x72,0x0,0x80]
[trap] num=6 (0x6) pc=0x180116750 args=[0x6,0x1801b6d4a,0x27fed90,0x0,0x27fdf80,0x72,0x0,0x80]
[trap] num=381 (0x17d) pc=0x180119ecc args=[0x1801b7eb4,0x2,0x27fec10,0xa,0x73,0x69,0x0,0x80]
[trap] num=294 (0x126) pc=0x18011a2f8 args=[0x27fec58,0x27fed28,0x27fed28,0x27fed54,0x73,0x69,0x0,0x80]
[trap] num=-14 (0xfffffffffffffff2) pc=0x1801155b8 args=[0x203,0x1ec444000,0x24000,0x0,0x3,0x0,0x0,0x5c0]
[trap] num=427 (0x1ab) pc=0x18011a5b8 args=[0x27fedc0,0x400,0x27fed44,0x748e8,0x3,0x0,0x0,0x5c0]
[trap] num=92 (0x5c) pc=0x1801180d8 args=[0x8,0x32,0x27fedc0,0x1ec445222,0xfffffffe163b9bb0,0x10,0x0,0x5c0]
[trap] num=6 (0x6) pc=0x180116750 args=[0x8,0x1801b6a74,0x4,0x180115e30,0x1,0x10,0x0,0x5c0]
[trap] num=6 (0x6) pc=0x180116750 args=[0x7,0x1801b6a98,0x4,0x180115e30,0x1,0x10,0x0,0x5c0]
[trap] num=338 (0x152) pc=0x180116c48 args=[0x1ec4451d0,0x27fe8e0,0x1ec4451d0,0x27fe9d8,0x27fea00,0x27fe9e0,0x0,0x27fea08]
[trap] num=5 (0x5) pc=0x180119f50 args=[0x1ec4451d0,0x0,0x0,0x27fe9d8,0x27fea00,0x27fe9e0,0x0,0x27fea08]
[trap] num=197 (0xc5) pc=0x180119190 args=[0x0,0x10b20,0x1,0x40002,0x3,0x0,0x0,0x27fea08]
[trap] num=92 (0x5c) pc=0x1801180d8 args=[0x3,0x32,0x27fea08,0x40002,0x3,0x0,0x0,0x27fea08]
[trap] num=73 (0x49) pc=0x18011823c args=[0xa00000000,0x10b20,0x10b20,0x0,0x27fe9e0,0x27fea08,0x3,0x27fea08]
[trap] num=6 (0x6) pc=0x180116750 args=[0x3,0x10b20,0x10b20,0x0,0x27fe9e0,0x27fea08,0x3,0x27fea08]
[trap] num=338 (0x152) pc=0x180116c48 args=[0x1ec4451d0,0x27fee60,0x27fef20,0x0,0x27fe9e0,0x27fea08,0x3,0x27fea08]
[trap] num=5 (0x5) pc=0x180119f50 args=[0x100000350,0x0,0x0,0x100000350,0x40,0x2f,0x27fed6f,0x6d0]
[trap] num=5 (0x5) pc=0x180119f50 args=[0x27fddd8,0x100000,0x0,0x27fddf1,0x40,0x2f,0x0,0x6d0]
[trap] num=338 (0x152) pc=0x180116c48 args=[0x27fdf50,0x27fdc50,0x27fdd50,0x27fdd38,0x27fdf5a,0x1801ac864,0x0,0x160]
[trap] num=-10 (0xfffffffffffffff6) pc=0x180115588 args=[0x203,0x27fdc10,0x4000,0x3c000001,0x27fdf5a,0x1801ac864,0x0,0x160]
[trap] num=338 (0x152) pc=0x180116c48 args=[0x27fdf50,0x27fdc50,0x27fdd50,0x27fdd38,0x27fdf5a,0x1801ac864,0x0,0x160]
[trap] num=338 (0x152) pc=0x180116c48 args=[0x27fdf50,0x27fd560,0x27fdf50,0x27fd6f4,0x27fd6e8,0x27fd6c0,0x0,0x27fd830]
[trap] num=5 (0x5) pc=0x180119f50 args=[0x27fdf50,0x0,0x0,0x27fd6f4,0x27fd6e8,0x27fd6c0,0x0,0x27fd830]
[trap] num=197 (0xc5) pc=0x180119190 args=[0x0,0x3ea9050,0x1,0x40002,0x3,0x0,0x0,0x27fd830]
[trap] num=92 (0x5c) pc=0x1801180d8 args=[0x3,0x32,0x27fd830,0x40002,0x3,0x0,0x0,0x27fd830]
[trap] num=92 (0x5c) pc=0x1801180d8 args=[0x3,0x61,0x27fd5b0,0x0,0x0,0x0,0x0,0x23b70]
[trap] num=73 (0x49) pc=0x18011823c args=[0xa00018000,0x3ea9050,0x3ea9050,0x0,0x0,0x0,0x0,0x0]
[trap] num=197 (0xc5) pc=0x180119190 args=[0x0,0x3ea9050,0x1,0x40002,0x3,0x0,0x0,0x0]
[trap] num=339 (0x153) pc=0x1801195b8 args=[0x3,0x27fce30,0x27fce30,0x27fd830,0x27fd7cc,0x27fd760,0x0,0x27fd600]
[trap] num=153 (0x99) pc=0x180117f04 args=[0x3,0x27fce9c,0x1c,0x0,0x0,0x27fd760,0x0,0x27fd600]
[trap] num=153 (0x99) pc=0x180117f04 args=[0x3,0x27fbf90,0xef8,0x0,0x0,0x27fd760,0x0,0x27fd600]
[trap] num=92 (0x5c) pc=0x1801180d8 args=[0x3,0x61,0x27fce80,0x0,0x0,0x0,0x0,0x23b70]
[trap] num=92 (0x5c) pc=0x1801180d8 args=[0x3,0x62,0x27fcfa8,0x27fcfa8,0x0,0x0,0x0,0x0]
[trap] num=-10 (0xfffffffffffffff6) pc=0x180115588 args=[0x203,0x27fcea0,0x3edc000,0x1,0x0,0x0,0x0,0x0]
[trap] num=197 (0xc5) pc=0x180119190 args=[0xa07d70000,0x1f78000,0x5,0x40012,0x3,0x0,0x0,0x0]
[trap] num=197 (0xc5) pc=0x180119190 args=[0xa09ce8000,0xe8000,0x3,0x40012,0x3,0x1f78000,0x1f78000,0x0]
[trap] num=197 (0xc5) pc=0x180119190 args=[0xa09dd0000,0x24000,0x3,0x40012,0x3,0x2060000,0x2060000,0x0]
[trap] num=197 (0xc5) pc=0x180119190 args=[0xa09e24000,0x1e28000,0x1,0x40012,0x3,0x2084000,0x2084000,0x0]
[trap] num=73 (0x49) pc=0x18011823c args=[0xa03ec4000,0x3ea9050,0x3ea9050,0xfffffffffffffffa,0x6f,0x75,0x0,0x7c0]
[trap] num=6 (0x6) pc=0x180116750 args=[0x3,0x3ea9050,0x3ea9050,0xfffffffffffffffa,0x6f,0x75,0x0,0x7c0]
[trap] num=-12 (0xfffffffffffffff4) pc=0x1801155a0 args=[0x203,0xa00014000,0x4000,0xfffffffffffffffa,0x6f,0x75,0x0,0x7c0]
[trap] num=338 (0x152) pc=0x180116c48 args=[0x100000388,0x27fdd60,0x27fde60,0x27fde48,0x75,0x6f,0x27fe5a8,0x900]
[trap] num=-10 (0xfffffffffffffff6) pc=0x180115588 args=[0x203,0x27fdd20,0x4000,0x3c000001,0x75,0x6f,0x27fe5a8,0x900]
[trap] num=338 (0x152) pc=0x180116c48 args=[0x27fe380,0x27fdd10,0x27fde10,0x27fddf8,0x27fe394,0x1ec445294,0x0,0x900]
[trap] num=-12 (0xfffffffffffffff4) pc=0x1801155a0 args=[0x203,0xa0bc4c000,0x4000,0x1a0500,0x0,0x0,0x0,0xbc0]
[trap] num=5 (0x5) pc=0x180119f50 args=[0x1000003b8,0x0,0x0,0x1000003b8,0x2f,0x40,0x27fed6f,0x770]
[trap] num=92 (0x5c) pc=0x1801180d8 args=[0x3,0x32,0x27fe228,0x1000003b8,0x2f,0x40,0x27fed6f,0x770]
[trap] num=6 (0x6) pc=0x180116750 args=[0x3,0x32,0x27fe228,0x1000003b8,0x2f,0x40,0x27fed6f,0x770]
[trap] num=338 (0x152) pc=0x180116c48 args=[0x1000003b8,0x27fdd60,0x27fde60,0x27fde48,0x1000003c2,0x1801ac864,0x27fe5a8,0x770]
[trap] num=338 (0x152) pc=0x180116c48 args=[0x1000003b8,0x27fd670,0x1000003b8,0x27fd804,0x27fd7f8,0x27fd7d0,0x0,0x27fd940]
[trap] num=5 (0x5) pc=0x180119f50 args=[0x1000003b8,0x0,0x0,0x27fd804,0x27fd7f8,0x27fd7d0,0x0,0x27fd940]
[trap] num=197 (0xc5) pc=0x180119190 args=[0x0,0x17320,0x1,0x40002,0x3,0x0,0x0,0x27fd940]
[trap] num=92 (0x5c) pc=0x1801180d8 args=[0x3,0x32,0x27fd940,0x40002,0x3,0x0,0x0,0x27fd940]
[trap] num=92 (0x5c) pc=0x1801180d8 args=[0x3,0x61,0x27fd6c0,0x0,0x0,0x0,0x0,0x47d0]
[trap] num=73 (0x49) pc=0x18011823c args=[0xa0bc50000,0x17320,0x17320,0x0,0x0,0x0,0x0,0x0]
[trap] num=197 (0xc5) pc=0x180119190 args=[0x0,0x17320,0x1,0x40002,0x3,0x0,0x0,0x0]
[trap] num=339 (0x153) pc=0x1801195b8 args=[0x3,0x27fcf60,0x27fcf60,0x27fd940,0x27fd8dc,0x27fd870,0x0,0x27fd710]
[trap] num=153 (0x99) pc=0x180117f04 args=[0x3,0x27fcfcc,0x1c,0x0,0x0,0x27fd870,0x0,0x27fd710]
[trap] num=153 (0x99) pc=0x180117f04 args=[0x3,0x27fcb10,0x4b0,0x0,0x0,0x27fd870,0x0,0x27fd710]
[trap] num=92 (0x5c) pc=0x1801180d8 args=[0x3,0x61,0x27fcfb0,0x0,0x0,0x0,0x0,0x47d0]
[trap] num=92 (0x5c) pc=0x1801180d8 args=[0x3,0x62,0x27fd0d8,0x27fd0d8,0x0,0x0,0x0,0x0]
[trap] num=-10 (0xfffffffffffffff6) pc=0x180115588 args=[0x203,0x27fcfd0,0x18000,0x1,0x0,0x0,0x0,0x0]
[trap] num=197 (0xc5) pc=0x180119190 args=[0xa0bc80000,0xc000,0x5,0x40012,0x3,0x0,0x0,0x0]
[trap] num=197 (0xc5) pc=0x180119190 args=[0xa0bc8c000,0x4000,0x3,0x40012,0x3,0xc000,0xc000,0x0]
[trap] num=197 (0xc5) pc=0x180119190 args=[0xa0bc90000,0x8000,0x1,0x40012,0x3,0x10000,0x10000,0x0]
[trap] num=73 (0x49) pc=0x18011823c args=[0xa0bc68000,0x17320,0x17320,0xfffffffffffffff1,0x6f,0x75,0x0,0x940]
[trap] num=6 (0x6) pc=0x180116750 args=[0x3,0x17320,0x17320,0xfffffffffffffff1,0x6f,0x75,0x0,0x940]
[trap] num=5 (0x5) pc=0x180119f50 args=[0x100000408,0x0,0x0,0x100000408,0x2f,0x40,0x27fed6f,0xcb0]
[trap] num=92 (0x5c) pc=0x1801180d8 args=[0x3,0x32,0x27fe228,0x100000408,0x2f,0x40,0x27fed6f,0xcb0]
[trap] num=6 (0x6) pc=0x180116750 args=[0x3,0x32,0x27fe228,0x100000408,0x2f,0x40,0x27fed6f,0xcb0]
[trap] num=338 (0x152) pc=0x180116c48 args=[0x100000408,0x27fdd60,0x27fde60,0x27fde48,0x100000412,0x1801ac864,0x27fe5a8,0xcb0]
[trap] num=338 (0x152) pc=0x180116c48 args=[0x100000408,0x27fd670,0x100000408,0x27fd804,0x27fd7f8,0x27fd7d0,0x0,0x27fd940]
[trap] num=5 (0x5) pc=0x180119f50 args=[0x100000408,0x0,0x0,0x27fd804,0x27fd7f8,0x27fd7d0,0x0,0x27fd940]
[trap] num=197 (0xc5) pc=0x180119190 args=[0x0,0x325f0,0x1,0x40002,0x3,0x0,0x0,0x27fd940]
[trap] num=92 (0x5c) pc=0x1801180d8 args=[0x3,0x32,0x27fd940,0x40002,0x3,0x0,0x0,0x27fd940]
[trap] num=92 (0x5c) pc=0x1801180d8 args=[0x3,0x61,0x27fd6c0,0x0,0x0,0x0,0x0,0x48b0]
[trap] num=73 (0x49) pc=0x18011823c args=[0xa0bc98000,0x325f0,0x325f0,0x0,0x0,0x0,0x0,0x0]
[trap] num=197 (0xc5) pc=0x180119190 args=[0x0,0x325f0,0x1,0x40002,0x3,0x0,0x0,0x0]
[trap] num=339 (0x153) pc=0x1801195b8 args=[0x3,0x27fcf40,0x27fcf40,0x27fd940,0x27fd8dc,0x27fd870,0x0,0x27fd710]
[trap] num=153 (0x99) pc=0x180117f04 args=[0x3,0x27fcfac,0x1c,0x0,0x0,0x27fd870,0x0,0x27fd710]
[trap] num=153 (0x99) pc=0x180117f04 args=[0x3,0x27fc9c0,0x5e0,0x0,0x0,0x27fd870,0x0,0x27fd710]
[trap] num=92 (0x5c) pc=0x1801180d8 args=[0x3,0x61,0x27fcf90,0x0,0x0,0x0,0x0,0x48b0]
[trap] num=92 (0x5c) pc=0x1801180d8 args=[0x3,0x62,0x27fd0b8,0x27fd0b8,0x0,0x0,0x0,0x0]
[trap] num=-10 (0xfffffffffffffff6) pc=0x180115588 args=[0x203,0x27fcfb0,0x34000,0x1,0x0,0x0,0x0,0x0]
[trap] num=197 (0xc5) pc=0x180119190 args=[0xa0bd00000,0x1c000,0x5,0x40012,0x3,0x0,0x0,0x0]
[trap] num=197 (0xc5) pc=0x180119190 args=[0xa0bd1c000,0x4000,0x3,0x40012,0x3,0x1c000,0x1c000,0x0]
[trap] num=197 (0xc5) pc=0x180119190 args=[0xa0bd20000,0x4000,0x3,0x40012,0x3,0x20000,0x20000,0x0]
[trap] num=197 (0xc5) pc=0x180119190 args=[0xa0bd24000,0x10000,0x1,0x40012,0x3,0x24000,0x24000,0x0]
[trap] num=73 (0x49) pc=0x18011823c args=[0xa0bccc000,0x325f0,0x325f0,0xfffffffffffffffa,0x6f,0x75,0x62696c79642e30,0x6b0]
[trap] num=6 (0x6) pc=0x180116750 args=[0x3,0x325f0,0x325f0,0xfffffffffffffffa,0x6f,0x75,0x62696c79642e30,0x6b0]
[trap] num=5 (0x5) pc=0x180119f50 args=[0x100000450,0x0,0x0,0x100000450,0x2f,0x40,0x27fed6f,0x6d0]
[trap] num=92 (0x5c) pc=0x1801180d8 args=[0x3,0x32,0x27fe228,0x100000450,0x2f,0x40,0x27fed6f,0x6d0]
[trap] num=6 (0x6) pc=0x180116750 args=[0x3,0x32,0x27fe228,0x100000450,0x2f,0x40,0x27fed6f,0x6d0]
[trap] num=338 (0x152) pc=0x180116c48 args=[0x100000450,0x27fdd60,0x27fde60,0x27fde48,0x10000045a,0x1801ac864,0x27fe5a8,0xb70]
[trap] num=338 (0x152) pc=0x180116c48 args=[0x100000450,0x27fd670,0x100000450,0x27fd804,0x27fd7f8,0x27fd7d0,0x0,0x27fd940]
[trap] num=5 (0x5) pc=0x180119f50 args=[0x100000450,0x0,0x0,0x27fd804,0x27fd7f8,0x27fd7d0,0x0,0x27fd940]
[trap] num=197 (0xc5) pc=0x180119190 args=[0x0,0x91b70,0x1,0x40002,0x3,0x0,0x0,0x27fd940]
[trap] num=92 (0x5c) pc=0x1801180d8 args=[0x3,0x32,0x27fd940,0x40002,0x3,0x0,0x0,0x27fd940]
[trap] num=92 (0x5c) pc=0x1801180d8 args=[0x3,0x61,0x27fd6c0,0x0,0x0,0x0,0x0,0x4bb0]
[trap] num=73 (0x49) pc=0x18011823c args=[0xa0bd34000,0x91b70,0x91b70,0x0,0x0,0x0,0x0,0x0]
[trap] num=197 (0xc5) pc=0x180119190 args=[0x0,0x91b70,0x1,0x40002,0x3,0x0,0x0,0x0]
[trap] num=339 (0x153) pc=0x1801195b8 args=[0x3,0x27fcf40,0x27fcf40,0x27fd940,0x27fd8dc,0x27fd870,0x0,0x27fd710]
[trap] num=153 (0x99) pc=0x180117f04 args=[0x3,0x27fcfac,0x1c,0x0,0x0,0x27fd870,0x0,0x27fd710]
[trap] num=153 (0x99) pc=0x180117f04 args=[0x3,0x27fc8d0,0x6d0,0x0,0x0,0x27fd870,0x0,0x27fd710]
[trap] num=92 (0x5c) pc=0x1801180d8 args=[0x3,0x61,0x27fcf90,0x0,0x0,0x0,0x0,0x4bb0]
[trap] num=92 (0x5c) pc=0x1801180d8 args=[0x3,0x62,0x27fd0b8,0x27fd0b8,0x0,0x0,0x0,0x0]
[trap] num=-10 (0xfffffffffffffff6) pc=0x180115588 args=[0x203,0x27fcfb0,0x94000,0x1,0x0,0x0,0x0,0x0]
[trap] num=197 (0xc5) pc=0x180119190 args=[0xa0be5c000,0x74000,0x5,0x40012,0x3,0x0,0x0,0x0]
[trap] num=197 (0xc5) pc=0x180119190 args=[0xa0bed0000,0x4000,0x3,0x40012,0x3,0x74000,0x74000,0x0]
[trap] num=197 (0xc5) pc=0x180119190 args=[0xa0bed4000,0x4000,0x3,0x40012,0x3,0x78000,0x78000,0x0]
[trap] num=197 (0xc5) pc=0x180119190 args=[0xa0bed8000,0x18000,0x1,0x40012,0x3,0x7c000,0x7c000,0x0]
[trap] num=73 (0x49) pc=0x18011823c args=[0xa0bdc8000,0x91b70,0x91b70,0xfffffffffffffffa,0x6f,0x75,0x0,0x6b0]
[trap] num=6 (0x6) pc=0x180116750 args=[0x3,0x91b70,0x91b70,0xfffffffffffffffa,0x6f,0x75,0x0,0x6b0]
[trap] num=5 (0x5) pc=0x180119f50 args=[0x100000498,0x0,0x0,0x100000498,0x2f,0x40,0x27fed6f,0xe30]
[trap] num=92 (0x5c) pc=0x1801180d8 args=[0x3,0x32,0x27fe228,0x100000498,0x2f,0x40,0x27fed6f,0xe30]
[trap] num=6 (0x6) pc=0x180116750 args=[0x3,0x32,0x27fe228,0x100000498,0x2f,0x40,0x27fed6f,0xe30]
[trap] num=338 (0x152) pc=0x180116c48 args=[0x100000498,0x27fdd60,0x27fde60,0x27fde48,0x1000004a2,0x1801ac864,0x27fe5a8,0xe30]
[trap] num=338 (0x152) pc=0x180116c48 args=[0x100000498,0x27fd670,0x100000498,0x27fd804,0x27fd7f8,0x27fd7d0,0x0,0x27fd940]
[trap] num=5 (0x5) pc=0x180119f50 args=[0x100000498,0x0,0x0,0x27fd804,0x27fd7f8,0x27fd7d0,0x0,0x27fd940]
[trap] num=197 (0xc5) pc=0x180119190 args=[0x0,0x1b740,0x1,0x40002,0x3,0x0,0x0,0x27fd940]
[trap] num=92 (0x5c) pc=0x1801180d8 args=[0x3,0x32,0x27fd940,0x40002,0x3,0x0,0x0,0x27fd940]
[trap] num=92 (0x5c) pc=0x1801180d8 args=[0x3,0x61,0x27fd6c0,0x0,0x0,0x0,0x0,0x47f0]
[trap] num=73 (0x49) pc=0x18011823c args=[0xa0bef0000,0x1b740,0x1b740,0x0,0x0,0x0,0x0,0x0]
[trap] num=197 (0xc5) pc=0x180119190 args=[0x0,0x1b740,0x1,0x40002,0x3,0x0,0x0,0x0]
[trap] num=339 (0x153) pc=0x1801195b8 args=[0x3,0x27fcf40,0x27fcf40,0x27fd940,0x27fd8dc,0x27fd870,0x0,0x27fd710]
[trap] num=153 (0x99) pc=0x180117f04 args=[0x3,0x27fcfac,0x1c,0x0,0x0,0x27fd870,0x0,0x27fd710]
[trap] num=153 (0x99) pc=0x180117f04 args=[0x3,0x27fc9d0,0x5c8,0x0,0x0,0x27fd870,0x0,0x27fd710]
[trap] num=92 (0x5c) pc=0x1801180d8 args=[0x3,0x61,0x27fcf90,0x0,0x0,0x0,0x0,0x47f0]
[trap] num=92 (0x5c) pc=0x1801180d8 args=[0x3,0x62,0x27fd0b8,0x27fd0b8,0x0,0x0,0x0,0x0]
[trap] num=-10 (0xfffffffffffffff6) pc=0x180115588 args=[0x203,0x27fcfb0,0x20000,0x1,0x0,0x0,0x0,0x0]
[trap] num=197 (0xc5) pc=0x180119190 args=[0xa0bf28000,0x10000,0x5,0x40012,0x3,0x0,0x0,0x0]
[trap] num=197 (0xc5) pc=0x180119190 args=[0xa0bf38000,0x4000,0x3,0x40012,0x3,0x10000,0x10000,0x0]
[trap] num=197 (0xc5) pc=0x180119190 args=[0xa0bf40000,0x8000,0x1,0x40012,0x3,0x14000,0x14000,0x0]
[trap] num=73 (0x49) pc=0x18011823c args=[0xa0bf0c000,0x1b740,0x1b740,0xfffffffffffffffa,0x6f,0x75,0x27fd35f,0x6b0]
[trap] num=6 (0x6) pc=0x180116750 args=[0x3,0x1b740,0x1b740,0xfffffffffffffffa,0x6f,0x75,0x27fd35f,0x6b0]
[trap] num=5 (0x5) pc=0x180119f50 args=[0x1000004e8,0x0,0x0,0x1000004e8,0x2f,0x40,0x27fed6f,0xc00]
[trap] num=92 (0x5c) pc=0x1801180d8 args=[0x3,0x32,0x27fe228,0x1000004e8,0x2f,0x40,0x27fed6f,0xc00]
[trap] num=6 (0x6) pc=0x180116750 args=[0x3,0x32,0x27fe228,0x1000004e8,0x2f,0x40,0x27fed6f,0xc00]
[trap] num=338 (0x152) pc=0x180116c48 args=[0x1000004e8,0x27fdd60,0x27fde60,0x27fde48,0x1000004f2,0x1801ac864,0x27fe5a8,0xc00]
[trap] num=338 (0x152) pc=0x180116c48 args=[0x1000004e8,0x27fd670,0x1000004e8,0x27fd804,0x27fd7f8,0x27fd7d0,0x0,0x27fd940]
[trap] num=5 (0x5) pc=0x180119f50 args=[0x1000004e8,0x0,0x0,0x27fd804,0x27fd7f8,0x27fd7d0,0x0,0x27fd940]
[trap] num=197 (0xc5) pc=0x180119190 args=[0x0,0x156b0,0x1,0x40002,0x3,0x0,0x0,0x27fd940]
[trap] num=92 (0x5c) pc=0x1801180d8 args=[0x3,0x32,0x27fd940,0x40002,0x3,0x0,0x0,0x27fd940]
[trap] num=92 (0x5c) pc=0x1801180d8 args=[0x3,0x61,0x27fd6c0,0x0,0x0,0x0,0x0,0x47d0]
[trap] num=73 (0x49) pc=0x18011823c args=[0xa0bf48000,0x156b0,0x156b0,0x0,0x0,0x0,0x0,0x0]
[trap] num=197 (0xc5) pc=0x180119190 args=[0x0,0x156b0,0x1,0x40002,0x3,0x0,0x0,0x0]
[trap] num=339 (0x153) pc=0x1801195b8 args=[0x3,0x27fcf60,0x27fcf60,0x27fd940,0x27fd8dc,0x27fd870,0x0,0x27fd710]
[trap] num=153 (0x99) pc=0x180117f04 args=[0x3,0x27fcfcc,0x1c,0x0,0x0,0x27fd870,0x0,0x27fd710]
[trap] num=153 (0x99) pc=0x180117f04 args=[0x3,0x27fcab0,0x508,0x0,0x0,0x27fd870,0x0,0x27fd710]
[trap] num=92 (0x5c) pc=0x1801180d8 args=[0x3,0x61,0x27fcfb0,0x0,0x0,0x0,0x0,0x47d0]
[trap] num=92 (0x5c) pc=0x1801180d8 args=[0x3,0x62,0x27fd0d8,0x27fd0d8,0x0,0x0,0x0,0x0]
[trap] num=-10 (0xfffffffffffffff6) pc=0x180115588 args=[0x203,0x27fcfd0,0x18000,0x1,0x0,0x0,0x0,0x0]
[trap] num=197 (0xc5) pc=0x180119190 args=[0xa0bf78000,0xc000,0x5,0x40012,0x3,0x0,0x0,0x0]
[trap] num=197 (0xc5) pc=0x180119190 args=[0xa0bf84000,0x4000,0x3,0x40012,0x3,0xc000,0xc000,0x0]
[trap] num=197 (0xc5) pc=0x180119190 args=[0xa0bf88000,0x8000,0x1,0x40012,0x3,0x10000,0x10000,0x0]
[trap] num=73 (0x49) pc=0x18011823c args=[0xa0bf60000,0x156b0,0x156b0,0xfffffffffffffff1,0x6f,0x75,0x0,0x940]
[trap] num=6 (0x6) pc=0x180116750 args=[0x3,0x156b0,0x156b0,0xfffffffffffffff1,0x6f,0x75,0x0,0x940]
[trap] num=5 (0x5) pc=0x180119f50 args=[0x100000538,0x0,0x0,0x100000538,0x2f,0x40,0x27fed6f,0xca0]
[trap] num=92 (0x5c) pc=0x1801180d8 args=[0x3,0x32,0x27fe228,0x100000538,0x2f,0x40,0x27fed6f,0xca0]
[trap] num=6 (0x6) pc=0x180116750 args=[0x3,0x32,0x27fe228,0x100000538,0x2f,0x40,0x27fed6f,0xca0]
[trap] num=338 (0x152) pc=0x180116c48 args=[0x100000538,0x27fdd60,0x27fde60,0x27fde48,0x100000542,0x1801ac864,0x27fe5a8,0xca0]
[trap] num=338 (0x152) pc=0x180116c48 args=[0x100000538,0x27fd670,0x100000538,0x27fd804,0x27fd7f8,0x27fd7d0,0x0,0x27fd940]
[trap] num=5 (0x5) pc=0x180119f50 args=[0x100000538,0x0,0x0,0x27fd804,0x27fd7f8,0x27fd7d0,0x0,0x27fd940]
[trap] num=197 (0xc5) pc=0x180119190 args=[0x0,0x9f810,0x1,0x40002,0x3,0x0,0x0,0x27fd940]
[trap] num=92 (0x5c) pc=0x1801180d8 args=[0x3,0x32,0x27fd940,0x40002,0x3,0x0,0x0,0x27fd940]
[trap] num=92 (0x5c) pc=0x1801180d8 args=[0x3,0x61,0x27fd6c0,0x0,0x0,0x0,0x0,0x4c10]
[trap] num=73 (0x49) pc=0x18011823c args=[0xa0bf90000,0x9f810,0x9f810,0x0,0x0,0x0,0x0,0x0]
[trap] num=197 (0xc5) pc=0x180119190 args=[0x0,0x9f810,0x1,0x40002,0x3,0x0,0x0,0x0]
[trap] num=339 (0x153) pc=0x1801195b8 args=[0x3,0x27fcf40,0x27fcf40,0x27fd940,0x27fd8dc,0x27fd870,0x0,0x27fd710]
[trap] num=153 (0x99) pc=0x180117f04 args=[0x3,0x27fcfac,0x1c,0x0,0x0,0x27fd870,0x0,0x27fd710]
[trap] num=153 (0x99) pc=0x180117f04 args=[0x3,0x27fca50,0x550,0x0,0x0,0x27fd870,0x0,0x27fd710]
[trap] num=92 (0x5c) pc=0x1801180d8 args=[0x3,0x61,0x27fcf90,0x0,0x0,0x0,0x0,0x4c10]
[trap] num=92 (0x5c) pc=0x1801180d8 args=[0x3,0x62,0x27fd0b8,0x27fd0b8,0x0,0x0,0x0,0x0]
[trap] num=-10 (0xfffffffffffffff6) pc=0x180115588 args=[0x203,0x27fcfb0,0xa0000,0x1,0x0,0x0,0x0,0x0]
[trap] num=197 (0xc5) pc=0x180119190 args=[0xa0c0d0000,0x90000,0x5,0x40012,0x3,0x0,0x0,0x0]
[trap] num=197 (0xc5) pc=0x180119190 args=[0xa0c160000,0x4000,0x3,0x40012,0x3,0x90000,0x90000,0x0]
[trap] num=197 (0xc5) pc=0x180119190 args=[0xa0c164000,0x4000,0x3,0x40012,0x3,0x94000,0x94000,0x0]
[trap] num=197 (0xc5) pc=0x180119190 args=[0xa0c168000,0x8000,0x1,0x40012,0x3,0x98000,0x98000,0x0]
[trap] num=73 (0x49) pc=0x18011823c args=[0xa0c030000,0x9f810,0x9f810,0xfffffffffffffffa,0x6f,0x75,0x0,0x6b0]
[trap] num=6 (0x6) pc=0x180116750 args=[0x3,0x9f810,0x9f810,0xfffffffffffffffa,0x6f,0x75,0x0,0x6b0]
[trap] num=5 (0x5) pc=0x180119f50 args=[0x100000588,0x0,0x0,0x100000588,0x2f,0x40,0x27fed6f,0x790]
[trap] num=92 (0x5c) pc=0x1801180d8 args=[0x3,0x32,0x27fe228,0x100000588,0x2f,0x40,0x27fed6f,0x790]
[trap] num=6 (0x6) pc=0x180116750 args=[0x3,0x32,0x27fe228,0x100000588,0x2f,0x40,0x27fed6f,0x790]
[trap] num=338 (0x152) pc=0x180116c48 args=[0x100000588,0x27fdd60,0x27fde60,0x27fde48,0x100000592,0x1801ac864,0x27fe5a8,0x790]
[trap] num=338 (0x152) pc=0x180116c48 args=[0x100000588,0x27fd670,0x100000588,0x27fd804,0x27fd7f8,0x27fd7d0,0x0,0x27fd940]
[trap] num=5 (0x5) pc=0x180119f50 args=[0x100000588,0x0,0x0,0x27fd804,0x27fd7f8,0x27fd7d0,0x0,0x27fd940]
[trap] num=197 (0xc5) pc=0x180119190 args=[0x0,0x3b700,0x1,0x40002,0x3,0x0,0x0,0x27fd940]
[trap] num=92 (0x5c) pc=0x1801180d8 args=[0x3,0x32,0x27fd940,0x40002,0x3,0x0,0x0,0x27fd940]
[trap] num=92 (0x5c) pc=0x1801180d8 args=[0x3,0x61,0x27fd6c0,0x0,0x0,0x0,0x0,0x48f0]
[trap] num=73 (0x49) pc=0x18011823c args=[0xa0c170000,0x3b700,0x3b700,0x0,0x0,0x0,0x0,0x0]
[trap] num=197 (0xc5) pc=0x180119190 args=[0x0,0x3b700,0x1,0x40002,0x3,0x0,0x0,0x0]
[trap] num=339 (0x153) pc=0x1801195b8 args=[0x3,0x27fcf40,0x27fcf40,0x27fd940,0x27fd8dc,0x27fd870,0x0,0x27fd710]
[trap] num=153 (0x99) pc=0x180117f04 args=[0x3,0x27fcfac,0x1c,0x0,0x0,0x27fd870,0x0,0x27fd710]
[trap] num=153 (0x99) pc=0x180117f04 args=[0x3,0x27fc9b0,0x5e8,0x0,0x0,0x27fd870,0x0,0x27fd710]
[trap] num=92 (0x5c) pc=0x1801180d8 args=[0x3,0x61,0x27fcf90,0x0,0x0,0x0,0x0,0x48f0]
[trap] num=92 (0x5c) pc=0x1801180d8 args=[0x3,0x62,0x27fd0b8,0x27fd0b8,0x0,0x0,0x0,0x0]
[trap] num=-10 (0xfffffffffffffff6) pc=0x180115588 args=[0x203,0x27fcfb0,0x3c000,0x1,0x0,0x0,0x0,0x0]
[trap] num=197 (0xc5) pc=0x180119190 args=[0xa0c1e8000,0x24000,0x5,0x40012,0x3,0x0,0x0,0x0]
[trap] num=197 (0xc5) pc=0x180119190 args=[0xa0c20c000,0x4000,0x3,0x40012,0x3,0x24000,0x24000,0x0]
[trap] num=197 (0xc5) pc=0x180119190 args=[0xa0c210000,0x4000,0x3,0x40012,0x3,0x28000,0x28000,0x0]
[trap] num=197 (0xc5) pc=0x180119190 args=[0xa0c214000,0x10000,0x1,0x40012,0x3,0x2c000,0x2c000,0x0]
[trap] num=73 (0x49) pc=0x18011823c args=[0xa0c1ac000,0x3b700,0x3b700,0xfffffffffffffffa,0x6f,0x75,0x0,0x6b0]
[trap] num=6 (0x6) pc=0x180116750 args=[0x3,0x3b700,0x3b700,0xfffffffffffffffa,0x6f,0x75,0x0,0x6b0]
[trap] num=5 (0x5) pc=0x180119f50 args=[0x1000005d0,0x0,0x0,0x1000005d0,0x2f,0x40,0x27fed6f,0x6d0]
[trap] num=92 (0x5c) pc=0x1801180d8 args=[0x3,0x32,0x27fe228,0x1000005d0,0x2f,0x40,0x27fed6f,0x6d0]
[trap] num=6 (0x6) pc=0x180116750 args=[0x3,0x32,0x27fe228,0x1000005d0,0x2f,0x40,0x27fed6f,0x6d0]
[trap] num=338 (0x152) pc=0x180116c48 args=[0x1000005d0,0x27fdd60,0x27fde60,0x27fde48,0x1000005da,0x1801ac864,0x27fe5a8,0xbc0]
[trap] num=338 (0x152) pc=0x180116c48 args=[0x1000005d0,0x27fd670,0x1000005d0,0x27fd804,0x27fd7f8,0x27fd7d0,0x0,0x27fd940]
[trap] num=5 (0x5) pc=0x180119f50 args=[0x1000005d0,0x0,0x0,0x27fd804,0x27fd7f8,0x27fd7d0,0x0,0x27fd940]
[trap] num=197 (0xc5) pc=0x180119190 args=[0x0,0x12750,0x1,0x40002,0x3,0x0,0x0,0x27fd940]
[trap] num=92 (0x5c) pc=0x1801180d8 args=[0x3,0x32,0x27fd940,0x40002,0x3,0x0,0x0,0x27fd940]
[trap] num=92 (0x5c) pc=0x1801180d8 args=[0x3,0x61,0x27fd6c0,0x0,0x0,0x0,0x0,0x47c0]
[trap] num=73 (0x49) pc=0x18011823c args=[0xa0c224000,0x12750,0x12750,0x0,0x0,0x0,0x0,0x0]
[trap] num=197 (0xc5) pc=0x180119190 args=[0x0,0x12750,0x1,0x40002,0x3,0x0,0x0,0x0]
[trap] num=339 (0x153) pc=0x1801195b8 args=[0x3,0x27fcf60,0x27fcf60,0x27fd940,0x27fd8dc,0x27fd870,0x0,0x27fd710]
[trap] num=153 (0x99) pc=0x180117f04 args=[0x3,0x27fcfcc,0x1c,0x0,0x0,0x27fd870,0x0,0x27fd710]
[trap] num=153 (0x99) pc=0x180117f04 args=[0x3,0x27fcad0,0x4e8,0x0,0x0,0x27fd870,0x0,0x27fd710]
[trap] num=92 (0x5c) pc=0x1801180d8 args=[0x3,0x61,0x27fcfb0,0x0,0x0,0x0,0x0,0x47c0]
[trap] num=92 (0x5c) pc=0x1801180d8 args=[0x3,0x62,0x27fd0d8,0x27fd0d8,0x0,0x0,0x0,0x0]
[trap] num=-10 (0xfffffffffffffff6) pc=0x180115588 args=[0x203,0x27fcfd0,0x14000,0x1,0x0,0x0,0x0,0x0]
[trap] num=197 (0xc5) pc=0x180119190 args=[0xa0c24c000,0x8000,0x5,0x40012,0x3,0x0,0x0,0x0]
[trap] num=197 (0xc5) pc=0x180119190 args=[0xa0c254000,0x4000,0x3,0x40012,0x3,0x8000,0x8000,0x0]
[trap] num=197 (0xc5) pc=0x180119190 args=[0xa0c258000,0x8000,0x1,0x40012,0x3,0xc000,0xc000,0x0]
[trap] num=73 (0x49) pc=0x18011823c args=[0xa0c238000,0x12750,0x12750,0xfffffffffffffff1,0x6f,0x75,0x27fd37f,0x940]
[trap] num=6 (0x6) pc=0x180116750 args=[0x3,0x12750,0x12750,0xfffffffffffffff1,0x6f,0x75,0x27fd37f,0x940]
[trap] num=5 (0x5) pc=0x180119f50 args=[0x100000628,0x0,0x0,0x100000628,0x2f,0x40,0x27fed6f,0xcb0]
[trap] num=92 (0x5c) pc=0x1801180d8 args=[0x3,0x32,0x27fe228,0x100000628,0x2f,0x40,0x27fed6f,0xcb0]
[trap] num=6 (0x6) pc=0x180116750 args=[0x3,0x32,0x27fe228,0x100000628,0x2f,0x40,0x27fed6f,0xcb0]
[trap] num=338 (0x152) pc=0x180116c48 args=[0x100000628,0x27fdd60,0x27fde60,0x27fde48,0x100000632,0x1801ac864,0x27fe5a8,0xcb0]
[trap] num=338 (0x152) pc=0x180116c48 args=[0x100000628,0x27fd670,0x100000628,0x27fd804,0x27fd7f8,0x27fd7d0,0x0,0x27fd940]
[trap] num=5 (0x5) pc=0x180119f50 args=[0x100000628,0x0,0x0,0x27fd804,0x27fd7f8,0x27fd7d0,0x0,0x27fd940]
[trap] num=197 (0xc5) pc=0x180119190 args=[0x0,0x31140,0x1,0x40002,0x3,0x0,0x0,0x27fd940]
[trap] num=92 (0x5c) pc=0x1801180d8 args=[0x3,0x32,0x27fd940,0x40002,0x3,0x0,0x0,0x27fd940]
[trap] num=92 (0x5c) pc=0x1801180d8 args=[0x3,0x61,0x27fd6c0,0x0,0x0,0x0,0x0,0x48e0]
[trap] num=73 (0x49) pc=0x18011823c args=[0xa0c260000,0x31140,0x31140,0x0,0x0,0x0,0x0,0x0]
[trap] num=197 (0xc5) pc=0x180119190 args=[0x0,0x31140,0x1,0x40002,0x3,0x0,0x0,0x0]
[trap] num=339 (0x153) pc=0x1801195b8 args=[0x3,0x27fcf40,0x27fcf40,0x27fd940,0x27fd8dc,0x27fd870,0x0,0x27fd710]
[trap] num=153 (0x99) pc=0x180117f04 args=[0x3,0x27fcfac,0x1c,0x0,0x0,0x27fd870,0x0,0x27fd710]
[trap] num=153 (0x99) pc=0x180117f04 args=[0x3,0x27fca00,0x598,0x0,0x0,0x27fd870,0x0,0x27fd710]
[trap] num=92 (0x5c) pc=0x1801180d8 args=[0x3,0x61,0x27fcf90,0x0,0x0,0x0,0x0,0x48e0]
[trap] num=92 (0x5c) pc=0x1801180d8 args=[0x3,0x62,0x27fd0b8,0x27fd0b8,0x0,0x0,0x0,0x0]
[trap] num=-10 (0xfffffffffffffff6) pc=0x180115588 args=[0x203,0x27fcfb0,0x34000,0x1,0x0,0x0,0x0,0x0]
[trap] num=197 (0xc5) pc=0x180119190 args=[0xa0c2c8000,0x1c000,0x5,0x40012,0x3,0x0,0x0,0x0]
[trap] num=197 (0xc5) pc=0x180119190 args=[0xa0c2e4000,0x4000,0x3,0x40012,0x3,0x1c000,0x1c000,0x0]
[trap] num=197 (0xc5) pc=0x180119190 args=[0xa0c2e8000,0x4000,0x3,0x40012,0x3,0x20000,0x20000,0x0]
[trap] num=197 (0xc5) pc=0x180119190 args=[0xa0c2ec000,0x10000,0x1,0x40012,0x3,0x24000,0x24000,0x0]
[trap] num=73 (0x49) pc=0x18011823c args=[0xa0c294000,0x31140,0x31140,0xfffffffffffffffa,0x6f,0x75,0x0,0x6b0]
[trap] num=6 (0x6) pc=0x180116750 args=[0x3,0x31140,0x31140,0xfffffffffffffffa,0x6f,0x75,0x0,0x6b0]
[trap] num=5 (0x5) pc=0x180119f50 args=[0x100000678,0x0,0x0,0x100000678,0x2f,0x40,0x27fed6f,0xcb0]
[trap] num=92 (0x5c) pc=0x1801180d8 args=[0x3,0x32,0x27fe228,0x100000678,0x2f,0x40,0x27fed6f,0xcb0]
[trap] num=6 (0x6) pc=0x180116750 args=[0x3,0x32,0x27fe228,0x100000678,0x2f,0x40,0x27fed6f,0xcb0]
[trap] num=338 (0x152) pc=0x180116c48 args=[0x100000678,0x27fdd60,0x27fde60,0x27fde48,0x100000682,0x1801ac864,0x27fe5a8,0xcb0]
[trap] num=338 (0x152) pc=0x180116c48 args=[0x100000678,0x27fd670,0x100000678,0x27fd804,0x27fd7f8,0x27fd7d0,0x0,0x27fd940]
[trap] num=5 (0x5) pc=0x180119f50 args=[0x100000678,0x0,0x0,0x27fd804,0x27fd7f8,0x27fd7d0,0x0,0x27fd940]
[trap] num=197 (0xc5) pc=0x180119190 args=[0x0,0x30c80,0x1,0x40002,0x3,0x0,0x0,0x27fd940]
[trap] num=92 (0x5c) pc=0x1801180d8 args=[0x3,0x32,0x27fd940,0x40002,0x3,0x0,0x0,0x27fd940]
[trap] num=92 (0x5c) pc=0x1801180d8 args=[0x3,0x61,0x27fd6c0,0x0,0x0,0x0,0x0,0x48e0]
[trap] num=73 (0x49) pc=0x18011823c args=[0xa0c2fc000,0x30c80,0x30c80,0x0,0x0,0x0,0x0,0x0]
[trap] num=197 (0xc5) pc=0x180119190 args=[0x0,0x30c80,0x1,0x40002,0x3,0x0,0x0,0x0]
[trap] num=339 (0x153) pc=0x1801195b8 args=[0x3,0x27fcf40,0x27fcf40,0x27fd940,0x27fd8dc,0x27fd870,0x0,0x27fd710]
[trap] num=153 (0x99) pc=0x180117f04 args=[0x3,0x27fcfac,0x1c,0x0,0x0,0x27fd870,0x0,0x27fd710]
[trap] num=153 (0x99) pc=0x180117f04 args=[0x3,0x27fca50,0x548,0x0,0x0,0x27fd870,0x0,0x27fd710]
[trap] num=92 (0x5c) pc=0x1801180d8 args=[0x3,0x61,0x27fcf90,0x0,0x0,0x0,0x0,0x48e0]
[trap] num=92 (0x5c) pc=0x1801180d8 args=[0x3,0x62,0x27fd0b8,0x27fd0b8,0x0,0x0,0x0,0x0]
[trap] num=-10 (0xfffffffffffffff6) pc=0x180115588 args=[0x203,0x27fcfb0,0x34000,0x1,0x0,0x0,0x0,0x0]
[trap] num=197 (0xc5) pc=0x180119190 args=[0xa0c364000,0x1c000,0x5,0x40012,0x3,0x0,0x0,0x0]
[trap] num=197 (0xc5) pc=0x180119190 args=[0xa0c380000,0x4000,0x3,0x40012,0x3,0x1c000,0x1c000,0x0]
[trap] num=197 (0xc5) pc=0x180119190 args=[0xa0c384000,0x4000,0x3,0x40012,0x3,0x20000,0x20000,0x0]
[trap] num=197 (0xc5) pc=0x180119190 args=[0xa0c388000,0x10000,0x1,0x40012,0x3,0x24000,0x24000,0x0]
[trap] num=73 (0x49) pc=0x18011823c args=[0xa0c330000,0x30c80,0x30c80,0xfffffffffffffffa,0x6f,0x75,0x27fd35f,0x6b0]
[trap] num=6 (0x6) pc=0x180116750 args=[0x3,0x30c80,0x30c80,0xfffffffffffffffa,0x6f,0x75,0x27fd35f,0x6b0]
[trap] num=5 (0x5) pc=0x180119f50 args=[0x1000006c8,0x0,0x0,0x1000006c8,0x2f,0x40,0x27fed6f,0xcb0]
[trap] num=92 (0x5c) pc=0x1801180d8 args=[0x3,0x32,0x27fe228,0x1000006c8,0x2f,0x40,0x27fed6f,0xcb0]
[trap] num=6 (0x6) pc=0x180116750 args=[0x3,0x32,0x27fe228,0x1000006c8,0x2f,0x40,0x27fed6f,0xcb0]
[trap] num=338 (0x152) pc=0x180116c48 args=[0x1000006c8,0x27fdd60,0x27fde60,0x27fde48,0x1000006d2,0x1801ac864,0x27fe5a8,0xcb0]
[trap] num=338 (0x152) pc=0x180116c48 args=[0x1000006c8,0x27fd670,0x1000006c8,0x27fd804,0x27fd7f8,0x27fd7d0,0x0,0x27fd940]
[trap] num=5 (0x5) pc=0x180119f50 args=[0x1000006c8,0x0,0x0,0x27fd804,0x27fd7f8,0x27fd7d0,0x0,0x27fd940]
[trap] num=197 (0xc5) pc=0x180119190 args=[0x0,0x54570,0x1,0x40002,0x3,0x0,0x0,0x27fd940]
[trap] num=92 (0x5c) pc=0x1801180d8 args=[0x3,0x32,0x27fd940,0x40002,0x3,0x0,0x0,0x27fd940]
[trap] num=92 (0x5c) pc=0x1801180d8 args=[0x3,0x61,0x27fd6c0,0x0,0x0,0x0,0x0,0x49e0]
[trap] num=73 (0x49) pc=0x18011823c args=[0xa0c398000,0x54570,0x54570,0x0,0x0,0x0,0x0,0x0]
[trap] num=197 (0xc5) pc=0x180119190 args=[0x0,0x54570,0x1,0x40002,0x3,0x0,0x0,0x0]
[trap] num=339 (0x153) pc=0x1801195b8 args=[0x3,0x27fcf40,0x27fcf40,0x27fd940,0x27fd8dc,0x27fd870,0x0,0x27fd710]
[trap] num=153 (0x99) pc=0x180117f04 args=[0x3,0x27fcfac,0x1c,0x0,0x0,0x27fd870,0x0,0x27fd710]
[trap] num=153 (0x99) pc=0x180117f04 args=[0x3,0x27fca00,0x598,0x0,0x0,0x27fd870,0x0,0x27fd710]
[trap] num=92 (0x5c) pc=0x1801180d8 args=[0x3,0x61,0x27fcf90,0x0,0x0,0x0,0x0,0x49e0]
[trap] num=92 (0x5c) pc=0x1801180d8 args=[0x3,0x62,0x27fd0b8,0x27fd0b8,0x0,0x0,0x0,0x0]
[trap] num=-10 (0xfffffffffffffff6) pc=0x180115588 args=[0x203,0x27fcfb0,0x58000,0x1,0x0,0x0,0x0,0x0]
[trap] num=197 (0xc5) pc=0x180119190 args=[0xa0c448000,0x38000,0x5,0x40012,0x3,0x0,0x0,0x0]
[trap] num=197 (0xc5) pc=0x180119190 args=[0xa0c480000,0x4000,0x3,0x40012,0x3,0x38000,0x38000,0x0]
[trap] num=197 (0xc5) pc=0x180119190 args=[0xa0c484000,0x4000,0x3,0x40012,0x3,0x3c000,0x3c000,0x0]
[trap] num=197 (0xc5) pc=0x180119190 args=[0xa0c488000,0x18000,0x1,0x40012,0x3,0x40000,0x40000,0x0]
[trap] num=73 (0x49) pc=0x18011823c args=[0xa0c3f0000,0x54570,0x54570,0xfffffffffffffffa,0x6f,0x75,0x0,0x6b0]
[trap] num=6 (0x6) pc=0x180116750 args=[0x3,0x54570,0x54570,0xfffffffffffffffa,0x6f,0x75,0x0,0x6b0]
[trap] num=5 (0x5) pc=0x180119f50 args=[0x100000718,0x0,0x0,0x100000718,0x2f,0x40,0x27fed6f,0xcb0]
[trap] num=92 (0x5c) pc=0x1801180d8 args=[0x3,0x32,0x27fe228,0x100000718,0x2f,0x40,0x27fed6f,0xcb0]
[trap] num=6 (0x6) pc=0x180116750 args=[0x3,0x32,0x27fe228,0x100000718,0x2f,0x40,0x27fed6f,0xcb0]
[trap] num=338 (0x152) pc=0x180116c48 args=[0x100000718,0x27fdd60,0x27fde60,0x27fde48,0x100000722,0x1801ac864,0x27fe5a8,0xcb0]
[trap] num=338 (0x152) pc=0x180116c48 args=[0x100000718,0x27fd670,0x100000718,0x27fd804,0x27fd7f8,0x27fd7d0,0x0,0x27fd940]
[trap] num=5 (0x5) pc=0x180119f50 args=[0x100000718,0x0,0x0,0x27fd804,0x27fd7f8,0x27fd7d0,0x0,0x27fd940]
[trap] num=197 (0xc5) pc=0x180119190 args=[0x0,0x1379a0,0x1,0x40002,0x3,0x0,0x0,0x27fd940]
[trap] num=92 (0x5c) pc=0x1801180d8 args=[0x3,0x32,0x27fd940,0x40002,0x3,0x0,0x0,0x27fd940]
[trap] num=92 (0x5c) pc=0x1801180d8 args=[0x3,0x61,0x27fd6c0,0x0,0x0,0x0,0x0,0x27b0]
[trap] num=73 (0x49) pc=0x18011823c args=[0xa0c4a0000,0x1379a0,0x1379a0,0x0,0x0,0x0,0x0,0x0]
[trap] num=197 (0xc5) pc=0x180119190 args=[0x0,0x1379a0,0x1,0x40002,0x3,0x0,0x0,0x0]
[trap] num=339 (0x153) pc=0x1801195b8 args=[0x3,0x27fcf40,0x27fcf40,0x27fd940,0x27fd8dc,0x27fd870,0x0,0x27fd710]
[trap] num=153 (0x99) pc=0x180117f04 args=[0x3,0x27fcfac,0x1c,0x0,0x0,0x27fd870,0x0,0x27fd710]
[trap] num=153 (0x99) pc=0x180117f04 args=[0x3,0x27fc950,0x648,0x0,0x0,0x27fd870,0x0,0x27fd710]
[trap] num=92 (0x5c) pc=0x1801180d8 args=[0x3,0x61,0x27fcf90,0x0,0x0,0x0,0x0,0x27b0]
[trap] num=92 (0x5c) pc=0x1801180d8 args=[0x3,0x62,0x27fd0b8,0x27fd0b8,0x0,0x0,0x0,0x0]
[trap] num=-10 (0xfffffffffffffff6) pc=0x180115588 args=[0x203,0x27fcfb0,0x138000,0x1,0x0,0x0,0x0,0x0]
[trap] num=197 (0xc5) pc=0x180119190 args=[0xa0c710000,0x10c000,0x5,0x40012,0x3,0x0,0x0,0x0]
[trap] num=197 (0xc5) pc=0x180119190 args=[0xa0c81c000,0x4000,0x3,0x40012,0x3,0x10c000,0x10c000,0x0]
[trap] num=197 (0xc5) pc=0x180119190 args=[0xa0c820000,0x8000,0x3,0x40012,0x3,0x110000,0x110000,0x0]
[trap] num=197 (0xc5) pc=0x180119190 args=[0xa0c828000,0x20000,0x1,0x40012,0x3,0x118000,0x118000,0x0]
[trap] num=73 (0x49) pc=0x18011823c args=[0xa0c5d8000,0x1379a0,0x1379a0,0xfffffffffffffffa,0x6f,0x75,0x0,0x6b0]
[trap] num=6 (0x6) pc=0x180116750 args=[0x3,0x1379a0,0x1379a0,0xfffffffffffffffa,0x6f,0x75,0x0,0x6b0]
[trap] num=5 (0x5) pc=0x180119f50 args=[0x100000760,0x0,0x0,0x100000760,0x2f,0x40,0x27fed6f,0x6d0]
[trap] num=92 (0x5c) pc=0x1801180d8 args=[0x3,0x32,0x27fe228,0x100000760,0x2f,0x40,0x27fed6f,0x6d0]
[trap] num=6 (0x6) pc=0x180116750 args=[0x3,0x32,0x27fe228,0x100000760,0x2f,0x40,0x27fed6f,0x6d0]
[trap] num=338 (0x152) pc=0x180116c48 args=[0x100000760,0x27fdd60,0x27fde60,0x27fde48,0x10000076a,0x1801ac864,0x27fe5a8,0xb70]
[trap] num=338 (0x152) pc=0x180116c48 args=[0x100000760,0x27fd670,0x100000760,0x27fd804,0x27fd7f8,0x27fd7d0,0x0,0x27fd940]
[trap] num=5 (0x5) pc=0x180119f50 args=[0x100000760,0x0,0x0,0x27fd804,0x27fd7f8,0x27fd7d0,0x0,0x27fd940]
[trap] num=197 (0xc5) pc=0x180119190 args=[0x0,0x14520,0x1,0x40002,0x3,0x0,0x0,0x27fd940]
[trap] num=92 (0x5c) pc=0x1801180d8 args=[0x3,0x32,0x27fd940,0x40002,0x3,0x0,0x0,0x27fd940]
[trap] num=92 (0x5c) pc=0x1801180d8 args=[0x3,0x61,0x27fd6c0,0x0,0x0,0x0,0x0,0x47e0]
[trap] num=73 (0x49) pc=0x18011823c args=[0xa0c848000,0x14520,0x14520,0x0,0x0,0x0,0x0,0x0]
[trap] num=197 (0xc5) pc=0x180119190 args=[0x0,0x14520,0x1,0x40002,0x3,0x0,0x0,0x0]
[trap] num=339 (0x153) pc=0x1801195b8 args=[0x3,0x27fcf60,0x27fcf60,0x27fd940,0x27fd8dc,0x27fd870,0x0,0x27fd710]
[trap] num=153 (0x99) pc=0x180117f04 args=[0x3,0x27fcfcc,0x1c,0x0,0x0,0x27fd870,0x0,0x27fd710]
[trap] num=153 (0x99) pc=0x180117f04 args=[0x3,0x27fcad0,0x4f0,0x0,0x0,0x27fd870,0x0,0x27fd710]
[trap] num=92 (0x5c) pc=0x1801180d8 args=[0x3,0x61,0x27fcfb0,0x0,0x0,0x0,0x0,0x47e0]
[trap] num=92 (0x5c) pc=0x1801180d8 args=[0x3,0x62,0x27fd0d8,0x27fd0d8,0x0,0x0,0x0,0x0]
[trap] num=-10 (0xfffffffffffffff6) pc=0x180115588 args=[0x203,0x27fcfd0,0x18000,0x1,0x0,0x0,0x0,0x0]
[trap] num=197 (0xc5) pc=0x180119190 args=[0xa0c878000,0x8000,0x5,0x40012,0x3,0x0,0x0,0x0]
[trap] num=197 (0xc5) pc=0x180119190 args=[0xa0c880000,0x4000,0x3,0x40012,0x3,0x8000,0x8000,0x0]
[trap] num=197 (0xc5) pc=0x180119190 args=[0xa0c884000,0xc000,0x1,0x40012,0x3,0xc000,0xc000,0x0]
[trap] num=73 (0x49) pc=0x18011823c args=[0xa0c860000,0x14520,0x14520,0xfffffffffffffff1,0x6f,0x75,0x0,0x940]
[trap] num=6 (0x6) pc=0x180116750 args=[0x3,0x14520,0x14520,0xfffffffffffffff1,0x6f,0x75,0x0,0x940]
[trap] num=5 (0x5) pc=0x180119f50 args=[0x1000007a8,0x0,0x0,0x1000007a8,0x2f,0x40,0x27fed6f,0xcb0]
[trap] num=92 (0x5c) pc=0x1801180d8 args=[0x3,0x32,0x27fe228,0x1000007a8,0x2f,0x40,0x27fed6f,0xcb0]
[trap] num=6 (0x6) pc=0x180116750 args=[0x3,0x32,0x27fe228,0x1000007a8,0x2f,0x40,0x27fed6f,0xcb0]
[trap] num=338 (0x152) pc=0x180116c48 args=[0x1000007a8,0x27fdd60,0x27fde60,0x27fde48,0x1000007b2,0x1801ac864,0x27fe5a8,0xcb0]
[trap] num=338 (0x152) pc=0x180116c48 args=[0x1000007a8,0x27fd670,0x1000007a8,0x27fd804,0x27fd7f8,0x27fd7d0,0x0,0x27fd940]
[trap] num=5 (0x5) pc=0x180119f50 args=[0x1000007a8,0x0,0x0,0x27fd804,0x27fd7f8,0x27fd7d0,0x0,0x27fd940]
[trap] num=197 (0xc5) pc=0x180119190 args=[0x0,0x9e9b0,0x1,0x40002,0x3,0x0,0x0,0x27fd940]
[trap] num=92 (0x5c) pc=0x1801180d8 args=[0x3,0x32,0x27fd940,0x40002,0x3,0x0,0x0,0x27fd940]
[trap] num=92 (0x5c) pc=0x1801180d8 args=[0x3,0x61,0x27fd6c0,0x0,0x0,0x0,0x0,0x4c10]
[trap] num=73 (0x49) pc=0x18011823c args=[0xa0c890000,0x9e9b0,0x9e9b0,0x0,0x0,0x0,0x0,0x0]
[trap] num=197 (0xc5) pc=0x180119190 args=[0x0,0x9e9b0,0x1,0x40002,0x3,0x0,0x0,0x0]
[trap] num=339 (0x153) pc=0x1801195b8 args=[0x3,0x27fcf40,0x27fcf40,0x27fd940,0x27fd8dc,0x27fd870,0x0,0x27fd710]
[trap] num=153 (0x99) pc=0x180117f04 args=[0x3,0x27fcfac,0x1c,0x0,0x0,0x27fd870,0x0,0x27fd710]
[trap] num=153 (0x99) pc=0x180117f04 args=[0x3,0x27fc9a0,0x600,0x0,0x0,0x27fd870,0x0,0x27fd710]
[trap] num=92 (0x5c) pc=0x1801180d8 args=[0x3,0x61,0x27fcf90,0x0,0x0,0x0,0x0,0x4c10]
[trap] num=92 (0x5c) pc=0x1801180d8 args=[0x3,0x62,0x27fd0b8,0x27fd0b8,0x0,0x0,0x0,0x0]
[trap] num=-10 (0xfffffffffffffff6) pc=0x180115588 args=[0x203,0x27fcfb0,0xa4000,0x1,0x0,0x0,0x0,0x0]
[trap] num=197 (0xc5) pc=0x180119190 args=[0xa0c9d0000,0x88000,0x5,0x40012,0x3,0x0,0x0,0x0]
[trap] num=197 (0xc5) pc=0x180119190 args=[0xa0ca58000,0x4000,0x3,0x40012,0x3,0x88000,0x88000,0x0]
[trap] num=197 (0xc5) pc=0x180119190 args=[0xa0ca60000,0x14000,0x1,0x40012,0x3,0x8c000,0x8c000,0x0]
[trap] num=73 (0x49) pc=0x18011823c args=[0xa0c930000,0x9e9b0,0x9e9b0,0xfffffffffffffffa,0x6f,0x75,0x0,0x6b0]
[trap] num=6 (0x6) pc=0x180116750 args=[0x3,0x9e9b0,0x9e9b0,0xfffffffffffffffa,0x6f,0x75,0x0,0x6b0]
[trap] num=5 (0x5) pc=0x180119f50 args=[0x1000007f0,0x0,0x0,0x1000007f0,0x2f,0x40,0x27fed6f,0x6d0]
[trap] num=92 (0x5c) pc=0x1801180d8 args=[0x3,0x32,0x27fe228,0x1000007f0,0x2f,0x40,0x27fed6f,0x6d0]
[trap] num=6 (0x6) pc=0x180116750 args=[0x3,0x32,0x27fe228,0x1000007f0,0x2f,0x40,0x27fed6f,0x6d0]
[trap] num=338 (0x152) pc=0x180116c48 args=[0x1000007f0,0x27fdd60,0x27fde60,0x27fde48,0x1000007fa,0x1801ac864,0x27fe5a8,0xb70]
[trap] num=338 (0x152) pc=0x180116c48 args=[0x1000007f0,0x27fd670,0x1000007f0,0x27fd804,0x27fd7f8,0x27fd7d0,0x0,0x27fd940]
[trap] num=5 (0x5) pc=0x180119f50 args=[0x1000007f0,0x0,0x0,0x27fd804,0x27fd7f8,0x27fd7d0,0x0,0x27fd940]
[trap] num=197 (0xc5) pc=0x180119190 args=[0x0,0x4a19c0,0x1,0x40002,0x3,0x0,0x0,0x27fd940]
[trap] num=92 (0x5c) pc=0x1801180d8 args=[0x3,0x32,0x27fd940,0x40002,0x3,0x0,0x0,0x27fd940]
[trap] num=92 (0x5c) pc=0x1801180d8 args=[0x3,0x61,0x27fd6c0,0x0,0x0,0x0,0x0,0x9400]
[trap] num=73 (0x49) pc=0x18011823c args=[0xa0ca74000,0x4a19c0,0x4a19c0,0x0,0x0,0x0,0x0,0x0]
[trap] num=197 (0xc5) pc=0x180119190 args=[0x0,0x4a19c0,0x1,0x40002,0x3,0x0,0x0,0x0]
[trap] num=339 (0x153) pc=0x1801195b8 args=[0x3,0x27fcf40,0x27fcf40,0x27fd940,0x27fd8dc,0x27fd870,0x0,0x27fd710]
[trap] num=153 (0x99) pc=0x180117f04 args=[0x3,0x27fcfac,0x1c,0x0,0x0,0x27fd870,0x0,0x27fd710]
[trap] num=153 (0x99) pc=0x180117f04 args=[0x3,0x27fc910,0x688,0x0,0x0,0x27fd870,0x0,0x27fd710]
[trap] num=92 (0x5c) pc=0x1801180d8 args=[0x3,0x61,0x27fcf90,0x0,0x0,0x0,0x0,0x9400]
[trap] num=92 (0x5c) pc=0x1801180d8 args=[0x3,0x62,0x27fd0b8,0x27fd0b8,0x0,0x0,0x0,0x0]
[trap] num=-10 (0xfffffffffffffff6) pc=0x180115588 args=[0x203,0x27fcfb0,0x4a4000,0x1,0x0,0x0,0x0,0x0]
[trap] num=197 (0xc5) pc=0x180119190 args=[0xa0d3bc000,0x340000,0x5,0x40012,0x3,0x0,0x0,0x0]
[trap] num=197 (0xc5) pc=0x180119190 args=[0xa0d6fc000,0x78000,0x3,0x40012,0x3,0x340000,0x340000,0x0]
[trap] num=197 (0xc5) pc=0x180119190 args=[0xa0d774000,0x4000,0x3,0x40012,0x3,0x3b8000,0x3b8000,0x0]
[trap] num=197 (0xc5) pc=0x180119190 args=[0xa0d778000,0xe8000,0x1,0x40012,0x3,0x3bc000,0x3bc000,0x0]
[trap] num=73 (0x49) pc=0x18011823c args=[0xa0cf18000,0x4a19c0,0x4a19c0,0xfffffffffffffffa,0x6f,0x75,0x0,0x6b0]
[trap] num=6 (0x6) pc=0x180116750 args=[0x3,0x4a19c0,0x4a19c0,0xfffffffffffffffa,0x6f,0x75,0x0,0x6b0]
[trap] num=5 (0x5) pc=0x180119f50 args=[0x100000840,0x0,0x0,0x100000840,0x2f,0x40,0x27fed6f,0x6d0]
[trap] num=92 (0x5c) pc=0x1801180d8 args=[0x3,0x32,0x27fe228,0x100000840,0x2f,0x40,0x27fed6f,0x6d0]
[trap] num=6 (0x6) pc=0x180116750 args=[0x3,0x32,0x27fe228,0x100000840,0x2f,0x40,0x27fed6f,0x6d0]
[trap] num=338 (0x152) pc=0x180116c48 args=[0x100000840,0x27fdd60,0x27fde60,0x27fde48,0x10000084a,0x1801ac864,0x27fe5a8,0xac0]
[trap] num=338 (0x152) pc=0x180116c48 args=[0x100000840,0x27fd670,0x100000840,0x27fd804,0x27fd7f8,0x27fd7d0,0x0,0x27fd940]
[trap] num=5 (0x5) pc=0x180119f50 args=[0x100000840,0x0,0x0,0x27fd804,0x27fd7f8,0x27fd7d0,0x0,0x27fd940]
[trap] num=197 (0xc5) pc=0x180119190 args=[0x0,0xd4e90,0x1,0x40002,0x3,0x0,0x0,0x27fd940]
[trap] num=92 (0x5c) pc=0x1801180d8 args=[0x3,0x32,0x27fd940,0x40002,0x3,0x0,0x0,0x27fd940]
[trap] num=92 (0x5c) pc=0x1801180d8 args=[0x3,0x61,0x27fd6c0,0x0,0x0,0x0,0x0,0x1b60]
[trap] num=73 (0x49) pc=0x18011823c args=[0xa0d860000,0xd4e90,0xd4e90,0x0,0x0,0x0,0x0,0x0]
[trap] num=197 (0xc5) pc=0x180119190 args=[0x0,0xd4e90,0x1,0x40002,0x3,0x0,0x0,0x0]
[trap] num=339 (0x153) pc=0x1801195b8 args=[0x3,0x27fcf40,0x27fcf40,0x27fd940,0x27fd8dc,0x27fd870,0x0,0x27fd710]
[trap] num=153 (0x99) pc=0x180117f04 args=[0x3,0x27fcfac,0x1c,0x0,0x0,0x27fd870,0x0,0x27fd710]
[trap] num=153 (0x99) pc=0x180117f04 args=[0x3,0x27fc9b0,0x5e8,0x0,0x0,0x27fd870,0x0,0x27fd710]
[trap] num=92 (0x5c) pc=0x1801180d8 args=[0x3,0x61,0x27fcf90,0x0,0x0,0x0,0x0,0x1b60]
[trap] num=92 (0x5c) pc=0x1801180d8 args=[0x3,0x62,0x27fd0b8,0x27fd0b8,0x0,0x0,0x0,0x0]
[trap] num=-10 (0xfffffffffffffff6) pc=0x180115588 args=[0x203,0x27fcfb0,0xdc000,0x1,0x0,0x0,0x0,0x0]
[trap] num=197 (0xc5) pc=0x180119190 args=[0xa0da10000,0x90000,0x5,0x40012,0x3,0x0,0x0,0x0]
[trap] num=197 (0xc5) pc=0x180119190 args=[0xa0daa0000,0xc000,0x3,0x40012,0x3,0x90000,0x90000,0x0]
[trap] num=197 (0xc5) pc=0x180119190 args=[0xa0daac000,0x4000,0x3,0x40012,0x3,0x9c000,0x9c000,0x0]
[trap] num=197 (0xc5) pc=0x180119190 args=[0xa0dab0000,0x3c000,0x1,0x40012,0x3,0xa0000,0xa0000,0x0]
[trap] num=73 (0x49) pc=0x18011823c args=[0xa0d938000,0xd4e90,0xd4e90,0xfffffffffffffffa,0x6f,0x75,0x62696c79642e33,0x6b0]
[trap] num=6 (0x6) pc=0x180116750 args=[0x3,0xd4e90,0xd4e90,0xfffffffffffffffa,0x6f,0x75,0x62696c79642e33,0x6b0]
[trap] num=5 (0x5) pc=0x180119f50 args=[0x100000888,0x0,0x0,0x100000888,0x2f,0x40,0x27fed6f,0x1a0]
[trap] num=92 (0x5c) pc=0x1801180d8 args=[0x3,0x32,0x27fe228,0x100000888,0x2f,0x40,0x27fed6f,0x1a0]
[trap] num=6 (0x6) pc=0x180116750 args=[0x3,0x32,0x27fe228,0x100000888,0x2f,0x40,0x27fed6f,0x1a0]
[trap] num=338 (0x152) pc=0x180116c48 args=[0x100000888,0x27fdd60,0x27fde60,0x27fde48,0x100000892,0x1801ac864,0x27fe5a8,0x1a0]
[trap] num=338 (0x152) pc=0x180116c48 args=[0x100000888,0x27fd670,0x100000888,0x27fd804,0x27fd7f8,0x27fd7d0,0x0,0x27fd940]
[trap] num=5 (0x5) pc=0x180119f50 args=[0x100000888,0x0,0x0,0x27fd804,0x27fd7f8,0x27fd7d0,0x0,0x27fd940]
[trap] num=197 (0xc5) pc=0x180119190 args=[0x0,0x305810,0x1,0x40002,0x3,0x0,0x0,0x27fd940]
[trap] num=92 (0x5c) pc=0x1801180d8 args=[0x3,0x32,0x27fd940,0x40002,0x3,0x0,0x0,0x27fd940]
[trap] num=92 (0x5c) pc=0x1801180d8 args=[0x3,0x61,0x27fd6c0,0x0,0x0,0x0,0x0,0x5f30]
[trap] num=73 (0x49) pc=0x18011823c args=[0xa0daec000,0x305810,0x305810,0x0,0x0,0x0,0x0,0x0]
[trap] num=197 (0xc5) pc=0x180119190 args=[0x0,0x305810,0x1,0x40002,0x3,0x0,0x0,0x0]
[trap] num=339 (0x153) pc=0x1801195b8 args=[0x3,0x27fcf40,0x27fcf40,0x27fd940,0x27fd8dc,0x27fd870,0x0,0x27fd710]
[trap] num=153 (0x99) pc=0x180117f04 args=[0x3,0x27fcfac,0x1c,0x0,0x0,0x27fd870,0x0,0x27fd710]
[trap] num=153 (0x99) pc=0x180117f04 args=[0x3,0x27fc870,0x730,0x0,0x0,0x27fd870,0x0,0x27fd710]
[trap] num=92 (0x5c) pc=0x1801180d8 args=[0x3,0x61,0x27fcf90,0x0,0x0,0x0,0x0,0x5f30]
[trap] num=92 (0x5c) pc=0x1801180d8 args=[0x3,0x62,0x27fd0b8,0x27fd0b8,0x0,0x0,0x0,0x0]
[trap] num=-10 (0xfffffffffffffff6) pc=0x180115588 args=[0x203,0x27fcfb0,0x308000,0x1,0x0,0x0,0x0,0x0]
[trap] num=197 (0xc5) pc=0x180119190 args=[0xa0e0fc000,0x1b4000,0x5,0x40012,0x3,0x0,0x0,0x0]
[trap] num=197 (0xc5) pc=0x180119190 args=[0xa0e2b0000,0x14000,0x3,0x40012,0x3,0x1b4000,0x1b4000,0x0]
[trap] num=197 (0xc5) pc=0x180119190 args=[0xa0e2c4000,0x4000,0x3,0x40012,0x3,0x1c8000,0x1c8000,0x0]
[trap] num=197 (0xc5) pc=0x180119190 args=[0xa0e2c8000,0x13c000,0x1,0x40012,0x3,0x1cc000,0x1cc000,0x0]
[trap] num=73 (0x49) pc=0x18011823c args=[0xa0ddf4000,0x305810,0x305810,0xfffffffffffffffa,0x6f,0x75,0x0,0x6b0]
[trap] num=6 (0x6) pc=0x180116750 args=[0x3,0x305810,0x305810,0xfffffffffffffffa,0x6f,0x75,0x0,0x6b0]
[trap] num=5 (0x5) pc=0x180119f50 args=[0x1000008d8,0x0,0x0,0x1000008d8,0x2f,0x40,0x27fed6f,0xf60]
[trap] num=92 (0x5c) pc=0x1801180d8 args=[0x3,0x32,0x27fe228,0x1000008d8,0x2f,0x40,0x27fed6f,0xf60]
[trap] num=6 (0x6) pc=0x180116750 args=[0x3,0x32,0x27fe228,0x1000008d8,0x2f,0x40,0x27fed6f,0xf60]
[trap] num=338 (0x152) pc=0x180116c48 args=[0x1000008d8,0x27fdd60,0x27fde60,0x27fde48,0x1000008e2,0x1801ac864,0x27fe5a8,0xf60]
[trap] num=338 (0x152) pc=0x180116c48 args=[0x1000008d8,0x27fd670,0x1000008d8,0x27fd804,0x27fd7f8,0x27fd7d0,0x0,0x27fd940]
[trap] num=5 (0x5) pc=0x180119f50 args=[0x1000008d8,0x0,0x0,0x27fd804,0x27fd7f8,0x27fd7d0,0x0,0x27fd940]
[trap] num=197 (0xc5) pc=0x180119190 args=[0x0,0x1c7b60,0x1,0x40002,0x3,0x0,0x0,0x27fd940]
[trap] num=92 (0x5c) pc=0x1801180d8 args=[0x3,0x32,0x27fd940,0x40002,0x3,0x0,0x0,0x27fd940]
[trap] num=92 (0x5c) pc=0x1801180d8 args=[0x3,0x61,0x27fd6c0,0x0,0x0,0x0,0x0,0x5550]
[trap] num=73 (0x49) pc=0x18011823c args=[0xa0e404000,0x1c7b60,0x1c7b60,0x0,0x0,0x0,0x0,0x0]
[trap] num=197 (0xc5) pc=0x180119190 args=[0x0,0x1c7b60,0x1,0x40002,0x3,0x0,0x0,0x0]
[trap] num=339 (0x153) pc=0x1801195b8 args=[0x3,0x27fcf40,0x27fcf40,0x27fd940,0x27fd8dc,0x27fd870,0x0,0x27fd710]
[trap] num=153 (0x99) pc=0x180117f04 args=[0x3,0x27fcfac,0x1c,0x0,0x0,0x27fd870,0x0,0x27fd710]
[trap] num=153 (0x99) pc=0x180117f04 args=[0x3,0x27fc8a0,0x6f8,0x0,0x0,0x27fd870,0x0,0x27fd710]
[trap] num=92 (0x5c) pc=0x1801180d8 args=[0x3,0x61,0x27fcf90,0x0,0x0,0x0,0x0,0x5550]
[trap] num=92 (0x5c) pc=0x1801180d8 args=[0x3,0x62,0x27fd0b8,0x27fd0b8,0x0,0x0,0x0,0x0]
[trap] num=-10 (0xfffffffffffffff6) pc=0x180115588 args=[0x203,0x27fcfb0,0x1cc000,0x1,0x0,0x0,0x0,0x0]
[trap] num=197 (0xc5) pc=0x180119190 args=[0xa0e794000,0x140000,0x5,0x40012,0x3,0x0,0x0,0x0]
[trap] num=197 (0xc5) pc=0x180119190 args=[0xa0e8d4000,0x14000,0x3,0x40012,0x3,0x140000,0x140000,0x0]
[trap] num=197 (0xc5) pc=0x180119190 args=[0xa0e8ec000,0x74000,0x1,0x40012,0x3,0x154000,0x154000,0x0]
[trap] num=73 (0x49) pc=0x18011823c args=[0xa0e5cc000,0x1c7b60,0x1c7b60,0xfffffffffffffffa,0x6f,0x75,0x0,0x6b0]
[trap] num=6 (0x6) pc=0x180116750 args=[0x3,0x1c7b60,0x1c7b60,0xfffffffffffffffa,0x6f,0x75,0x0,0x6b0]
[trap] num=338 (0x152) pc=0x180116c48 args=[0x100000928,0x27fdd60,0x27fde60,0x27fde48,0x100000932,0x1801ac864,0x6e,0x690]
[trap] num=-10 (0xfffffffffffffff6) pc=0x180115588 args=[0x203,0x27fdd20,0x4000,0x3c000001,0x100000932,0x1801ac864,0x6e,0x690]
[trap] num=338 (0x152) pc=0x180116c48 args=[0x27fe350,0x27fdce0,0x27fdde0,0x27fddc8,0x27fe37e,0x1801ac864,0x0,0xae0]
[trap] num=-12 (0xfffffffffffffff4) pc=0x1801155a0 args=[0x203,0xa0e960000,0x4000,0x1a0500,0x0,0x0,0x0,0x140]
[trap] num=338 (0x152) pc=0x180116c48 args=[0x100000990,0x27fdd60,0x27fde60,0x27fde48,0x10000099a,0x1801ac864,0x7974697275636553,0xae0]
[trap] num=-10 (0xfffffffffffffff6) pc=0x180115588 args=[0x203,0x27fdd20,0x4000,0x3c000001,0x10000099a,0x1801ac864,0x7974697275636553,0xae0]
[trap] num=338 (0x152) pc=0x180116c48 args=[0x27fe360,0x27fdcf0,0x27fddf0,0x27fddd8,0x27fe38e,0x1801ac864,0x0,0xae0]
[trap] num=-12 (0xfffffffffffffff4) pc=0x1801155a0 args=[0x203,0xa0e964000,0x4000,0x1a0500,0x0,0x0,0x0,0xbc0]
[trap] num=338 (0x152) pc=0x180116c48 args=[0x1000009f0,0x27fdd60,0x27fde60,0x27fde48,0x75,0x6f,0x27fe5a8,0xae0]
[trap] num=-10 (0xfffffffffffffff6) pc=0x180115588 args=[0x203,0x27fdd20,0x4000,0x3c000001,0x75,0x6f,0x27fe5a8,0xae0]
[trap] num=338 (0x152) pc=0x180116c48 args=[0x27fe380,0x27fdd10,0x27fde10,0x27fddf8,0x27fe394,0x1ec445294,0x62696c79642e31,0xae0]
[trap] num=-12 (0xfffffffffffffff4) pc=0x1801155a0 args=[0x203,0xa0e968000,0x4000,0x1a0500,0x0,0x0,0x62696c79642e31,0xbc0]
[trap] num=338 (0x152) pc=0x180116c48 args=[0x100000a20,0x27fdd60,0x27fde60,0x27fde48,0x100000a2a,0x1801ac864,0x27fe5a8,0xae0]
[trap] num=-10 (0xfffffffffffffff6) pc=0x180115588 args=[0x203,0x27fdd20,0x4000,0x3c000001,0x100000a2a,0x1801ac864,0x27fe5a8,0xae0]
[trap] num=338 (0x152) pc=0x180116c48 args=[0x27fe380,0x27fdd10,0x27fde10,0x27fddf8,0x27fe3ae,0x1801ac864,0x0,0xae0]
[trap] num=-12 (0xfffffffffffffff4) pc=0x1801155a0 args=[0x203,0xa0e96c000,0x4000,0x1a0500,0x0,0x0,0x0,0xbc0]
[trap] num=338 (0x152) pc=0x180116c48 args=[0xa07d70810,0x27fdc90,0x27fdd90,0x27fdd78,0xa07d7081a,0x1801ac864,0x6e,0xae0]
[M28 BANDSHRINK] syscall 338 band past ipa 0xa07d70810 len 65536 shrunk 64 -> 0 by an overlapping window of the same call
[trap] num=-10 (0xfffffffffffffff6) pc=0x180115588 args=[0x203,0x27fdc50,0x4000,0x3c000001,0xa07d7081a,0x1801ac864,0x6e,0xae0]
[trap] num=338 (0x152) pc=0x180116c48 args=[0x27fe280,0x27fdc10,0x27fdd10,0x27fdcf8,0x27fe2ae,0x1801ac864,0x0,0xae0]
[trap] num=-12 (0xfffffffffffffff4) pc=0x1801155a0 args=[0x203,0xa0e970000,0x4000,0x1a0500,0x0,0x0,0x0,0xbc0]
[trap] num=338 (0x152) pc=0x180116c48 args=[0xa07d70878,0x27fdc90,0x27fdd90,0x27fdd78,0x75,0x6f,0x27fe4d8,0x900]
[trap] num=-10 (0xfffffffffffffff6) pc=0x180115588 args=[0x203,0x27fdc50,0x4000,0x3c000001,0x75,0x6f,0x27fe4d8,0x900]
[trap] num=338 (0x152) pc=0x180116c48 args=[0x27fe2b0,0x27fdc40,0x27fdd40,0x27fdd28,0x27fe2c4,0x1ec445294,0x0,0xae0]
[trap] num=-12 (0xfffffffffffffff4) pc=0x1801155a0 args=[0x203,0xa0e974000,0x4000,0x1a0500,0x0,0x0,0x0,0xbc0]
[trap] num=338 (0x152) pc=0x180116c48 args=[0xa07d70e18,0x27fdc90,0x27fdd90,0x27fdd78,0xa07d70e22,0x1801ac864,0x7974697275636553,0x1a0]
[M28 BANDSHRINK] syscall 338 band past ipa 0xa07d70e18 len 65536 shrunk 64 -> 0 by an overlapping window of the same call
[trap] num=-10 (0xfffffffffffffff6) pc=0x180115588 args=[0x203,0x27fdc50,0x4000,0x3c000001,0xa07d70e22,0x1801ac864,0x7974697275636553,0x1a0]
[trap] num=338 (0x152) pc=0x180116c48 args=[0x27fe290,0x27fdc20,0x27fdd20,0x27fdd08,0x27fe2be,0x1801ac864,0x0,0xae0]
[trap] num=-12 (0xfffffffffffffff4) pc=0x1801155a0 args=[0x203,0xa0e978000,0x4000,0x1a0500,0x0,0x0,0x0,0x140]
[trap] num=338 (0x152) pc=0x180116c48 args=[0xa07d70e78,0x27fdc90,0x27fdd90,0x27fdd78,0x75,0x6f,0x27fe4d8,0x900]
[trap] num=-10 (0xfffffffffffffff6) pc=0x180115588 args=[0x203,0x27fdc50,0x4000,0x3c000001,0x75,0x6f,0x27fe4d8,0x900]
[trap] num=338 (0x152) pc=0x180116c48 args=[0x27fe2b0,0x27fdc40,0x27fdd40,0x27fdd28,0x27fe2c4,0x1ec445294,0x62696c79642e31,0xae0]
[trap] num=-12 (0xfffffffffffffff4) pc=0x1801155a0 args=[0x203,0xa0e97c000,0x4000,0x1a0500,0x0,0x0,0x62696c79642e31,0xbc0]
[trap] num=338 (0x152) pc=0x180116c48 args=[0xa07d70ea8,0x27fdc90,0x27fdd90,0x27fdd78,0xa07d70eb2,0x1801ac864,0x27fe4d8,0x900]
[M28 BANDSHRINK] syscall 338 band past ipa 0xa07d70ea8 len 65536 shrunk 64 -> 0 by an overlapping window of the same call
[trap] num=-10 (0xfffffffffffffff6) pc=0x180115588 args=[0x203,0x27fdc50,0x4000,0x3c000001,0xa07d70eb2,0x1801ac864,0x27fe4d8,0x900]
[trap] num=338 (0x152) pc=0x180116c48 args=[0x27fe2b0,0x27fdc40,0x27fdd40,0x27fdd28,0x27fe2de,0x1801ac864,0x0,0xae0]
[trap] num=-12 (0xfffffffffffffff4) pc=0x1801155a0 args=[0x203,0xa0e980000,0x4000,0x1a0500,0x0,0x0,0x0,0xbc0]
[trap] num=5 (0x5) pc=0x180119f50 args=[0xa0bf78498,0x0,0x0,0xa0bf78498,0x40,0x2f,0x27febcf,0x670]
[trap] num=5 (0x5) pc=0x180119f50 args=[0x27fdc38,0x100000,0x0,0x27fdc57,0x40,0x2f,0x0,0x670]
[trap] num=338 (0x152) pc=0x180116c48 args=[0x27fddb0,0x27fdab0,0x27fdbb0,0x27fdb98,0x27fddba,0x1801ac864,0x0,0x780]
[trap] num=338 (0x152) pc=0x180116c48 args=[0x27fddb0,0x27fd3c0,0x27fddb0,0x27fd554,0x27fd548,0x27fd520,0x0,0x27fd690]
[trap] num=5 (0x5) pc=0x180119f50 args=[0x27fddb0,0x0,0x0,0x27fd554,0x27fd548,0x27fd520,0x0,0x27fd690]
[trap] num=197 (0xc5) pc=0x180119190 args=[0x0,0x28d60,0x1,0x40002,0x3,0x0,0x0,0x27fd690]
[trap] num=92 (0x5c) pc=0x1801180d8 args=[0x3,0x32,0x27fd690,0x40002,0x3,0x0,0x0,0x27fd690]
[trap] num=92 (0x5c) pc=0x1801180d8 args=[0x3,0x61,0x27fd410,0x0,0x0,0x0,0x0,0x4880]
[trap] num=73 (0x49) pc=0x18011823c args=[0xa0e984000,0x28d60,0x28d60,0x0,0x0,0x0,0x0,0x0]
[trap] num=197 (0xc5) pc=0x180119190 args=[0x0,0x28d60,0x1,0x40002,0x3,0x0,0x0,0x0]
[trap] num=339 (0x153) pc=0x1801195b8 args=[0x3,0x27fccb0,0x27fccb0,0x27fd690,0x27fd62c,0x27fd5c0,0x0,0x27fd460]
[trap] num=153 (0x99) pc=0x180117f04 args=[0x3,0x27fcd1c,0x1c,0x0,0x0,0x27fd5c0,0x0,0x27fd460]
[trap] num=153 (0x99) pc=0x180117f04 args=[0x3,0x27fc890,0x480,0x0,0x0,0x27fd5c0,0x0,0x27fd460]
[trap] num=92 (0x5c) pc=0x1801180d8 args=[0x3,0x61,0x27fcd00,0x0,0x0,0x0,0x0,0x4880]
[trap] num=92 (0x5c) pc=0x1801180d8 args=[0x3,0x62,0x27fce28,0x27fce28,0x0,0x0,0x0,0x0]
[trap] num=-10 (0xfffffffffffffff6) pc=0x180115588 args=[0x203,0x27fcd20,0x2c000,0x1,0x0,0x0,0x0,0x0]
[trap] num=197 (0xc5) pc=0x180119190 args=[0xa0e9dc000,0x20000,0x5,0x40012,0x3,0x0,0x0,0x0]
[trap] num=197 (0xc5) pc=0x180119190 args=[0xa0e9fc000,0x4000,0x3,0x40012,0x3,0x20000,0x20000,0x0]
[trap] num=197 (0xc5) pc=0x180119190 args=[0xa0ea00000,0x8000,0x1,0x40012,0x3,0x24000,0x24000,0x0]
[trap] num=73 (0x49) pc=0x18011823c args=[0xa0e9b0000,0x28d60,0x28d60,0x1ec4467ba,0xfffffffe163b6ed8,0x8,0x27fd0cf,0xba0]
[trap] num=6 (0x6) pc=0x180116750 args=[0x3,0x28d60,0x28d60,0x1ec4467ba,0xfffffffe163b6ed8,0x8,0x27fd0cf,0xba0]
[trap] num=5 (0x5) pc=0x180119f50 args=[0xa0c0d04e0,0x0,0x0,0xa0c0d04e0,0x40,0x2f,0x27febcf,0x840]
[trap] num=5 (0x5) pc=0x180119f50 args=[0x27fdc38,0x100000,0x0,0x27fdc57,0x40,0x2f,0x0,0x840]
[trap] num=338 (0x152) pc=0x180116c48 args=[0x27fddb0,0x27fdab0,0x27fdbb0,0x27fdb98,0x27fddba,0x1801ac864,0x0,0x820]
[trap] num=5 (0x5) pc=0x180119f50 args=[0xa0e0fc638,0x0,0x0,0xa0e0fc638,0x6c,0x72,0x27febcf,0x7b0]
[trap] num=5 (0x5) pc=0x180119f50 args=[0x27fdc38,0x100000,0x0,0x27fdc57,0x6c,0x72,0x0,0x7b0]
[trap] num=338 (0x152) pc=0x180116c48 args=[0x27fddb0,0x27fdbc0,0x27fdcc0,0x27fdca8,0x27fddba,0x1801ac864,0x0,0x830]
[trap] num=5 (0x5) pc=0x180119f50 args=[0xa0e0fc670,0x0,0x0,0xa0e0fc670,0x6c,0x72,0x27febcf,0x6d0]
[trap] num=5 (0x5) pc=0x180119f50 args=[0x27fdc38,0x100000,0x0,0x27fdc59,0x6c,0x72,0x0,0x6d0]
[trap] num=338 (0x152) pc=0x180116c48 args=[0x27fddb0,0x27fdbc0,0x27fdcc0,0x27fdca8,0x27fddba,0x1801ac864,0x0,0x830]
[trap] num=338 (0x152) pc=0x180116c48 args=[0x27fddb0,0x27fd4d0,0x27fddb0,0x27fd664,0x27fd658,0x27fd630,0x0,0x27fd7a0]
[trap] num=5 (0x5) pc=0x180119f50 args=[0x27fddb0,0x0,0x0,0x27fd664,0x27fd658,0x27fd630,0x0,0x27fd7a0]
[trap] num=197 (0xc5) pc=0x180119190 args=[0x0,0x1fa8470,0x1,0x40002,0x3,0x0,0x0,0x27fd7a0]
[trap] num=92 (0x5c) pc=0x1801180d8 args=[0x3,0x32,0x27fd7a0,0x40002,0x3,0x0,0x0,0x27fd7a0]
[trap] num=92 (0x5c) pc=0x1801180d8 args=[0x3,0x61,0x27fd520,0x0,0x0,0x0,0x0,0x143f0]
[trap] num=73 (0x49) pc=0x18011823c args=[0xa0ea08000,0x1fa8470,0x1fa8470,0x0,0x0,0x0,0x0,0x0]
[trap] num=197 (0xc5) pc=0x180119190 args=[0x0,0x1fa8470,0x1,0x40002,0x3,0x0,0x0,0x0]
[trap] num=339 (0x153) pc=0x1801195b8 args=[0x3,0x27fcdc0,0x27fcdc0,0x27fd7a0,0x27fd73c,0x27fd6d0,0x0,0x27fd570]
[trap] num=153 (0x99) pc=0x180117f04 args=[0x3,0x27fce2c,0x1c,0x0,0x0,0x27fd6d0,0x0,0x27fd570]
[trap] num=153 (0x99) pc=0x180117f04 args=[0x3,0x27fcab0,0x370,0x0,0x0,0x27fd6d0,0x0,0x27fd570]
[trap] num=92 (0x5c) pc=0x1801180d8 args=[0x3,0x61,0x27fce10,0x0,0x0,0x0,0x0,0x143f0]
[trap] num=92 (0x5c) pc=0x1801180d8 args=[0x3,0x62,0x27fcf38,0x27fcf38,0x0,0x0,0x0,0x0]
[trap] num=-10 (0xfffffffffffffff6) pc=0x180115588 args=[0x203,0x27fce30,0x1fac000,0x1,0x0,0x0,0x0,0x0]
[trap] num=197 (0xc5) pc=0x180119190 args=[0xa12960000,0x1f94000,0x5,0x40012,0x3,0x0,0x0,0x0]
[trap] num=197 (0xc5) pc=0x180119190 args=[0xa148f4000,0x18000,0x1,0x40012,0x3,0x1f94000,0x1f94000,0x0]
[trap] num=73 (0x49) pc=0x18011823c args=[0xa109b4000,0x1fa8470,0x1fa8470,0x1ec446a25,0x8,0x41,0x0,0xba0]
[trap] num=6 (0x6) pc=0x180116750 args=[0x3,0x1fa8470,0x1fa8470,0x1ec446a25,0x8,0x41,0x0,0xba0]
[trap] num=5 (0x5) pc=0x180119f50 args=[0xa0e794638,0x0,0x0,0xa0e794638,0x6c,0x72,0x27feaff,0xf20]
[trap] num=5 (0x5) pc=0x180119f50 args=[0x27fdb68,0x100000,0x0,0x27fdb89,0x6c,0x72,0x0,0xf20]
[trap] num=338 (0x152) pc=0x180116c48 args=[0x27fdce0,0x27fdaf0,0x27fdbf0,0x27fdbd8,0x27fdcea,0x1801ac864,0x0,0x5e0]
[trap] num=5 (0x5) pc=0x180119f50 args=[0x1ec447880,0x0,0x0,0x0,0x0,0x27fc9e8,0x1,0x27fc948]
[trap] num=381 (0x17d) pc=0x180119ecc args=[0x1801b7eb4,0x2,0x27fbc40,0xa,0x73,0x69,0x1,0x27fc948]
[trap] num=550 (0x226) pc=0x180119ef8 args=[0x27fbb80,0x1,0x27fbbb0,0x50,0x27fbc00,0x0,0x100000000,0x27fc9e8]
[trap] num=6 (0x6) pc=0x180116750 args=[0x3,0x3,0x27fbbe0,0x0,0x1,0x0,0x100000000,0x27fc9e8]
[trap] num=74 (0x4a) pc=0x180119f24 args=[0x100008000,0x4000,0x1,0x1,0x8,0x0,0x100000000,0x27fc9e8]
[trap] num=-10 (0xfffffffffffffff6) pc=0x180115588 args=[0x203,0x27fbe50,0x4000,0x3c000001,0x0,0x1,0x27fbbc0,0x27fbbf0]
[trap] num=-10 (0xfffffffffffffff6) pc=0x180115588 args=[0x203,0x27fbe50,0x8000,0x3c000001,0x1,0x1,0x27fba18,0x0]
[trap] num=-12 (0xfffffffffffffff4) pc=0x1801155a0 args=[0x203,0xa1490c000,0x4000,0xa14913fc0,0xffffffffffffc000,0x20,0x27fba18,0x0]
[trap] num=-14 (0xfffffffffffffff2) pc=0x1801155b8 args=[0x203,0x1e5908000,0x2324000,0x0,0x13,0x13,0x4,0x4000]
[trap] num=-14 (0xfffffffffffffff2) pc=0x1801155b8 args=[0x203,0x1edc84000,0x7b90000,0x0,0x13,0x13,0x5,0x6380000]
[trap] num=-14 (0xfffffffffffffff2) pc=0x1801155b8 args=[0x203,0x28f64c000,0x2c2c000,0x0,0x13,0x13,0x4,0x4000]
[trap] num=-14 (0xfffffffffffffff2) pc=0x1801155b8 args=[0x203,0x29a1cc000,0x5678000,0x0,0x13,0x13,0x5,0x8b84000]
[trap] num=-14 (0xfffffffffffffff2) pc=0x1801155b8 args=[0x203,0x2d0bac000,0x2a4000,0x0,0x13,0x13,0x4,0x4000]
[trap] num=-14 (0xfffffffffffffff2) pc=0x1801155b8 args=[0x203,0x2d361c000,0xac8000,0x0,0x13,0x13,0x5,0xa74000]
[trap] num=5 (0x5) pc=0x180119f50 args=[0x1ec447b48,0x0,0x0,0x0,0x0,0x27fc9e8,0x1,0x27fc948]
[trap] num=381 (0x17d) pc=0x180119ecc args=[0x1801b7eb4,0x2,0x27fbc40,0xa,0x73,0x69,0x1,0x27fc948]
[trap] num=550 (0x226) pc=0x180119ef8 args=[0x27f4730,0x2,0x27f4780,0x7480,0xa0762f884,0xc,0x18000000000008,0x27fc9e8]
[trap] num=6 (0x6) pc=0x180116750 args=[0x3,0x3,0x27f483e,0x8,0x1,0xc,0x18000000000008,0x27fc9e8]
[trap] num=74 (0x4a) pc=0x180119f24 args=[0xa09ce8000,0xe8000,0x1,0x1,0x0,0xc,0x18000000000008,0x27fc9e8]
[trap] num=-12 (0xfffffffffffffff4) pc=0x1801155a0 args=[0x203,0xa14910000,0x8000,0xa,0x0,0xc,0x18000000000008,0x27fc9e8]
[trap] num=5 (0x5) pc=0x180119f50 args=[0x1ec447d68,0x0,0x0,0x0,0x0,0x27fc9e8,0x1,0x27fc948]
[trap] num=381 (0x17d) pc=0x180119ecc args=[0x1801b7eb4,0x2,0x27fbc40,0xa,0x73,0x69,0x1,0x27fc948]
[trap] num=550 (0x226) pc=0x180119ef8 args=[0x27fbb70,0x1,0x27fbba0,0x60,0x27fbc00,0x0,0x100000000,0x27fc9e8]
[trap] num=6 (0x6) pc=0x180116750 args=[0x3,0x3,0x27fbbd0,0x0,0x1,0x0,0x100000000,0x27fc9e8]
[trap] num=74 (0x4a) pc=0x180119f24 args=[0xa0bc8c000,0x4000,0x1,0x1,0x0,0x0,0x100000000,0x27fc9e8]
[trap] num=5 (0x5) pc=0x180119f50 args=[0x1ec447f98,0x0,0x0,0x0,0x0,0x27fc9e8,0x1,0x27fc948]
[trap] num=381 (0x17d) pc=0x180119ecc args=[0x1801b7eb4,0x2,0x27fbc40,0xa,0x73,0x69,0x1,0x27fc948]
[trap] num=550 (0x226) pc=0x180119ef8 args=[0x27fb490,0x1,0x27fb4c0,0x738,0x1688,0x18,0x100000000,0x27fc9e8]
[trap] num=6 (0x6) pc=0x180116750 args=[0x3,0x3,0x27fb4f0,0x0,0x1,0x18,0x10000100000000,0x27fc9e8]
[trap] num=74 (0x4a) pc=0x180119f24 args=[0xa0bd1c000,0x4000,0x1,0x1,0x0,0x18,0x10000100000000,0x27fc9e8]
[trap] num=5 (0x5) pc=0x180119f50 args=[0x1ec4481c0,0x0,0x0,0x0,0x0,0x27fc9e8,0x1,0x27fc948]
[trap] num=381 (0x17d) pc=0x180119ecc args=[0x1801b7eb4,0x2,0x27fbc40,0xa,0x73,0x69,0x1,0x27fc948]
[trap] num=550 (0x226) pc=0x180119ef8 args=[0x27fb8f0,0x1,0x27fb920,0x2d8,0x1228,0x18,0x100000000,0x27fc9e8]
[trap] num=6 (0x6) pc=0x180116750 args=[0x3,0x3,0x27fb950,0x0,0x1,0x18,0x100000000,0x27fc9e8]
[trap] num=74 (0x4a) pc=0x180119f24 args=[0xa0bed0000,0x4000,0x1,0x1,0x0,0x18,0x100000000,0x27fc9e8]
[trap] num=5 (0x5) pc=0x180119f50 args=[0x1ec4483f0,0x0,0x0,0x0,0x0,0x27fc9e8,0x1,0x27fc948]
[trap] num=381 (0x17d) pc=0x180119ecc args=[0x1801b7eb4,0x2,0x27fbc40,0xa,0x73,0x69,0x1,0x27fc948]
[trap] num=550 (0x226) pc=0x180119ef8 args=[0x27fba90,0x1,0x27fbac0,0x138,0x1088,0x18,0x100000000,0x27fc9e8]
[trap] num=6 (0x6) pc=0x180116750 args=[0x3,0x3,0x27fbaf0,0x0,0x1,0x18,0x100000000,0x27fc9e8]
[trap] num=74 (0x4a) pc=0x180119f24 args=[0xa0bf38000,0x4000,0x1,0x1,0x0,0x18,0x100000000,0x27fc9e8]
[trap] num=5 (0x5) pc=0x180119f50 args=[0x1ec448630,0x0,0x0,0x0,0x0,0x27fc9e8,0x1,0x27fc948]
[trap] num=381 (0x17d) pc=0x180119ecc args=[0x1801b7eb4,0x2,0x27fbc40,0xa,0x73,0x69,0x1,0x27fc948]
[trap] num=550 (0x226) pc=0x180119ef8 args=[0x27fbb00,0x1,0x27fbb30,0xc8,0x1018,0x8,0x100000000,0x27fc9e8]
[trap] num=6 (0x6) pc=0x180116750 args=[0x3,0x3,0x27fbb60,0x0,0x1,0x8,0x100000000,0x27fc9e8]
[trap] num=74 (0x4a) pc=0x180119f24 args=[0xa0bf84000,0x4000,0x1,0x1,0x0,0x8,0x100000000,0x27fc9e8]
[trap] num=5 (0x5) pc=0x180119f50 args=[0x1ec448860,0x0,0x0,0x0,0x0,0x27fc9e8,0x1,0x27fc948]
[trap] num=381 (0x17d) pc=0x180119ecc args=[0x1801b7eb4,0x2,0x27fbc40,0xa,0x73,0x69,0x1,0x27fc948]
[trap] num=550 (0x226) pc=0x180119ef8 args=[0x27fbb00,0x1,0x27fbb30,0xd0,0x1018,0x8,0x100000000,0x27fc9e8]
[trap] num=6 (0x6) pc=0x180116750 args=[0x3,0x3,0x27fbb60,0x0,0x1,0x8,0x100000000,0x27fc9e8]
[trap] num=74 (0x4a) pc=0x180119f24 args=[0xa0c160000,0x4000,0x1,0x1,0x0,0x8,0x100000000,0x27fc9e8]
[trap] num=5 (0x5) pc=0x180119f50 args=[0x1ec448a90,0x0,0x0,0x0,0x0,0x27fc9e8,0x1,0x27fc948]
[trap] num=381 (0x17d) pc=0x180119ecc args=[0x1801b7eb4,0x2,0x27fbc40,0xa,0x73,0x69,0x1,0x27fc948]
[trap] num=550 (0x226) pc=0x180119ef8 args=[0x27fb8e0,0x1,0x27fb910,0x2f0,0x1238,0x8,0x100000000,0x27fc9e8]
[trap] num=6 (0x6) pc=0x180116750 args=[0x3,0x3,0x27fb940,0x0,0x1,0x8,0x100000000,0x27fc9e8]
[trap] num=74 (0x4a) pc=0x180119f24 args=[0xa0c20c000,0x4000,0x1,0x1,0x0,0x8,0x100000000,0x27fc9e8]
[trap] num=5 (0x5) pc=0x180119f50 args=[0x1ec448cc0,0x0,0x0,0x0,0x0,0x27fc9e8,0x1,0x27fc948]
[trap] num=381 (0x17d) pc=0x180119ecc args=[0x1801b7eb4,0x2,0x27fbc40,0xa,0x73,0x69,0x1,0x27fc948]
[trap] num=550 (0x226) pc=0x180119ef8 args=[0x27fba70,0x1,0x27fbaa0,0x160,0x10a8,0x18,0x100000000,0x27fc9e8]
[trap] num=6 (0x6) pc=0x180116750 args=[0x3,0x3,0x27fbad0,0x0,0x1,0x18,0x100000000,0x27fc9e8]
[trap] num=74 (0x4a) pc=0x180119f24 args=[0xa0c254000,0x4000,0x1,0x1,0x0,0x18,0x100000000,0x27fc9e8]
[trap] num=5 (0x5) pc=0x180119f50 args=[0x1ec448ef8,0x0,0x0,0x0,0x0,0x27fc9e8,0x1,0x27fc948]
[trap] num=381 (0x17d) pc=0x180119ecc args=[0x1801b7eb4,0x2,0x27fbc40,0xa,0x73,0x69,0x1,0x27fc948]
[trap] num=550 (0x226) pc=0x180119ef8 args=[0x27fbaf0,0x1,0x27fbb20,0xe0,0x1028,0x18,0x100000000,0x27fc9e8]
[trap] num=6 (0x6) pc=0x180116750 args=[0x3,0x3,0x27fbb50,0x0,0x1,0x18,0x10000100000000,0x27fc9e8]
[trap] num=74 (0x4a) pc=0x180119f24 args=[0xa0c2e4000,0x4000,0x1,0x1,0x0,0x18,0x10000100000000,0x27fc9e8]
[trap] num=5 (0x5) pc=0x180119f50 args=[0x1ec449128,0x0,0x0,0x0,0x0,0x27fc9e8,0x1,0x27fc948]
[trap] num=381 (0x17d) pc=0x180119ecc args=[0x1801b7eb4,0x2,0x27fbc40,0xa,0x73,0x69,0x1,0x27fc948]
[trap] num=550 (0x226) pc=0x180119ef8 args=[0x27fbaf0,0x1,0x27fbb20,0xe0,0x1028,0x18,0x100000000,0x27fc9e8]
[trap] num=6 (0x6) pc=0x180116750 args=[0x3,0x3,0x27fbb50,0x0,0x1,0x18,0x8000100000000,0x27fc9e8]
[trap] num=74 (0x4a) pc=0x180119f24 args=[0xa0c380000,0x4000,0x1,0x1,0x0,0x18,0x8000100000000,0x27fc9e8]
[trap] num=5 (0x5) pc=0x180119f50 args=[0x1ec449358,0x0,0x0,0x0,0x0,0x27fc9e8,0x1,0x27fc948]
[trap] num=381 (0x17d) pc=0x180119ecc args=[0x1801b7eb4,0x2,0x27fbc40,0xa,0x73,0x69,0x1,0x27fc948]
[trap] num=550 (0x226) pc=0x180119ef8 args=[0x27fbae0,0x1,0x27fbb10,0xf0,0x1038,0x8,0x100000000,0x27fc9e8]
[trap] num=6 (0x6) pc=0x180116750 args=[0x3,0x3,0x27fbb40,0x0,0x1,0x8,0x18000100000000,0x27fc9e8]
[trap] num=74 (0x4a) pc=0x180119f24 args=[0xa0c480000,0x4000,0x1,0x1,0x0,0x8,0x18000100000000,0x27fc9e8]
[trap] num=5 (0x5) pc=0x180119f50 args=[0x1ec449590,0x0,0x0,0x0,0x0,0x27fc9e8,0x1,0x27fc948]
[trap] num=381 (0x17d) pc=0x180119ecc args=[0x1801b7eb4,0x2,0x27fbc40,0xa,0x73,0x69,0x1,0x27fc948]
[trap] num=550 (0x226) pc=0x180119ef8 args=[0x27fb7d0,0x2,0x27fb820,0x3d8,0x1308,0x18,0x0,0x27fc9e8]
[trap] num=6 (0x6) pc=0x180116750 args=[0x3,0x3,0x27fb86c,0x1,0x1,0x18,0x0,0x27fc9e8]
[trap] num=74 (0x4a) pc=0x180119f24 args=[0xa0c81c000,0x4000,0x1,0x1,0x0,0x18,0x0,0x27fc9e8]
[trap] num=5 (0x5) pc=0x180119f50 args=[0x1ec4497c0,0x0,0x0,0x0,0x0,0x27fc9e8,0x1,0x27fc948]
[trap] num=381 (0x17d) pc=0x180119ecc args=[0x1801b7eb4,0x2,0x27fbc40,0xa,0x73,0x69,0x1,0x27fc948]
[trap] num=550 (0x226) pc=0x180119ef8 args=[0x27fb8e0,0x1,0x27fb910,0x2f0,0x1238,0x8,0x100000000,0x27fc9e8]
[trap] num=6 (0x6) pc=0x180116750 args=[0x3,0x3,0x27fb940,0x0,0x1,0x8,0x100000000,0x27fc9e8]
[trap] num=74 (0x4a) pc=0x180119f24 args=[0xa0c880000,0x4000,0x1,0x1,0x0,0x8,0x100000000,0x27fc9e8]
[trap] num=5 (0x5) pc=0x180119f50 args=[0x1ec4499e8,0x0,0x0,0x0,0x0,0x27fc9e8,0x1,0x27fc948]
[trap] num=381 (0x17d) pc=0x180119ecc args=[0x1801b7eb4,0x2,0x27fbc40,0xa,0x73,0x69,0x1,0x27fc948]
[trap] num=550 (0x226) pc=0x180119ef8 args=[0x27fba90,0x1,0x27fbac0,0x140,0x1088,0x18,0x100000000,0x27fc9e8]
[trap] num=6 (0x6) pc=0x180116750 args=[0x3,0x3,0x27fbaf0,0x0,0x1,0x18,0x100000000,0x27fc9e8]
[trap] num=74 (0x4a) pc=0x180119f24 args=[0xa0ca58000,0x4000,0x1,0x1,0x0,0x18,0x100000000,0x27fc9e8]
[trap] num=5 (0x5) pc=0x180119f50 args=[0x1ec449c18,0x0,0x0,0x0,0x0,0x27fc9e8,0x1,0x27fc948]
[trap] num=381 (0x17d) pc=0x180119ecc args=[0x1801b7eb4,0x2,0x27fbc40,0xa,0x73,0x69,0x1,0x27fc948]
[trap] num=550 (0x226) pc=0x180119ef8 args=[0x27fb650,0x1,0x27fb680,0x580,0xa0af7c988,0x10,0x27fbe58,0x27fc9e8]
[trap] num=6 (0x6) pc=0x180116750 args=[0x3,0x3,0x27fb6f0,0x0,0x1,0x18,0x8000100000000,0x27fc9e8]
[trap] num=74 (0x4a) pc=0x180119f24 args=[0xa0d6fc000,0x78000,0x1,0x1,0x0,0x18,0x8000100000000,0x27fc9e8]
[trap] num=-10 (0xfffffffffffffff6) pc=0x180115588 args=[0x203,0x27fbe50,0x4000,0x3c000001,0x0,0x1,0x27fbbc0,0x27fbbf0]
[trap] num=5 (0x5) pc=0x180119f50 args=[0x1ec449e50,0x0,0x0,0x0,0x0,0x27fc9e8,0x1,0x27fc948]
[trap] num=381 (0x17d) pc=0x180119ecc args=[0x1801b7eb4,0x2,0x27fbc40,0xa,0x73,0x69,0x1,0x27fc948]
[trap] num=550 (0x226) pc=0x180119ef8 args=[0x27fa850,0x1,0x27fa880,0x1378,0xa1211d730,0x10,0x0,0x27fc9e8]
[trap] num=6 (0x6) pc=0x180116750 args=[0x3,0x3,0x27fa8c0,0x0,0x1,0x8,0x8000100000000,0x27fc9e8]
[trap] num=74 (0x4a) pc=0x180119f24 args=[0xa0daa0000,0xc000,0x1,0x1,0x0,0x8,0x8000100000000,0x27fc9e8]
[trap] num=-12 (0xfffffffffffffff4) pc=0x1801155a0 args=[0x203,0xa14918000,0x4000,0xa,0x0,0x8,0x8000100000000,0x27fc9e8]
[trap] num=-10 (0xfffffffffffffff6) pc=0x180115588 args=[0x203,0x27fbe50,0x4000,0x3c000001,0x0,0x1,0x27fbbc0,0x27fbbf0]
[trap] num=5 (0x5) pc=0x180119f50 args=[0x1ec44a090,0x0,0x0,0x0,0x0,0x27fc9e8,0x1,0x27fc948]
[trap] num=381 (0x17d) pc=0x180119ecc args=[0x1801b7eb4,0x2,0x27fbc40,0xa,0x73,0x69,0x1,0x27fc948]
[trap] num=550 (0x226) pc=0x180119ef8 args=[0x27fa3b0,0x1,0x27fa3e0,0x1818,0xa12121bd0,0x10,0x8,0x27fc9e8]
[trap] num=6 (0x6) pc=0x180116750 args=[0x3,0x3,0x27fa410,0x4,0x1,0x10,0x8,0x27fc9e8]
[trap] num=74 (0x4a) pc=0x180119f24 args=[0xa0e2b0000,0x14000,0x1,0x1,0x0,0x10,0x8,0x27fc9e8]
[trap] num=-12 (0xfffffffffffffff4) pc=0x1801155a0 args=[0x203,0xa1491c000,0x4000,0xa,0x0,0x10,0x8,0x27fc9e8]
[trap] num=5 (0x5) pc=0x180119f50 args=[0x1ec44a2c8,0x0,0x0,0x0,0x0,0x27fc9e8,0x1,0x27fc948]
[trap] num=381 (0x17d) pc=0x180119ecc args=[0x1801b7eb4,0x2,0x27fbc40,0xa,0x73,0x69,0x1,0x27fc948]
[trap] num=550 (0x226) pc=0x180119ef8 args=[0x27fb8e0,0x1,0x27fb910,0x2f0,0x1230,0x20,0xc80000,0x27fc9e8]
[trap] num=6 (0x6) pc=0x180116750 args=[0x3,0x3,0x27fb940,0x4,0x1,0x20,0xc80000,0x27fc9e8]
[trap] num=74 (0x4a) pc=0x180119f24 args=[0xa0e8d4000,0x14000,0x1,0x1,0x0,0x20,0xc80000,0x27fc9e8]
[trap] num=5 (0x5) pc=0x180119f50 args=[0x1ec4467b8,0x0,0x0,0x0,0x0,0x27fc9e8,0x1,0x27fc948]
[trap] num=381 (0x17d) pc=0x180119ecc args=[0x1801b7eb4,0x2,0x27fbc40,0xa,0x73,0x69,0x1,0x27fc948]
[trap] num=550 (0x226) pc=0x180119ef8 args=[0x27fbb70,0x1,0x27fbba0,0x60,0x27fbc00,0x0,0x100000000,0x27fc9e8]
[trap] num=6 (0x6) pc=0x180116750 args=[0x3,0x3,0x27fbbd0,0x0,0x1,0x0,0x100000000,0x27fc9e8]
[trap] num=74 (0x4a) pc=0x180119f24 args=[0xa0e9fc000,0x4000,0x1,0x1,0x0,0x0,0x100000000,0x27fc9e8]
[trap] num=5 (0x5) pc=0x180119f50 args=[0x1ec4469e8,0x0,0x0,0x0,0x0,0x27fc9e8,0x1,0x27fc948]
[trap] num=381 (0x17d) pc=0x180119ecc args=[0x1801b7eb4,0x2,0x27fbc40,0xa,0x73,0x69,0x1,0x27fc948]
[trap] num=6 (0x6) pc=0x180116750 args=[0x3,0x3,0x27fbbcf,0x2,0x8,0x69,0x1,0x27fc948]
[trap] num=-14 (0xfffffffffffffff2) pc=0x1801155b8 args=[0x203,0x1e5908000,0x2324000,0x0,0x1,0x1,0x4,0x4000]
[trap] num=-14 (0xfffffffffffffff2) pc=0x1801155b8 args=[0x203,0x1edc84000,0x7b90000,0x0,0x1,0x1,0x5,0x6380000]
[trap] num=-14 (0xfffffffffffffff2) pc=0x1801155b8 args=[0x203,0x28f64c000,0x2c2c000,0x0,0x1,0x1,0x4,0x4000]
[trap] num=-14 (0xfffffffffffffff2) pc=0x1801155b8 args=[0x203,0x29a1cc000,0x5678000,0x0,0x1,0x1,0x5,0x8b84000]
[trap] num=-14 (0xfffffffffffffff2) pc=0x1801155b8 args=[0x203,0x2d0bac000,0x2a4000,0x0,0x1,0x1,0x4,0x4000]
[trap] num=-14 (0xfffffffffffffff2) pc=0x1801155b8 args=[0x203,0x2d361c000,0xac8000,0x0,0x1,0x1,0x5,0xa74000]
[trap] num=-14 (0xfffffffffffffff2) pc=0x1801155b8 args=[0x203,0x1e5908000,0x2324000,0x0,0x13,0x13,0x4,0x4000]
[trap] num=-14 (0xfffffffffffffff2) pc=0x1801155b8 args=[0x203,0x1edc84000,0x7b90000,0x0,0x13,0x13,0x5,0x6380000]
[trap] num=-14 (0xfffffffffffffff2) pc=0x1801155b8 args=[0x203,0x28f64c000,0x2c2c000,0x0,0x13,0x13,0x4,0x4000]
[trap] num=-14 (0xfffffffffffffff2) pc=0x1801155b8 args=[0x203,0x29a1cc000,0x5678000,0x0,0x13,0x13,0x5,0x8b84000]
[trap] num=-14 (0xfffffffffffffff2) pc=0x1801155b8 args=[0x203,0x2d0bac000,0x2a4000,0x0,0x13,0x13,0x4,0x4000]
[trap] num=-14 (0xfffffffffffffff2) pc=0x1801155b8 args=[0x203,0x2d361c000,0xac8000,0x0,0x13,0x13,0x5,0xa74000]
[trap] num=-14 (0xfffffffffffffff2) pc=0x1801155b8 args=[0x203,0x1e5908000,0x2324000,0x0,0x1,0x1,0x4,0x4000]
[trap] num=-14 (0xfffffffffffffff2) pc=0x1801155b8 args=[0x203,0x1edc84000,0x7b90000,0x0,0x1,0x1,0x5,0x6380000]
[trap] num=-14 (0xfffffffffffffff2) pc=0x1801155b8 args=[0x203,0x28f64c000,0x2c2c000,0x0,0x1,0x1,0x4,0x4000]
[trap] num=-14 (0xfffffffffffffff2) pc=0x1801155b8 args=[0x203,0x29a1cc000,0x5678000,0x0,0x1,0x1,0x5,0x8b84000]
[trap] num=-14 (0xfffffffffffffff2) pc=0x1801155b8 args=[0x203,0x2d0bac000,0x2a4000,0x0,0x1,0x1,0x4,0x4000]
[trap] num=-14 (0xfffffffffffffff2) pc=0x1801155b8 args=[0x203,0x2d361c000,0xac8000,0x0,0x1,0x1,0x5,0xa74000]
[trap] num=-15 (0xfffffffffffffff1) pc=0x1801155c4 args=[0x203,0x27f78f0,0x20000,0x3fff,0x3c000001,0x3,0x0,0x0]
[trap] num=347 (0x15b) pc=0x18011a6ec args=[0x0,0x0,0x2,0x2,0x1,0x27f7480,0xa0,0x0]
[trap] num=-15 (0xfffffffffffffff1) pc=0x1801155c4 args=[0x203,0x27f6f10,0x20000,0x3fff,0x3c000001,0x3,0x0,0x0]
[trap] num=347 (0x15b) pc=0x18011a6ec args=[0x100034060,0xb1d8,0x2,0x2,0x1,0x100034000,0x20000,0x0]
[M28 BANDSHRINK] syscall 347 band past ipa 0x100034000 len 65536 shrunk 64 -> 0 by an overlapping window of the same call
[trap] num=220 (0xdc) pc=0x180116e90 args=[0x1000340b8,0x27f73f8,0x27f7540,0x40,0x0,0x0,0x20000,0x0]
[trap] num=-12 (0xfffffffffffffff4) pc=0x1801155a0 args=[0x203,0x100034000,0x20000,0x87,0x2,0x1000038,0xffffffffffffffff,0x0]
[trap] num=-15 (0xfffffffffffffff1) pc=0x1801155c4 args=[0x203,0x27f7660,0x20000,0x3fff,0x3c000001,0x3,0x0,0x0]
[trap] num=-15 (0xfffffffffffffff1) pc=0x1801155c4 args=[0x203,0x27f7680,0x20000,0x3fff,0x3c000001,0x3,0x0,0x0]
[trap] num=-12 (0xfffffffffffffff4) pc=0x1801155a0 args=[0x203,0x100054000,0x20000,0x0,0x0,0x0,0x0,0x0]
[trap] num=-12 (0xfffffffffffffff4) pc=0x1801155a0 args=[0x203,0x100034000,0x20000,0x0,0x0,0x0,0x0,0x0]
[trap] num=-12 (0xfffffffffffffff4) pc=0x1801155a0 args=[0x203,0x100014000,0x20000,0x0,0x0,0x0,0x0,0x0]
[trap] num=5 (0x5) pc=0x180119f50 args=[0x1801ab41a,0x2,0x0,0x2,0x8,0x0,0x0,0x0]
[trap] num=54 (0x36) pc=0x180116724 args=[0x3,0x80086804,0x27f4288,0x2,0x8,0x0,0x0,0x0]
[trap] num=6 (0x6) pc=0x180116750 args=[0x3,0xffffffffffffffff,0x27f4288,0x2,0x8,0x0,0x0,0x0]
[trap] num=294 (0x126) pc=0x18011a2f8 args=[0xffffffffffffffff,0x1f070030,0x0,0x0,0x0,0x0,0x0,0x0]
[trap] num=-14 (0xfffffffffffffff2) pc=0x1801155b8 args=[0x203,0x1ec444000,0x24000,0x0,0x1,0x0,0x0,0x0]
[trap] num=-28 (0xffffffffffffffe4) pc=0x1804adb5c args=[0x0,0x1804e2db8,0x27ffd38,0x1ec445338,0x1ec445338,0x0,0x0,0x0]
[trap] num=-26 (0xffffffffffffffe6) pc=0x1804adb44 args=[0x203,0x1804e2db8,0x27ffd38,0x1ec445338,0x1ec445338,0x0,0x0,0x0]
[trap] num=33 (0x21) pc=0x1804ae668 args=[0x1804e2dda,0x0,0x27ffd38,0x1ec445338,0x1ec445338,0x0,0x0,0x0]
[trap] num=-15 (0xfffffffffffffff1) pc=0x1804adacc args=[0x203,0x27fb3e8,0x8000,0x0,0x49000001,0x3,0x0,0x0]
[trap] num=-29 (0xffffffffffffffe3) pc=0x1804adb68 args=[0x1eec6fd98,0x27ffd30,0x27ffd38,0x1ec445338,0x49000001,0x3,0x0,0x0]
[trap] num=-24 (0xffffffffffffffe8) pc=0x1804adb2c args=[0x203,0x27fb290,0x0,0x27fb2ac,0x49000001,0x3,0x0,0x0]
[trap] num=-47 (0xffffffffffffffd1) pc=0x1804adc34 args=[0x27fb2d0,0x200000003,0x2800001513,0x130300001b03,0xc800000000,0x130300000000,0x140,0x0]
[mach_msg2] msgh_id=200 dest=0x1b03 reply=0x1303 options=0x200000003 bits=0x1513 send_size=40 rcv_size=320
  send+000: 13 15 00 00 28 00 00 00 03 1b 00 00 03 13 00 00
  send+010: 00 00 00 00 c8 00 00 00 00 00 00 00 01 00 00 00
  send+020: 05 00 00 00 08 00 00 00
[retrace] forwarding mach_msg2 host_info (msgh_id 200) to host (decided allowlist)
[mach_msg2] host ret=0x0 err=false
  reply@0x27fb2d0+000: 00 12 00 00 48 00 00 00 00 00 00 00 03 13 00 00
  reply@0x27fb2d0+010: 00 00 00 00 2c 01 00 00 00 00 00 00 01 00 00 00
  reply@0x27fb2d0+020: 00 00 00 00 08 00 00 00 50 00 00 00 50 00 00 00
  reply@0x27fb2d0+030: 40 00 00 00 1f 00 00 00 00 00 00 00 00 00 00 00
  reply@0x27fb2d0+040: 00 00 00 00 4f 00 00 00 00 00 00 00 08 00 00 00
  reply@0x27fb2d0+050: 00 00 00 00 00 00 00 00 00 00 00 00 00 00 00 00
  reply@0x27fb2d0+060: 00 00 00 00 00 00 00 00 00 00 00 00 00 00 00 00
  reply@0x27fb2d0+070: 00 00 00 00 00 00 00 00 00 00 00 00 00 00 00 00
  reply@0x27fb2d0+080: 00 00 00 00 00 00 00 00 00 00 00 00 00 00 00 00
  reply@0x27fb2d0+090: 00 00 00 00 00 00 00 00 00 00 00 00 00 00 00 00
  reply@0x27fb2d0+0a0: 00 00 00 00 00 00 00 00 00 00 00 00 00 00 00 00
  reply@0x27fb2d0+0b0: 00 00 00 00 00 00 00 00 00 00 00 00 00 00 00 00
  reply@0x27fb2d0+0c0: 00 00 00 00 00 00 00 00 00 00 00 00 00 00 00 00
  reply@0x27fb2d0+0d0: 00 00 00 00 00 00 00 00 00 00 00 00 00 00 00 00
  reply@0x27fb2d0+0e0: 00 00 00 00 00 00 00 00 00 00 00 00 00 00 00 00
  reply@0x27fb2d0+0f0: 00 00 00 00 00 00 00 00 00 00 00 00 00 00 00 00
[trap] num=-18 (0xffffffffffffffee) pc=0x1804adae4 args=[0x203,0x1b03,0x0,0x27fb4c0,0xc800000000,0x130300000000,0x4f00000000,0x0]
[trap] num=202 (0xca) pc=0x1804af460 args=[0x27fb4c8,0x2,0x27fb498,0x27fb460,0x0,0x0,0x4f00000000,0x0]
[trap] num=-27 (0xffffffffffffffe5) pc=0x1804adb50 args=[0x2ff20,0x0,0x7,0x1804f8a0a,0x0,0x0,0x4f00000000,0x0]
[trap] num=-24 (0xffffffffffffffe8) pc=0x1804adb2c args=[0x203,0x27fb410,0x0,0x27fb42c,0x0,0x0,0x4f00000000,0x0]
[trap] num=366 (0x16e) pc=0x1804b3d2c args=[0x1804ecc14,0x1804ecc08,0x4000,0x27fb460,0x38,0xa0,0x4f00000000,0x0]
[trap] num=-29 (0xffffffffffffffe3) pc=0x1804adb68 args=[0x10030,0x103,0x1804f8cd8,0x103,0x38,0xa0,0x4f00000000,0x0]
[trap] num=-47 (0xffffffffffffffd1) pc=0x1804adc34 args=[0x27fb4a0,0x200000003,0x2400001513,0xf0300001b03,0xce00000000,0xf0300000000,0x30,0x0]
[mach_msg2] msgh_id=206 dest=0x1b03 reply=0xf03 options=0x200000003 bits=0x1513 send_size=36 rcv_size=48
  send+000: 13 15 00 00 24 00 00 00 03 1b 00 00 03 0f 00 00
  send+010: 00 00 00 00 ce 00 00 00 00 00 00 00 01 00 00 00
  send+020: 00 00 00 00
[retrace] forwarding mach_msg2 host_get_clock_service (msgh_id 206) to host (decided allowlist)
[mach_msg2] host ret=0x0 err=false
  reply@0x27fb4a0+000: 00 12 00 80 28 00 00 00 00 00 00 00 03 0f 00 00
  reply@0x27fb4a0+010: 00 00 00 00 32 01 00 00 01 00 00 00 03 1f 00 00
  reply@0x27fb4a0+020: 00 00 00 00 00 00 11 00 00 00 00 00 08 00 00 00
  reply@0x27fb4a0+030: b8 fd c6 ee 01 00 00 00 03 1b 00 00 00 00 00 00
  reply@0x27fb4a0+040: 00 b5 7f 02 00 00 00 00 14 e8 39 80 01 00 00 00
  reply@0x27fb4a0+050: b8 fd c6 ee 01 00 00 00 38 fd 7f 02 00 00 00 00
  reply@0x27fb4a0+060: 20 b5 7f 02 00 00 00 00 a0 e6 39 80 01 00 00 00
  reply@0x27fb4a0+070: 38 53 44 ec 01 00 00 00 38 fd 7f 02 00 00 00 00
  reply@0x27fb4a0+080: 90 b5 7f 02 00 00 00 00 04 13 34 90 01 00 00 00
  reply@0x27fb4a0+090: 48 02 34 90 01 00 00 00 a0 00 00 00 00 00 00 00
  reply@0x27fb4a0+0a0: 06 00 00 00 00 00 00 00 18 01 34 90 01 00 00 00
  reply@0x27fb4a0+0b0: c0 1b 34 90 01 00 00 00 c0 52 44 ec 01 00 00 00
  reply@0x27fb4a0+0c0: 5c 12 34 90 01 00 00 00 b0 b5 7f 02 00 00 00 00
  reply@0x27fb4a0+0d0: c0 1b 34 90 01 00 00 00 c0 52 44 ec 01 00 00 00
  reply@0x27fb4a0+0e0: 5c 12 34 90 01 00 00 00 b8 ba 7f 02 00 00 00 00
  reply@0x27fb4a0+0f0: 40 b6 7f 02 00 00 00 00 30 0e 16 80 01 00 00 00
[trap] num=-47 (0xffffffffffffffd1) pc=0x1804adc34 args=[0x27fb4a0,0x200000003,0x2800001513,0xf0300000203,0xd5a00000000,0xf0300000000,0x30,0x0]
[mach_msg2] msgh_id=3418 dest=0x203 reply=0xf03 options=0x200000003 bits=0x1513 send_size=40 rcv_size=48
  send+000: 13 15 00 00 28 00 00 00 03 02 00 00 03 0f 00 00
  send+010: 00 00 00 00 5a 0d 00 00 00 00 00 00 01 00 00 00
  send+020: 00 00 00 00 00 00 00 00
[retrace] forwarding mach_msg2 semaphore_create (msgh_id 3418) to host (decided allowlist)
[mach_msg2] host ret=0x0 err=false
  reply@0x27fb4a0+000: 00 12 00 80 28 00 00 00 00 00 00 00 03 0f 00 00
  reply@0x27fb4a0+010: 00 00 00 00 be 0d 00 00 01 00 00 00 03 12 00 00
  reply@0x27fb4a0+020: 00 00 00 00 00 00 11 00 00 00 00 00 08 00 00 00
  reply@0x27fb4a0+030: d8 5d 70 ec 01 00 00 00 03 1b 00 00 00 00 00 00
  reply@0x27fb4a0+040: 00 b5 7f 02 00 00 00 00 38 e8 39 80 01 00 00 00
  reply@0x27fb4a0+050: b8 fd c6 ee 01 00 00 00 38 fd 7f 02 00 00 00 00
  reply@0x27fb4a0+060: 20 b5 7f 02 00 00 00 00 a0 e6 39 80 01 00 00 00
  reply@0x27fb4a0+070: 38 53 44 ec 01 00 00 00 38 fd 7f 02 00 00 00 00
  reply@0x27fb4a0+080: 90 b5 7f 02 00 00 00 00 04 13 34 90 01 00 00 00
  reply@0x27fb4a0+090: 48 02 34 90 01 00 00 00 a0 00 00 00 00 00 00 00
  reply@0x27fb4a0+0a0: 06 00 00 00 00 00 00 00 18 01 34 90 01 00 00 00
  reply@0x27fb4a0+0b0: c0 1b 34 90 01 00 00 00 c0 52 44 ec 01 00 00 00
  reply@0x27fb4a0+0c0: 5c 12 34 90 01 00 00 00 b0 b5 7f 02 00 00 00 00
  reply@0x27fb4a0+0d0: c0 1b 34 90 01 00 00 00 c0 52 44 ec 01 00 00 00
  reply@0x27fb4a0+0e0: 5c 12 34 90 01 00 00 00 b8 ba 7f 02 00 00 00 00
  reply@0x27fb4a0+0f0: 40 b6 7f 02 00 00 00 00 30 0e 16 80 01 00 00 00
[trap] num=-18 (0xffffffffffffffee) pc=0x1804adae4 args=[0x203,0x1b03,0x2800001513,0xf0300000203,0xd5a00000000,0xf0300000000,0x30,0x0]
[trap] num=20 (0x14) pc=0x1804ae198 args=[0x0,0x0,0x0,0x27fb380,0x27fb040,0x75,0x0,0xc70]
[trap] num=266 (0x10a) pc=0x1804af558 args=[0x18037ff36,0x0,0x1,0x103,0x27fb040,0x75,0x0,0xc70]
[trap] num=339 (0x153) pc=0x1804bc288 args=[0x3,0x27fae10,0x1,0x103,0x27fb040,0x75,0x0,0xc70]
[trap] num=197 (0xc5) pc=0x1804aea18 args=[0x0,0x8000,0x1,0x40001,0x3,0x0,0x0,0xc70]
[trap] num=6 (0x6) pc=0x1804ae8f0 args=[0x3,0x8000,0x1,0x40001,0x3,0x0,0x0,0xc70]
[trap] num=169 (0xa9) pc=0x1804af8dc args=[0x130d0,0x0,0x27faf6c,0x4,0x3,0x0,0x0,0xc70]
[trap] num=500 (0x1f4) pc=0x1804ae144 args=[0x1ec6fd858,0x10,0x4,0x1804f8a0c,0x74,0x74,0x38,0x830]
[trap] num=54 (0x36) pc=0x1804b2338 args=[0x2,0x4004667a,0x27faedc,0x103,0x74,0x74,0x38,0x830]
[trap] num=54 (0x36) pc=0x1804b2338 args=[0x2,0x40487413,0x27faee0,0x103,0x74,0x74,0x38,0x830]
[trap] num=116 (0x74) pc=0x1804b1b60 args=[0x27fac50,0x0,0x0,0xfffffc088,0x6e,0x6d,0x38,0x830]
[trap] num=500 (0x1f4) pc=0x1804ae144 args=[0x27fad88,0x20,0x27fad88,0x1c725a0a,0x180267bdc,0x6d,0x38,0x830]
[trap] num=116 (0x74) pc=0x1804b1b60 args=[0x27fac70,0x0,0x0,0xfffffc088,0x180267bdc,0x6d,0x38,0x830]
[trap] num=116 (0x74) pc=0x1804b1b60 args=[0x27fac90,0x0,0x0,0xfffffc088,0x1ec6fcf70,0x1ec6fcfa8,0x1000,0x20]
[trap] num=116 (0x74) pc=0x1804b1b60 args=[0x27fac90,0x0,0x0,0xfffffc088,0x27fac00,0x1802361b0,0x84b99181f1156e93,0x27facb0]
[trap] num=-47 (0xffffffffffffffd1) pc=0x1804adc34 args=[0x27fae28,0x200000003,0x6480001513,0xf0300000203,0x12cb00000000,0xf0300000001,0x34,0x0]
[mach_msg2] msgh_id=4811 dest=0x203 reply=0xf03 options=0x200000003 bits=0x80001513 send_size=100 rcv_size=52
  send+000: 13 15 00 80 64 00 00 00 03 02 00 00 03 0f 00 00
  send+010: 00 00 00 00 cb 12 00 00 01 00 00 00 00 00 00 00
  send+020: 00 00 00 00 00 00 13 00 00 00 00 00 01 00 00 00
  send+030: 00 00 00 00 00 00 00 00 00 c0 44 00 00 00 00 00
  send+040: 00 00 00 00 00 00 00 00 01 00 00 01 00 00 00 00
  send+050: 00 00 00 00 00 00 00 00 00 00 00 00 00 00 00 00
  send+060: 01 00 00 00
[trap] num=-12 (0xfffffffffffffff4) pc=0x1804adaa8 args=[0x203,0xa14b68000,0x100000,0xf0300000203,0x12cb00000000,0xf0300000001,0x34,0x0]
[trap] num=116 (0x74) pc=0x1804b1b60 args=[0x27fa970,0x0,0x0,0xfffffc088,0x12cb00000000,0xf0300000001,0x34,0x0]
[trap] num=-15 (0xfffffffffffffff1) pc=0x1804adacc args=[0x203,0x27faa38,0x408000,0x0,0x1000001,0x3,0x0,0x0]
[trap] num=74 (0x4a) pc=0x1804b1b04 args=[0x4c000,0x4000,0x0,0x40000000,0x0,0x3,0x0,0x0]
[trap] num=74 (0x4a) pc=0x1804b1b04 args=[0x450000,0x4000,0x0,0x40000000,0x0,0x3,0x0,0x0]
[trap] num=-15 (0xfffffffffffffff1) pc=0x1804adacc args=[0x203,0x27faab8,0x400000,0x0,0x7004000,0x3,0x0,0x0]
[trap] num=-89 (0xffffffffffffffa7) pc=0x1804add00 args=[0x1ec705d78,0x180327210,0x0,0x1804f8a08,0x7004000,0x3,0x0,0x0]
[trap] num=-15 (0xfffffffffffffff1) pc=0x1804adacc args=[0x203,0x27faaa8,0x3e000,0x0,0x1000001,0x3,0x0,0x0]
[trap] num=-47 (0xffffffffffffffd1) pc=0x1804adc34 args=[0x27faa00,0x200000003,0x2800001513,0xf0300000203,0x12d600000000,0xf0300000000,0x3c,0x0]
[mach_msg2] msgh_id=4822 dest=0x203 reply=0xf03 options=0x200000003 bits=0x1513 send_size=40 rcv_size=60
  send+000: 13 15 00 00 28 00 00 00 03 02 00 00 03 0f 00 00
  send+010: 00 00 00 00 d6 12 00 00 00 00 00 00 01 00 00 00
  send+020: f8 03 00 00 f8 03 40 00
[trap] num=-10 (0xfffffffffffffff6) pc=0x1804ada90 args=[0x203,0x27fa3f8,0x4000,0x1,0x180327599,0x27faab0,0x3c,0x0]
[trap] num=336 (0x150) pc=0x1804af110 args=[0x2,0x130d0,0x11,0x0,0x27fa3d8,0x38,0x180327461,0x300000028]
[trap] num=97 (0x61) pc=0x1804b1fa0 args=[0x1,0x2,0x0,0x103,0x27fa3d8,0x38,0x0,0x300000028]
[trap] num=92 (0x5c) pc=0x1804ae8c4 args=[0x3,0x2,0x1,0x103,0x27fa3d8,0x38,0x0,0x300000028]
[trap] num=98 (0x62) pc=0x1804b2364 args=[0x3,0x27f9a06,0x6a,0x27f9a18,0x27fa3d8,0x38,0x676f6c7379732f,0x300000028]
[trap] num=133 (0x85) pc=0x1804b2390 args=[0x3,0x27f9b10,0xfb,0x0,0x0,0x0,0x0,0x300000028]
[trap] num=-12 (0xfffffffffffffff4) pc=0x1804adaa8 args=[0x203,0x300000000,0x4000,0x0,0x0,0x0,0x0,0x300000028]
[trap] num=-47 (0xffffffffffffffd1) pc=0x1804adc34 args=[0x27fa998,0x200000003,0x6480001513,0xf0300000203,0x12cb00000000,0xf0300000001,0x34,0x0]
[mach_msg2] msgh_id=4811 dest=0x203 reply=0xf03 options=0x200000003 bits=0x80001513 send_size=100 rcv_size=52
  send+000: 13 15 00 80 64 00 00 00 03 02 00 00 03 0f 00 00
  send+010: 00 00 00 00 cb 12 00 00 01 00 00 00 00 00 00 00
  send+020: 00 00 00 00 00 00 13 00 00 00 00 00 01 00 00 00
  send+030: 00 00 00 00 04 00 00 00 00 00 00 00 06 00 00 00
  send+040: 00 00 00 00 00 00 00 00 00 00 00 00 00 00 00 00
  send+050: 00 00 00 00 00 00 00 00 00 00 00 00 00 00 00 00
  send+060: 01 00 00 00
[trap] num=116 (0x74) pc=0x1804b1b60 args=[0x27fa880,0x0,0x0,0xfffffc088,0x0,0x700,0xa14b93378,0x0]
[trap] num=-15 (0xfffffffffffffff1) pc=0x1804adacc args=[0x203,0x27faed8,0x4000,0x0,0x1000001,0x3,0x0,0x0]
[trap] num=74 (0x4a) pc=0x1804b1b04 args=[0xa14ba8000,0x4000,0x1,0xa14ba8008,0x1000001,0x3,0x0,0x0]
[trap] num=-14 (0xfffffffffffffff2) pc=0x1801155b8 args=[0x203,0x1ec444000,0x24000,0x0,0x3,0x3,0x0,0x0]
[trap] num=-14 (0xfffffffffffffff2) pc=0x1801155b8 args=[0x203,0x1ec444000,0x24000,0x0,0x1,0x3,0x0,0x0]
[trap] num=327 (0x147) pc=0x1804ad92c args=[0x130d0,0x3,0x103,0x103,0x1,0x3,0x0,0x0]
[trap] num=-47 (0xffffffffffffffd1) pc=0x1804adc34 args=[0x27fafdc,0x200000003,0x7400001513,0xf0300000203,0x1f4000000000,0xf0300000000,0x2c,0x0]
[mach_msg2] msgh_id=8000 dest=0x203 reply=0xf03 options=0x200000003 bits=0x1513 send_size=116 rcv_size=44
  send+000: 13 15 00 00 74 00 00 00 03 02 00 00 03 0f 00 00
  send+010: 00 00 00 00 40 1f 00 00 00 00 00 00 01 00 00 00
  send+020: 05 00 00 00 88 5c 09 80 01 00 00 00 78 00 78 00
  send+030: 00 00 00 00 20 58 09 80 01 00 00 00 5c 00 5c 00
  send+040: 00 00 00 00 38 5a 09 80 01 00 00 00 5c 00 5c 00
  send+050: 00 00 00 00 00 59 09 80 01 00 00 00 78 00 78 00
  send+060: 00 00 00 00 b8 5a 09 80 01 00 00 00 78 00 78 00
  send+070: 00 00 00 00
[trap] num=-47 (0xffffffffffffffd1) pc=0x1804adc34 args=[0x27fb3e0,0x200000003,0x1800001513,0xf0300000203,0x1f4100000000,0xf0300000000,0x2c,0x0]
[mach_msg2] msgh_id=8001 dest=0x203 reply=0xf03 options=0x200000003 bits=0x1513 send_size=24 rcv_size=44
  send+000: 13 15 00 00 18 00 00 00 03 02 00 00 03 0f 00 00
  send+010: 00 00 00 00 41 1f 00 00
[trap] num=-14 (0xfffffffffffffff2) pc=0x1801155b8 args=[0x203,0x1ec444000,0x24000,0x0,0x3,0x53,0x2c,0x0]
[trap] num=-15 (0xfffffffffffffff1) pc=0x1804adacc args=[0x203,0x27f4918,0x8000,0x0,0x1000001,0x3,0x0,0x0]
[trap] num=-15 (0xfffffffffffffff1) pc=0x1804adacc args=[0x203,0x27f4978,0x8000,0x0,0xb004000,0x3,0x0,0x0]
[trap] num=116 (0x74) pc=0x1804b1b60 args=[0x27f4860,0x0,0x0,0xfffffc088,0x8,0x41,0x0,0xb40]
[trap] num=116 (0x74) pc=0x1804b1b60 args=[0x27f47b0,0x0,0x0,0xfffffc088,0x8,0x41,0x4dcab732a9332d60,0xb40]
[trap] num=116 (0x74) pc=0x1804b1b60 args=[0x27f47b0,0x0,0x0,0xfffffc088,0x8,0x41,0x4251de881c9b214f,0xb40]
[trap] num=116 (0x74) pc=0x1804b1b60 args=[0x27f47b0,0x0,0x0,0xfffffc088,0x8,0x41,0xe2de2e71985ea0d6,0xb40]
[trap] num=116 (0x74) pc=0x1804b1b60 args=[0x27f47b0,0x0,0x0,0xfffffc088,0x8,0x41,0x46774555df60577a,0xb40]
[trap] num=116 (0x74) pc=0x1804b1b60 args=[0x27f47b0,0x0,0x0,0xfffffc088,0x8,0x41,0xad373848464b88d8,0xb40]
[trap] num=116 (0x74) pc=0x1804b1b60 args=[0x27f47b0,0x0,0x0,0xfffffc088,0x8,0x41,0xc99f5b326fb57e56,0xb40]
[trap] num=116 (0x74) pc=0x1804b1b60 args=[0x27f47b0,0x0,0x0,0xfffffc088,0x8,0x41,0xf397be4a6c0d2b7f,0xb40]
[trap] num=116 (0x74) pc=0x1804b1b60 args=[0x27f47b0,0x0,0x0,0xfffffc088,0x8,0x41,0x1adb88d516fe4563,0xb40]
[trap] num=116 (0x74) pc=0x1804b1b60 args=[0x27f47b0,0x0,0x0,0xfffffc088,0x8,0x41,0x32c1e8edbbb3ecd5,0xb40]
[trap] num=116 (0x74) pc=0x1804b1b60 args=[0x27f47b0,0x0,0x0,0xfffffc088,0x8,0x41,0xd2a2b58a1508122b,0xb40]
[trap] num=116 (0x74) pc=0x1804b1b60 args=[0x27f47b0,0x0,0x0,0xfffffc088,0x8,0x41,0x35df04d1a4d92328,0xb40]
[trap] num=116 (0x74) pc=0x1804b1b60 args=[0x27f47b0,0x0,0x0,0xfffffc088,0x8,0x41,0x8a4983f881d4601,0xb40]
[trap] num=-15 (0xfffffffffffffff1) pc=0x1804adacc args=[0x203,0x27f47c8,0x400000,0x0,0x2004000,0x3,0x0,0x0]
[trap] num=-15 (0xfffffffffffffff1) pc=0x1804adacc args=[0x203,0x27f4718,0x80000,0x3fff,0x1000001,0x3,0x0,0x0]
[trap] num=-14 (0xfffffffffffffff2) pc=0x1801155b8 args=[0x203,0x1ec444000,0x24000,0x0,0x1,0x0,0xffffffffbfc007ff,0xfffff0003ffff800]
[trap] num=202 (0xca) pc=0x1804af460 args=[0x27fb3d0,0x2,0x27fb398,0x27fb390,0x180205f3c,0x15,0xffffffffbfc007ff,0xfffff0003ffff800]
[trap] num=202 (0xca) pc=0x1804af460 args=[0x27fb398,0x2,0x27fb450,0x27fb440,0x0,0x0,0xffffffffbfc007ff,0xfffff0003ffff800]
[trap] num=202 (0xca) pc=0x1804af460 args=[0x27fb3d0,0x2,0x27fb398,0x27fb390,0x180205f9b,0x16,0xffffffffbfc007ff,0xfffff0003ffff800]
[trap] num=202 (0xca) pc=0x1804af460 args=[0x27fb398,0x2,0x27fb450,0x27fb440,0x0,0x0,0xffffffffbfc007ff,0xfffff0003ffff800]
[trap] num=202 (0xca) pc=0x1804af460 args=[0x27fb3d0,0x2,0x27fb398,0x27fb390,0x180205f3c,0x15,0xffffffffbfc007ff,0xfffff0003ffff800]
[trap] num=202 (0xca) pc=0x1804af460 args=[0x27fb398,0x2,0x27fb450,0x27fb440,0x0,0x0,0xffffffffbfc007ff,0xfffff0003ffff800]
[trap] num=-47 (0xffffffffffffffd1) pc=0x1804adc34 args=[0x27fb470,0x200000003,0x2400001513,0xf0300000203,0xd5100000000,0xf0300000000,0x30,0x0]
[mach_msg2] msgh_id=3409 dest=0x203 reply=0xf03 options=0x200000003 bits=0x1513 send_size=36 rcv_size=48
  send+000: 13 15 00 00 24 00 00 00 03 02 00 00 03 0f 00 00
  send+010: 00 00 00 00 51 0d 00 00 00 00 00 00 01 00 00 00
  send+020: 04 00 00 00
[trap] num=-19 (0xffffffffffffffed) pc=0x1804adaf0 args=[0x203,0x1103,0x0,0x1,0xd5100000000,0xf0300000000,0x30,0x0]
[trap] num=-19 (0xffffffffffffffed) pc=0x1804adaf0 args=[0x203,0x1103,0x0,0x1,0xd5100000000,0xf0300000000,0x30,0x0]
[trap] num=-19 (0xffffffffffffffed) pc=0x1804adaf0 args=[0x203,0x1103,0x0,0x1,0x0,0xf0300000000,0x30,0x0]
[trap] num=-15 (0xfffffffffffffff1) pc=0x1804adacc args=[0x203,0x27f97e8,0x400000,0x0,0x2004000,0x3,0x0,0x0]
[trap] num=-14 (0xfffffffffffffff2) pc=0x1801155b8 args=[0x203,0x1ec444000,0x24000,0x0,0x3,0x27fb29f,0xffffffffbfc007ff,0x90]
[trap] num=-14 (0xfffffffffffffff2) pc=0x1801155b8 args=[0x203,0x1ec444000,0x24000,0x0,0x1,0x27fb29f,0xffffffffbfc007ff,0x90]
[trap] num=5 (0x5) pc=0x180119f50 args=[0x63a20,0x0,0x0,0x63a20,0x0,0x27fb29f,0x0,0x90]
[trap] num=92 (0x5c) pc=0x1801180d8 args=[0x4,0x32,0x27fad68,0x63a20,0x0,0x27fb29f,0x0,0x90]
[trap] num=6 (0x6) pc=0x180116750 args=[0x4,0x32,0x27fad68,0x63a20,0x0,0x27fb29f,0x0,0x90]
[trap] num=220 (0xdc) pc=0x1804ae63c args=[0x63a20,0x27fad90,0x27fadac,0x40c,0x0,0x27fb29f,0x0,0x90]
[trap] num=33 (0x21) pc=0x1804ae668 args=[0x63a80,0x4,0x63930,0x639c0,0x0,0x56,0x0,0x470]
[M28 BANDSHRINK] syscall 33 band past ipa 0x63930 len 65536 shrunk 64 -> 0 by an overlapping window of the same call
[M28 BANDSHRINK] syscall 33 band past ipa 0x639c0 len 65536 shrunk 64 -> 0 by an overlapping window of the same call
[trap] num=5 (0x5) pc=0x1804ae694 args=[0x63a80,0x0,0x0,0x639c0,0x0,0x56,0x0,0x470]
[M28 BANDSHRINK] syscall 5 band past ipa 0x639c0 len 65536 shrunk 64 -> 0 by an overlapping window of the same call
[trap] num=339 (0x153) pc=0x1804bc288 args=[0x4,0x63930,0x0,0x639c0,0x0,0x56,0x0,0x470]
[M28 BANDSHRINK] syscall 339 band past ipa 0x63930 len 65536 shrunk 64 -> 0 by an overlapping window of the same call
[trap] num=483 (0x1e3) pc=0x1804ae6f0 args=[0x0,0x27fafbc,0x4,0x639c0,0x0,0x56,0x0,0x470]
[trap] num=228 (0xe4) pc=0x1804b1694 args=[0x4,0x27fb080,0x27fafe0,0x28,0x0,0x56,0x0,0x470]
[trap] num=381 (0x17d) pc=0x1804af730 args=[0x18df1ac55,0x2,0x27fafe0,0x28,0x0,0x56,0x0,0x470]
[trap] num=92 (0x5c) pc=0x1804ae8c4 args=[0x4,0x32,0x27facd8,0x27fb098,0x27fad40,0x56,0x0,0x470]
[trap] num=6 (0x6) pc=0x1804ae8f0 args=[0x4,0x27facfd,0x0,0x63ad5,0x0,0x56,0x0,0x470]
[trap] num=5 (0x5) pc=0x1804ae694 args=[0x63ae0,0x0,0x0,0x63b0f,0x18020b535,0x27fb1a0,0x74,0x470]
[M28 BANDSHRINK] syscall 5 band past ipa 0x63ae0 len 65536 shrunk 64 -> 0 by an overlapping window of the same call
[trap] num=336 (0x150) pc=0x1804af110 args=[0x2,0x130d0,0xd,0x1,0x27fb410,0x40,0x74,0x470]
[trap] num=-24 (0xffffffffffffffe8) pc=0x1804adb2c args=[0x203,0x27fb4d0,0x71b75ace,0x27fb4cc,0x0,0x5,0x0,0x0]
[trap] num=-47 (0xffffffffffffffd1) pc=0x1804adc34 args=[0x27fb468,0x200000003,0x3480001513,0xf0300000203,0xd5200000000,0xf0300000001,0x2c,0x0]
[mach_msg2] msgh_id=3410 dest=0x203 reply=0xf03 options=0x200000003 bits=0x80001513 send_size=52 rcv_size=44
  send+000: 13 15 00 80 34 00 00 00 03 02 00 00 03 0f 00 00
  send+010: 00 00 00 00 52 0d 00 00 01 00 00 00 03 10 00 00
  send+020: 00 00 00 00 00 00 13 00 00 00 00 00 01 00 00 00
  send+030: 0a 00 00 00
[trap] num=-47 (0xffffffffffffffd1) pc=0x1804adc34 args=[0x27fb1e8,0x200000003,0x2800001513,0xf0300000203,0xd4d00000000,0xf0300000000,0x1a8,0x0]
[mach_msg2] msgh_id=3405 dest=0x203 reply=0xf03 options=0x200000003 bits=0x1513 send_size=40 rcv_size=424
  send+000: 13 15 00 00 28 00 00 00 03 02 00 00 03 0f 00 00
  send+010: 00 00 00 00 4d 0d 00 00 00 00 00 00 01 00 00 00
  send+020: 0f 00 00 00 08 00 00 00
[retrace] forwarding mach_msg2 task_info (msgh_id 3405) to host (decided allowlist)
[mach_msg2] host ret=0x0 err=false
  reply@0x27fb1e8+000: 00 12 00 00 48 00 00 00 00 00 00 00 03 0f 00 00
  reply@0x27fb1e8+010: 00 00 00 00 b1 0d 00 00 00 00 00 00 01 00 00 00
  reply@0x27fb1e8+020: 00 00 00 00 08 00 00 00 f5 01 00 00 f5 01 00 00
  reply@0x27fb1e8+030: 14 00 00 00 f5 01 00 00 14 00 00 00 d0 30 01 00
  reply@0x27fb1e8+040: b9 86 01 00 3a 55 57 00 00 00 00 00 08 00 00 00
  reply@0x27fb1e8+050: 00 00 00 00 00 00 00 00 00 00 00 00 00 00 00 00
  reply@0x27fb1e8+060: 00 00 00 00 00 00 00 00 00 00 00 00 00 00 00 00
  reply@0x27fb1e8+070: 00 00 00 00 00 00 00 00 00 00 00 00 00 00 00 00
  reply@0x27fb1e8+080: 00 00 00 00 00 00 00 00 00 00 00 00 00 00 00 00
  reply@0x27fb1e8+090: 00 00 00 00 00 00 00 00 00 00 00 00 00 00 00 00
  reply@0x27fb1e8+0a0: 00 00 00 00 00 00 00 00 00 00 00 00 00 00 00 00
  reply@0x27fb1e8+0b0: 00 00 00 00 00 00 00 00 00 00 00 00 00 00 00 00
  reply@0x27fb1e8+0c0: 00 00 00 00 00 00 00 00 00 00 00 00 00 00 00 00
  reply@0x27fb1e8+0d0: 00 00 00 00 00 00 00 00 00 00 00 00 00 00 00 00
  reply@0x27fb1e8+0e0: 00 00 00 00 00 00 00 00 00 00 00 00 00 00 00 00
  reply@0x27fb1e8+0f0: 00 00 00 00 00 00 00 00 00 00 00 00 00 00 00 00
[trap] num=170 (0xaa) pc=0x1804ae5d0 args=[0x130d0,0x10,0x27fb000,0x408,0x10478,0xf0300000000,0x57553a000186b9,0x0]
[trap] num=202 (0xca) pc=0x1804af460 args=[0x27fb400,0x2,0x27fb3c8,0x27fb3c0,0x1844cfba7,0x15,0x72,0x400]
[trap] num=202 (0xca) pc=0x1804af460 args=[0x27fb3c8,0x2,0x27fb458,0x27fb450,0x0,0x0,0x72,0x400]
[trap] num=-14 (0xfffffffffffffff2) pc=0x1801155b8 args=[0x203,0x1ec444000,0x24000,0x0,0x3,0x0,0x0,0x0]
[trap] num=-15 (0xfffffffffffffff1) pc=0x1801155c4 args=[0x203,0x27fb0b0,0x20000,0x3fff,0x3c000001,0x3,0x0,0x0]
[trap] num=-15 (0xfffffffffffffff1) pc=0x1801155c4 args=[0x203,0x27fb070,0x20000,0x3fff,0x3c000001,0x3,0x0,0x0]
[trap] num=-15 (0xfffffffffffffff1) pc=0x1801155c4 args=[0x203,0x27fb260,0x20000,0x3fff,0x3c000001,0x3,0x0,0x0]
[trap] num=-12 (0xfffffffffffffff4) pc=0x1801155a0 args=[0x203,0x100054000,0x20000,0x103,0xffffffff13c06d50,0x10,0x20000,0x0]
[trap] num=-12 (0xfffffffffffffff4) pc=0x1801155a0 args=[0x203,0x100034000,0x20000,0x103,0xffffffff13c06d50,0x10,0x20000,0x0]
[trap] num=-12 (0xfffffffffffffff4) pc=0x1801155a0 args=[0x203,0x100014000,0x20000,0x103,0xffffffff13c06d50,0x10,0x20000,0x0]
[trap] num=-14 (0xfffffffffffffff2) pc=0x1801155b8 args=[0x203,0x1ec444000,0x24000,0x0,0x1,0x0,0x0,0x0]
[trap] num=-14 (0xfffffffffffffff2) pc=0x1801155b8 args=[0x203,0x1ec444000,0x24000,0x0,0x3,0x0,0x0,0x0]
[trap] num=-14 (0xfffffffffffffff2) pc=0x1801155b8 args=[0x203,0x1ec444000,0x24000,0x0,0x1,0x0,0x0,0x0]
[trap] num=-14 (0xfffffffffffffff2) pc=0x1801155b8 args=[0x203,0x1ec444000,0x24000,0x0,0x3,0x0,0x0,0x0]
[trap] num=-14 (0xfffffffffffffff2) pc=0x1801155b8 args=[0x203,0x1ec444000,0x24000,0x0,0x1,0x0,0x0,0x0]
[trap] num=-14 (0xfffffffffffffff2) pc=0x1801155b8 args=[0x203,0x1ec444000,0x24000,0x0,0x3,0x0,0x0,0x0]
[trap] num=-14 (0xfffffffffffffff2) pc=0x1801155b8 args=[0x203,0x1ec444000,0x24000,0x0,0x1,0x0,0x0,0x0]
[trap] num=-14 (0xfffffffffffffff2) pc=0x1801155b8 args=[0x203,0x1ec444000,0x24000,0x0,0x3,0x0,0x0,0x0]
[trap] num=-14 (0xfffffffffffffff2) pc=0x1801155b8 args=[0x203,0x1ec444000,0x24000,0x0,0x1,0x0,0x0,0x0]
[trap] num=-14 (0xfffffffffffffff2) pc=0x1801155b8 args=[0x203,0x1ec444000,0x24000,0x0,0x3,0x0,0x0,0x0]
[trap] num=25 (0x19) pc=0x1804af050 args=[0x1edd8d978,0x180533098,0x180533098,0x103,0x1ec445338,0x0,0x0,0x0]
[trap] num=24 (0x18) pc=0x1804af858 args=[0x1f5,0x180533098,0x180533098,0x103,0x1ec445338,0x0,0x0,0x0]
[trap] num=202 (0xca) pc=0x1804af460 args=[0x27fa2d0,0x4,0x27fa2e0,0x27fa2c8,0x0,0x0,0x0,0x0]
[trap] num=286 (0x11e) pc=0x1804af884 args=[0x27fa580,0x27fa584,0x1805331c8,0x27fa2c8,0x0,0x0,0x0,0x0]
[trap] num=25 (0x19) pc=0x1804af050 args=[0xffffffffffffffff,0xffffffffffffffff,0x1805331c8,0x27fa2c8,0x0,0x0,0x0,0x0]
[trap] num=43 (0x2b) pc=0x1804af8b0 args=[0x1f5,0xffffffffffffffff,0x1805331c8,0x27fa2c8,0x0,0x0,0x0,0x0]
[trap] num=169 (0xa9) pc=0x1804af8dc args=[0x130d0,0x10,0x27f9b00,0x408,0x408,0x0,0x0,0x3f0]
[trap] num=169 (0xa9) pc=0x1804af8dc args=[0x130d0,0x10,0x27f9c20,0x408,0x408,0x73,0x72,0x400]
[trap] num=-19 (0xffffffffffffffed) pc=0x1804adaf0 args=[0x203,0x1103,0x0,0x1,0x0,0x58,0x65,0x400]
[trap] num=-50 (0xffffffffffffffce) pc=0x1804adc58 args=[0x1ec6fbd20,0x103,0x103,0x0,0x6,0x0,0x73,0x400]
[trap] num=-29 (0xffffffffffffffe3) pc=0x1804adb68 args=[0x0,0x18035aad8,0x18035aad8,0x661d8,0x0,0x13,0x0,0x400]
[trap] num=-47 (0xffffffffffffffd1) pc=0x1804adc34 args=[0x27f9c00,0x200000003,0x2800001513,0xf0300001b03,0x19c00000000,0xf0300000000,0x30,0x0]
[mach_msg2] msgh_id=412 dest=0x1b03 reply=0xf03 options=0x200000003 bits=0x1513 send_size=40 rcv_size=48
  send+000: 13 15 00 00 28 00 00 00 03 1b 00 00 03 0f 00 00
  send+010: 00 00 00 00 9c 01 00 00 00 00 00 00 01 00 00 00
  send+020: ff ff ff ff 01 00 00 00
[retrace] forwarding mach_msg2 host_get_special_port (msgh_id 412) to host (decided allowlist)
[mach_msg2] host ret=0x0 err=false
  reply@0x27f9c00+000: 00 12 00 00 24 00 00 00 00 00 00 00 03 0f 00 00
  reply@0x27f9c00+010: 00 00 00 00 00 02 00 00 00 00 00 00 01 00 00 00
  reply@0x27f9c00+020: 04 00 00 00 00 00 00 00 08 00 00 00 00 00 00 00
  reply@0x27f9c00+030: a0 18 06 00 00 00 00 00 03 1b 00 00 00 00 00 00
  reply@0x27f9c00+040: 70 9c 7f 02 00 00 00 00 08 ab 35 80 01 00 00 00
  reply@0x27f9c00+050: 03 11 00 00 00 00 00 00 a0 5e 06 00 00 00 00 00
  reply@0x27f9c00+060: a0 18 06 00 00 00 00 00 f0 fa 6f ec 01 00 00 00
  reply@0x27f9c00+070: 80 9c 7f 02 00 00 00 00 b0 04 35 80 01 00 00 00
  reply@0x27f9c00+080: a0 9c 7f 02 00 00 00 00 30 96 33 80 01 00 00 00
  reply@0x27f9c00+090: a0 18 06 00 00 00 00 00 28 f9 6f ec 01 00 00 00
  reply@0x27f9c00+0a0: b0 9c 7f 02 00 00 00 00 cc aa 35 80 01 00 00 00
  reply@0x27f9c00+0b0: d0 9c 7f 02 00 00 00 00 34 c5 35 80 01 00 00 00
  reply@0x27f9c00+0c0: 2e 00 00 00 00 00 00 00 6e 0a 2f a6 00 00 00 00
  reply@0x27f9c00+0d0: e0 9c 7f 02 00 00 00 00 b0 04 35 80 01 00 00 00
  reply@0x27f9c00+0e0: 00 9d 7f 02 00 00 00 00 30 96 33 80 01 00 00 00
  reply@0x27f9c00+0f0: a0 18 06 00 00 00 00 00 d8 61 06 00 00 00 00 00
[trap] num=-70 (0xffffffffffffffba) pc=0x1804adcc4 args=[0x1b03,0x180373fb0,0x10,0x27f9ccc,0x19c00000000,0xf0300000000,0x30,0x0]
[trap] num=-47 (0xffffffffffffffd1) pc=0x1804adc34 args=[0x661d8,0x403114207,0xf880131513,0x200300001103,0x400000cf00000903,0x200300000001,0xf8,0x0]
[mach_msg2] msgh_id=1073742031 dest=0x1103 reply=0x2003 options=0x403114207 bits=0x80131513 send_size=248 rcv_size=248
  send+000: 13 15 13 80 f8 00 00 00 03 11 00 00 03 20 00 00
  send+010: 03 09 00 00 cf 00 00 40 01 00 00 00 03 11 00 00
  send+020: 00 00 00 00 00 00 13 00 43 50 58 40 05 00 00 00
  send+030: 00 f0 00 00 c0 00 00 00 07 00 00 00 68 61 6e 64
  send+040: 6c 65 00 00 00 40 00 00 00 00 00 00 00 00 00 00
  send+050: 69 6e 73 74 61 6e 63 65 00 00 00 00 00 a0 00 00
  send+060: 00 00 00 00 00 00 00 00 00 00 00 00 00 00 00 00
  send+070: 66 6c 61 67 73 00 00 00 00 40 00 00 08 00 00 00
  send+080: 00 00 00 00 6e 61 6d 65 00 00 00 00 00 90 00 00
  send+090: 25 00 00 00 63 6f 6d 2e 61 70 70 6c 65 2e 73 79
  send+0a0: 73 74 65 6d 2e 6e 6f 74 69 66 69 63 61 74 69 6f
  send+0b0: 6e 5f 63 65 6e 74 65 72 00 00 00 00 74 79 70 65
  send+0c0: 00 00 00 00 00 40 00 00 07 00 00 00 00 00 00 00
  send+0d0: 74 61 72 67 65 74 70 69 64 00 00 00 00 30 00 00
  send+0e0: 00 00 00 00 00 00 00 00 64 6f 6d 61 69 6e 2d 70
  send+0f0: 6f 72 74 00 00 d0 00 00
[retrace] refusing mach_msg2 message-queue send (msgh_id 0x400000cf dest 0x1103 send_size 248): the box hosts no message-queue receivers
[trap] num=-18 (0xffffffffffffffee) pc=0x1804adae4 args=[0x203,0x1103,0x1801c8220,0x66000,0x66080,0x200300000001,0xf8,0x0]
[M28 BANDSHRINK] syscall -18 band past ipa 0x66000 len 65536 shrunk 64 -> 0 by an overlapping window of the same call
[trap] num=327 (0x147) pc=0x1804ad92c args=[0x0,0x103,0x103,0x103,0x0,0x0,0x0,0x0]
[trap] num=327 (0x147) pc=0x1804ad92c args=[0x0,0x103,0x103,0x103,0x2,0x63,0x0,0x0]
[trap] num=327 (0x147) pc=0x1804ad92c args=[0x0,0x0,0x0,0x103,0x2,0x63,0x0,0x0]
[trap] num=25 (0x19) pc=0x1804af050 args=[0x1ec7182a0,0x0,0x1f5,0x2,0x65f40,0x0,0x65,0x400]
[trap] num=194 (0xc2) pc=0x1804b00c8 args=[0x1008,0x27fa3b8,0x1804edb6c,0x2,0x65f40,0x0,0x65,0x400]
[trap] num=398 (0x18e) pc=0x1804ae948 args=[0x18052cc13,0x0,0x0,0x2,0x65f40,0x0,0x65,0x400]
[trap] num=339 (0x153) pc=0x1804bc288 args=[0x4,0x27fa3c0,0x120a8,0x1ec7035c0,0x27fa538,0x27fa530,0x65,0x400]
[trap] num=339 (0x153) pc=0x1804bc288 args=[0x4,0x27f92b0,0x27f9374,0x1ec7035c0,0x27fa538,0x27fa530,0x65,0x400]
[trap] num=396 (0x18c) pc=0x1804afcac args=[0x4,0x65ef0,0x1000,0x100,0x0,0x27fa530,0x65,0x400]
[trap] num=396 (0x18c) pc=0x1804afcac args=[0x4,0x65ef0,0x1000,0x27f9455,0x70100c080,0x0,0x65,0xfffff0003ffff800]
[trap] num=396 (0x18c) pc=0x1804afcac args=[0x4,0x65ef0,0x1000,0x27f944a,0x70100c080,0x0,0x61,0xfffff0003ffff800]
[trap] num=396 (0x18c) pc=0x1804afcac args=[0x4,0x65ef0,0x1000,0xa,0x700c10080,0x0,0x0,0xfffff0003ffff800]
[trap] num=399 (0x18f) pc=0x1804af584 args=[0x4,0x0,0x1804edb6c,0xa,0x700c10080,0x0,0x0,0xfffff0003ffff800]
[trap] num=169 (0xa9) pc=0x1804af8dc args=[0x130d0,0x0,0x27fb314,0x4,0x700c01f40,0x0,0xffffffffbfc007ff,0xfffff0003ffff800]
[trap] num=327 (0x147) pc=0x1804ad92c args=[0x0,0x1edd85ee8,0x180503ca0,0x1f5,0x2,0x0,0x0,0xfffff0003ffff800]
[trap] num=25 (0x19) pc=0x1804af050 args=[0x1ec7182a0,0x0,0x1f5,0x2,0x660c0,0x0,0x65,0xfffff0007ffff800]
[trap] num=194 (0xc2) pc=0x1804b00c8 args=[0x1008,0x27fa388,0x1804edb6c,0x2,0x660c0,0x0,0x65,0xfffff0007ffff800]
[trap] num=398 (0x18e) pc=0x1804ae948 args=[0x18052cc13,0x0,0x0,0x2,0x660c0,0x0,0x65,0xfffff0007ffff800]
[trap] num=339 (0x153) pc=0x1804bc288 args=[0x4,0x27fa390,0x120a8,0x1ec7035c0,0x27fa508,0x27fa500,0x65,0xfffff0007ffff800]
[trap] num=339 (0x153) pc=0x1804bc288 args=[0x4,0x27f9280,0x27f9344,0x1ec7035c0,0x27fa508,0x27fa500,0x65,0xfffff0007ffff800]
[trap] num=396 (0x18c) pc=0x1804afcac args=[0x4,0x700c18000,0x1000,0x1,0x0,0x1,0x0,0x0]
[trap] num=396 (0x18c) pc=0x1804afcac args=[0x4,0x700c18000,0x1000,0x27f9425,0x70100c080,0x0,0x65,0xfffff0003ffff800]
[trap] num=396 (0x18c) pc=0x1804afcac args=[0x4,0x700c18000,0x1000,0x27f941a,0x70100c080,0x0,0x61,0xfffff0003ffff800]
[trap] num=396 (0x18c) pc=0x1804afcac args=[0x4,0x700c18000,0x1000,0xa,0x700c10080,0x0,0x0,0xfffff0003ffff800]
[M28 BANDSHRINK] syscall 396 band past ipa 0x700c10080 len 65536 shrunk 64 -> 0 by an overlapping window of the same call
[trap] num=399 (0x18f) pc=0x1804af584 args=[0x4,0x0,0x1804edb6c,0xa,0x700c10080,0x0,0x0,0xfffff0003ffff800]
[trap] num=202 (0xca) pc=0x1804af460 args=[0x27fb2e0,0x2,0x27fb2a8,0x27fb2a0,0xa0d6cec45,0x1a,0x0,0x20]
[trap] num=202 (0xca) pc=0x1804af460 args=[0x27fb2a8,0x3,0x27fb330,0x27fb338,0x0,0x0,0x0,0x20]
[trap] num=202 (0xca) pc=0x1804af460 args=[0x27fb2e0,0x2,0x27fb2a8,0x27fb2a0,0xa0d6cec60,0x18,0x0,0x20]
[trap] num=202 (0xca) pc=0x1804af460 args=[0x27fb2a8,0x3,0x27fb330,0x27fb338,0x0,0x0,0x0,0x20]
[trap] num=202 (0xca) pc=0x1804af460 args=[0x27fb2e0,0x2,0x27fb2a8,0x27fb2a0,0xa0d6cec79,0x18,0x0,0x20]
[trap] num=202 (0xca) pc=0x1804af460 args=[0x27fb2a8,0x3,0x27fb338,0x27fb330,0x0,0x0,0x0,0x20]
[trap] num=327 (0x147) pc=0x1804ad92c args=[0x0,0x100,0x193c16a30,0x27ffd38,0x1ec445338,0x0,0x0,0x0]
[trap] num=169 (0xa9) pc=0x1804af8dc args=[0x130d0,0x0,0x27fb238,0x4,0x1ec445338,0x0,0x0,0x0]
[trap] num=327 (0x147) pc=0x1804ad92c args=[0x1,0x194057bf0,0xf,0x1804f8a01,0x1ec445338,0x0,0x0,0x0]
[trap] num=169 (0xa9) pc=0x1804af8dc args=[0x130d0,0x0,0x27fb23c,0x4,0x1ec445338,0x0,0x0,0x0]
[trap] num=54 (0x36) pc=0x1804b2338 args=[0x1,0x4004667a,0x27fb1bc,0x4,0x1ec445338,0x0,0x0,0x0]
[trap] num=54 (0x36) pc=0x1804b2338 args=[0x1,0x40487413,0x27fb1c0,0x4,0x1ec445338,0x0,0x0,0x0]
[trap] num=54 (0x36) pc=0x1804b2338 args=[0x1,0x4004667a,0x27fb1bc,0x4,0x1ec445338,0x0,0x0,0x0]
[trap] num=54 (0x36) pc=0x1804b2338 args=[0x1,0x40487413,0x27fb1c0,0x4,0x1ec445338,0x0,0x0,0x0]
[trap] num=116 (0x74) pc=0x1804b1b60 args=[0x27fb090,0x0,0x0,0xfffffc088,0x1ec445338,0x0,0x0,0x0]
[trap] num=116 (0x74) pc=0x1804b1b60 args=[0x27fb090,0x0,0x0,0xfffffc088,0x1ec445338,0x0,0x44a5e6ad6163f674,0x0]
[trap] num=116 (0x74) pc=0x1804b1b60 args=[0x27fb390,0x0,0x0,0xfffffc088,0x1ec445338,0x0,0x0,0x0]
[trap] num=-47 (0xffffffffffffffd1) pc=0x1804adc34 args=[0x27fb360,0x200000003,0x2800001513,0xf0300000203,0xd5a00000000,0xf0300000000,0x30,0x0]
[mach_msg2] msgh_id=3418 dest=0x203 reply=0xf03 options=0x200000003 bits=0x1513 send_size=40 rcv_size=48
  send+000: 13 15 00 00 28 00 00 00 03 02 00 00 03 0f 00 00
  send+010: 00 00 00 00 5a 0d 00 00 00 00 00 00 01 00 00 00
  send+020: 00 00 00 00 00 00 00 00
[retrace] forwarding mach_msg2 semaphore_create (msgh_id 3418) to host (decided allowlist)
[mach_msg2] host ret=0x0 err=false
  reply@0x27fb360+000: 00 12 00 80 28 00 00 00 00 00 00 00 03 0f 00 00
  reply@0x27fb360+010: 00 00 00 00 be 0d 00 00 01 00 00 00 03 21 00 00
  reply@0x27fb360+020: 00 00 00 00 00 00 11 00 00 00 00 00 08 00 00 00
  reply@0x27fb360+030: 84 58 0b 08 0a 00 00 00 58 00 e2 09 0a 00 00 00
  reply@0x27fb360+040: b0 b3 7f 02 00 00 00 00 0c 22 d1 0b 0a 00 00 00
  reply@0x27fb360+050: d0 b3 7f 02 00 00 00 00 b4 4f 0b 08 0a 00 00 00
  reply@0x27fb360+060: 84 58 0b 08 0a 00 00 00 58 00 e2 09 0a 00 00 00
  reply@0x27fb360+070: f0 b3 7f 02 00 00 00 00 a0 58 0b 08 0a 00 00 00
  reply@0x27fb360+080: 84 58 0b 08 0a 00 00 00 18 b9 7f 02 00 00 00 00
  reply@0x27fb360+090: a0 b4 7f 02 00 00 00 00 30 0e 16 80 01 00 00 00
  reply@0x27fb360+0a0: 00 00 00 42 00 00 00 00 28 27 1a 80 01 00 00 00
  reply@0x27fb360+0b0: 00 00 07 1f 01 00 00 00 00 00 d7 07 0a 00 00 00
  reply@0x27fb360+0c0: 00 00 00 00 00 00 00 00 84 58 0b 08 0a 00 00 00
  reply@0x27fb360+0d0: 00 00 00 00 00 00 00 00 00 00 00 00 00 00 00 00
  reply@0x27fb360+0e0: 00 00 00 00 00 00 00 00 00 00 00 00 00 00 00 00
  reply@0x27fb360+0f0: 00 00 00 00 00 00 00 00 00 00 00 00 00 00 00 00
[trap] num=5 (0x5) pc=0x180119f50 args=[0x700c100c0,0x0,0x0,0x700c100c0,0x2f,0x40,0x0,0x6d0]
[trap] num=92 (0x5c) pc=0x1801180d8 args=[0x4,0x32,0x27fa208,0x700c100c0,0x2f,0x40,0x0,0x6d0]
[trap] num=6 (0x6) pc=0x180116750 args=[0x4,0x32,0x27fa208,0x700c100c0,0x2f,0x40,0x0,0x6d0]
[trap] num=483 (0x1e3) pc=0x1804ae6f0 args=[0x0,0x27fb28c,0x4,0x27ffd38,0x1ec445338,0x0,0x0,0x0]
[trap] num=-15 (0xfffffffffffffff1) pc=0x1801155c4 args=[0x203,0x27fb130,0x20000,0x3fff,0x3c000001,0x3,0x0,0x0]
[trap] num=-15 (0xfffffffffffffff1) pc=0x1801155c4 args=[0x203,0x27fb0f0,0x20000,0x3fff,0x3c000001,0x3,0x0,0x0]
[trap] num=-15 (0xfffffffffffffff1) pc=0x1801155c4 args=[0x203,0x27fb2e0,0x20000,0x3fff,0x3c000001,0x3,0x0,0x0]
[trap] num=-12 (0xfffffffffffffff4) pc=0x1801155a0 args=[0x203,0x100054000,0x20000,0x103,0xffffffff13c06d50,0x10,0x20000,0x0]
[trap] num=-12 (0xfffffffffffffff4) pc=0x1801155a0 args=[0x203,0x100034000,0x20000,0x103,0xffffffff13c06d50,0x10,0x20000,0x0]
[trap] num=-12 (0xfffffffffffffff4) pc=0x1801155a0 args=[0x203,0x100014000,0x20000,0x103,0xffffffff13c06d50,0x10,0x20000,0x0]
[trap] num=-14 (0xfffffffffffffff2) pc=0x1801155b8 args=[0x203,0x1ec444000,0x24000,0x0,0x1,0x10,0x20000,0x0]
[trap] num=24 (0x18) pc=0x1804af858 args=[0xa0919a7ae,0x27ff3c8,0x0,0x70102c2cf,0xfffffff8ff048cd0,0x20,0xffffffffbfc007ff,0xfffff0003ffff800]
[trap] num=25 (0x19) pc=0x1804af050 args=[0x1f5,0x27ff3c8,0x0,0x70102c2cf,0xfffffff8ff048cd0,0x20,0xffffffffbfc007ff,0xfffff0003ffff800]
[trap] num=47 (0x2f) pc=0x1804b1f48 args=[0x1f5,0x27ff3c8,0x0,0x70102c2cf,0xfffffff8ff048cd0,0x20,0xffffffffbfc007ff,0xfffff0003ffff800]
[trap] num=43 (0x2b) pc=0x1804af8b0 args=[0x14,0x27ff3c8,0x0,0x70102c2cf,0xfffffff8ff048cd0,0x20,0xffffffffbfc007ff,0xfffff0003ffff800]
[trap] num=339 (0x153) pc=0x1804bc288 args=[0x0,0xa09df4978,0x120a8,0x0,0xa07d70000,0x0,0xa07fd6f04,0x0]
[trap] num=339 (0x153) pc=0x1804bc288 args=[0x1,0xa09df4a58,0x120a8,0x0,0xa07d70000,0x0,0xa07fd6f04,0x0]
[trap] num=339 (0x153) pc=0x1804bc288 args=[0x2,0xa09df4b38,0x120a8,0x0,0xa07d70000,0x0,0xa07fd6f04,0x0]
[trap] num=329 (0x149) pc=0x1804b54f4 args=[0x3,0x27ff428,0x0,0x0,0xa07d70000,0x0,0xa07fd6f04,0x0]
[trap] num=46 (0x2e) pc=0x1804b4478 args=[0x1,0x0,0x27ff3c0,0x0,0xa07d70000,0x0,0xa07fd6f04,0x0]
[trap] num=46 (0x2e) pc=0x1804b4478 args=[0x2,0x0,0x27ff3c0,0x0,0xa07d70000,0x0,0xa07fd6f04,0x0]
[trap] num=46 (0x2e) pc=0x1804b4478 args=[0x3,0x0,0x27ff3c0,0x0,0xa07d70000,0x0,0xa07fd6f04,0x0]
[trap] num=46 (0x2e) pc=0x1804b4478 args=[0x4,0x0,0x27ff3c0,0x0,0xa07d70000,0x0,0xa07fd6f04,0x0]
[trap] num=46 (0x2e) pc=0x1804b4478 args=[0x5,0x0,0x27ff3c0,0x0,0xa07d70000,0x0,0xa07fd6f04,0x0]
[trap] num=46 (0x2e) pc=0x1804b4478 args=[0x6,0x0,0x27ff3c0,0x0,0xa07d70000,0x0,0xa07fd6f04,0x0]
[trap] num=46 (0x2e) pc=0x1804b4478 args=[0x7,0x0,0x27ff3c0,0x0,0xa07d70000,0x0,0xa07fd6f04,0x0]
[trap] num=46 (0x2e) pc=0x1804b4478 args=[0x8,0x0,0x27ff3c0,0x0,0xa07d70000,0x0,0xa07fd6f04,0x0]
[trap] num=46 (0x2e) pc=0x1804b4478 args=[0xa,0x0,0x27ff3c0,0x0,0xa07d70000,0x0,0xa07fd6f04,0x0]
[trap] num=46 (0x2e) pc=0x1804b4478 args=[0xb,0x0,0x27ff3c0,0x0,0xa07d70000,0x0,0xa07fd6f04,0x0]
[trap] num=46 (0x2e) pc=0x1804b4478 args=[0xc,0x0,0x27ff3c0,0x0,0xa07d70000,0x0,0xa07fd6f04,0x0]
[trap] num=46 (0x2e) pc=0x1804b4478 args=[0xd,0x27ff398,0x0,0x0,0xa07d70000,0x0,0xa07fd6f04,0x0]
[trap] num=46 (0x2e) pc=0x1804b4478 args=[0xe,0x0,0x27ff3c0,0x0,0xa07d70000,0x0,0xa07fd6f04,0x0]
[trap] num=46 (0x2e) pc=0x1804b4478 args=[0xf,0x0,0x27ff3c0,0x0,0xa07d70000,0x0,0xa07fd6f04,0x0]
[trap] num=46 (0x2e) pc=0x1804b4478 args=[0x10,0x0,0x27ff3c0,0x0,0xa07d70000,0x0,0xa07fd6f04,0x0]
[trap] num=46 (0x2e) pc=0x1804b4478 args=[0x12,0x0,0x27ff3c0,0x0,0xa07d70000,0x0,0xa07fd6f04,0x0]
[trap] num=46 (0x2e) pc=0x1804b4478 args=[0x13,0x0,0x27ff3c0,0x0,0xa07d70000,0x0,0xa07fd6f04,0x0]
[trap] num=46 (0x2e) pc=0x1804b4478 args=[0x14,0x0,0x27ff3c0,0x0,0xa07d70000,0x0,0xa07fd6f04,0x0]
[trap] num=46 (0x2e) pc=0x1804b4478 args=[0x15,0x0,0x27ff3c0,0x0,0xa07d70000,0x0,0xa07fd6f04,0x0]
[trap] num=46 (0x2e) pc=0x1804b4478 args=[0x16,0x0,0x27ff3c0,0x0,0xa07d70000,0x0,0xa07fd6f04,0x0]
[trap] num=46 (0x2e) pc=0x1804b4478 args=[0x17,0x0,0x27ff3c0,0x0,0xa07d70000,0x0,0xa07fd6f04,0x0]
[trap] num=46 (0x2e) pc=0x1804b4478 args=[0x18,0x0,0x27ff3c0,0x0,0xa07d70000,0x0,0xa07fd6f04,0x0]
[trap] num=46 (0x2e) pc=0x1804b4478 args=[0x19,0x27ff398,0x0,0x0,0xa07d70000,0x0,0xa07fd6f04,0x0]
[trap] num=46 (0x2e) pc=0x1804b4478 args=[0x1a,0x0,0x27ff3c0,0x0,0xa07d70000,0x0,0xa07fd6f04,0x0]
[trap] num=46 (0x2e) pc=0x1804b4478 args=[0x1b,0x0,0x27ff3c0,0x0,0xa07d70000,0x0,0xa07fd6f04,0x0]
[trap] num=46 (0x2e) pc=0x1804b4478 args=[0x1c,0x0,0x27ff3c0,0x0,0xa07d70000,0x0,0xa07fd6f04,0x0]
[trap] num=46 (0x2e) pc=0x1804b4478 args=[0x1d,0x0,0x27ff3c0,0x0,0xa07d70000,0x0,0xa07fd6f04,0x0]
[trap] num=46 (0x2e) pc=0x1804b4478 args=[0x1e,0x0,0x27ff3c0,0x0,0xa07d70000,0x0,0xa07fd6f04,0x0]
[trap] num=46 (0x2e) pc=0x1804b4478 args=[0x1f,0x0,0x27ff3c0,0x0,0xa07d70000,0x0,0xa07fd6f04,0x0]
[trap] num=92 (0x5c) pc=0x1804ae8c4 args=[0x0,0x3,0x27ff3c0,0x0,0xa07d70000,0x0,0xa07fd6f04,0x0]
[trap] num=54 (0x36) pc=0x1804b2338 args=[0x0,0x4004667a,0x27ff24c,0x0,0xa07d70000,0x0,0xa07fd6f04,0x0]
[trap] num=339 (0x153) pc=0x1804bc288 args=[0x0,0x27ff2c8,0x27ff24c,0x0,0xa07d70000,0x0,0xa07fd6f04,0x0]
[trap] num=92 (0x5c) pc=0x1804ae8c4 args=[0x1,0x3,0x27ff3c0,0x0,0xa07d70000,0x0,0xa07fd6f04,0x0]
[trap] num=54 (0x36) pc=0x1804b2338 args=[0x1,0x4004667a,0x27ff24c,0x0,0xa07d70000,0x0,0xa07fd6f04,0x0]
[trap] num=54 (0x36) pc=0x1804b2338 args=[0x1,0x40487413,0x27ff250,0x0,0xa07d70000,0x0,0xa07fd6f04,0x0]
[trap] num=339 (0x153) pc=0x1804bc288 args=[0x1,0x27ff2c8,0x27ff250,0x0,0xa07d70000,0x0,0xa07fd6f04,0x0]
[trap] num=92 (0x5c) pc=0x1804ae8c4 args=[0x2,0x3,0x27ff3c0,0x0,0xa07d70000,0x0,0xa07fd6f04,0x0]
[trap] num=54 (0x36) pc=0x1804b2338 args=[0x2,0x4004667a,0x27ff24c,0x0,0xa07d70000,0x0,0xa07fd6f04,0x0]
[trap] num=54 (0x36) pc=0x1804b2338 args=[0x2,0x40487413,0x27ff250,0x0,0xa07d70000,0x0,0xa07fd6f04,0x0]
[trap] num=339 (0x153) pc=0x1804bc288 args=[0x2,0x27ff2c8,0x27ff250,0x0,0xa07d70000,0x0,0xa07fd6f04,0x0]
[trap] num=46 (0x2e) pc=0x1804b4478 args=[0x2,0x27ff3b8,0x0,0x0,0xa07d70000,0x0,0xa07fd6f04,0x0]
[trap] num=46 (0x2e) pc=0x1804b4478 args=[0xf,0x27ff3b8,0x0,0x0,0xa07d70000,0x0,0xa07fd6f04,0x0]
[trap] num=194 (0xc2) pc=0x1804b00c8 args=[0x1008,0x27ff428,0x0,0x0,0xa07d70000,0x0,0xa07fd6f04,0x0]
[trap] num=195 (0xc3) pc=0x1804b0a10 args=[0x1008,0x27ff428,0x0,0x0,0xa07d70000,0x0,0xa07fd6f04,0x0]
[trap] num=92 (0x5c) pc=0x1804ae8c4 args=[0x0,0x2,0x1,0x0,0xa07d70000,0x0,0xa07fd6f04,0x0]
[trap] num=92 (0x5c) pc=0x1804ae8c4 args=[0x1,0x2,0x1,0x0,0xa07d70000,0x0,0xa07fd6f04,0x0]
[trap] num=92 (0x5c) pc=0x1804ae8c4 args=[0x2,0x2,0x1,0x0,0xa07d70000,0x0,0xa07fd6f04,0x0]
[trap] num=92 (0x5c) pc=0x1804ae8c4 args=[0x3,0x2,0x1,0x0,0xa07d70000,0x0,0xa07fd6f04,0x0]
[trap] num=92 (0x5c) pc=0x1804ae8c4 args=[0x4,0x2,0x1,0x0,0xa07d70000,0x0,0xa07fd6f04,0x0]
[trap] num=92 (0x5c) pc=0x1804ae8c4 args=[0x5,0x2,0x1,0x0,0xa07d70000,0x0,0xa07fd6f04,0x0]
[trap] num=92 (0x5c) pc=0x1804ae8c4 args=[0x6,0x2,0x1,0x0,0xa07d70000,0x0,0xa07fd6f04,0x0]
[trap] num=92 (0x5c) pc=0x1804ae8c4 args=[0x7,0x2,0x1,0x0,0xa07d70000,0x0,0xa07fd6f04,0x0]
[trap] num=92 (0x5c) pc=0x1804ae8c4 args=[0x8,0x2,0x1,0x0,0xa07d70000,0x0,0xa07fd6f04,0x0]
[trap] num=92 (0x5c) pc=0x1804ae8c4 args=[0x9,0x2,0x1,0x0,0xa07d70000,0x0,0xa07fd6f04,0x0]
[trap] num=92 (0x5c) pc=0x1804ae8c4 args=[0xa,0x2,0x1,0x0,0xa07d70000,0x0,0xa07fd6f04,0x0]
[trap] num=92 (0x5c) pc=0x1804ae8c4 args=[0xb,0x2,0x1,0x0,0xa07d70000,0x0,0xa07fd6f04,0x0]
[trap] num=92 (0x5c) pc=0x1804ae8c4 args=[0xc,0x2,0x1,0x0,0xa07d70000,0x0,0xa07fd6f04,0x0]
[trap] num=92 (0x5c) pc=0x1804ae8c4 args=[0xd,0x2,0x1,0x0,0xa07d70000,0x0,0xa07fd6f04,0x0]
[trap] num=92 (0x5c) pc=0x1804ae8c4 args=[0xe,0x2,0x1,0x0,0xa07d70000,0x0,0xa07fd6f04,0x0]
[trap] num=92 (0x5c) pc=0x1804ae8c4 args=[0xf,0x2,0x1,0x0,0xa07d70000,0x0,0xa07fd6f04,0x0]
[trap] num=92 (0x5c) pc=0x1804ae8c4 args=[0x10,0x2,0x1,0x0,0xa07d70000,0x0,0xa07fd6f04,0x0]
[trap] num=24 (0x18) pc=0x1804af858 args=[0xa091ae51d,0x27ff528,0x0,0xfffff0007fc00000,0x27feecf,0x27feece,0xffffffffbfc007ff,0xfffff0003ffff800]
[trap] num=25 (0x19) pc=0x1804af050 args=[0x1f5,0x27ff528,0x0,0xfffff0007fc00000,0x27feecf,0x27feece,0xffffffffbfc007ff,0xfffff0003ffff800]
[trap] num=47 (0x2f) pc=0x1804b1f48 args=[0x1f5,0x27ff528,0x0,0xfffff0007fc00000,0x27feecf,0x27feece,0xffffffffbfc007ff,0xfffff0003ffff800]
[trap] num=43 (0x2b) pc=0x1804af8b0 args=[0x14,0x27ff528,0x0,0xfffff0007fc00000,0x27feecf,0x27feece,0xffffffffbfc007ff,0xfffff0003ffff800]
[trap] num=24 (0x18) pc=0x1804af858 args=[0xa091cac7c,0x27ff328,0x0,0x103,0x27feecf,0x27feece,0xffffffffbfc007ff,0xfffff0003ffff800]
[trap] num=25 (0x19) pc=0x1804af050 args=[0x1f5,0x27ff328,0x0,0x103,0x27feecf,0x27feece,0xffffffffbfc007ff,0xfffff0003ffff800]
[trap] num=47 (0x2f) pc=0x1804b1f48 args=[0x1f5,0x27ff328,0x0,0x103,0x27feecf,0x27feece,0xffffffffbfc007ff,0xfffff0003ffff800]
[trap] num=43 (0x2b) pc=0x1804af8b0 args=[0x14,0x27ff328,0x0,0x103,0x27feecf,0x27feece,0xffffffffbfc007ff,0xfffff0003ffff800]
[trap] num=24 (0x18) pc=0x1804af858 args=[0xa091cac95,0x27ff328,0x0,0x1804f8a0b,0x27feecf,0x27feece,0xffffffffbfc007ff,0xfffff0003ffff800]
[trap] num=25 (0x19) pc=0x1804af050 args=[0x1f5,0x27ff328,0x0,0x1804f8a0b,0x27feecf,0x27feece,0xffffffffbfc007ff,0xfffff0003ffff800]
[trap] num=47 (0x2f) pc=0x1804b1f48 args=[0x1f5,0x27ff328,0x0,0x1804f8a0b,0x27feecf,0x27feece,0xffffffffbfc007ff,0xfffff0003ffff800]
[trap] num=43 (0x2b) pc=0x1804af8b0 args=[0x14,0x27ff328,0x0,0x1804f8a0b,0x27feecf,0x27feece,0xffffffffbfc007ff,0xfffff0003ffff800]
[trap] num=24 (0x18) pc=0x1804af858 args=[0xa091cacac,0x27ff328,0x0,0x1804f8a0b,0x27feecf,0x27feece,0xffffffffbfc007ff,0xfffff0003ffff800]
[trap] num=25 (0x19) pc=0x1804af050 args=[0x1f5,0x27ff328,0x0,0x1804f8a0b,0x27feecf,0x27feece,0xffffffffbfc007ff,0xfffff0003ffff800]
[trap] num=47 (0x2f) pc=0x1804b1f48 args=[0x1f5,0x27ff328,0x0,0x1804f8a0b,0x27feecf,0x27feece,0xffffffffbfc007ff,0xfffff0003ffff800]
[trap] num=43 (0x2b) pc=0x1804af8b0 args=[0x14,0x27ff328,0x0,0x1804f8a0b,0x27feecf,0x27feece,0xffffffffbfc007ff,0xfffff0003ffff800]
[trap] num=24 (0x18) pc=0x1804af858 args=[0xa091cacc8,0x27ff328,0x0,0x1804f8a0b,0x27feecf,0x27feece,0xffffffffbfc007ff,0xfffff0003ffff800]
[trap] num=25 (0x19) pc=0x1804af050 args=[0x1f5,0x27ff328,0x0,0x1804f8a0b,0x27feecf,0x27feece,0xffffffffbfc007ff,0xfffff0003ffff800]
[trap] num=47 (0x2f) pc=0x1804b1f48 args=[0x1f5,0x27ff328,0x0,0x1804f8a0b,0x27feecf,0x27feece,0xffffffffbfc007ff,0xfffff0003ffff800]
[trap] num=43 (0x2b) pc=0x1804af8b0 args=[0x14,0x27ff328,0x0,0x1804f8a0b,0x27feecf,0x27feece,0xffffffffbfc007ff,0xfffff0003ffff800]
[trap] num=24 (0x18) pc=0x1804af858 args=[0xa091cacdb,0x27ff328,0x0,0x1804f8a0b,0x27feecf,0x27feece,0xffffffffbfc007ff,0xfffff0003ffff800]
[trap] num=25 (0x19) pc=0x1804af050 args=[0x1f5,0x27ff328,0x0,0x1804f8a0b,0x27feecf,0x27feece,0xffffffffbfc007ff,0xfffff0003ffff800]
[trap] num=47 (0x2f) pc=0x1804b1f48 args=[0x1f5,0x27ff328,0x0,0x1804f8a0b,0x27feecf,0x27feece,0xffffffffbfc007ff,0xfffff0003ffff800]
[trap] num=43 (0x2b) pc=0x1804af8b0 args=[0x14,0x27ff328,0x0,0x1804f8a0b,0x27feecf,0x27feece,0xffffffffbfc007ff,0xfffff0003ffff800]
[trap] num=24 (0x18) pc=0x1804af858 args=[0xa091ae62b,0x27ff500,0x0,0xfffffffffffffff0,0x70102c292,0xa091b3990,0xffffffffbfc007ff,0xfffff0003ffff800]
[M28 BANDSHRINK] syscall 24 band past ipa 0xa091ae62b len 65536 shrunk 64 -> 0 by an overlapping window of the same call
[trap] num=25 (0x19) pc=0x1804af050 args=[0x1f5,0x27ff500,0x0,0xfffffffffffffff0,0x70102c292,0xa091b3990,0xffffffffbfc007ff,0xfffff0003ffff800]
[trap] num=47 (0x2f) pc=0x1804b1f48 args=[0x1f5,0x27ff500,0x0,0xfffffffffffffff0,0x70102c292,0xa091b3990,0xffffffffbfc007ff,0xfffff0003ffff800]
[trap] num=43 (0x2b) pc=0x1804af8b0 args=[0x14,0x27ff500,0x0,0xfffffffffffffff0,0x70102c292,0xa091b3990,0xffffffffbfc007ff,0xfffff0003ffff800]
[trap] num=24 (0x18) pc=0x1804af858 args=[0xa091ae696,0x66450,0x0,0xfffff0007fc00000,0x701014500,0x27fee2e,0xffffffffbfc007ff,0xfffff0003ffff800]
[trap] num=25 (0x19) pc=0x1804af050 args=[0x1f5,0x66450,0x0,0xfffff0007fc00000,0x701014500,0x27fee2e,0xffffffffbfc007ff,0xfffff0003ffff800]
[trap] num=47 (0x2f) pc=0x1804b1f48 args=[0x1f5,0x66450,0x0,0xfffff0007fc00000,0x701014500,0x27fee2e,0xffffffffbfc007ff,0xfffff0003ffff800]
[trap] num=43 (0x2b) pc=0x1804af8b0 args=[0x14,0x66450,0x0,0xfffff0007fc00000,0x701014500,0x27fee2e,0xffffffffbfc007ff,0xfffff0003ffff800]
[trap] num=24 (0x18) pc=0x1804af858 args=[0xa091ae1a6,0x27ff528,0x0,0x0,0x700c05c00,0x0,0x30,0x27ff3c4]
[trap] num=25 (0x19) pc=0x1804af050 args=[0x1f5,0x27ff528,0x0,0x0,0x700c05c00,0x0,0x30,0x27ff3c4]
[trap] num=47 (0x2f) pc=0x1804b1f48 args=[0x1f5,0x27ff528,0x0,0x0,0x700c05c00,0x0,0x30,0x27ff3c4]
[trap] num=43 (0x2b) pc=0x1804af8b0 args=[0x14,0x27ff528,0x0,0x0,0x700c05c00,0x0,0x30,0x27ff3c4]
[trap] num=-15 (0xfffffffffffffff1) pc=0x1804adacc args=[0x203,0x27fef38,0x400000,0x0,0x2004000,0x3,0x0,0x0]
[trap] num=24 (0x18) pc=0x1804af858 args=[0xa0d6c4457,0x2,0x27ff1d8,0x71cb0,0xb1010000b183,0xb000,0xb1010000b1c0,0xb100]
[trap] num=25 (0x19) pc=0x1804af050 args=[0x1f5,0x2,0x27ff1d8,0x71cb0,0xb1010000b183,0xb000,0xb1010000b1c0,0xb100]
[trap] num=47 (0x2f) pc=0x1804b1f48 args=[0x1f5,0x2,0x27ff1d8,0x71cb0,0xb1010000b183,0xb000,0xb1010000b1c0,0xb100]
[trap] num=43 (0x2b) pc=0x1804af8b0 args=[0x14,0x2,0x27ff1d8,0x71cb0,0xb1010000b183,0xb000,0xb1010000b1c0,0xb100]
[trap] num=194 (0xc2) pc=0x1804b00c8 args=[0x1008,0x27ff118,0x1804edb6c,0xa0d42cfa0,0x700c20f60,0x0,0xffffffffbfc007ff,0xfffff0003ffff800]
[trap] num=398 (0x18e) pc=0x1804ae948 args=[0x700c20f30,0x0,0x0,0xa0d42cfa0,0x700c20f60,0x0,0xffffffffbfc007ff,0xfffff0003ffff800]
[M28 BANDSHRINK] syscall 398 band past ipa 0x700c20f30 len 65536 shrunk 64 -> 0 by an overlapping window of the same call
[trap] num=339 (0x153) pc=0x1804bc288 args=[0x4,0x27fef60,0x27ff024,0x76970,0x76800,0x0,0xffffffffbfc007ff,0xfffff0003ffff800]
[M28 BANDSHRINK] syscall 339 band past ipa 0x76800 len 65536 shrunk 64 -> 0 by an overlapping window of the same call
[trap] num=396 (0x18c) pc=0x1804afcac args=[0x4,0x700c1a000,0x1000,0xa14b6f1a0,0x700c1a000,0x0,0xffffffffbfc007ff,0xfffff0003ffff800]
[trap] num=396 (0x18c) pc=0x1804afcac args=[0x4,0x700c1a000,0x1000,0x767c8,0x700ba47ef,0x10,0x657473696c206568,0xfffff0003ffff800]
[trap] num=396 (0x18c) pc=0x1804afcac args=[0x4,0x700c1a000,0x1000,0x767bc,0x700ba47ac,0x10,0x6e,0xfffff0003ffff800]
[trap] num=396 (0x18c) pc=0x1804afcac args=[0x4,0x700c1a000,0x1000,0x767b3,0x700c75f80,0x0,0x64,0xfffff0003ffff800]
[trap] num=396 (0x18c) pc=0x1804afcac args=[0x4,0x700c1a000,0x1000,0xa14b6de20,0x700c75fc0,0x0,0xffffffffbfc007ff,0xfffff0003ffff800]
[trap] num=399 (0x18f) pc=0x1804af584 args=[0x4,0x0,0x1804edb6c,0xfffff0007fc00000,0x76800,0x0,0xffffffffbfc007ff,0xfffff0003ffff800]
[trap] num=116 (0x74) pc=0x1804b1b60 args=[0x27feca0,0x0,0x0,0xfffffc088,0x700c82850,0x0,0xffffffffbfc007ff,0xfffff0003ffff800]
[trap] num=116 (0x74) pc=0x1804b1b60 args=[0x27ff000,0x0,0x0,0xfffffc088,0x0,0x0,0x1,0x0]
[trap] num=116 (0x74) pc=0x1804b1b60 args=[0x27feef0,0x0,0x0,0xfffffc088,0x0,0x27fef88,0x8,0xfffff0003ffff800]
[trap] num=116 (0x74) pc=0x1804b1b60 args=[0x27feff0,0x0,0x0,0xfffffc088,0x0,0x0,0x1,0x0]
[trap] num=202 (0xca) pc=0x1804af460 args=[0x27ff090,0x2,0x1ec7027b0,0x27ff088,0x0,0x0,0x0,0xfffff0003ffff800]
[trap] num=197 (0xc5) pc=0x1804aea18 args=[0x0,0x40000,0x3,0x41002,0xffffffff,0x0,0x0,0xfffff0003ffff800]
[trap] num=197 (0xc5) pc=0x1804aea18 args=[0x0,0x40000,0x3,0x41002,0xffffffff,0x0,0xffffffffbfc007ff,0xfffff0003ffff800]
[trap] num=197 (0xc5) pc=0x1804aea18 args=[0x0,0x140000,0x3,0x41002,0xffffffff,0x0,0xffffffffbfc007ff,0xfffff0003ffff800]
[trap] num=24 (0x18) pc=0x1804af858 args=[0xa091ae2c2,0x27ff428,0x0,0xa14ef4054,0xa14df4100,0x0,0xffffffffbfc007ff,0xfffff0003ffff800]
[trap] num=25 (0x19) pc=0x1804af050 args=[0x1f5,0x27ff428,0x0,0xa14ef4054,0xa14df4100,0x0,0xffffffffbfc007ff,0xfffff0003ffff800]
[trap] num=47 (0x2f) pc=0x1804b1f48 args=[0x1f5,0x27ff428,0x0,0xa14ef4054,0xa14df4100,0x0,0xffffffffbfc007ff,0xfffff0003ffff800]
[trap] num=43 (0x2b) pc=0x1804af8b0 args=[0x14,0x27ff428,0x0,0xa14ef4054,0xa14df4100,0x0,0xffffffffbfc007ff,0xfffff0003ffff800]
[trap] num=336 (0x150) pc=0x1804af110 args=[0x5,0x130d0,0x2,0x0,0x27ff3a8,0xf,0x64,0xfffff0003ffff800]
[trap] num=362 (0x16a) pc=0x1804b3f98 args=[0x7acb8,0x27ff310,0x1804edb6c,0x1,0x0,0x0,0xffffffffbfc007ff,0xfffff0003ffff800]
[trap] num=92 (0x5c) pc=0x1804ae8c4 args=[0x4,0x2,0x1,0x1,0x0,0x0,0xffffffffbfc007ff,0xfffff0003ffff800]
[trap] num=42 (0x2a) pc=0x1804b43ec args=[0x27ff260,0x0,0x0,0x103,0x0,0x0,0xffffffffbfc007ff,0xfffff0003ffff800]
[trap] num=92 (0x5c) pc=0x1804ae8c4 args=[0x5,0x2,0x1,0x103,0x0,0x0,0xffffffffbfc007ff,0xfffff0003ffff800]
[trap] num=92 (0x5c) pc=0x1804ae8c4 args=[0x6,0x2,0x1,0x103,0x0,0x0,0xffffffffbfc007ff,0xfffff0003ffff800]
[trap] num=4 (0x4) pc=0x1804b1834 args=[0x6,0x27ff27f,0x1,0x103,0x0,0x0,0xffffffffbfc007ff,0xfffff0003ffff800]
[trap] num=362 (0x16a) pc=0x1804b3f98 args=[0x27ff290,0x27ff290,0x1804edb6c,0x103,0x0,0x0,0xffffffffbfc007ff,0xfffff0003ffff800]
[trap] num=363 (0x16b) pc=0x1804b3fc4 args=[0x7,0x27ff1a8,0x2,0x27ff1a8,0x1,0x27ff198,0xffffffffbfc007ff,0xfffff0003ffff800]
[probe] kevent#1 tid=0 kq=7 change ident=0x1e7e7711 filter=-10 flags=0x21 fflags=0x0 data=0x0 udata=0x0 nev=1 timeout=Some((0, 0))
[probe] kevent#1 tid=0 kq=7 change ident=0x1e7e7711 filter=-10 flags=0x0 fflags=0x1000000 data=0x0 udata=0x0 nev=1 timeout=Some((0, 0))
[probe] kevent deliver kq=7 n=1
[probe] kevent#1 call tid=0 kq=7 nch=2 nev=1 timeout=Some((0, 0)) -> immediate n=1
[trap] num=399 (0x18f) pc=0x1804af584 args=[0x7,0x27ff1a8,0x2,0x27ff1a8,0x1,0x27ff198,0xffffffffbfc007ff,0xfffff0003ffff800]
[trap] num=5 (0x5) pc=0x1804ae694 args=[0xa0bd18705,0x1000000,0x0,0x27ff1a8,0x1,0x27ff198,0xffffffffbfc007ff,0xfffff0003ffff800]
[trap] num=363 (0x16b) pc=0x1804b3fc4 args=[0x4,0x27ff2e0,0x1,0x0,0x0,0x0,0xffffffffbfc007ff,0xfffff0003ffff800]
[probe] kevent#2 tid=0 kq=4 change ident=0x7 filter=-10 flags=0x21 fflags=0x0 data=0x0 udata=0x0 nev=0 timeout=None
[probe] kevent#2 call tid=0 kq=4 nch=1 nev=0 timeout=None -> immediate n=0
[trap] num=-47 (0xffffffffffffffd1) pc=0x1804adc34 args=[0x27ff1f0,0x200000003,0x2800001513,0xf0300000203,0xd5a00000000,0xf0300000000,0x30,0x0]
[mach_msg2] msgh_id=3418 dest=0x203 reply=0xf03 options=0x200000003 bits=0x1513 send_size=40 rcv_size=48
  send+000: 13 15 00 00 28 00 00 00 03 02 00 00 03 0f 00 00
  send+010: 00 00 00 00 5a 0d 00 00 00 00 00 00 01 00 00 00
  send+020: 00 00 00 00 00 00 00 00
[retrace] forwarding mach_msg2 semaphore_create (msgh_id 3418) to host (decided allowlist)
[mach_msg2] host ret=0x0 err=false
  reply@0x27ff1f0+000: 00 12 00 80 28 00 00 00 00 00 00 00 03 0f 00 00
  reply@0x27ff1f0+010: 00 00 00 00 be 0d 00 00 01 00 00 00 03 29 00 00
  reply@0x27ff1f0+020: 00 00 00 00 00 00 11 00 00 00 00 00 08 00 00 00
  reply@0x27ff1f0+030: 88 f2 7f 02 00 00 00 00 30 b4 07 00 00 00 00 00
  reply@0x27ff1f0+040: 40 f2 7f 02 00 00 00 00 0c 22 d1 0b 0a 00 00 00
  reply@0x27ff1f0+050: 70 f2 7f 02 00 00 00 00 b8 59 05 08 0a 00 00 00
  reply@0x27ff1f0+060: 30 b4 07 00 00 00 00 00 a0 dd 04 01 07 00 00 00
  reply@0x27ff1f0+070: 04 00 00 00 00 00 00 00 d8 dc 04 01 07 00 00 00
  reply@0x27ff1f0+080: 60 f3 7f 02 00 00 00 00 58 57 05 08 0a 00 00 00
  reply@0x27ff1f0+090: a0 65 c3 00 07 00 00 00 30 00 01 01 07 00 00 00
  reply@0x27ff1f0+0a0: 30 af 07 00 04 00 00 00 44 4e 4f 43 00 00 00 00
  reply@0x27ff1f0+0b0: 00 00 00 00 00 00 00 80 00 00 00 00 00 00 00 00
  reply@0x27ff1f0+0c0: 00 00 00 00 01 00 00 00 00 00 00 00 0a 00 00 00
  reply@0x27ff1f0+0d0: c0 f4 7f 02 00 00 00 00 5a 54 55 4d 00 00 00 00
  reply@0x27ff1f0+0e0: 00 00 00 00 a0 20 00 00 00 00 00 00 5a 54 55 4d
  reply@0x27ff1f0+0f0: 00 00 00 00 00 00 00 00 02 00 00 00 00 00 00 00
[trap] num=194 (0xc2) pc=0x1804b00c8 args=[0x1003,0x27ff180,0xa08057bec,0x7b430,0xd5a00000000,0xf0300000000,0x30,0x0]
[trap] num=-15 (0xfffffffffffffff1) pc=0x1804adacc args=[0x203,0x27ff148,0x4c000,0x3fff,0x1e000001,0x3,0x0,0x0]
[trap] num=-14 (0xfffffffffffffff2) pc=0x1804adac0 args=[0x203,0x30000000,0x4000,0x0,0x0,0x3,0x0,0x0]
[trap] num=360 (0x168) pc=0x1804b1ad8 args=[0xa08057bec,0x7b430,0x30047000,0x30047000,0x90008ff,0x3,0x0,0x0]
[trap] num=-36 (0xffffffffffffffdc) pc=0x1804adbb0 args=[0x2903,0x0,0x30047000,0x30047000,0x90008ff,0x3,0x0,0x0]
[trap] num=372 (0x174) pc=0x1804afacc args=[0x30047000,0x0,0x0,0x0,0x0,0x190008ff,0x0,0x0]
[trap] num=336 (0x150) pc=0x1804af110 args=[0x5,0x130d0,0x2,0x0,0x30046f58,0x1a,0x72,0x0]
[trap] num=362 (0x16a) pc=0x1804b3f98 args=[0x7b508,0x30046ed0,0x1804edb6c,0xfffffc088,0x0,0x0,0x0,0x0]
[trap] num=92 (0x5c) pc=0x1804ae8c4 args=[0x8,0x2,0x1,0xfffffc088,0x0,0x0,0x0,0x0]
[trap] num=5 (0x5) pc=0x1804ae694 args=[0xa0bd18705,0x1000000,0x0,0xfffffc088,0x0,0x0,0x0,0x0]
[trap] num=363 (0x16b) pc=0x1804b3fc4 args=[0x8,0x30046ea0,0x1,0x0,0x0,0x0,0x0,0x0]
[probe] kevent#3 tid=1 kq=8 change ident=0x9 filter=-10 flags=0x21 fflags=0x0 data=0x0 udata=0x0 nev=0 timeout=None
[probe] kevent#3 call tid=1 kq=8 nch=1 nev=0 timeout=None -> immediate n=0
[trap] num=-33 (0xffffffffffffffdf) pc=0x1804adb8c args=[0x2903,0x7b938,0xa08057d7c,0x701050530,0x701050580,0x0,0xffffffffbfc007ff,0xfffff0003ffff800]
[trap] num=363 (0x16b) pc=0x1804b3fc4 args=[0x8,0x3003ee90,0x0,0x3003ee90,0x400,0x0,0xffffffffbfc007ff,0xfffff0003ffff800]
[probe] kevent#4 call tid=1 kq=8 nch=0 nev=1024 timeout=None -> immediate n=0
[probe] kevent#4 BLOCK tid=1 kq=8 timeout=None deadline=None now=0x71e4db0190a
[trap] num=-47 (0xffffffffffffffd1) pc=0x1804adc34 args=[0x27ff220,0x200000003,0x2880001513,0xf0300000203,0xd5b00000000,0xf0300000001,0x2c,0x0]
[mach_msg2] msgh_id=3419 dest=0x203 reply=0xf03 options=0x200000003 bits=0x80001513 send_size=40 rcv_size=44
  send+000: 13 15 00 80 28 00 00 00 03 02 00 00 03 0f 00 00
  send+010: 00 00 00 00 5b 0d 00 00 01 00 00 00 03 29 00 00
  send+020: 00 00 00 00 00 00 11 00
[retrace] forwarding mach_msg2 semaphore_destroy (msgh_id 3419) to host (decided allowlist)
[mach_msg2] host ret=0x0 err=false
  reply@0x27ff220+000: 00 12 00 00 24 00 00 00 00 00 00 00 03 0f 00 00
  reply@0x27ff220+010: 00 00 00 00 bf 0d 00 00 00 00 00 00 01 00 00 00
  reply@0x27ff220+020: 00 00 00 00 00 00 00 00 08 00 00 00 0a 00 00 00
  reply@0x27ff220+030: 04 00 00 00 00 00 00 00 d8 dc 04 01 07 00 00 00
  reply@0x27ff220+040: 70 f2 7f 02 00 00 00 00 58 22 d1 0b 0a 00 00 00
  reply@0x27ff220+050: 60 f3 7f 02 00 00 00 00 58 57 05 08 0a 00 00 00
  reply@0x27ff220+060: a0 65 c3 00 07 00 00 00 30 00 01 01 07 00 00 00
  reply@0x27ff220+070: 30 af 07 00 04 00 00 00 44 4e 4f 43 00 00 00 00
  reply@0x27ff220+080: 00 00 00 00 00 00 00 80 00 00 00 00 00 00 00 00
  reply@0x27ff220+090: 00 00 00 00 01 00 00 00 00 00 00 00 0a 00 00 00
  reply@0x27ff220+0a0: c0 f4 7f 02 00 00 00 00 5a 54 55 4d 00 00 00 00
  reply@0x27ff220+0b0: 00 00 00 00 a0 20 00 00 00 00 00 00 5a 54 55 4d
  reply@0x27ff220+0c0: 00 00 00 00 00 00 00 00 02 00 00 00 00 00 00 00
  reply@0x27ff220+0d0: ff ff ff ff ff ff ff ff 37 0d 80 fd ff ff ff ff
  reply@0x27ff220+0e0: 5a 54 55 4d 5a 54 55 4d 00 0f 0e 0d 0c 0b 0a 00
  reply@0x27ff220+0f0: 08 50 07 00 00 00 00 00 50 f6 7f 02 00 00 00 00
[trap] num=194 (0xc2) pc=0x1804b00c8 args=[0x1003,0x27ff1b0,0xa080559f0,0x700c82880,0x701010040,0x0,0xffffffffbfc007ff,0xfffff0003ffff800]
[trap] num=-15 (0xfffffffffffffff1) pc=0x1804adacc args=[0x203,0x27ff178,0x4c000,0x3fff,0x1e000001,0x3,0x0,0x0]
[trap] num=-14 (0xfffffffffffffff2) pc=0x1804adac0 args=[0x203,0x3004c000,0x4000,0x0,0x0,0x3,0x0,0x0]
[trap] num=360 (0x168) pc=0x1804b1ad8 args=[0xa080559f0,0x700c82880,0x30093000,0x30093000,0x90008ff,0x3,0x0,0x0]
[trap] num=194 (0xc2) pc=0x1804b00c8 args=[0x1003,0x27ff1b0,0xa080559f0,0x700c828b0,0x701010000,0x0,0xffffffffbfc007ff,0xfffff0003ffff800]
[trap] num=-15 (0xfffffffffffffff1) pc=0x1804adacc args=[0x203,0x27ff178,0x4c000,0x3fff,0x1e000001,0x3,0x0,0x0]
[trap] num=-14 (0xfffffffffffffff2) pc=0x1804adac0 args=[0x203,0x30098000,0x4000,0x0,0x0,0x3,0x0,0x0]
[trap] num=360 (0x168) pc=0x1804b1ad8 args=[0xa080559f0,0x700c828b0,0x300df000,0x300df000,0x90008ff,0x3,0x0,0x0]
[trap] num=194 (0xc2) pc=0x1804b00c8 args=[0x1003,0x27ff1b0,0xa080559f0,0x700c828e0,0x701010050,0x0,0xffffffffbfc007ff,0xfffff0003ffff800]
[trap] num=-15 (0xfffffffffffffff1) pc=0x1804adacc args=[0x203,0x27ff178,0x4c000,0x3fff,0x1e000001,0x3,0x0,0x0]
[trap] num=-14 (0xfffffffffffffff2) pc=0x1804adac0 args=[0x203,0x300e4000,0x4000,0x0,0x0,0x3,0x0,0x0]
[trap] num=360 (0x168) pc=0x1804b1ad8 args=[0xa080559f0,0x700c828e0,0x3012b000,0x3012b000,0x90008ff,0x3,0x0,0x0]
[trap] num=194 (0xc2) pc=0x1804b00c8 args=[0x1003,0x27ff1b0,0xa080559f0,0x700c82910,0x701010060,0x0,0xffffffffbfc007ff,0xfffff0003ffff800]
[trap] num=-15 (0xfffffffffffffff1) pc=0x1804adacc args=[0x203,0x27ff178,0x4c000,0x3fff,0x1e000001,0x3,0x0,0x0]
[trap] num=-14 (0xfffffffffffffff2) pc=0x1804adac0 args=[0x203,0x30130000,0x4000,0x0,0x0,0x3,0x0,0x0]
[trap] num=360 (0x168) pc=0x1804b1ad8 args=[0xa080559f0,0x700c82910,0x30177000,0x30177000,0x90008ff,0x3,0x0,0x0]
[trap] num=305 (0x131) pc=0x1804b150c args=[0x27ff298,0x100000100,0x0,0x0,0x0,0xa0,0x0,0x0]
[probe] psynch#1 cvwait tid=0 cv=0x27ff298 lsgen=0x100000100 ugen=0x0 mutex=0x0 mugen=0x0 flags=0xa0 sec=0 nsec=0
[trap] num=372 (0x174) pc=0x1804afacc args=[0x30093000,0x0,0x0,0x0,0x0,0x190008ff,0x0,0x0]
[trap] num=336 (0x150) pc=0x1804af110 args=[0x5,0x130d0,0x2,0x0,0x30092ec8,0xd,0x72,0x0]
[trap] num=304 (0x130) pc=0x1804b2a64 args=[0x27ff298,0x100,0x0,0x0,0x0,0x0,0x0,0x0]
[probe] psynch#2 cvsignal tid=2 cv=0x27ff298 lsgen=0x100 ugen=0x0 port=0x0 mutex=0x0 mugen=0x0 thr=0x0 flags=0x0
[trap] num=305 (0x131) pc=0x1804b150c args=[0x70104dd18,0x100000100,0x0,0x0,0x0,0xa0,0x0,0x0]
[probe] psynch#3 cvwait tid=2 cv=0x70104dd18 lsgen=0x100000100 ugen=0x0 mutex=0x0 mugen=0x0 flags=0xa0 sec=0 nsec=0
[trap] num=305 (0x131) pc=0x1804b150c args=[0x27ff298,0x10000000200,0x100,0x0,0x0,0xa0,0x0,0x0]
[probe] psynch#4 cvwait tid=0 cv=0x27ff298 lsgen=0x10000000200 ugen=0x100 mutex=0x0 mugen=0x0 flags=0xa0 sec=0 nsec=0
[trap] num=372 (0x174) pc=0x1804afacc args=[0x300df000,0x0,0x0,0x0,0x0,0x190008ff,0x0,0x0]
[trap] num=336 (0x150) pc=0x1804af110 args=[0x5,0x130d0,0x2,0x0,0x300deec8,0xd,0x72,0x0]
[trap] num=304 (0x130) pc=0x1804b2a64 args=[0x27ff298,0x10000000200,0x100,0x0,0x0,0x0,0x0,0x0]
[probe] psynch#5 cvsignal tid=3 cv=0x27ff298 lsgen=0x10000000200 ugen=0x100 port=0x0 mutex=0x0 mugen=0x0 thr=0x0 flags=0x0
[trap] num=305 (0x131) pc=0x1804b150c args=[0x70104dd18,0x200,0x0,0x0,0x0,0xa0,0x0,0x0]
[probe] psynch#6 cvwait tid=3 cv=0x70104dd18 lsgen=0x200 ugen=0x0 mutex=0x0 mugen=0x0 flags=0xa0 sec=0 nsec=0
[trap] num=305 (0x131) pc=0x1804b150c args=[0x27ff298,0x20000000300,0x200,0x0,0x0,0xa0,0x0,0x0]
[probe] psynch#7 cvwait tid=0 cv=0x27ff298 lsgen=0x20000000300 ugen=0x200 mutex=0x0 mugen=0x0 flags=0xa0 sec=0 nsec=0
[trap] num=372 (0x174) pc=0x1804afacc args=[0x3012b000,0x0,0x0,0x0,0x0,0x190008ff,0x0,0x0]
[trap] num=336 (0x150) pc=0x1804af110 args=[0x5,0x130d0,0x2,0x0,0x3012aec8,0xd,0x72,0x0]
[trap] num=304 (0x130) pc=0x1804b2a64 args=[0x27ff298,0x20000000300,0x200,0x0,0x0,0x0,0x0,0x0]
[probe] psynch#8 cvsignal tid=4 cv=0x27ff298 lsgen=0x20000000300 ugen=0x200 port=0x0 mutex=0x0 mugen=0x0 thr=0x0 flags=0x0
[trap] num=305 (0x131) pc=0x1804b150c args=[0x70104dd18,0x300,0x0,0x0,0x0,0xa0,0x0,0x0]
[probe] psynch#9 cvwait tid=4 cv=0x70104dd18 lsgen=0x300 ugen=0x0 mutex=0x0 mugen=0x0 flags=0xa0 sec=0 nsec=0
[trap] num=305 (0x131) pc=0x1804b150c args=[0x27ff298,0x30000000400,0x300,0x0,0x0,0xa0,0x0,0x0]
[probe] psynch#10 cvwait tid=0 cv=0x27ff298 lsgen=0x30000000400 ugen=0x300 mutex=0x0 mugen=0x0 flags=0xa0 sec=0 nsec=0
[trap] num=372 (0x174) pc=0x1804afacc args=[0x30177000,0x0,0x0,0x0,0x0,0x190008ff,0x0,0x0]
[trap] num=336 (0x150) pc=0x1804af110 args=[0x5,0x130d0,0x2,0x0,0x30176ec8,0xd,0x72,0x0]
[trap] num=304 (0x130) pc=0x1804b2a64 args=[0x27ff298,0x30000000400,0x300,0x0,0x0,0x0,0x0,0x0]
[probe] psynch#11 cvsignal tid=5 cv=0x27ff298 lsgen=0x30000000400 ugen=0x300 port=0x0 mutex=0x0 mugen=0x0 thr=0x0 flags=0x0
[trap] num=305 (0x131) pc=0x1804b150c args=[0x70104dd18,0x400,0x0,0x0,0x0,0xa0,0x0,0x0]
[probe] psynch#12 cvwait tid=5 cv=0x70104dd18 lsgen=0x400 ugen=0x0 mutex=0x0 mugen=0x0 flags=0xa0 sec=0 nsec=0
[trap] num=305 (0x131) pc=0x1804b150c args=[0x27ff298,0x40000000500,0x400,0x0,0x0,0xa0,0x0,0x1]
[probe] psynch#13 cvwait tid=0 cv=0x27ff298 lsgen=0x40000000500 ugen=0x400 mutex=0x0 mugen=0x0 flags=0xa0 sec=0 nsec=1
[probe] cvwait timeout tid=0 cv=0x27ff298
[trap] num=197 (0xc5) pc=0x1804aea18 args=[0x0,0x80000,0x0,0x41042,0xff000000,0x0,0xffffffffbfc007ff,0xfffff0003ffff800]
[trap] num=74 (0x4a) pc=0x1804b1b04 args=[0xa14f34000,0x4000,0x3,0x2,0xff000000,0x0,0xffffffffbfc007ff,0xfffff0003ffff800]
[trap] num=75 (0x4b) pc=0x1804b09b0 args=[0xa14f34000,0x4000,0x8,0x2,0xff000000,0x0,0xffffffffbfc007ff,0xfffff0003ffff800]
[trap] num=197 (0xc5) pc=0x1804aea18 args=[0x0,0x10000000,0x0,0x41042,0xff000000,0x0,0xffffffffbfc007ff,0xfffff0003ffff800]
[trap] num=116 (0x74) pc=0x1804b1b60 args=[0x27fedf0,0x0,0x0,0xfffffc088,0x0,0x0,0x0,0x500]
[trap] num=116 (0x74) pc=0x1804b1b60 args=[0x27feca0,0x0,0x0,0xfffffc088,0x0,0x27fed38,0x8,0xfffff0003ffff800]
[trap] num=116 (0x74) pc=0x1804b1b60 args=[0x27feda0,0x0,0x0,0xfffffc088,0x0,0x0,0x1,0x0]
[trap] num=74 (0x4a) pc=0x1804b1b04 args=[0xa14fb4000,0x10000,0x1,0x1,0x7010211a0,0x0,0xffffffffbfc007ff,0xfffff0003ffff800]
[trap] num=75 (0x4b) pc=0x1804b09b0 args=[0xa14fb4000,0x10000,0x8,0x1,0x7010211a0,0x0,0xffffffffbfc007ff,0xfffff0003ffff800]
[trap] num=74 (0x4a) pc=0x1804b1b04 args=[0xa14fc4000,0x4000,0x3,0x2,0x701021230,0x0,0xffffffffbfc007ff,0xfffff0003ffff800]
[trap] num=75 (0x4b) pc=0x1804b09b0 args=[0xa14fc4000,0x4000,0x8,0x2,0x701021230,0x0,0xffffffffbfc007ff,0xfffff0003ffff800]
[trap] num=74 (0x4a) pc=0x1804b1b04 args=[0xa14fc8000,0x4000,0x3,0x2,0x701021200,0x0,0xffffffffbfc007ff,0xfffff0003ffff800]
[trap] num=75 (0x4b) pc=0x1804b09b0 args=[0xa14fc8000,0x4000,0x8,0x2,0x701021200,0x0,0xffffffffbfc007ff,0xfffff0003ffff800]
[trap] num=74 (0x4a) pc=0x1804b1b04 args=[0xa14fcc000,0x4000,0x3,0x2,0x701021290,0x0,0xffffffffbfc007ff,0xfffff0003ffff800]
[trap] num=75 (0x4b) pc=0x1804b09b0 args=[0xa14fcc000,0x4000,0x8,0x2,0x701021290,0x0,0xffffffffbfc007ff,0xfffff0003ffff800]
[trap] num=74 (0x4a) pc=0x1804b1b04 args=[0xa14fd0000,0x4000,0x3,0x2,0x701021260,0x0,0xffffffffbfc007ff,0xfffff0003ffff800]
[trap] num=75 (0x4b) pc=0x1804b09b0 args=[0xa14fd0000,0x4000,0x8,0x2,0x701021260,0x0,0xffffffffbfc007ff,0xfffff0003ffff800]
[trap] num=116 (0x74) pc=0x1804b1b60 args=[0x27fee60,0x0,0x0,0xfffffc088,0x0,0x0,0x0,0x700]
[trap] num=197 (0xc5) pc=0x1804aea18 args=[0x0,0x8000000,0x0,0x41042,0xff000000,0x0,0xffffffffbfc007ff,0xfffff0003ffff800]
[trap] num=116 (0x74) pc=0x1804b1b60 args=[0x27fee40,0x0,0x0,0xfffffc088,0x0,0x0,0x0,0x900]
[trap] num=46 (0x2e) pc=0x1804b4478 args=[0xb,0x27ff3d8,0x0,0x1,0x0,0x0,0x1,0x0]
[trap] num=46 (0x2e) pc=0x1804b4478 args=[0xa,0x27ff3d8,0x0,0x1,0x0,0x0,0x1,0x0]
[trap] num=362 (0x16a) pc=0x1804b3f98 args=[0xa0bd20298,0x27ff520,0x1804edb6c,0x10,0x0,0x0,0x1,0x0]
[trap] num=92 (0x5c) pc=0x1804ae8c4 args=[0xa,0x2,0x1,0x10,0x0,0x0,0x1,0x0]
[trap] num=5 (0x5) pc=0x1804ae694 args=[0xa0bd18705,0x1000000,0x0,0x10,0x0,0x0,0x1,0x0]
[trap] num=363 (0x16b) pc=0x1804b3fc4 args=[0xa,0x27ff4f0,0x1,0x0,0x0,0x0,0x1,0x0]
[probe] kevent#5 tid=0 kq=10 change ident=0xb filter=-10 flags=0x21 fflags=0x0 data=0x0 udata=0x0 nev=0 timeout=None
[probe] kevent#5 call tid=0 kq=10 nch=1 nev=0 timeout=None -> immediate n=0
[trap] num=194 (0xc2) pc=0x1804b00c8 args=[0x1005,0x27ff450,0x60,0xfffff0007fc00000,0x700c17060,0x0,0x700c89360,0xfffff0003ffff800]
[trap] num=194 (0xc2) pc=0x1804b00c8 args=[0x1002,0x27ff450,0x60,0xfffff0007fc00000,0x700c17060,0x0,0x700c89360,0xfffff0003ffff800]
[trap] num=202 (0xca) pc=0x1804af460 args=[0x27ff460,0x2,0x27ff458,0x27ff450,0x0,0x0,0x700c89360,0xfffff0003ffff800]
[trap] num=197 (0xc5) pc=0x1804aea18 args=[0xa08470000,0x10000000,0x0,0x41842,0xff000000,0x0,0x5,0xfffff0003ffff800]
[probe] MAP_JIT mmap ipa=0xa2cfb4000 len=0x10000000 prot=0x0 flags=0x41842
[probe] view flip #1 -> RX (tid 0)
[trap] num=74 (0x4a) pc=0x1804b1b04 args=[0xa2cfc0000,0xffc0000,0x7,0x3,0x7010213b0,0x0,0xffffffffbfc007ff,0xfffff0003ffff800]
[probe] mprotect over MAP_JIT ipa=0xa2cfc0000 len=0xffc0000 prot=0x7
[probe] view flip #2 -> RX (tid 0)
[trap] num=75 (0x4b) pc=0x1804b09b0 args=[0xa2cfc0000,0xffc0000,0x8,0x3,0x7010213b0,0x0,0xffffffffbfc007ff,0xfffff0003ffff800]
[trap] num=75 (0x4b) pc=0x1804b09b0 args=[0xa2cfc0000,0xffc0000,0x7,0x3,0x7010213b0,0x0,0xffffffffbfc007ff,0xfffff0003ffff800]
[trap] num=197 (0xc5) pc=0x1804aea18 args=[0x20d372c80000,0x7c000,0x3,0x41002,0xff000000,0x0,0x2,0x27fe7b8]
[trap] num=73 (0x49) pc=0x1804b1728 args=[0xa3cfb4000,0xc000,0x3,0x41002,0xff000000,0x0,0x2,0x27fe7b8]
[probe] partial munmap 0xa3cfb4000+0xc000 of backing 0xa3cfb4000..0xa3d030000
[trap] num=73 (0x49) pc=0x1804b1728 args=[0xa3d000000,0x30000,0x3,0x41002,0xff000000,0x0,0x2,0x27fe7b8]
[probe] partial munmap 0xa3d000000+0x30000 of backing 0xa3cfc0000..0xa3d030000
[trap] num=197 (0xc5) pc=0x1804aea18 args=[0x26770580000,0x7c000,0x3,0x41002,0xff000000,0x0,0x2,0x27fe7b8]
[trap] num=73 (0x49) pc=0x1804b1728 args=[0xa3d030000,0x10000,0x3,0x41002,0xff000000,0x0,0x2,0x27fe7b8]
[probe] partial munmap 0xa3d030000+0x10000 of backing 0xa3d030000..0xa3d0ac000
[trap] num=73 (0x49) pc=0x1804b1728 args=[0xa3d080000,0x2c000,0x3,0x41002,0xff000000,0x0,0x2,0x27fe7b8]
[probe] partial munmap 0xa3d080000+0x2c000 of backing 0xa3d040000..0xa3d0ac000
[trap] num=73 (0x49) pc=0x1804b1728 args=[0xa3d05c000,0x24000,0x40000,0x1c000,0xa3d05c000,0x10,0x875c0,0xfffff0003ffff800]
[probe] partial munmap 0xa3d05c000+0x24000 of backing 0xa3d040000..0xa3d080000
[trap] num=116 (0x74) pc=0x1804b1b60 args=[0x27fe6e0,0x0,0x0,0xfffffc088,0x0,0x0,0x0,0xb00]
[trap] num=74 (0x4a) pc=0x1804b1b04 args=[0xa3cfc0000,0x40000,0x1,0x1,0xa08b07ee8,0x18,0x1,0x0]
[trap] num=75 (0x4b) pc=0x1804b09b0 args=[0xa3cfc0000,0x40000,0x8,0x1,0xa08b07ee8,0x18,0x1,0x0]
[trap] num=74 (0x4a) pc=0x1804b1b04 args=[0xa3d040000,0x1c000,0x1,0x1,0xa08b07ee8,0x18,0x1,0x0]
[trap] num=75 (0x4b) pc=0x1804b09b0 args=[0xa3d040000,0x1c000,0x8,0x1,0xa08b07ee8,0x18,0x1,0x0]
[trap] num=116 (0x74) pc=0x1804b1b60 args=[0x27fea20,0x0,0x0,0xfffffc088,0x0,0x0,0x0,0xd00]
[trap] num=197 (0xc5) pc=0x1804aea18 args=[0x10a1f980000,0x7c000,0x3,0x41002,0xff000000,0x0,0x2,0x27fe728]
[trap] num=73 (0x49) pc=0x1804b1728 args=[0xa3d0ac000,0x14000,0x3,0x41002,0xff000000,0x0,0x2,0x27fe728]
[probe] partial munmap 0xa3d0ac000+0x14000 of backing 0xa3d0ac000..0xa3d128000
[trap] num=73 (0x49) pc=0x1804b1728 args=[0xa3d100000,0x28000,0x3,0x41002,0xff000000,0x0,0x2,0x27fe728]
[probe] partial munmap 0xa3d100000+0x28000 of backing 0xa3d0c0000..0xa3d128000
[trap] num=197 (0xc5) pc=0x1804aea18 args=[0x17a65b0c0000,0x7c000,0x3,0x41002,0xff000000,0x0,0x2,0x27fe668]
[trap] num=73 (0x49) pc=0x1804b1728 args=[0xa3d128000,0x18000,0x3,0x41002,0xff000000,0x0,0x2,0x27fe668]
[probe] partial munmap 0xa3d128000+0x18000 of backing 0xa3d128000..0xa3d1a4000
[trap] num=73 (0x49) pc=0x1804b1728 args=[0xa3d180000,0x24000,0x3,0x41002,0xff000000,0x0,0x2,0x27fe668]
[probe] partial munmap 0xa3d180000+0x24000 of backing 0xa3d140000..0xa3d1a4000
[trap] num=197 (0xc5) pc=0x1804aea18 args=[0x3ece53640000,0x7c000,0x3,0x41002,0xff000000,0x0,0x2,0x27ff008]
[trap] num=73 (0x49) pc=0x1804b1728 args=[0xa3d1a4000,0x1c000,0x3,0x41002,0xff000000,0x0,0x2,0x27ff008]
[probe] partial munmap 0xa3d1a4000+0x1c000 of backing 0xa3d1a4000..0xa3d220000
[trap] num=73 (0x49) pc=0x1804b1728 args=[0xa3d200000,0x20000,0x3,0x41002,0xff000000,0x0,0x2,0x27ff008]
[probe] partial munmap 0xa3d200000+0x20000 of backing 0xa3d1c0000..0xa3d220000
[trap] num=338 (0x152) pc=0x1804b988c args=[0x1803fe0ff,0x27fbff0,0x0,0x27fddd0,0xfffffffffffffce0,0x20,0x0,0xfffff0003ffff800]
[trap] num=220 (0xdc) pc=0x1804ae63c args=[0x27fe1a7,0x1803fbb50,0x27fd900,0x41c,0x1,0x20,0x0,0xfffff0003ffff800]
[trap] num=220 (0xdc) pc=0x1804ae63c args=[0x27fe1a7,0x1803fbb50,0x27fd900,0x41c,0x1,0x20,0x0,0xfffff0003ffff800]
[trap] num=220 (0xdc) pc=0x1804ae63c args=[0x27fe1a7,0x1803fbb50,0x27fd900,0x41c,0x1,0x20,0x0,0xfffff0003ffff800]
[trap] num=220 (0xdc) pc=0x1804ae63c args=[0x27fe1a7,0x1803fbb50,0x27fd900,0x41c,0x1,0x20,0x0,0xfffff0003ffff800]
[trap] num=220 (0xdc) pc=0x1804ae63c args=[0x27fe1a7,0x1803fbb50,0x27fd900,0x41c,0x1,0x20,0x0,0xfffff0003ffff800]
[trap] num=220 (0xdc) pc=0x1804ae63c args=[0x27fe1a7,0x1803fbb50,0x27fd900,0x41c,0x1,0x20,0x0,0xfffff0003ffff800]
[trap] num=220 (0xdc) pc=0x1804ae63c args=[0x27fe1a7,0x1803fbb50,0x27fd900,0x41c,0x1,0x20,0x0,0xfffff0003ffff800]
[trap] num=24 (0x18) pc=0x1804af858 args=[0xa0919a7ae,0x27ff208,0x700cecc00,0x0,0x0,0x0,0xffffffffbfc007ff,0xfffff0003ffff800]
[trap] num=25 (0x19) pc=0x1804af050 args=[0x1f5,0x27ff208,0x700cecc00,0x0,0x0,0x0,0xffffffffbfc007ff,0xfffff0003ffff800]
[trap] num=47 (0x2f) pc=0x1804b1f48 args=[0x1f5,0x27ff208,0x700cecc00,0x0,0x0,0x0,0xffffffffbfc007ff,0xfffff0003ffff800]
[trap] num=43 (0x2b) pc=0x1804af8b0 args=[0x14,0x27ff208,0x700cecc00,0x0,0x0,0x0,0xffffffffbfc007ff,0xfffff0003ffff800]
[trap] num=197 (0xc5) pc=0x1804aea18 args=[0xa9d53280000,0x7c000,0x3,0x41002,0xff000000,0x0,0x2,0x27fe998]
[trap] num=73 (0x49) pc=0x1804b1728 args=[0xa3d220000,0x20000,0x3,0x41002,0xff000000,0x0,0x2,0x27fe998]
[probe] partial munmap 0xa3d220000+0x20000 of backing 0xa3d220000..0xa3d29c000
[trap] num=73 (0x49) pc=0x1804b1728 args=[0xa3d280000,0x1c000,0x3,0x41002,0xff000000,0x0,0x2,0x27fe998]
[probe] partial munmap 0xa3d280000+0x1c000 of backing 0xa3d240000..0xa3d29c000
[trap] num=304 (0x130) pc=0x1804b2a64 args=[0x70104dd18,0x400,0x0,0x0,0x0,0x0,0x0,0x0]
[probe] psynch#14 cvsignal tid=0 cv=0x70104dd18 lsgen=0x400 ugen=0x0 port=0x0 mutex=0x0 mugen=0x0 thr=0x0 flags=0x0
[trap] num=197 (0xc5) pc=0x1804aea18 args=[0x22e101f00000,0x7c000,0x3,0x41002,0xff000000,0x0,0x2,0x27fe5e8]
[trap] num=73 (0x49) pc=0x1804b1728 args=[0xa3d29c000,0x24000,0x3,0x41002,0xff000000,0x0,0x2,0x27fe5e8]
[probe] partial munmap 0xa3d29c000+0x24000 of backing 0xa3d29c000..0xa3d318000
[trap] num=73 (0x49) pc=0x1804b1728 args=[0xa3d300000,0x18000,0x3,0x41002,0xff000000,0x0,0x2,0x27fe5e8]
[probe] partial munmap 0xa3d300000+0x18000 of backing 0xa3d2c0000..0xa3d318000
[trap] num=197 (0xc5) pc=0x1804aea18 args=[0x107666fc0000,0x7c000,0x3,0x41002,0xff000000,0x0,0x2,0x27fe678]
[trap] num=73 (0x49) pc=0x1804b1728 args=[0xa3d318000,0x28000,0x3,0x41002,0xff000000,0x0,0x2,0x27fe678]
[probe] partial munmap 0xa3d318000+0x28000 of backing 0xa3d318000..0xa3d394000
[trap] num=73 (0x49) pc=0x1804b1728 args=[0xa3d380000,0x14000,0x3,0x41002,0xff000000,0x0,0x2,0x27fe678]
[probe] partial munmap 0xa3d380000+0x14000 of backing 0xa3d340000..0xa3d394000
[trap] num=304 (0x130) pc=0x1804b2a64 args=[0x70104dd18,0x10000000400,0x100,0x0,0x0,0x0,0x0,0x0]
[probe] psynch#15 cvsignal tid=0 cv=0x70104dd18 lsgen=0x10000000400 ugen=0x100 port=0x0 mutex=0x0 mugen=0x0 thr=0x0 flags=0x0
[trap] num=197 (0xc5) pc=0x1804aea18 args=[0xe4ed6840000,0x7c000,0x3,0x41002,0xff000000,0x0,0x2,0x27fe2f8]
[trap] num=73 (0x49) pc=0x1804b1728 args=[0xa3d394000,0x2c000,0x3,0x41002,0xff000000,0x0,0x2,0x27fe2f8]
[probe] partial munmap 0xa3d394000+0x2c000 of backing 0xa3d394000..0xa3d410000
[trap] num=73 (0x49) pc=0x1804b1728 args=[0xa3d400000,0x10000,0x3,0x41002,0xff000000,0x0,0x2,0x27fe2f8]
[probe] partial munmap 0xa3d400000+0x10000 of backing 0xa3d3c0000..0xa3d410000
[trap] num=363 (0x16b) pc=0x1804b3fc4 args=[0xa,0x27fe690,0x1,0x0,0x0,0x0,0xffffffffbfc007ff,0xfffff0003ffff800]
[probe] kevent#6 tid=0 kq=10 change ident=0xb filter=-10 flags=0x0 fflags=0x1000000 data=0x0 udata=0x0 nev=0 timeout=None
[probe] kevent#6 call tid=0 kq=10 nch=1 nev=0 timeout=None -> immediate n=0
[trap] num=-47 (0xffffffffffffffd1) pc=0x1804adc34 args=[0x27ff200,0x200000003,0x2800001513,0xf0300000203,0xd5a00000000,0xf0300000000,0x30,0x0]
[mach_msg2] msgh_id=3418 dest=0x203 reply=0xf03 options=0x200000003 bits=0x1513 send_size=40 rcv_size=48
  send+000: 13 15 00 00 28 00 00 00 03 02 00 00 03 0f 00 00
  send+010: 00 00 00 00 5a 0d 00 00 00 00 00 00 01 00 00 00
  send+020: 00 00 00 00 00 00 00 00
[retrace] forwarding mach_msg2 semaphore_create (msgh_id 3418) to host (decided allowlist)
[mach_msg2] host ret=0x0 err=false
  reply@0x27ff200+000: 00 12 00 80 28 00 00 00 00 00 00 00 03 0f 00 00
  reply@0x27ff200+010: 00 00 00 00 be 0d 00 00 01 00 00 00 13 29 00 00
  reply@0x27ff200+020: 00 00 00 00 00 00 11 00 00 00 00 00 08 00 00 00
  reply@0x27ff200+030: 78 f6 08 00 00 00 00 00 00 49 c4 00 07 00 00 00
  reply@0x27ff200+040: 50 f2 7f 02 00 00 00 00 0c 22 d1 0b 0a 00 00 00
  reply@0x27ff200+050: 10 f3 7f 02 00 00 00 00 64 64 0f 08 0a 00 00 00
  reply@0x27ff200+060: 00 00 00 00 00 00 00 00 8c 00 00 00 00 00 00 00
  reply@0x27ff200+070: 80 f2 7f 02 00 00 00 00 a8 74 4a 80 01 00 00 00
  reply@0x27ff200+080: e0 f2 7f 02 00 00 00 00 00 00 00 00 00 00 00 00
  reply@0x27ff200+090: 00 00 00 00 00 00 00 00 d0 f5 7f 02 00 00 00 00
  reply@0x27ff200+0a0: 01 00 00 00 00 00 00 00 ff ff ff ff ff ff ff ff
  reply@0x27ff200+0b0: 00 cc ce 00 07 00 00 00 80 76 08 00 00 00 00 00
  reply@0x27ff200+0c0: 80 76 08 00 00 00 00 00 00 0f 0e 0d 0c 0b 0a 00
  reply@0x27ff200+0d0: 01 00 00 00 00 00 00 00 ff ff ff ff ff ff ff ff
  reply@0x27ff200+0e0: 00 cc ce 00 07 00 00 00 80 76 08 00 00 00 00 00
  reply@0x27ff200+0f0: 80 76 08 00 00 00 00 00 00 00 00 00 00 00 00 00
[trap] num=329 (0x149) pc=0x1804b54f4 args=[0x3,0x27ff278,0x27ff274,0xf0300000203,0xd5a00000000,0xf0300000000,0x30,0x0]
[trap] num=-15 (0xfffffffffffffff1) pc=0x1804adacc args=[0x203,0x27ff1f8,0x14000,0x3fff,0x1e000001,0x3,0x0,0x0]
[trap] num=-14 (0xfffffffffffffff2) pc=0x1804adac0 args=[0x203,0x3017c000,0x4000,0x0,0x0,0x3,0x0,0x0]
[trap] num=360 (0x168) pc=0x1804b1ad8 args=[0xa080f8eac,0x0,0x3018b000,0x3018b000,0x90008ff,0x3,0x0,0x0]
[trap] num=46 (0x2e) pc=0x1804b4478 args=[0x1e,0x27ff218,0x0,0x3018b000,0x90008ff,0x3,0x0,0x0]
[trap] num=329 (0x149) pc=0x1804b54f4 args=[0x3,0x27ff278,0x0,0x3018b000,0x90008ff,0x3,0x0,0x0]
[trap] num=329 (0x149) pc=0x1804b54f4 args=[0x2,0x27ff278,0x0,0x3018b000,0x90008ff,0x3,0x0,0x0]
[trap] num=197 (0xc5) pc=0x1804aea18 args=[0x30d4bc680000,0x7c000,0x3,0x41002,0xff000000,0x0,0x2,0x27fdcc8]
[trap] num=73 (0x49) pc=0x1804b1728 args=[0xa3d410000,0x30000,0x3,0x41002,0xff000000,0x0,0x2,0x27fdcc8]
[probe] partial munmap 0xa3d410000+0x30000 of backing 0xa3d410000..0xa3d48c000
[trap] num=73 (0x49) pc=0x1804b1728 args=[0xa3d480000,0xc000,0x3,0x41002,0xff000000,0x0,0x2,0x27fdcc8]
[probe] partial munmap 0xa3d480000+0xc000 of backing 0xa3d440000..0xa3d48c000
[trap] num=304 (0x130) pc=0x1804b2a64 args=[0x70104dd18,0x20000000400,0x200,0x0,0x0,0x0,0x0,0x0]
[probe] psynch#16 cvsignal tid=0 cv=0x70104dd18 lsgen=0x20000000400 ugen=0x200 port=0x0 mutex=0x0 mugen=0x0 thr=0x0 flags=0x0
[trap] num=197 (0xc5) pc=0x1804aea18 args=[0x2abe1cc40000,0x7c000,0x3,0x41002,0xff000000,0x0,0x2,0x27fda68]
[trap] num=73 (0x49) pc=0x1804b1728 args=[0xa3d48c000,0x34000,0x3,0x41002,0xff000000,0x0,0x2,0x27fda68]
[probe] partial munmap 0xa3d48c000+0x34000 of backing 0xa3d48c000..0xa3d508000
[trap] num=73 (0x49) pc=0x1804b1728 args=[0xa3d500000,0x8000,0x3,0x41002,0xff000000,0x0,0x2,0x27fda68]
[probe] partial munmap 0xa3d500000+0x8000 of backing 0xa3d4c0000..0xa3d508000
[trap] num=304 (0x130) pc=0x1804b2a64 args=[0x70104dd18,0x30000000400,0x300,0x0,0x0,0x0,0x0,0x0]
[probe] psynch#17 cvsignal tid=0 cv=0x70104dd18 lsgen=0x30000000400 ugen=0x300 port=0x0 mutex=0x0 mugen=0x0 thr=0x0 flags=0x0
[trap] num=75 (0x4b) pc=0x1804b09b0 args=[0x701488000,0x10000,0x7,0x0,0x0,0x0,0xffffffffbfc007ff,0xfffff0003ffff800]
[trap] num=75 (0x4b) pc=0x1804b09b0 args=[0xa2cfc0000,0x40000,0x8,0x3,0x701021680,0x0,0xffffffffbfc007ff,0xfffff0003ffff800]
[probe] sprr write #1 tid=0 RW pc=0x1804f2ab0
[probe] view flip #3 -> RW (tid 0)
[probe] sprr write #2 tid=0 RX pc=0x1804f2a60
[probe] view flip #4 -> RX (tid 0)
[probe] sprr write #3 tid=0 RW pc=0x1804f2ab0
[probe] view flip #5 -> RW (tid 0)
[probe] sprr write #4 tid=0 RX pc=0x1804f2a60
[probe] view flip #6 -> RX (tid 0)
[probe] sprr write #5 tid=0 RW pc=0x1804f2ab0
[probe] view flip #7 -> RW (tid 0)
[probe] sprr write #6 tid=0 RX pc=0x1804f2a60
[probe] view flip #8 -> RX (tid 0)
[probe] sprr write #7 tid=0 RW pc=0x1804f2ab0
[probe] view flip #9 -> RW (tid 0)
[probe] sprr write #8 tid=0 RX pc=0x1804f2a60
[probe] view flip #10 -> RX (tid 0)
[trap] num=197 (0xc5) pc=0x1804aea18 args=[0x92c6d1c0000,0x7c000,0x3,0x41002,0xff000000,0x0,0x2,0x27fe438]
[trap] num=73 (0x49) pc=0x1804b1728 args=[0xa3d508000,0x38000,0x3,0x41002,0xff000000,0x0,0x2,0x27fe438]
[probe] partial munmap 0xa3d508000+0x38000 of backing 0xa3d508000..0xa3d584000
[trap] num=73 (0x49) pc=0x1804b1728 args=[0xa3d580000,0x4000,0x3,0x41002,0xff000000,0x0,0x2,0x27fe438]
[probe] partial munmap 0xa3d580000+0x4000 of backing 0xa3d540000..0xa3d584000
[trap] num=197 (0xc5) pc=0x1804aea18 args=[0x2f17653c0000,0x7c000,0x3,0x41002,0xff000000,0x0,0x2,0x27fe278]
[trap] num=73 (0x49) pc=0x1804b1728 args=[0xa3d584000,0x3c000,0x3,0x41002,0xff000000,0x0,0x2,0x27fe278]
[probe] partial munmap 0xa3d584000+0x3c000 of backing 0xa3d584000..0xa3d600000
[trap] num=197 (0xc5) pc=0x1804aea18 args=[0x2dd7e4c0000,0x7c000,0x3,0x41002,0xff000000,0x0,0x2,0x27fe438]
[trap] num=73 (0x49) pc=0x1804b1728 args=[0xa3d640000,0x3c000,0x3,0x41002,0xff000000,0x0,0x2,0x27fe438]
[probe] partial munmap 0xa3d640000+0x3c000 of backing 0xa3d600000..0xa3d67c000
[trap] num=75 (0x4b) pc=0x1804b09b0 args=[0x701488000,0xc000,0x7,0x0,0x0,0x0,0xffffffffbfc007ff,0xfffff0003ffff800]
[probe] sprr write #9 tid=0 RW pc=0x1804f2ab0
[probe] view flip #11 -> RW (tid 0)
[probe] sprr write #10 tid=0 RX pc=0x1804f2a60
[probe] view flip #12 -> RX (tid 0)
[trap] num=197 (0xc5) pc=0x1804aea18 args=[0x2cbdd7900000,0x7c000,0x3,0x41002,0xff000000,0x0,0x2,0x27fd748]
[trap] num=73 (0x49) pc=0x1804b1728 args=[0xa3d67c000,0x4000,0x3,0x41002,0xff000000,0x0,0x2,0x27fd748]
[probe] partial munmap 0xa3d67c000+0x4000 of backing 0xa3d67c000..0xa3d6f8000
[trap] num=73 (0x49) pc=0x1804b1728 args=[0xa3d6c0000,0x38000,0x3,0x41002,0xff000000,0x0,0x2,0x27fd748]
[probe] partial munmap 0xa3d6c0000+0x38000 of backing 0xa3d680000..0xa3d6f8000
[probe] sprr write #11 tid=0 RW pc=0x1804f2ab0
[probe] view flip #13 -> RW (tid 0)
[probe] sprr write #12 tid=0 RX pc=0x1804f2a60
[probe] view flip #14 -> RX (tid 0)
[probe] sprr write #13 tid=0 RW pc=0x1804f2ab0
[probe] view flip #15 -> RW (tid 0)
[probe] sprr write #14 tid=0 RX pc=0x1804f2a60
[probe] view flip #16 -> RX (tid 0)
[trap] num=197 (0xc5) pc=0x1804aea18 args=[0x268f171c0000,0x7c000,0x3,0x41002,0xff000000,0x0,0x2,0x27fdff8]
[trap] num=73 (0x49) pc=0x1804b1728 args=[0xa3d6f8000,0x8000,0x3,0x41002,0xff000000,0x0,0x2,0x27fdff8]
[probe] partial munmap 0xa3d6f8000+0x8000 of backing 0xa3d6f8000..0xa3d774000
[trap] num=73 (0x49) pc=0x1804b1728 args=[0xa3d740000,0x34000,0x3,0x41002,0xff000000,0x0,0x2,0x27fdff8]
[probe] partial munmap 0xa3d740000+0x34000 of backing 0xa3d700000..0xa3d774000
[trap] num=197 (0xc5) pc=0x1804aea18 args=[0x3a509bb00000,0x60000,0x3,0x41002,0xff000000,0x0,0x2,0x27fdfe8]
[trap] num=73 (0x49) pc=0x1804b1728 args=[0xa3d774000,0xc000,0x3,0x41002,0xff000000,0x0,0x2,0x27fdfe8]
[probe] partial munmap 0xa3d774000+0xc000 of backing 0xa3d774000..0xa3d7d4000
[trap] num=73 (0x49) pc=0x1804b1728 args=[0xa3d7a4000,0x30000,0x3,0x41002,0xff000000,0x0,0x2,0x27fdfe8]
[probe] partial munmap 0xa3d7a4000+0x30000 of backing 0xa3d780000..0xa3d7d4000
[trap] num=75 (0x4b) pc=0x1804b09b0 args=[0x701488000,0xc000,0x7,0x0,0x0,0x0,0xffffffffbfc007ff,0xfffff0003ffff800]
[trap] num=197 (0xc5) pc=0x1804aea18 args=[0x3cfccaf80000,0x7c000,0x3,0x41002,0xff000000,0x0,0x2,0x27fdc28]
[trap] num=73 (0x49) pc=0x1804b1728 args=[0xa3d7d4000,0x2c000,0x3,0x41002,0xff000000,0x0,0x2,0x27fdc28]
[probe] partial munmap 0xa3d7d4000+0x2c000 of backing 0xa3d7d4000..0xa3d850000
[trap] num=73 (0x49) pc=0x1804b1728 args=[0xa3d840000,0x10000,0x3,0x41002,0xff000000,0x0,0x2,0x27fdc28]
[probe] partial munmap 0xa3d840000+0x10000 of backing 0xa3d800000..0xa3d850000
[trap] num=75 (0x4b) pc=0x1804b09b0 args=[0x701488000,0xc000,0x7,0x0,0x0,0x0,0xffffffffbfc007ff,0xfffff0003ffff800]
[trap] num=75 (0x4b) pc=0x1804b09b0 args=[0x701488000,0xc000,0x7,0x0,0x0,0x0,0x0,0xfffff0003ffff800]
[trap] num=75 (0x4b) pc=0x1804b09b0 args=[0x701488000,0xc000,0x7,0x0,0x0,0x20,0x0,0x0]
[trap] num=75 (0x4b) pc=0x1804b09b0 args=[0x7014cc000,0x14000,0x7,0x0,0x0,0x0,0xffffffffbfc007ff,0xfffff0003ffff800]
[probe] sprr write #15 tid=0 RW pc=0x1804f2ab0
[probe] view flip #17 -> RW (tid 0)
[probe] sprr write #16 tid=0 RX pc=0x1804f2a60
[probe] view flip #18 -> RX (tid 0)
[trap] num=197 (0xc5) pc=0x1804aea18 args=[0x3a3377fc0000,0x7c000,0x3,0x41002,0xff000000,0x0,0x2,0x27fce78]
[trap] num=73 (0x49) pc=0x1804b1728 args=[0xa3d850000,0x30000,0x3,0x41002,0xff000000,0x0,0x2,0x27fce78]
[probe] partial munmap 0xa3d850000+0x30000 of backing 0xa3d850000..0xa3d8cc000
[trap] num=73 (0x49) pc=0x1804b1728 args=[0xa3d8c0000,0xc000,0x3,0x41002,0xff000000,0x0,0x2,0x27fce78]
[probe] partial munmap 0xa3d8c0000+0xc000 of backing 0xa3d880000..0xa3d8cc000
[trap] num=197 (0xc5) pc=0x1804aea18 args=[0x21a362a00000,0x7c000,0x3,0x41002,0xff000000,0x0,0x2,0x27fceb8]
[trap] num=73 (0x49) pc=0x1804b1728 args=[0xa3d8cc000,0x34000,0x3,0x41002,0xff000000,0x0,0x2,0x27fceb8]
[probe] partial munmap 0xa3d8cc000+0x34000 of backing 0xa3d8cc000..0xa3d948000
[trap] num=73 (0x49) pc=0x1804b1728 args=[0xa3d940000,0x8000,0x3,0x41002,0xff000000,0x0,0x2,0x27fceb8]
[probe] partial munmap 0xa3d940000+0x8000 of backing 0xa3d900000..0xa3d948000
[trap] num=-15 (0xfffffffffffffff1) pc=0x1804adacc args=[0x203,0x27fdfc8,0x400000,0x3fffff,0x2000001,0x3,0x0,0x0]
[trap] num=197 (0xc5) pc=0x1804aea18 args=[0x23f385ec0000,0x7c000,0x3,0x41002,0xff000000,0x0,0x2,0x27fd3d8]
[trap] num=73 (0x49) pc=0x1804b1728 args=[0xa3d948000,0x38000,0x3,0x41002,0xff000000,0x0,0x2,0x27fd3d8]
[probe] partial munmap 0xa3d948000+0x38000 of backing 0xa3d948000..0xa3d9c4000
[trap] num=73 (0x49) pc=0x1804b1728 args=[0xa3d9c0000,0x4000,0x3,0x41002,0xff000000,0x0,0x2,0x27fd3d8]
[probe] partial munmap 0xa3d9c0000+0x4000 of backing 0xa3d980000..0xa3d9c4000
[trap] num=197 (0xc5) pc=0x1804aea18 args=[0xf5c377c0000,0x7c000,0x3,0x41002,0xff000000,0x0,0x2,0x27fe1a8]
[trap] num=73 (0x49) pc=0x1804b1728 args=[0xa3d9c4000,0x3c000,0x3,0x41002,0xff000000,0x0,0x2,0x27fe1a8]
[probe] partial munmap 0xa3d9c4000+0x3c000 of backing 0xa3d9c4000..0xa3da40000
[trap] num=24 (0x18) pc=0x1804af858 args=[0xa091a5860,0x27ff400,0x700cecc00,0x7010125a0,0x7010125a0,0x0,0xffffffffbfc007ff,0xfffff0003ffff800]
[trap] num=25 (0x19) pc=0x1804af050 args=[0x1f5,0x27ff400,0x700cecc00,0x7010125a0,0x7010125a0,0x0,0xffffffffbfc007ff,0xfffff0003ffff800]
[trap] num=47 (0x2f) pc=0x1804b1f48 args=[0x1f5,0x27ff400,0x700cecc00,0x7010125a0,0x7010125a0,0x0,0xffffffffbfc007ff,0xfffff0003ffff800]
[trap] num=43 (0x2b) pc=0x1804af8b0 args=[0x14,0x27ff400,0x700cecc00,0x7010125a0,0x7010125a0,0x0,0xffffffffbfc007ff,0xfffff0003ffff800]
[trap] num=24 (0x18) pc=0x1804af858 args=[0x27fe618,0x27fe5e8,0x700cecc00,0x27fe618,0xa0830abc4,0x2,0xa3cfc9c09,0x106]
[trap] num=25 (0x19) pc=0x1804af050 args=[0x1f5,0x27fe5e8,0x700cecc00,0x27fe618,0xa0830abc4,0x2,0xa3cfc9c09,0x106]
[trap] num=47 (0x2f) pc=0x1804b1f48 args=[0x1f5,0x27fe5e8,0x700cecc00,0x27fe618,0xa0830abc4,0x2,0xa3cfc9c09,0x106]
[trap] num=43 (0x2b) pc=0x1804af8b0 args=[0x14,0x27fe5e8,0x700cecc00,0x27fe618,0xa0830abc4,0x2,0xa3cfc9c09,0x106]
[trap] num=24 (0x18) pc=0x1804af858 args=[0x27fe618,0x27fe5e8,0x700cecc00,0x27fe618,0xa0830abc4,0x2,0xa3cfc9c09,0x106]
[trap] num=25 (0x19) pc=0x1804af050 args=[0x1f5,0x27fe5e8,0x700cecc00,0x27fe618,0xa0830abc4,0x2,0xa3cfc9c09,0x106]
[trap] num=47 (0x2f) pc=0x1804b1f48 args=[0x1f5,0x27fe5e8,0x700cecc00,0x27fe618,0xa0830abc4,0x2,0xa3cfc9c09,0x106]
[trap] num=43 (0x2b) pc=0x1804af8b0 args=[0x14,0x27fe5e8,0x700cecc00,0x27fe618,0xa0830abc4,0x2,0xa3cfc9c09,0x106]
[trap] num=338 (0x152) pc=0x1804b988c args=[0x27fe608,0x27fc398,0x27fe608,0x0,0xa0830abc4,0x27fe2ef,0xa3cfc9c09,0x1200]
[trap] num=340 (0x154) pc=0x1804b9860 args=[0x27fe478,0x27fc1b8,0x27fe478,0x0,0x700c37320,0x0,0x0,0xfffff0003ffff800]
[trap] num=340 (0x154) pc=0x1804b9860 args=[0x27fe478,0x27fc1b8,0x27fe478,0x0,0x0,0x0,0xa3cfc9c09,0xea0]
[trap] num=340 (0x154) pc=0x1804b9860 args=[0x27fe478,0x27fc1b8,0x27fe478,0x0,0x0,0x0,0xa3cfc9c09,0xea0]
[trap] num=340 (0x154) pc=0x1804b9860 args=[0x27fe478,0x27fc1b8,0x27fe478,0x0,0x0,0x0,0xa3cfc9c09,0xea0]
[trap] num=340 (0x154) pc=0x1804b9860 args=[0x27fe478,0x27fc1b8,0x27fe478,0x0,0x0,0x0,0xa3cfc9c09,0xea0]
[trap] num=340 (0x154) pc=0x1804b9860 args=[0x27fe478,0x27fc1b8,0x27fe478,0x0,0x0,0x0,0xa3cfc9c09,0xea0]
[trap] num=340 (0x154) pc=0x1804b9860 args=[0x27fe478,0x27fc1b8,0x27fe478,0x0,0x0,0x0,0xa3cfc9c09,0xea0]
[trap] num=340 (0x154) pc=0x1804b9860 args=[0x27fe478,0x27fc1b8,0x27fe478,0x0,0x0,0x0,0xa3cfc9c09,0xea0]
[trap] num=340 (0x154) pc=0x1804b9860 args=[0x27fe478,0x27fc1b8,0x27fe478,0x0,0x0,0x0,0xa3cfc9c09,0xea0]
[trap] num=5 (0x5) pc=0x1804ae694 args=[0x70102ca00,0x1000000,0x0,0x0,0x0,0x0,0x90,0x70102ca00]
[trap] num=5 (0x5) pc=0x1804ae694 args=[0x70102caa0,0x1000000,0x0,0x0,0x0,0x0,0x8a,0x70102caa0]
[trap] num=5 (0x5) pc=0x1804ae694 args=[0x70102caa0,0x1000000,0x0,0x0,0x0,0x0,0x80,0x70102caa0]
[trap] num=5 (0x5) pc=0x1804ae694 args=[0x700c42480,0x1000000,0x0,0x0,0x0,0x0,0x75,0x700c42480]
[trap] num=5 (0x5) pc=0x1804ae694 args=[0x9af90,0x1000000,0x0,0x0,0x0,0x0,0x50,0x9af90]
[trap] num=5 (0x5) pc=0x1804ae694 args=[0x701025230,0x1000000,0x0,0x0,0x0,0x0,0x6e,0xfffff0003ffff800]
[trap] num=5 (0x5) pc=0x1804ae694 args=[0x700e4a080,0x1000000,0x0,0x0,0x0,0x0,0x6e,0xfffff0003ffff800]
[trap] num=5 (0x5) pc=0x1804ae694 args=[0x27fe6c0,0x1000000,0x0,0x0,0x0,0x0,0x6e,0x27fe6c0]
[trap] num=5 (0x5) pc=0x1804ae694 args=[0x27fc4a0,0x1000000,0x0,0x0,0x1b6,0x0,0xa3cfc9c09,0xea0]
[trap] num=3 (0x3) pc=0x1804ae91c args=[0xc,0x27fc488,0x2000,0x27fc478,0x1,0xffffffffffffffff,0x0,0xea0]
[trap] num=3 (0x3) pc=0x1804ae91c args=[0xc,0x27fc488,0x2000,0x27fc478,0x1,0xffffffffffffffff,0x0,0x27fc488]
[trap] num=399 (0x18f) pc=0x1804af584 args=[0xc,0x27fe4a0,0xc,0x0,0x0,0x0,0x0,0xea0]
[trap] num=338 (0x152) pc=0x1804b988c args=[0x27fdb18,0x27fb8a8,0x27fdb18,0x0,0xa0830abc4,0x27fd7ff,0xa3cfc9c09,0x1200]
[trap] num=340 (0x154) pc=0x1804b9860 args=[0x27fd988,0x27fb6c8,0x27fd988,0x0,0x0,0x0,0xa3cfc9c09,0xea0]
[trap] num=-14 (0xfffffffffffffff2) pc=0x1801155b8 args=[0x203,0x1ec444000,0x24000,0x0,0x3,0x27fda7f,0x0,0xfffff0003ffff800]
[trap] num=5 (0x5) pc=0x180119f50 args=[0x700d3c140,0x0,0x0,0x700d3c140,0x2f,0x40,0x0,0x6d0]
[trap] num=92 (0x5c) pc=0x1801180d8 args=[0xc,0x32,0x27fcd78,0x700d3c140,0x2f,0x40,0x0,0x6d0]
[trap] num=6 (0x6) pc=0x180116750 args=[0xc,0x32,0x27fcd78,0x700d3c140,0x2f,0x40,0x0,0x6d0]
[trap] num=338 (0x152) pc=0x180116c48 args=[0x700d3c140,0x27fc8b0,0x27fc9b0,0x27fc998,0x700d3c14a,0x1801ac864,0x27fd0f8,0x430]
[M28 BANDSHRINK] syscall 338 band past ipa 0x700d3c140 len 65536 shrunk 64 -> 0 by an overlapping window of the same call
[trap] num=338 (0x152) pc=0x180116c48 args=[0x700d3c140,0x27fc1c0,0x700d3c140,0x27fc354,0x27fc348,0x27fc320,0x0,0x27fc490]
[trap] num=5 (0x5) pc=0x180119f50 args=[0x700d3c140,0x0,0x0,0x27fc354,0x27fc348,0x27fc320,0x0,0x27fc490]
[trap] num=197 (0xc5) pc=0x180119190 args=[0x0,0xc570,0x1,0x40002,0xc,0x0,0x0,0x27fc490]
[trap] num=92 (0x5c) pc=0x1801180d8 args=[0xc,0x32,0x27fc490,0x40002,0xc,0x0,0x0,0x27fc490]
[trap] num=92 (0x5c) pc=0x1801180d8 args=[0xc,0x61,0x27fc210,0x0,0x0,0x0,0x0,0x220]
[trap] num=73 (0x49) pc=0x18011823c args=[0xa3da40000,0xc570,0xc570,0x0,0x0,0x0,0x0,0x0]
[trap] num=197 (0xc5) pc=0x180119190 args=[0x0,0xc570,0x1,0x40002,0xc,0x0,0x0,0x0]
[trap] num=339 (0x153) pc=0x1801195b8 args=[0xc,0x27fba90,0x27fba90,0x27fc490,0x27fc42c,0x27fc3c0,0x0,0x27fc260]
[trap] num=153 (0x99) pc=0x180117f04 args=[0xc,0x27fbafc,0x1c,0x0,0x0,0x27fc3c0,0x0,0x27fc260]
[trap] num=153 (0x99) pc=0x180117f04 args=[0xc,0x27fb590,0x558,0x0,0x0,0x27fc3c0,0x0,0x27fc260]
[trap] num=92 (0x5c) pc=0x1801180d8 args=[0xc,0x61,0x27fbae0,0x0,0x0,0x0,0x0,0x220]
[trap] num=92 (0x5c) pc=0x1801180d8 args=[0xc,0x62,0x27fbc08,0x27fbc08,0x0,0x0,0x0,0x0]
[trap] num=-10 (0xfffffffffffffff6) pc=0x180115588 args=[0x203,0x27fbb00,0x10000,0x1,0x0,0x0,0x0,0x0]
[trap] num=197 (0xc5) pc=0x180119190 args=[0xa3da60000,0x4000,0x5,0x40012,0xc,0x0,0x0,0x0]
[trap] num=197 (0xc5) pc=0x180119190 args=[0xa3da64000,0x4000,0x3,0x40012,0xc,0x4000,0x4000,0x0]
[trap] num=197 (0xc5) pc=0x180119190 args=[0xa3da68000,0x4000,0x3,0x40012,0xc,0x8000,0x8000,0x0]
[trap] num=197 (0xc5) pc=0x180119190 args=[0xa3da6c000,0x4000,0x1,0x40012,0xc,0xc000,0xc000,0x0]
[trap] num=73 (0x49) pc=0x18011823c args=[0xa3da50000,0xc570,0xc570,0x1ec4474cd,0xfffffffe163b5018,0x8,0x27fbeaf,0x0]
[trap] num=6 (0x6) pc=0x180116750 args=[0xc,0xc570,0xc570,0x1ec4474cd,0xfffffffe163b5018,0x8,0x27fbeaf,0x0]
[trap] num=74 (0x4a) pc=0x180119f24 args=[0xa3da64000,0x4000,0x1,0x1,0x0,0x1edd5ba10,0x1,0xfffffffe]
[trap] num=-15 (0xfffffffffffffff1) pc=0x1801155c4 args=[0x203,0x27fc500,0x20000,0x3fff,0x3c000001,0x3,0x0,0x0]
[trap] num=-15 (0xfffffffffffffff1) pc=0x1801155c4 args=[0x203,0x27fc120,0x20000,0x3fff,0x3c000001,0x3,0x0,0x0]
[trap] num=-15 (0xfffffffffffffff1) pc=0x1801155c4 args=[0x203,0x27fc290,0x20000,0x3fff,0x3c000001,0x3,0x0,0x0]
[trap] num=-12 (0xfffffffffffffff4) pc=0x1801155a0 args=[0x203,0x100054000,0x20000,0x103,0x0,0x0,0x0,0x0]
[trap] num=-12 (0xfffffffffffffff4) pc=0x1801155a0 args=[0x203,0x100034000,0x20000,0x103,0x0,0x0,0x0,0x0]
[trap] num=-12 (0xfffffffffffffff4) pc=0x1801155a0 args=[0x203,0x100014000,0x20000,0x103,0x0,0x0,0x0,0x0]
[trap] num=-14 (0xfffffffffffffff2) pc=0x1801155b8 args=[0x203,0x1ec444000,0x24000,0x0,0x1,0x0,0x0,0x20]
[trap] num=-10 (0xfffffffffffffff6) pc=0x180115588 args=[0x203,0x27fced0,0x4000,0x1,0x3,0x0,0x27fdc18,0x27fdbd0]
[trap] num=-12 (0xfffffffffffffff4) pc=0x1801155a0 args=[0x203,0x2800000,0x4000,0x700d18040,0x0,0x27fcf17,0x0,0xfffff0007ffff800]
[trap] num=5 (0x5) pc=0x1804ae694 args=[0x27fc400,0x1000000,0x0,0x0,0x1b6,0x0,0xa3cfc9c09,0xea0]
[trap] num=3 (0x3) pc=0x1804ae91c args=[0xc,0x27fc3e8,0x2000,0x27fc3d8,0x1,0xffffffffffffffff,0x0,0xea0]
[trap] num=3 (0x3) pc=0x1804ae91c args=[0xc,0x27fc3e8,0x2000,0x27fc3d8,0x1,0xffffffffffffffff,0x0,0x27fc3e8]
[trap] num=399 (0x18f) pc=0x1804af584 args=[0xc,0x27fe400,0xc,0x0,0x0,0x0,0x0,0xea0]
[probe] sprr write #17 tid=0 RW pc=0x1804f2ab0
[probe] view flip #19 -> RW (tid 0)
[probe] sprr write #18 tid=0 RX pc=0x1804f2a60
[probe] view flip #20 -> RX (tid 0)
[probe] sprr write #19 tid=0 RW pc=0x1804f2ab0
[probe] sprr write #20 tid=0 RX pc=0x1804f2a60
[trap] num=54 (0x36) pc=0x1804b2338 args=[0x1,0x4004667a,0x27fbb6c,0xa3d26e879,0x0,0x2,0xa3cfc9c09,0x106]
[trap] num=54 (0x36) pc=0x1804b2338 args=[0x1,0x40487413,0x27fbb70,0xa3d26e879,0x0,0x2,0xa3cfc9c09,0x106]
[trap] num=339 (0x153) pc=0x1804bc288 args=[0x1,0x27fbbe8,0x27fbb70,0xa3d26e879,0x0,0x2,0xa3cfc9c09,0x106]
[trap] num=197 (0xc5) pc=0x1804aea18 args=[0x54dc340000,0x7c000,0x3,0x41002,0xff000000,0x0,0x2,0x27fadf8]
[trap] num=73 (0x49) pc=0x1804b1728 args=[0xa3da70000,0x10000,0x3,0x41002,0xff000000,0x0,0x2,0x27fadf8]
[probe] partial munmap 0xa3da70000+0x10000 of backing 0xa3da70000..0xa3daec000
[trap] num=73 (0x49) pc=0x1804b1728 args=[0xa3dac0000,0x2c000,0x3,0x41002,0xff000000,0x0,0x2,0x27fadf8]
[probe] partial munmap 0xa3dac0000+0x2c000 of backing 0xa3da80000..0xa3daec000
[trap] num=197 (0xc5) pc=0x1804aea18 args=[0x2eb0d4e00000,0x7c000,0x3,0x41002,0xff000000,0x0,0x2,0x27fb188]
[trap] num=73 (0x49) pc=0x1804b1728 args=[0xa3daec000,0x14000,0x3,0x41002,0xff000000,0x0,0x2,0x27fb188]
[probe] partial munmap 0xa3daec000+0x14000 of backing 0xa3daec000..0xa3db68000
[trap] num=73 (0x49) pc=0x1804b1728 args=[0xa3db40000,0x28000,0x3,0x41002,0xff000000,0x0,0x2,0x27fb188]
[probe] partial munmap 0xa3db40000+0x28000 of backing 0xa3db00000..0xa3db68000
[trap] num=54 (0x36) pc=0x1804b2338 args=[0x1,0x4004667a,0x27fb9bc,0xa3d26e879,0x0,0x2,0xa3cfc9c09,0x106]
[trap] num=54 (0x36) pc=0x1804b2338 args=[0x1,0x40487413,0x27fb9c0,0xa3d26e879,0x0,0x2,0xa3cfc9c09,0x106]
[trap] num=339 (0x153) pc=0x1804bc288 args=[0x1,0x27fba38,0x27fb9c0,0xa3d26e879,0x0,0x2,0xa3cfc9c09,0x106]
[trap] num=5 (0x5) pc=0x1804ae694 args=[0xa0bd187c3,0x1000000,0x0,0x4,0x700c376a0,0x0,0x0,0xfffff0003ffff800]
[trap] num=92 (0x5c) pc=0x1804ae8c4 args=[0x1,0x3,0x3cfc0e21,0xa3db048f9,0x0,0x2,0xa3cfc9c09,0xa3db04629]
[M28 BANDSHRINK] syscall 92 band past ipa 0xa3db04629 len 65536 shrunk 64 -> 0 by an overlapping window of the same call
[trap] num=54 (0x36) pc=0x1804b2338 args=[0x1,0x8004667e,0x27fbbec,0xa3db048f9,0x0,0x2,0xa3cfc9c09,0xa3db04629]
[M28 BANDSHRINK] syscall 54 band past ipa 0xa3db04629 len 65536 shrunk 64 -> 0 by an overlapping window of the same call
[trap] num=362 (0x16a) pc=0x1804b3f98 args=[0x9c6a8,0x27fbc1c,0x27fbbec,0xa3db048f9,0x0,0x2,0xa3cfc9c09,0xa3db04629]
[M28 BANDSHRINK] syscall 362 band past ipa 0xa3db04629 len 65536 shrunk 64 -> 0 by an overlapping window of the same call
[trap] num=363 (0x16b) pc=0x1804b3fc4 args=[0xd,0x27fbba8,0x1,0x27fbb88,0x1,0x27fbb70,0xa3cfc9c09,0xa3db04629]
[probe] kevent#7 tid=0 kq=13 change ident=0x1 filter=-1 flags=0x5 fflags=0x0 data=0x0 udata=0x0 nev=1 timeout=Some((0, 1))
[probe] kevent#7 call tid=0 kq=13 nch=1 nev=1 timeout=Some((0, 1)) -> immediate n=0
[probe] kevent#7 BLOCK tid=0 kq=13 timeout=Some((0, 1)) deadline=Some(7826766341386) now=0x71e4fa0a50a
[probe] kevent timeout tid=0
[trap] num=399 (0x18f) pc=0x1804af584 args=[0xd,0x27fbba8,0x1,0x27fbb88,0x1,0x27fbb70,0xa3cfc9c09,0xa3db04629]
[trap] num=105 (0x69) pc=0x1804b21a0 args=[0x1,0xffff,0x100,0x27fbbec,0x4,0x27fbb70,0xa3cfc9c09,0xa3db04629]
[trap] num=4 (0x4) pc=0x1804b1834 args=[0x1,0x27f7bf8,0x41,0x0,0x1,0x27f7a7f,0xa3cfc9c09,0xa3db020b9]
[fd1 (console 1)] CRASHJS cell=0x701035620 target=0x4000dead0000 rows=2 opt=101001

[probe-summary] threads=7 states=[0:Runnable, 1:Blocked(Probe), 2:Runnable, 3:Runnable, 4:Runnable, 5:Runnable, 6:Runnable] waits={1: Kevent { kq: 8, elist: 805564048, nev: 1024, deadline: None }} sprr_writes=20 by_tid={0: 20} view_flips=22 switch_flips=0 max_runnable=4 kevents=7 psynch=17 jit=[(a2cfb4000, 10000000)] kqs=[(4, 1), (7, 1), (8, 1), (10, 1), (13, 1)]
[fault] pc=0xa3da60738 esr=0x92000005 far=0x4000dead0000 ec=0x24
[trap] num=46 (0x2e) pc=0x1804b4478 args=[0xb,0x27fe168,0x0,0x0,0x27fe268,0x5265708da5b36512,0xa3cfc9c09,0x800de]
[trap] num=339 (0x153) pc=0x1804bc288 args=[0x0,0x27fe0b0,0x0,0x0,0x27fe268,0x5265708da5b36512,0xa3cfc9c09,0x800de]
[trap] num=92 (0x5c) pc=0x1804ae8c4 args=[0x0,0x3,0x0,0x0,0x27fe268,0x5265708da5b36512,0xa3cfc9c09,0x800de]
[trap] num=339 (0x153) pc=0x1804bc288 args=[0x1,0x27fe0b0,0x0,0x0,0x27fe268,0x5265708da5b36512,0xa3cfc9c09,0x800de]
[trap] num=92 (0x5c) pc=0x1804ae8c4 args=[0x1,0x3,0x0,0x0,0x27fe268,0x5265708da5b36512,0xa3cfc9c09,0x800de]
[trap] num=92 (0x5c) pc=0x1804ae8c4 args=[0x1,0x4,0x1,0x0,0x27fe268,0x5265708da5b36512,0xa3cfc9c09,0x800de]
[trap] num=339 (0x153) pc=0x1804bc288 args=[0x2,0x27fe0b0,0x1,0x0,0x27fe268,0x5265708da5b36512,0xa3cfc9c09,0x800de]
[trap] num=92 (0x5c) pc=0x1804ae8c4 args=[0x2,0x3,0x1,0x0,0x27fe268,0x5265708da5b36512,0xa3cfc9c09,0x800de]
[trap] num=328 (0x148) pc=0x1804b65e8 args=[0x103,0xb,0x1,0x0,0x27fe268,0x5265708da5b36512,0xa3cfc9c09,0x800de]
[trap] num=184 (0xb8) pc=0x1804b97b0 args=[0x27fe268,0x1e,0x5265708da5b36512,0x0,0x27fe268,0x5265708da5b36512,0xa3cfc9c09,0x800de]
[probe-summary] threads=7 states=[0:Runnable, 1:Blocked(Probe), 2:Runnable, 3:Runnable, 4:Runnable, 5:Runnable, 6:Runnable] waits={1: Kevent { kq: 8, elist: 805564048, nev: 1024, deadline: None }} sprr_writes=20 by_tid={0: 20} view_flips=22 switch_flips=0 max_runnable=4 kevents=7 psynch=17 jit=[(a2cfb4000, 10000000)] kqs=[(4, 1), (7, 1), (8, 1), (10, 1), (13, 1)]
[fault] pc=0xa3da60738 esr=0x92000005 far=0x4000dead0000 ec=0x24
[retrace] fall-throughs: 5
guest crashed: pc=0xa3da60738 far=0x4000dead0000 esr=0x92000005
