[wb] L1 Some([0, 0, 0, 0, 0, 0, 0, 0]) tid=0
[wb] L2 Some([0, 0, 0, 0, 0, 0, 0, 0]) tid=0
[wb] L3 Some([0, 0, 0, 0, 0, 0, 0, 0]) tid=0
[wb] L4 Some([0, 0, 0, 0, 0, 0, 0, 0]) tid=0
[retrace warn] dyld __mac_syscall(Sandbox) synthesized as success/unsandboxed (not forwarded; host would fault)
[wb] L5 Some([0, 0, 0, 0, 0, 0, 0, 0]) tid=0
[wb] L6 Some([0, 0, 0, 0, 0, 0, 0, 0]) tid=0
[wb] L7 Some([0, 0, 0, 0, 0, 0, 0, 0]) tid=0
[wb] L8 Some([0, 0, 0, 0, 0, 0, 0, 0]) tid=0
[wb] L9 Some([0, 0, 0, 0, 0, 0, 0, 0]) tid=0
[wb] L10 Some([0, 0, 0, 0, 0, 0, 0, 0]) tid=0
[wb] L11 Some([0, 0, 0, 0, 0, 0, 0, 0]) tid=0
[wb] L12 Some([0, 0, 0, 0, 0, 0, 0, 0]) tid=0
[wb] L13 Some([0, 0, 0, 0, 0, 0, 0, 0]) tid=0
[wb] L13 Some([0, 0, 0, 0, 0, 0, 0, 0]) tid=0
[wb] L13 Some([0, 0, 0, 0, 0, 0, 0, 0]) tid=0
[wb] L14 Some([0, 0, 0, 0, 0, 0, 0, 0]) tid=0
[wb] L15 Some([0, 0, 0, 0, 0, 0, 0, 0]) tid=0
[wb] L16 Some([0, 0, 0, 0, 0, 0, 0, 0]) tid=0
[wb] L17 Some([0, 0, 0, 0, 0, 0, 0, 0]) tid=0
[wb] L18 Some([0, 0, 0, 0, 0, 0, 0, 0]) tid=0
[wb] L19 Some([0, 0, 0, 0, 0, 0, 0, 0]) tid=0
[wb] L19 Some([0, 0, 0, 0, 0, 0, 0, 0]) tid=0
[wb] L20 Some([0, 0, 0, 0, 0, 0, 0, 0]) tid=0
[wb] L21 Some([0, 0, 0, 0, 0, 0, 0, 0]) tid=0
[wb] L22 Some([0, 0, 0, 0, 0, 0, 0, 0]) tid=0
[wb] L22 Some([0, 0, 0, 0, 0, 0, 0, 0]) tid=0
[wb] L22 Some([0, 0, 0, 0, 0, 0, 0, 0]) tid=0
[wb] L23 Some([0, 0, 0, 0, 0, 0, 0, 0]) tid=0
[wb] L24 Some([0, 0, 0, 0, 0, 0, 0, 0]) tid=0
[wb] L24 Some([0, 0, 0, 0, 0, 0, 0, 0]) tid=0
[wb] L24 Some([0, 0, 0, 0, 0, 0, 0, 0]) tid=0
[wb] L25 Some([0, 0, 0, 0, 0, 0, 0, 0]) tid=0
[wb] L25 Some([0, 0, 0, 0, 0, 0, 0, 0]) tid=0
[wb] L25 Some([0, 0, 0, 0, 0, 0, 0, 0]) tid=0
[wb] L25 Some([0, 0, 0, 0, 0, 0, 0, 0]) tid=0
[wb] L25 Some([0, 0, 0, 0, 0, 0, 0, 0]) tid=0
[wb] L25 Some([0, 0, 0, 0, 0, 0, 0, 0]) tid=0
[wb] L26 Some([0, 0, 0, 0, 0, 0, 0, 0]) tid=0
[wb] L27 Some([0, 0, 0, 0, 0, 0, 0, 0]) tid=0
[wb] L27 Some([0, 0, 0, 0, 0, 0, 0, 0]) tid=0
[wb] L28 Some([0, 0, 0, 0, 0, 0, 0, 0]) tid=0
[retrace warn] dyld __mac_syscall(Sandbox) synthesized as success/unsandboxed (not forwarded; host would fault)
[wb] L29 Some([0, 0, 0, 0, 0, 0, 0, 0]) tid=0
[wb] L29 Some([0, 0, 0, 0, 0, 0, 0, 0]) tid=0
[wb] L29 Some([0, 0, 0, 0, 0, 0, 0, 0]) tid=0
[wb] L29 Some([0, 0, 0, 0, 0, 0, 0, 0]) tid=0
[wb] L29 Some([0, 0, 0, 0, 0, 0, 0, 0]) tid=0
[wb] L29 Some([0, 0, 0, 0, 0, 0, 0, 0]) tid=0
[wb] L30 Some([0, 0, 0, 0, 0, 0, 0, 0]) tid=0
[wb] L30 Some([0, 0, 0, 0, 0, 0, 0, 0]) tid=0
[wb] L31 Some([0, 0, 0, 0, 0, 0, 0, 0]) tid=0
[wb] L32 Some([0, 0, 0, 0, 0, 0, 0, 0]) tid=0
[wb] L33 Some([0, 0, 0, 0, 0, 0, 0, 0]) tid=0
[wb] L34 Some([0, 0, 0, 0, 0, 0, 0, 0]) tid=0
[wb] L35 Some([0, 0, 0, 0, 0, 0, 0, 0]) tid=0
[wb] L35 Some([0, 0, 0, 0, 0, 0, 0, 0]) tid=0
[wb] L35 Some([0, 0, 0, 0, 0, 0, 0, 0]) tid=0
[wb] L36 Some([0, 0, 0, 0, 0, 0, 0, 0]) tid=0
[wb] L36 Some([0, 0, 0, 0, 0, 0, 0, 0]) tid=0
[wb] L37 Some([0, 0, 0, 0, 0, 0, 0, 0]) tid=0
[wb] L37 Some([0, 0, 0, 0, 0, 0, 0, 0]) tid=0
[wb] L38 Some([0, 0, 0, 0, 0, 0, 0, 0]) tid=0
[wb] L39 Some([0, 0, 0, 0, 0, 0, 0, 0]) tid=0
[wb] L39 Some([0, 0, 0, 0, 0, 0, 0, 0]) tid=0
[wb] L39 Some([0, 0, 0, 0, 0, 0, 0, 0]) tid=0
[wb] L39 Some([0, 0, 0, 0, 0, 0, 0, 0]) tid=0
[wb] L39 Some([0, 0, 0, 0, 0, 0, 0, 0]) tid=0
[wb] L39 Some([0, 0, 0, 0, 0, 0, 0, 0]) tid=0
[wb] L39 Some([0, 0, 0, 0, 0, 0, 0, 0]) tid=0
[wb] L39 Some([0, 0, 0, 0, 0, 0, 0, 0]) tid=0
[wb] L39 Some([0, 0, 0, 0, 0, 0, 0, 0]) tid=0
[wb] L40 Some([0, 0, 0, 0, 0, 0, 0, 0]) tid=0
[wb] L40 Some([0, 0, 0, 0, 0, 0, 0, 0]) tid=0
[wb] L40 Some([0, 0, 0, 0, 0, 0, 0, 0]) tid=0
[wb] L40 Some([0, 0, 0, 0, 0, 0, 0, 0]) tid=0
[wb] L41 Some([0, 0, 0, 0, 0, 0, 0, 0]) tid=0
[wb] L41 Some([0, 0, 0, 0, 0, 0, 0, 0]) tid=0
[wb] L41 Some([0, 0, 0, 0, 0, 0, 0, 0]) tid=0
[wb] L41 Some([0, 0, 0, 0, 0, 0, 0, 0]) tid=0
[wb] L41 Some([0, 0, 0, 0, 0, 0, 0, 0]) tid=0
[wb] L42 Some([0, 0, 0, 0, 0, 0, 0, 0]) tid=0
[wb] L43 Some([0, 0, 0, 0, 0, 0, 0, 0]) tid=0
[wb] L43 Some([0, 0, 0, 0, 0, 0, 0, 0]) tid=0
[wb] L44 Some([0, 0, 0, 0, 0, 0, 0, 0]) tid=0
[wb] L45 Some([0, 0, 0, 0, 0, 0, 0, 0]) tid=0
[wb] L46 Some([0, 0, 0, 0, 0, 0, 0, 0]) tid=0
[wb] L47 Some([0, 0, 0, 0, 0, 0, 0, 0]) tid=0
[wb] L48 Some([0, 0, 0, 0, 0, 0, 0, 0]) tid=0
[wb] L49 Some([0, 0, 0, 0, 0, 0, 0, 0]) tid=0
[wb] L49 Some([0, 0, 0, 0, 0, 0, 0, 0]) tid=0
[wb] L50 Some([0, 0, 0, 0, 0, 0, 0, 0]) tid=0
[wb] L51 Some([0, 0, 0, 0, 0, 0, 0, 0]) tid=0
[wb] L51 Some([0, 0, 0, 0, 0, 0, 0, 0]) tid=0
[wb] L52 Some([0, 0, 0, 0, 0, 0, 0, 0]) tid=0
[wb] L53 Some([0, 0, 0, 0, 0, 0, 0, 0]) tid=0
[wb] L54 Some([0, 0, 0, 0, 0, 0, 0, 0]) tid=0
[wb] L55 Some([0, 0, 0, 0, 0, 0, 0, 0]) tid=0
[wb] L56 Some([0, 0, 0, 0, 0, 0, 0, 0]) tid=0
[wb] L57 Some([0, 0, 0, 0, 0, 0, 0, 0]) tid=0
[wb] L58 Some([0, 0, 0, 0, 0, 0, 0, 0]) tid=0
[wb] L59 Some([0, 0, 0, 0, 0, 0, 0, 0]) tid=0
[wb] L60 Some([0, 0, 0, 0, 0, 0, 0, 0]) tid=0
[wb] L60 Some([0, 0, 0, 0, 0, 0, 0, 0]) tid=0
[wb] L61 Some([0, 0, 0, 0, 0, 0, 0, 0]) tid=0
[wb] L62 Some([0, 0, 0, 0, 0, 0, 0, 0]) tid=0
[wb] L63 Some([0, 0, 0, 0, 0, 0, 0, 0]) tid=0
[wb] L64 Some([0, 0, 0, 0, 0, 0, 0, 0]) tid=0
[wb] L65 Some([0, 0, 0, 0, 0, 0, 0, 0]) tid=0
[wb] L66 Some([0, 0, 0, 0, 0, 0, 0, 0]) tid=0
[wb] L67 Some([0, 0, 0, 0, 0, 0, 0, 0]) tid=0
[wb] L68 Some([0, 0, 0, 0, 0, 0, 0, 0]) tid=0
[wb] L69 Some([0, 0, 0, 0, 0, 0, 0, 0]) tid=0
[wb] L70 Some([0, 0, 0, 0, 0, 0, 0, 0]) tid=0
[wb] L71 Some([0, 0, 0, 0, 0, 0, 0, 0]) tid=0
[wb] L72 Some([0, 0, 0, 0, 0, 0, 0, 0]) tid=0
[wb] L73 Some([0, 0, 0, 0, 0, 0, 0, 0]) tid=0
[wb] L74 Some([0, 0, 0, 0, 0, 0, 0, 0]) tid=0
[wb] L75 Some([0, 0, 0, 0, 0, 0, 0, 0]) tid=0
[wb] L76 Some([0, 0, 0, 0, 0, 0, 0, 0]) tid=0
[wb] L76 Some([0, 0, 0, 0, 0, 0, 0, 0]) tid=0
[wb] L77 Some([0, 0, 0, 0, 0, 0, 0, 0]) tid=0
[wb] L78 Some([0, 0, 0, 0, 0, 0, 0, 0]) tid=0
[wb] L79 Some([0, 0, 0, 0, 0, 0, 0, 0]) tid=0
[wb] L80 Some([0, 0, 0, 0, 0, 0, 0, 0]) tid=0
[wb] L81 Some([0, 0, 0, 0, 0, 0, 0, 0]) tid=0
[wb] L81 Some([0, 0, 0, 0, 0, 0, 0, 0]) tid=0
[wb] L81 Some([0, 0, 0, 0, 0, 0, 0, 0]) tid=0
[wb] L81 Some([0, 0, 0, 0, 0, 0, 0, 0]) tid=0
[wb] L81 Some([0, 0, 0, 0, 0, 0, 0, 0]) tid=0
[wb] L81 Some([0, 0, 0, 0, 0, 0, 0, 0]) tid=0
[wb] L82 Some([0, 0, 0, 0, 0, 0, 0, 0]) tid=0
[wb] L83 Some([0, 0, 0, 0, 0, 0, 0, 0]) tid=0
[wb] L84 Some([0, 0, 0, 0, 0, 0, 0, 0]) tid=0
[wb] L85 Some([0, 0, 0, 0, 0, 0, 0, 0]) tid=0
[wb] L86 Some([0, 0, 0, 0, 0, 0, 0, 0]) tid=0
[wb] L87 Some([0, 0, 0, 0, 0, 0, 0, 0]) tid=0
[wb] L88 Some([0, 0, 0, 0, 0, 0, 0, 0]) tid=0
[wb] L88 Some([0, 0, 0, 0, 0, 0, 0, 0]) tid=0
[wb] L89 Some([0, 0, 0, 0, 0, 0, 0, 0]) tid=0
[wb] L90 Some([0, 0, 0, 0, 0, 0, 0, 0]) tid=0
[wb] L90 Some([0, 0, 0, 0, 0, 0, 0, 0]) tid=0
[wb] L91 Some([0, 0, 0, 0, 0, 0, 0, 0]) tid=0
[wb] L92 Some([0, 0, 0, 0, 0, 0, 0, 0]) tid=0
[wb] L93 Some([0, 0, 0, 0, 0, 0, 0, 0]) tid=0
[wb] L94 Some([0, 0, 0, 0, 0, 0, 0, 0]) tid=0
[wb] L95 Some([0, 0, 0, 0, 0, 0, 0, 0]) tid=0
[wb] L96 Some([0, 0, 0, 0, 0, 0, 0, 0]) tid=0
[wb] L97 Some([0, 0, 0, 0, 0, 0, 0, 0]) tid=0
[wb] L98 Some([0, 0, 0, 0, 0, 0, 0, 0]) tid=0
[wb] L99 Some([0, 0, 0, 0, 0, 0, 0, 0]) tid=0
[wb] L100 Some([0, 0, 0, 0, 0, 0, 0, 0]) tid=0
[wb] L101 Some([0, 0, 0, 0, 0, 0, 0, 0]) tid=0
[wb] L102 Some([0, 0, 0, 0, 0, 0, 0, 0]) tid=0
[wb] L103 Some([0, 0, 0, 0, 0, 0, 0, 0]) tid=0
[wb] L104 Some([0, 0, 0, 0, 0, 0, 0, 0]) tid=0
[wb] L105 Some([0, 0, 0, 0, 0, 0, 0, 0]) tid=0
[wb] L106 Some([0, 0, 0, 0, 0, 0, 0, 0]) tid=0
[wb] L107 Some([0, 0, 0, 0, 0, 0, 0, 0]) tid=0
[wb] L108 Some([0, 0, 0, 0, 0, 0, 0, 0]) tid=0
[wb] L109 Some([0, 0, 0, 0, 0, 0, 0, 0]) tid=0
[wb] L110 Some([0, 0, 0, 0, 0, 0, 0, 0]) tid=0
[wb] L111 Some([0, 0, 0, 0, 0, 0, 0, 0]) tid=0
[wb] L112 Some([0, 0, 0, 0, 0, 0, 0, 0]) tid=0
[wb] L113 Some([0, 0, 0, 0, 0, 0, 0, 0]) tid=0
[wb] L113 Some([0, 0, 0, 0, 0, 0, 0, 0]) tid=0
[wb] L114 Some([0, 0, 0, 0, 0, 0, 0, 0]) tid=0
[wb] L115 Some([0, 0, 0, 0, 0, 0, 0, 0]) tid=0
[wb] L116 Some([0, 0, 0, 0, 0, 0, 0, 0]) tid=0
[wb] L116 Some([0, 0, 0, 0, 0, 0, 0, 0]) tid=0
[wb] L116 Some([0, 0, 0, 0, 0, 0, 0, 0]) tid=0
[wb] L117 Some([0, 0, 0, 0, 0, 0, 0, 0]) tid=0
[wb] L118 Some([0, 0, 0, 0, 0, 0, 0, 0]) tid=0
[wb] L119 Some([0, 0, 0, 0, 0, 0, 0, 0]) tid=0
[wb] L120 Some([0, 0, 0, 0, 0, 0, 0, 0]) tid=0
[wb] L121 Some([0, 0, 0, 0, 0, 0, 0, 0]) tid=0
[wb] L122 Some([0, 0, 0, 0, 0, 0, 0, 0]) tid=0
[wb] L123 Some([0, 0, 0, 0, 0, 0, 0, 0]) tid=0
[wb] L124 Some([0, 0, 0, 0, 0, 0, 0, 0]) tid=0
[wb] L125 Some([0, 0, 0, 0, 0, 0, 0, 0]) tid=0
[wb] L126 Some([0, 0, 0, 0, 0, 0, 0, 0]) tid=0
[wb] L127 Some([0, 0, 0, 0, 0, 0, 0, 0]) tid=0
[wb] L128 Some([0, 0, 0, 0, 0, 0, 0, 0]) tid=0
[wb] L129 Some([0, 0, 0, 0, 0, 0, 0, 0]) tid=0
[wb] L130 Some([0, 0, 0, 0, 0, 0, 0, 0]) tid=0
[wb] L131 Some([0, 0, 0, 0, 0, 0, 0, 0]) tid=0
[wb] L132 Some([0, 0, 0, 0, 0, 0, 0, 0]) tid=0
[wb] L133 Some([0, 0, 0, 0, 0, 0, 0, 0]) tid=0
[wb] L134 Some([0, 0, 0, 0, 0, 0, 0, 0]) tid=0
[wb] L135 Some([0, 0, 0, 0, 0, 0, 0, 0]) tid=0
[wb] L136 Some([0, 0, 0, 0, 0, 0, 0, 0]) tid=0
[wb] L137 Some([0, 0, 0, 0, 0, 0, 0, 0]) tid=0
[wb] L138 Some([0, 0, 0, 0, 0, 0, 0, 0]) tid=0
[wb] L139 Some([0, 0, 0, 0, 0, 0, 0, 0]) tid=0
[wb] L140 Some([0, 0, 0, 0, 0, 0, 0, 0]) tid=0
[wb] L141 Some([0, 0, 0, 0, 0, 0, 0, 0]) tid=0
[wb] L142 Some([0, 0, 0, 0, 0, 0, 0, 0]) tid=0
[wb] L143 Some([0, 0, 0, 0, 0, 0, 0, 0]) tid=0
[wb] L144 Some([0, 0, 0, 0, 0, 0, 0, 0]) tid=0
[wb] L145 Some([0, 0, 0, 0, 0, 0, 0, 0]) tid=0
[wb] L146 Some([0, 0, 0, 0, 0, 0, 0, 0]) tid=0
[wb] L147 Some([0, 0, 0, 0, 0, 0, 0, 0]) tid=0
[wb] L148 Some([0, 0, 0, 0, 0, 0, 0, 0]) tid=0
[wb] L149 Some([0, 0, 0, 0, 0, 0, 0, 0]) tid=0
[wb] L150 Some([0, 0, 0, 0, 0, 0, 0, 0]) tid=0
[wb] L151 Some([0, 0, 0, 0, 0, 0, 0, 0]) tid=0
[wb] L152 Some([0, 0, 0, 0, 0, 0, 0, 0]) tid=0
[wb] L153 Some([0, 0, 0, 0, 0, 0, 0, 0]) tid=0
[wb] L154 Some([0, 0, 0, 0, 0, 0, 0, 0]) tid=0
[wb] L155 Some([0, 0, 0, 0, 0, 0, 0, 0]) tid=0
[wb] L156 Some([0, 0, 0, 0, 0, 0, 0, 0]) tid=0
[wb] L157 Some([0, 0, 0, 0, 0, 0, 0, 0]) tid=0
[wb] L158 Some([0, 0, 0, 0, 0, 0, 0, 0]) tid=0
[wb] L159 Some([0, 0, 0, 0, 0, 0, 0, 0]) tid=0
[wb] L160 Some([0, 0, 0, 0, 0, 0, 0, 0]) tid=0
[wb] L161 Some([0, 0, 0, 0, 0, 0, 0, 0]) tid=0
[wb] L162 Some([0, 0, 0, 0, 0, 0, 0, 0]) tid=0
[wb] L163 Some([0, 0, 0, 0, 0, 0, 0, 0]) tid=0
[wb] L164 Some([0, 0, 0, 0, 0, 0, 0, 0]) tid=0
[wb] L165 Some([0, 0, 0, 0, 0, 0, 0, 0]) tid=0
[wb] L166 Some([0, 0, 0, 0, 0, 0, 0, 0]) tid=0
[wb] L167 Some([0, 0, 0, 0, 0, 0, 0, 0]) tid=0
[wb] L168 Some([0, 0, 0, 0, 0, 0, 0, 0]) tid=0
[wb] L169 Some([0, 0, 0, 0, 0, 0, 0, 0]) tid=0
[wb] L170 Some([0, 0, 0, 0, 0, 0, 0, 0]) tid=0
[wb] L171 Some([0, 0, 0, 0, 0, 0, 0, 0]) tid=0
[wb] L172 Some([0, 0, 0, 0, 0, 0, 0, 0]) tid=0
[wb] L173 Some([0, 0, 0, 0, 0, 0, 0, 0]) tid=0
[wb] L174 Some([0, 0, 0, 0, 0, 0, 0, 0]) tid=0
[wb] L175 Some([0, 0, 0, 0, 0, 0, 0, 0]) tid=0
[wb] L176 Some([0, 0, 0, 0, 0, 0, 0, 0]) tid=0
[wb] L177 Some([0, 0, 0, 0, 0, 0, 0, 0]) tid=0
[wb] L178 Some([0, 0, 0, 0, 0, 0, 0, 0]) tid=0
[wb] L179 Some([0, 0, 0, 0, 0, 0, 0, 0]) tid=0
[wb] L180 Some([0, 0, 0, 0, 0, 0, 0, 0]) tid=0
[wb] L181 Some([0, 0, 0, 0, 0, 0, 0, 0]) tid=0
[wb] L182 Some([0, 0, 0, 0, 0, 0, 0, 0]) tid=0
[wb] L183 Some([0, 0, 0, 0, 0, 0, 0, 0]) tid=0
[wb] L183 Some([0, 0, 0, 0, 0, 0, 0, 0]) tid=0
[wb] L184 Some([0, 0, 0, 0, 0, 0, 0, 0]) tid=0
[wb] L185 Some([0, 0, 0, 0, 0, 0, 0, 0]) tid=0
[wb] L186 Some([0, 0, 0, 0, 0, 0, 0, 0]) tid=0
[wb] L187 Some([0, 0, 0, 0, 0, 0, 0, 0]) tid=0
[wb] L188 Some([0, 0, 0, 0, 0, 0, 0, 0]) tid=0
[wb] L189 Some([0, 0, 0, 0, 0, 0, 0, 0]) tid=0
[wb] L190 Some([0, 0, 0, 0, 0, 0, 0, 0]) tid=0
[wb] L191 Some([0, 0, 0, 0, 0, 0, 0, 0]) tid=0
[wb] L192 Some([0, 0, 0, 0, 0, 0, 0, 0]) tid=0
[wb] L193 Some([0, 0, 0, 0, 0, 0, 0, 0]) tid=0
[wb] L194 Some([0, 0, 0, 0, 0, 0, 0, 0]) tid=0
[wb] L195 Some([0, 0, 0, 0, 0, 0, 0, 0]) tid=0
[wb] L196 Some([0, 0, 0, 0, 0, 0, 0, 0]) tid=0
[wb] L197 Some([0, 0, 0, 0, 0, 0, 0, 0]) tid=0
[wb] L198 Some([0, 0, 0, 0, 0, 0, 0, 0]) tid=0
[wb] L199 Some([0, 0, 0, 0, 0, 0, 0, 0]) tid=0
[wb] L200 Some([0, 0, 0, 0, 0, 0, 0, 0]) tid=0
[wb] L201 Some([0, 0, 0, 0, 0, 0, 0, 0]) tid=0
[wb] L202 Some([0, 0, 0, 0, 0, 0, 0, 0]) tid=0
[wb] L203 Some([0, 0, 0, 0, 0, 0, 0, 0]) tid=0
[wb] L204 Some([0, 0, 0, 0, 0, 0, 0, 0]) tid=0
[wb] L205 Some([0, 0, 0, 0, 0, 0, 0, 0]) tid=0
[wb] L206 Some([0, 0, 0, 0, 0, 0, 0, 0]) tid=0
[wb] L207 Some([0, 0, 0, 0, 0, 0, 0, 0]) tid=0
[wb] L208 Some([0, 0, 0, 0, 0, 0, 0, 0]) tid=0
[wb] L209 Some([0, 0, 0, 0, 0, 0, 0, 0]) tid=0
[wb] L210 Some([0, 0, 0, 0, 0, 0, 0, 0]) tid=0
[wb] L211 Some([0, 0, 0, 0, 0, 0, 0, 0]) tid=0
[wb] L212 Some([0, 0, 0, 0, 0, 0, 0, 0]) tid=0
[wb] L213 Some([0, 0, 0, 0, 0, 0, 0, 0]) tid=0
[wb] L214 Some([0, 0, 0, 0, 0, 0, 0, 0]) tid=0
[wb] L215 Some([0, 0, 0, 0, 0, 0, 0, 0]) tid=0
[wb] L216 Some([0, 0, 0, 0, 0, 0, 0, 0]) tid=0
[wb] L217 Some([0, 0, 0, 0, 0, 0, 0, 0]) tid=0
[wb] L218 Some([0, 0, 0, 0, 0, 0, 0, 0]) tid=0
[wb] L219 Some([0, 0, 0, 0, 0, 0, 0, 0]) tid=0
[wb] L220 Some([0, 0, 0, 0, 0, 0, 0, 0]) tid=0
[wb] L221 Some([0, 0, 0, 0, 0, 0, 0, 0]) tid=0
[wb] L222 Some([0, 0, 0, 0, 0, 0, 0, 0]) tid=0
[wb] L223 Some([0, 0, 0, 0, 0, 0, 0, 0]) tid=0
[wb] L224 Some([0, 0, 0, 0, 0, 0, 0, 0]) tid=0
[wb] L225 Some([0, 0, 0, 0, 0, 0, 0, 0]) tid=0
[wb] L226 Some([0, 0, 0, 0, 0, 0, 0, 0]) tid=0
[wb] L227 Some([0, 0, 0, 0, 0, 0, 0, 0]) tid=0
[wb] L228 Some([0, 0, 0, 0, 0, 0, 0, 0]) tid=0
[wb] L229 Some([0, 0, 0, 0, 0, 0, 0, 0]) tid=0
[wb] L230 Some([0, 0, 0, 0, 0, 0, 0, 0]) tid=0
[wb] L231 Some([0, 0, 0, 0, 0, 0, 0, 0]) tid=0
[wb] L232 Some([0, 0, 0, 0, 0, 0, 0, 0]) tid=0
[wb] L233 Some([0, 0, 0, 0, 0, 0, 0, 0]) tid=0
[wb] L234 Some([0, 0, 0, 0, 0, 0, 0, 0]) tid=0
[wb] L235 Some([0, 0, 0, 0, 0, 0, 0, 0]) tid=0
[wb] L236 Some([0, 0, 0, 0, 0, 0, 0, 0]) tid=0
[wb] L237 Some([0, 0, 0, 0, 0, 0, 0, 0]) tid=0
[wb] L238 Some([0, 0, 0, 0, 0, 0, 0, 0]) tid=0
[wb] L239 Some([0, 0, 0, 0, 0, 0, 0, 0]) tid=0
[wb] L240 Some([0, 0, 0, 0, 0, 0, 0, 0]) tid=0
[wb] L241 Some([0, 0, 0, 0, 0, 0, 0, 0]) tid=0
[wb] L242 Some([0, 0, 0, 0, 0, 0, 0, 0]) tid=0
[wb] L243 Some([0, 0, 0, 0, 0, 0, 0, 0]) tid=0
[wb] L244 Some([0, 0, 0, 0, 0, 0, 0, 0]) tid=0
[wb] L245 Some([0, 0, 0, 0, 0, 0, 0, 0]) tid=0
[wb] L246 Some([0, 0, 0, 0, 0, 0, 0, 0]) tid=0
[wb] L247 Some([0, 0, 0, 0, 0, 0, 0, 0]) tid=0
[wb] L248 Some([0, 0, 0, 0, 0, 0, 0, 0]) tid=0
[wb] L249 Some([0, 0, 0, 0, 0, 0, 0, 0]) tid=0
[wb] L250 Some([0, 0, 0, 0, 0, 0, 0, 0]) tid=0
[wb] L251 Some([0, 0, 0, 0, 0, 0, 0, 0]) tid=0
[wb] L252 Some([0, 0, 0, 0, 0, 0, 0, 0]) tid=0
[wb] L253 Some([0, 0, 0, 0, 0, 0, 0, 0]) tid=0
[wb] L254 Some([0, 0, 0, 0, 0, 0, 0, 0]) tid=0
[wb] L255 Some([0, 0, 0, 0, 0, 0, 0, 0]) tid=0
[wb] L256 Some([0, 0, 0, 0, 0, 0, 0, 0]) tid=0
[wb] L257 Some([0, 0, 0, 0, 0, 0, 0, 0]) tid=0
[wb] L258 Some([0, 0, 0, 0, 0, 0, 0, 0]) tid=0
[wb] L259 Some([0, 0, 0, 0, 0, 0, 0, 0]) tid=0
[wb] L260 Some([0, 0, 0, 0, 0, 0, 0, 0]) tid=0
[wb] L261 Some([0, 0, 0, 0, 0, 0, 0, 0]) tid=0
[wb] L262 Some([0, 0, 0, 0, 0, 0, 0, 0]) tid=0
[wb] L263 Some([0, 0, 0, 0, 0, 0, 0, 0]) tid=0
[wb] L264 Some([0, 0, 0, 0, 0, 0, 0, 0]) tid=0
[wb] L265 Some([0, 0, 0, 0, 0, 0, 0, 0]) tid=0
[wb] L266 Some([0, 0, 0, 0, 0, 0, 0, 0]) tid=0
[wb] L267 Some([0, 0, 0, 0, 0, 0, 0, 0]) tid=0
[wb] L268 Some([0, 0, 0, 0, 0, 0, 0, 0]) tid=0
[wb] L269 Some([0, 0, 0, 0, 0, 0, 0, 0]) tid=0
[wb] L270 Some([0, 0, 0, 0, 0, 0, 0, 0]) tid=0
[wb] L271 Some([0, 0, 0, 0, 0, 0, 0, 0]) tid=0
[wb] L272 Some([0, 0, 0, 0, 0, 0, 0, 0]) tid=0
[wb] L273 Some([0, 0, 0, 0, 0, 0, 0, 0]) tid=0
[wb] L274 Some([0, 0, 0, 0, 0, 0, 0, 0]) tid=0
[wb] L275 Some([0, 0, 0, 0, 0, 0, 0, 0]) tid=0
[wb] L276 Some([0, 0, 0, 0, 0, 0, 0, 0]) tid=0
[wb] L277 Some([0, 0, 0, 0, 0, 0, 0, 0]) tid=0
[wb] L278 Some([0, 0, 0, 0, 0, 0, 0, 0]) tid=0
[wb] L279 Some([0, 0, 0, 0, 0, 0, 0, 0]) tid=0
[wb] L280 Some([0, 0, 0, 0, 0, 0, 0, 0]) tid=0
[wb] L281 Some([0, 0, 0, 0, 0, 0, 0, 0]) tid=0
[wb] L282 Some([0, 0, 0, 0, 0, 0, 0, 0]) tid=0
[wb] L283 Some([0, 0, 0, 0, 0, 0, 0, 0]) tid=0
[wb] L284 Some([0, 0, 0, 0, 0, 0, 0, 0]) tid=0
[wb] L285 Some([0, 0, 0, 0, 0, 0, 0, 0]) tid=0
[wb] L286 Some([0, 0, 0, 0, 0, 0, 0, 0]) tid=0
[wb] L287 Some([0, 0, 0, 0, 0, 0, 0, 0]) tid=0
[wb] L288 Some([0, 0, 0, 0, 0, 0, 0, 0]) tid=0
[wb] L289 Some([0, 0, 0, 0, 0, 0, 0, 0]) tid=0
[wb] L290 Some([0, 0, 0, 0, 0, 0, 0, 0]) tid=0
[wb] L291 Some([0, 0, 0, 0, 0, 0, 0, 0]) tid=0
[wb] L292 Some([0, 0, 0, 0, 0, 0, 0, 0]) tid=0
[wb] L293 Some([0, 0, 0, 0, 0, 0, 0, 0]) tid=0
[wb] L294 Some([0, 0, 0, 0, 0, 0, 0, 0]) tid=0
[wb] L295 Some([0, 0, 0, 0, 0, 0, 0, 0]) tid=0
[wb] L296 Some([0, 0, 0, 0, 0, 0, 0, 0]) tid=0
[wb] L297 Some([0, 0, 0, 0, 0, 0, 0, 0]) tid=0
[wb] L298 Some([0, 0, 0, 0, 0, 0, 0, 0]) tid=0
[wb] L299 Some([0, 0, 0, 0, 0, 0, 0, 0]) tid=0
[wb] L300 Some([0, 0, 0, 0, 0, 0, 0, 0]) tid=0
[wb] L301 Some([0, 0, 0, 0, 0, 0, 0, 0]) tid=0
[wb] L302 Some([0, 0, 0, 0, 0, 0, 0, 0]) tid=0
[wb] L303 Some([0, 0, 0, 0, 0, 0, 0, 0]) tid=0
[wb] L304 Some([0, 0, 0, 0, 0, 0, 0, 0]) tid=0
[wb] L305 Some([0, 0, 0, 0, 0, 0, 0, 0]) tid=0
[wb] L306 Some([0, 0, 0, 0, 0, 0, 0, 0]) tid=0
[wb] L307 Some([0, 0, 0, 0, 0, 0, 0, 0]) tid=0
[wb] L308 Some([0, 0, 0, 0, 0, 0, 0, 0]) tid=0
[wb] L309 Some([0, 0, 0, 0, 0, 0, 0, 0]) tid=0
[wb] L310 Some([0, 0, 0, 0, 0, 0, 0, 0]) tid=0
[wb] L311 Some([0, 0, 0, 0, 0, 0, 0, 0]) tid=0
[wb] L312 Some([0, 0, 0, 0, 0, 0, 0, 0]) tid=0
[wb] L313 Some([0, 0, 0, 0, 0, 0, 0, 0]) tid=0
[wb] L314 Some([0, 0, 0, 0, 0, 0, 0, 0]) tid=0
[wb] L315 Some([0, 0, 0, 0, 0, 0, 0, 0]) tid=0
[wb] L316 Some([0, 0, 0, 0, 0, 0, 0, 0]) tid=0
[wb] L317 Some([0, 0, 0, 0, 0, 0, 0, 0]) tid=0
[wb] L318 Some([0, 0, 0, 0, 0, 0, 0, 0]) tid=0
[wb] L319 Some([0, 0, 0, 0, 0, 0, 0, 0]) tid=0
[wb] L320 Some([0, 0, 0, 0, 0, 0, 0, 0]) tid=0
[wb] L321 Some([0, 0, 0, 0, 0, 0, 0, 0]) tid=0
[wb] L322 Some([0, 0, 0, 0, 0, 0, 0, 0]) tid=0
[wb] L323 Some([0, 0, 0, 0, 0, 0, 0, 0]) tid=0
[wb] L324 Some([0, 0, 0, 0, 0, 0, 0, 0]) tid=0
[wb] L325 Some([0, 0, 0, 0, 0, 0, 0, 0]) tid=0
[wb] L326 Some([0, 0, 0, 0, 0, 0, 0, 0]) tid=0
[wb] L327 Some([0, 0, 0, 0, 0, 0, 0, 0]) tid=0
[wb] L328 Some([0, 0, 0, 0, 0, 0, 0, 0]) tid=0
[wb] L329 Some([0, 0, 0, 0, 0, 0, 0, 0]) tid=0
[wb] L330 Some([0, 0, 0, 0, 0, 0, 0, 0]) tid=0
[wb] L331 Some([0, 0, 0, 0, 0, 0, 0, 0]) tid=0
[wb] L332 Some([0, 0, 0, 0, 0, 0, 0, 0]) tid=0
[wb] L333 Some([0, 0, 0, 0, 0, 0, 0, 0]) tid=0
[wb] L334 Some([0, 0, 0, 0, 0, 0, 0, 0]) tid=0
[wb] L335 Some([0, 0, 0, 0, 0, 0, 0, 0]) tid=0
[wb] L336 Some([0, 0, 0, 0, 0, 0, 0, 0]) tid=0
[wb] L337 Some([0, 0, 0, 0, 0, 0, 0, 0]) tid=0
[wb] L338 Some([0, 0, 0, 0, 0, 0, 0, 0]) tid=0
[wb] L339 Some([0, 0, 0, 0, 0, 0, 0, 0]) tid=0
[wb] L340 Some([0, 0, 0, 0, 0, 0, 0, 0]) tid=0
[wb] L341 Some([0, 0, 0, 0, 0, 0, 0, 0]) tid=0
[wb] L342 Some([0, 0, 0, 0, 0, 0, 0, 0]) tid=0
[wb] L343 Some([0, 0, 0, 0, 0, 0, 0, 0]) tid=0
[wb] L344 Some([0, 0, 0, 0, 0, 0, 0, 0]) tid=0
[wb] L345 Some([0, 0, 0, 0, 0, 0, 0, 0]) tid=0
[wb] L346 Some([0, 0, 0, 0, 0, 0, 0, 0]) tid=0
[wb] L347 Some([0, 0, 0, 0, 0, 0, 0, 0]) tid=0
[wb] L348 Some([0, 0, 0, 0, 0, 0, 0, 0]) tid=0
[wb] L349 Some([0, 0, 0, 0, 0, 0, 0, 0]) tid=0
[wb] L350 Some([0, 0, 0, 0, 0, 0, 0, 0]) tid=0
[wb] L351 Some([0, 0, 0, 0, 0, 0, 0, 0]) tid=0
[wb] L352 Some([0, 0, 0, 0, 0, 0, 0, 0]) tid=0
[wb] L353 Some([0, 0, 0, 0, 0, 0, 0, 0]) tid=0
[wb] L354 Some([0, 0, 0, 0, 0, 0, 0, 0]) tid=0
[wb] L355 Some([0, 0, 0, 0, 0, 0, 0, 0]) tid=0
[wb] L356 Some([0, 0, 0, 0, 0, 0, 0, 0]) tid=0
[wb] L357 Some([0, 0, 0, 0, 0, 0, 0, 0]) tid=0
[wb] L358 Some([0, 0, 0, 0, 0, 0, 0, 0]) tid=0
[wb] L359 Some([0, 0, 0, 0, 0, 0, 0, 0]) tid=0
[wb] L360 Some([0, 0, 0, 0, 0, 0, 0, 0]) tid=0
[wb] L361 Some([0, 0, 0, 0, 0, 0, 0, 0]) tid=0
[wb] L362 Some([0, 0, 0, 0, 0, 0, 0, 0]) tid=0
[wb] L363 Some([0, 0, 0, 0, 0, 0, 0, 0]) tid=0
[wb] L364 Some([0, 0, 0, 0, 0, 0, 0, 0]) tid=0
[wb] L365 Some([0, 0, 0, 0, 0, 0, 0, 0]) tid=0
[wb] L366 Some([0, 0, 0, 0, 0, 0, 0, 0]) tid=0
[wb] L367 Some([0, 0, 0, 0, 0, 0, 0, 0]) tid=0
[wb] L368 Some([0, 0, 0, 0, 0, 0, 0, 0]) tid=0
[wb] L369 Some([0, 0, 0, 0, 0, 0, 0, 0]) tid=0
[wb] L370 Some([0, 0, 0, 0, 0, 0, 0, 0]) tid=0
[wb] L371 Some([0, 0, 0, 0, 0, 0, 0, 0]) tid=0
[wb] L372 Some([0, 0, 0, 0, 0, 0, 0, 0]) tid=0
[wb] L373 Some([0, 0, 0, 0, 0, 0, 0, 0]) tid=0
[wb] L374 Some([0, 0, 0, 0, 0, 0, 0, 0]) tid=0
[wb] L375 Some([0, 0, 0, 0, 0, 0, 0, 0]) tid=0
[wb] L376 Some([0, 0, 0, 0, 0, 0, 0, 0]) tid=0
[wb] L377 Some([0, 0, 0, 0, 0, 0, 0, 0]) tid=0
[wb] L378 Some([0, 0, 0, 0, 0, 0, 0, 0]) tid=0
[wb] L379 Some([0, 0, 0, 0, 0, 0, 0, 0]) tid=0
[wb] L380 Some([0, 0, 0, 0, 0, 0, 0, 0]) tid=0
[wb] L381 Some([0, 0, 0, 0, 0, 0, 0, 0]) tid=0
[wb] L382 Some([0, 0, 0, 0, 0, 0, 0, 0]) tid=0
[wb] L383 Some([0, 0, 0, 0, 0, 0, 0, 0]) tid=0
[wb] L384 Some([0, 0, 0, 0, 0, 0, 0, 0]) tid=0
[wb] L385 Some([0, 0, 0, 0, 0, 0, 0, 0]) tid=0
[wb] L386 Some([0, 0, 0, 0, 0, 0, 0, 0]) tid=0
[wb] L387 Some([0, 0, 0, 0, 0, 0, 0, 0]) tid=0
[wb] L388 Some([0, 0, 0, 0, 0, 0, 0, 0]) tid=0
[wb] L389 Some([0, 0, 0, 0, 0, 0, 0, 0]) tid=0
[wb] L390 Some([0, 0, 0, 0, 0, 0, 0, 0]) tid=0
[wb] L391 Some([0, 0, 0, 0, 0, 0, 0, 0]) tid=0
[wb] L392 Some([0, 0, 0, 0, 0, 0, 0, 0]) tid=0
[wb] L393 Some([0, 0, 0, 0, 0, 0, 0, 0]) tid=0
[wb] L394 Some([0, 0, 0, 0, 0, 0, 0, 0]) tid=0
[wb] L395 Some([0, 0, 0, 0, 0, 0, 0, 0]) tid=0
[wb] L396 Some([0, 0, 0, 0, 0, 0, 0, 0]) tid=0
[wb] L397 Some([0, 0, 0, 0, 0, 0, 0, 0]) tid=0
[wb] L398 Some([0, 0, 0, 0, 0, 0, 0, 0]) tid=0
[wb] L399 Some([0, 0, 0, 0, 0, 0, 0, 0]) tid=0
[wb] L400 Some([0, 0, 0, 0, 0, 0, 0, 0]) tid=0
[wb] L401 Some([0, 0, 0, 0, 0, 0, 0, 0]) tid=0
[wb] L402 Some([0, 0, 0, 0, 0, 0, 0, 0]) tid=0
[wb] L403 Some([0, 0, 0, 0, 0, 0, 0, 0]) tid=0
[wb] L404 Some([0, 0, 0, 0, 0, 0, 0, 0]) tid=0
[wb] L405 Some([0, 0, 0, 0, 0, 0, 0, 0]) tid=0
[wb] L406 Some([0, 0, 0, 0, 0, 0, 0, 0]) tid=0
[wb] L407 Some([0, 0, 0, 0, 0, 0, 0, 0]) tid=0
[wb] L408 Some([0, 0, 0, 0, 0, 0, 0, 0]) tid=0
[wb] L409 Some([0, 0, 0, 0, 0, 0, 0, 0]) tid=0
[wb] L410 Some([0, 0, 0, 0, 0, 0, 0, 0]) tid=0
[wb] L411 Some([0, 0, 0, 0, 0, 0, 0, 0]) tid=0
[wb] L412 Some([0, 0, 0, 0, 0, 0, 0, 0]) tid=0
[wb] L413 Some([0, 0, 0, 0, 0, 0, 0, 0]) tid=0
[wb] L414 Some([0, 0, 0, 0, 0, 0, 0, 0]) tid=0
[wb] L415 Some([0, 0, 0, 0, 0, 0, 0, 0]) tid=0
[wb] L416 Some([0, 0, 0, 0, 0, 0, 0, 0]) tid=0
[wb] L417 Some([0, 0, 0, 0, 0, 0, 0, 0]) tid=0
[wb] L418 Some([0, 0, 0, 0, 0, 0, 0, 0]) tid=0
[wb] L419 Some([0, 0, 0, 0, 0, 0, 0, 0]) tid=0
[wb] L420 Some([0, 0, 0, 0, 0, 0, 0, 0]) tid=0
[wb] L421 Some([0, 0, 0, 0, 0, 0, 0, 0]) tid=0
[wb] L422 Some([0, 0, 0, 0, 0, 0, 0, 0]) tid=0
[wb] L423 Some([0, 0, 0, 0, 0, 0, 0, 0]) tid=0
[wb] L424 Some([0, 0, 0, 0, 0, 0, 0, 0]) tid=0
[wb] L425 Some([0, 0, 0, 0, 0, 0, 0, 0]) tid=0
[wb] L426 Some([0, 0, 0, 0, 0, 0, 0, 0]) tid=0
[wb] L427 Some([0, 0, 0, 0, 0, 0, 0, 0]) tid=0
[wb] L428 Some([0, 0, 0, 0, 0, 0, 0, 0]) tid=0
[wb] L429 Some([0, 0, 0, 0, 0, 0, 0, 0]) tid=0
[wb] L430 Some([0, 0, 0, 0, 0, 0, 0, 0]) tid=0
[wb] L431 Some([0, 0, 0, 0, 0, 0, 0, 0]) tid=0
[wb] L432 Some([0, 0, 0, 0, 0, 0, 0, 0]) tid=0
[wb] L433 Some([0, 0, 0, 0, 0, 0, 0, 0]) tid=0
[wb] L434 Some([0, 0, 0, 0, 0, 0, 0, 0]) tid=0
[wb] L435 Some([0, 0, 0, 0, 0, 0, 0, 0]) tid=0
[wb] L436 Some([0, 0, 0, 0, 0, 0, 0, 0]) tid=0
[wb] L437 Some([0, 0, 0, 0, 0, 0, 0, 0]) tid=0
[wb] L438 Some([0, 0, 0, 0, 0, 0, 0, 0]) tid=0
[wb] L439 Some([0, 0, 0, 0, 0, 0, 0, 0]) tid=0
[wb] L440 Some([0, 0, 0, 0, 0, 0, 0, 0]) tid=0
[wb] L441 Some([0, 0, 0, 0, 0, 0, 0, 0]) tid=0
[wb] L442 Some([0, 0, 0, 0, 0, 0, 0, 0]) tid=0
[wb] L443 Some([0, 0, 0, 0, 0, 0, 0, 0]) tid=0
[wb] L444 Some([0, 0, 0, 0, 0, 0, 0, 0]) tid=0
[wb] L445 Some([0, 0, 0, 0, 0, 0, 0, 0]) tid=0
[wb] L446 Some([0, 0, 0, 0, 0, 0, 0, 0]) tid=0
[wb] L447 Some([0, 0, 0, 0, 0, 0, 0, 0]) tid=0
[wb] L448 Some([0, 0, 0, 0, 0, 0, 0, 0]) tid=0
[wb] L449 Some([0, 0, 0, 0, 0, 0, 0, 0]) tid=0
[wb] L450 Some([0, 0, 0, 0, 0, 0, 0, 0]) tid=0
[wb] L451 Some([0, 0, 0, 0, 0, 0, 0, 0]) tid=0
[wb] L452 Some([0, 0, 0, 0, 0, 0, 0, 0]) tid=0
[wb] L453 Some([0, 0, 0, 0, 0, 0, 0, 0]) tid=0
[wb] L454 Some([0, 0, 0, 0, 0, 0, 0, 0]) tid=0
[wb] L455 Some([0, 0, 0, 0, 0, 0, 0, 0]) tid=0
[wb] L456 Some([0, 0, 0, 0, 0, 0, 0, 0]) tid=0
[wb] L457 Some([0, 0, 0, 0, 0, 0, 0, 0]) tid=0
[wb] L458 Some([0, 0, 0, 0, 0, 0, 0, 0]) tid=0
[wb] L459 Some([0, 0, 0, 0, 0, 0, 0, 0]) tid=0
[wb] L460 Some([0, 0, 0, 0, 0, 0, 0, 0]) tid=0
[wb] L461 Some([0, 0, 0, 0, 0, 0, 0, 0]) tid=0
[wb] L462 Some([0, 0, 0, 0, 0, 0, 0, 0]) tid=0
[wb] L463 Some([0, 0, 0, 0, 0, 0, 0, 0]) tid=0
[wb] L464 Some([0, 0, 0, 0, 0, 0, 0, 0]) tid=0
[wb] L465 Some([0, 0, 0, 0, 0, 0, 0, 0]) tid=0
[wb] L466 Some([0, 0, 0, 0, 0, 0, 0, 0]) tid=0
[wb] L467 Some([0, 0, 0, 0, 0, 0, 0, 0]) tid=0
[wb] L468 Some([0, 0, 0, 0, 0, 0, 0, 0]) tid=0
[wb] L469 Some([0, 0, 0, 0, 0, 0, 0, 0]) tid=0
[wb] L470 Some([0, 0, 0, 0, 0, 0, 0, 0]) tid=0
[wb] L471 Some([0, 0, 0, 0, 0, 0, 0, 0]) tid=0
[wb] L472 Some([0, 0, 0, 0, 0, 0, 0, 0]) tid=0
[wb] L473 Some([0, 0, 0, 0, 0, 0, 0, 0]) tid=0
[wb] L474 Some([0, 0, 0, 0, 0, 0, 0, 0]) tid=0
[wb] L475 Some([0, 0, 0, 0, 0, 0, 0, 0]) tid=0
[wb] L476 Some([0, 0, 0, 0, 0, 0, 0, 0]) tid=0
[wb] L477 Some([0, 0, 0, 0, 0, 0, 0, 0]) tid=0
[wb] L478 Some([0, 0, 0, 0, 0, 0, 0, 0]) tid=0
[wb] L479 Some([0, 0, 0, 0, 0, 0, 0, 0]) tid=0
[wb] L480 Some([0, 0, 0, 0, 0, 0, 0, 0]) tid=0
[wb] L481 Some([0, 0, 0, 0, 0, 0, 0, 0]) tid=0
[wb] L482 Some([0, 0, 0, 0, 0, 0, 0, 0]) tid=0
[wb] L483 Some([0, 0, 0, 0, 0, 0, 0, 0]) tid=0
[wb] L484 Some([0, 0, 0, 0, 0, 0, 0, 0]) tid=0
[wb] L485 Some([0, 0, 0, 0, 0, 0, 0, 0]) tid=0
[wb] L486 Some([0, 0, 0, 0, 0, 0, 0, 0]) tid=0
[wb] L487 Some([0, 0, 0, 0, 0, 0, 0, 0]) tid=0
[wb] L488 Some([0, 0, 0, 0, 0, 0, 0, 0]) tid=0
[wb] L489 Some([0, 0, 0, 0, 0, 0, 0, 0]) tid=0
[wb] L490 Some([0, 0, 0, 0, 0, 0, 0, 0]) tid=0
[wb] L491 Some([0, 0, 0, 0, 0, 0, 0, 0]) tid=0
[wb] L492 Some([0, 0, 0, 0, 0, 0, 0, 0]) tid=0
[wb] L493 Some([0, 0, 0, 0, 0, 0, 0, 0]) tid=0
[wb] L494 Some([0, 0, 0, 0, 0, 0, 0, 0]) tid=0
[wb] L495 Some([0, 0, 0, 0, 0, 0, 0, 0]) tid=0
[wb] L496 Some([0, 0, 0, 0, 0, 0, 0, 0]) tid=0
[wb] L497 Some([0, 0, 0, 0, 0, 0, 0, 0]) tid=0
[wb] L498 Some([0, 0, 0, 0, 0, 0, 0, 0]) tid=0
[wb] L499 Some([0, 0, 0, 0, 0, 0, 0, 0]) tid=0
[wb] L500 Some([0, 0, 0, 0, 0, 0, 0, 0]) tid=0
[wb] L501 Some([0, 0, 0, 0, 0, 0, 0, 0]) tid=0
[wb] L502 Some([0, 0, 0, 0, 0, 0, 0, 0]) tid=0
[wb] L503 Some([0, 0, 0, 0, 0, 0, 0, 0]) tid=0
[wb] L504 Some([0, 0, 0, 0, 0, 0, 0, 0]) tid=0
[wb] L505 Some([0, 0, 0, 0, 0, 0, 0, 0]) tid=0
[wb] L506 Some([0, 0, 0, 0, 0, 0, 0, 0]) tid=0
[wb] L507 Some([0, 0, 0, 0, 0, 0, 0, 0]) tid=0
[wb] L508 Some([0, 0, 0, 0, 0, 0, 0, 0]) tid=0
[wb] L509 Some([0, 0, 0, 0, 0, 0, 0, 0]) tid=0
[wb] L510 Some([0, 0, 0, 0, 0, 0, 0, 0]) tid=0
[wb] L511 Some([0, 0, 0, 0, 0, 0, 0, 0]) tid=0
[wb] L512 Some([0, 0, 0, 0, 0, 0, 0, 0]) tid=0
[wb] L513 Some([0, 0, 0, 0, 0, 0, 0, 0]) tid=0
[wb] L514 Some([0, 0, 0, 0, 0, 0, 0, 0]) tid=0
[wb] L515 Some([0, 0, 0, 0, 0, 0, 0, 0]) tid=0
[wb] L516 Some([0, 0, 0, 0, 0, 0, 0, 0]) tid=0
[wb] L517 Some([0, 0, 0, 0, 0, 0, 0, 0]) tid=0
[wb] L518 Some([0, 0, 0, 0, 0, 0, 0, 0]) tid=0
[wb] L519 Some([0, 0, 0, 0, 0, 0, 0, 0]) tid=0
[wb] L520 Some([0, 0, 0, 0, 0, 0, 0, 0]) tid=0
[wb] L521 Some([0, 0, 0, 0, 0, 0, 0, 0]) tid=0
[wb] L522 Some([0, 0, 0, 0, 0, 0, 0, 0]) tid=0
[wb] L523 Some([0, 0, 0, 0, 0, 0, 0, 0]) tid=0
[wb] L524 Some([0, 0, 0, 0, 0, 0, 0, 0]) tid=0
[wb] L525 Some([0, 0, 0, 0, 0, 0, 0, 0]) tid=0
[wb] L526 Some([0, 0, 0, 0, 0, 0, 0, 0]) tid=0
[wb] L527 Some([0, 0, 0, 0, 0, 0, 0, 0]) tid=0
[wb] L527 Some([0, 0, 0, 0, 0, 0, 0, 0]) tid=0
[wb] L527 Some([0, 0, 0, 0, 0, 0, 0, 0]) tid=0
[wb] L528 Some([0, 0, 0, 0, 0, 0, 0, 0]) tid=0
[wb] L528 Some([0, 0, 0, 0, 0, 0, 0, 0]) tid=0
[wb] L529 Some([0, 0, 0, 0, 0, 0, 0, 0]) tid=0
[wb] L530 Some([0, 0, 0, 0, 0, 0, 0, 0]) tid=0
[wb] L531 Some([0, 0, 0, 0, 0, 0, 0, 0]) tid=0
[wb] L531 Some([0, 0, 0, 0, 0, 0, 0, 0]) tid=0
[wb] L531 Some([0, 0, 0, 0, 0, 0, 0, 0]) tid=0
[wb] L532 Some([0, 0, 0, 0, 0, 0, 0, 0]) tid=0
[wb] L533 Some([0, 0, 0, 0, 0, 0, 0, 0]) tid=0
[wb] L534 Some([0, 0, 0, 0, 0, 0, 0, 0]) tid=0
[wb] L535 Some([0, 0, 0, 0, 0, 0, 0, 0]) tid=0
[wb] L535 Some([0, 0, 0, 0, 0, 0, 0, 0]) tid=0
[wb] L535 Some([0, 0, 0, 0, 0, 0, 0, 0]) tid=0
[wb] L536 Some([0, 0, 0, 0, 0, 0, 0, 0]) tid=0
[wb] L536 Some([0, 0, 0, 0, 0, 0, 0, 0]) tid=0
[wb] L537 Some([0, 0, 0, 0, 0, 0, 0, 0]) tid=0
[wb] L538 Some([0, 0, 0, 0, 0, 0, 0, 0]) tid=0
[wb] L539 Some([0, 0, 0, 0, 0, 0, 0, 0]) tid=0
[wb] L539 Some([0, 0, 0, 0, 0, 0, 0, 0]) tid=0
[wb] L539 Some([0, 0, 0, 0, 0, 0, 0, 0]) tid=0
[wb] L540 Some([0, 0, 0, 0, 0, 0, 0, 0]) tid=0
[wb] L541 Some([0, 0, 0, 0, 0, 0, 0, 0]) tid=0
[wb] L542 Some([0, 0, 0, 0, 0, 0, 0, 0]) tid=0
[wb] L543 Some([0, 0, 0, 0, 0, 0, 0, 0]) tid=0
[wb] L544 Some([0, 0, 0, 0, 0, 0, 0, 0]) tid=0
[wb] L545 Some([0, 0, 0, 0, 0, 0, 0, 0]) tid=0
[wb] L546 Some([0, 0, 0, 0, 0, 0, 0, 0]) tid=0
[wb] L547 Some([0, 0, 0, 0, 0, 0, 0, 0]) tid=0
[wb] L548 Some([0, 0, 0, 0, 0, 0, 0, 0]) tid=0
[wb] L549 Some([0, 0, 0, 0, 0, 0, 0, 0]) tid=0
[wb] L550 Some([0, 0, 0, 0, 0, 0, 0, 0]) tid=0
[wb] L551 Some([0, 0, 0, 0, 0, 0, 0, 0]) tid=0
[wb] L552 Some([0, 0, 0, 0, 0, 0, 0, 0]) tid=0
[wb] L553 Some([0, 0, 0, 0, 0, 0, 0, 0]) tid=0
[wb] L554 Some([0, 0, 0, 0, 0, 0, 0, 0]) tid=0
[wb] L555 Some([0, 0, 0, 0, 0, 0, 0, 0]) tid=0
[wb] L556 Some([0, 0, 0, 0, 0, 0, 0, 0]) tid=0
[wb] L557 Some([0, 0, 0, 0, 0, 0, 0, 0]) tid=0
[wb] L558 Some([0, 0, 0, 0, 0, 0, 0, 0]) tid=0
[wb] L559 Some([0, 0, 0, 0, 0, 0, 0, 0]) tid=0
[wb] L560 Some([0, 0, 0, 0, 0, 0, 0, 0]) tid=0
[wb] L560 Some([0, 0, 0, 0, 0, 0, 0, 0]) tid=0
[wb] L560 Some([0, 0, 0, 0, 0, 0, 0, 0]) tid=0
[wb] L560 Some([0, 0, 0, 0, 0, 0, 0, 0]) tid=0
[wb] L560 Some([0, 0, 0, 0, 0, 0, 0, 0]) tid=0
[wb] L560 Some([0, 0, 0, 0, 0, 0, 0, 0]) tid=0
[wb] L560 Some([0, 0, 0, 0, 0, 0, 0, 0]) tid=0
[wb] L560 Some([0, 0, 0, 0, 0, 0, 0, 0]) tid=0
[wb] L560 Some([0, 0, 0, 0, 0, 0, 0, 0]) tid=0
[wb] L560 Some([0, 0, 0, 0, 0, 0, 0, 0]) tid=0
[wb] L560 Some([0, 0, 0, 0, 0, 0, 0, 0]) tid=0
[wb] L560 Some([0, 0, 0, 0, 0, 0, 0, 0]) tid=0
[wb] L560 Some([0, 0, 0, 0, 0, 0, 0, 0]) tid=0
[wb] L560 Some([0, 0, 0, 0, 0, 0, 0, 0]) tid=0
[wb] L560 Some([0, 0, 0, 0, 0, 0, 0, 0]) tid=0
[wb] L560 Some([0, 0, 0, 0, 0, 0, 0, 0]) tid=0
[wb] L560 Some([0, 0, 0, 0, 0, 0, 0, 0]) tid=0
[wb] L560 Some([0, 0, 0, 0, 0, 0, 0, 0]) tid=0
[wb] L560 Some([0, 0, 0, 0, 0, 0, 0, 0]) tid=0
[wb] L560 Some([0, 0, 0, 0, 0, 0, 0, 0]) tid=0
[wb] L560 Some([0, 0, 0, 0, 0, 0, 0, 0]) tid=0
[wb] L560 Some([0, 0, 0, 0, 0, 0, 0, 0]) tid=0
[wb] L560 Some([0, 0, 0, 0, 0, 0, 0, 0]) tid=0
[wb] L560 Some([0, 0, 0, 0, 0, 0, 0, 0]) tid=0
[wb] L560 Some([0, 0, 0, 0, 0, 0, 0, 0]) tid=0
[wb] L560 Some([0, 0, 0, 0, 0, 0, 0, 0]) tid=0
[wb] L560 Some([0, 0, 0, 0, 0, 0, 0, 0]) tid=0
[wb] L560 Some([0, 0, 0, 0, 0, 0, 0, 0]) tid=0
[wb] L560 Some([0, 0, 0, 0, 0, 0, 0, 0]) tid=0
[wb] L560 Some([0, 0, 0, 0, 0, 0, 0, 0]) tid=0
[wb] L560 Some([0, 0, 0, 0, 0, 0, 0, 0]) tid=0
[wb] L560 Some([0, 0, 0, 0, 0, 0, 0, 0]) tid=0
[wb] L560 Some([0, 0, 0, 0, 0, 0, 0, 0]) tid=0
[wb] L560 Some([0, 0, 0, 0, 0, 0, 0, 0]) tid=0
[wb] L560 Some([0, 0, 0, 0, 0, 0, 0, 0]) tid=0
[wb] L560 Some([0, 0, 0, 0, 0, 0, 0, 0]) tid=0
[wb] L560 Some([0, 0, 0, 0, 0, 0, 0, 0]) tid=0
[wb] L560 Some([0, 0, 0, 0, 0, 0, 0, 0]) tid=0
[wb] L560 Some([0, 0, 0, 0, 0, 0, 0, 0]) tid=0
[wb] L560 Some([0, 0, 0, 0, 0, 0, 0, 0]) tid=0
[wb] L560 Some([0, 0, 0, 0, 0, 0, 0, 0]) tid=0
[wb] L560 Some([0, 0, 0, 0, 0, 0, 0, 0]) tid=0
[wb] L560 Some([0, 0, 0, 0, 0, 0, 0, 0]) tid=0
[wb] L560 Some([0, 0, 0, 0, 0, 0, 0, 0]) tid=0
[wb] L560 Some([0, 0, 0, 0, 0, 0, 0, 0]) tid=0
[wb] L560 Some([0, 0, 0, 0, 0, 0, 0, 0]) tid=0
[wb] L560 Some([0, 0, 0, 0, 0, 0, 0, 0]) tid=0
[wb] L560 Some([0, 0, 0, 0, 0, 0, 0, 0]) tid=0
[wb] L560 Some([0, 0, 0, 0, 0, 0, 0, 0]) tid=0
[wb] L560 Some([0, 0, 0, 0, 0, 0, 0, 0]) tid=0
[wb] L560 Some([0, 0, 0, 0, 0, 0, 0, 0]) tid=0
[wb] L560 Some([0, 0, 0, 0, 0, 0, 0, 0]) tid=0
[wb] L560 Some([0, 0, 0, 0, 0, 0, 0, 0]) tid=0
[wb] L560 Some([0, 0, 0, 0, 0, 0, 0, 0]) tid=0
[wb] L560 Some([0, 0, 0, 0, 0, 0, 0, 0]) tid=0
[wb] L560 Some([0, 0, 0, 0, 0, 0, 0, 0]) tid=0
[wb] L560 Some([0, 0, 0, 0, 0, 0, 0, 0]) tid=0
[wb] L560 Some([0, 0, 0, 0, 0, 0, 0, 0]) tid=0
[wb] L560 Some([0, 0, 0, 0, 0, 0, 0, 0]) tid=0
[wb] L560 Some([0, 0, 0, 0, 0, 0, 0, 0]) tid=0
[wb] L560 Some([0, 0, 0, 0, 0, 0, 0, 0]) tid=0
[wb] L560 Some([0, 0, 0, 0, 0, 0, 0, 0]) tid=0
[wb] L560 Some([0, 0, 0, 0, 0, 0, 0, 0]) tid=0
[wb] L560 Some([0, 0, 0, 0, 0, 0, 0, 0]) tid=0
[wb] L560 Some([0, 0, 0, 0, 0, 0, 0, 0]) tid=0
[wb] L560 Some([0, 0, 0, 0, 0, 0, 0, 0]) tid=0
[wb] L560 Some([0, 0, 0, 0, 0, 0, 0, 0]) tid=0
[wb] L560 Some([0, 0, 0, 0, 0, 0, 0, 0]) tid=0
[wb] L560 Some([0, 0, 0, 0, 0, 0, 0, 0]) tid=0
[wb] L560 Some([0, 0, 0, 0, 0, 0, 0, 0]) tid=0
[wb] L560 Some([0, 0, 0, 0, 0, 0, 0, 0]) tid=0
[wb] L560 Some([0, 0, 0, 0, 0, 0, 0, 0]) tid=0
[wb] L560 Some([0, 0, 0, 0, 0, 0, 0, 0]) tid=0
[wb] L560 Some([0, 0, 0, 0, 0, 0, 0, 0]) tid=0
[wb] L560 Some([0, 0, 0, 0, 0, 0, 0, 0]) tid=0
[wb] L560 Some([0, 0, 0, 0, 0, 0, 0, 0]) tid=0
[wb] L560 Some([0, 0, 0, 0, 0, 0, 0, 0]) tid=0
[wb] L560 Some([0, 0, 0, 0, 0, 0, 0, 0]) tid=0
[wb] L560 Some([0, 0, 0, 0, 0, 0, 0, 0]) tid=0
[wb] L560 Some([0, 0, 0, 0, 0, 0, 0, 0]) tid=0
[wb] L560 Some([0, 0, 0, 0, 0, 0, 0, 0]) tid=0
[wb] L560 Some([0, 0, 0, 0, 0, 0, 0, 0]) tid=0
[wb] L560 Some([0, 0, 0, 0, 0, 0, 0, 0]) tid=0
[wb] L560 Some([0, 0, 0, 0, 0, 0, 0, 0]) tid=0
[wb] L560 Some([0, 0, 0, 0, 0, 0, 0, 0]) tid=0
[wb] L560 Some([0, 0, 0, 0, 0, 0, 0, 0]) tid=0
[wb] L560 Some([0, 0, 0, 0, 0, 0, 0, 0]) tid=0
[wb] L560 Some([0, 0, 0, 0, 0, 0, 0, 0]) tid=0
[wb] L560 Some([0, 0, 0, 0, 0, 0, 0, 0]) tid=0
[wb] L560 Some([0, 0, 0, 0, 0, 0, 0, 0]) tid=0
[wb] L560 Some([0, 0, 0, 0, 0, 0, 0, 0]) tid=0
[wb] L560 Some([0, 0, 0, 0, 0, 0, 0, 0]) tid=0
[wb] L560 Some([0, 0, 0, 0, 0, 0, 0, 0]) tid=0
[wb] L560 Some([0, 0, 0, 0, 0, 0, 0, 0]) tid=0
[wb] L560 Some([0, 0, 0, 0, 0, 0, 0, 0]) tid=0
[wb] L560 Some([0, 0, 0, 0, 0, 0, 0, 0]) tid=0
[wb] L560 Some([0, 0, 0, 0, 0, 0, 0, 0]) tid=0
[wb] L560 Some([0, 0, 0, 0, 0, 0, 0, 0]) tid=0
[wb] L560 Some([0, 0, 0, 0, 0, 0, 0, 0]) tid=0
[wb] L560 Some([0, 0, 0, 0, 0, 0, 0, 0]) tid=0
[wb] L560 Some([0, 0, 0, 0, 0, 0, 0, 0]) tid=0
[wb] L560 Some([0, 0, 0, 0, 0, 0, 0, 0]) tid=0
[wb] L560 Some([0, 0, 0, 0, 0, 0, 0, 0]) tid=0
[wb] L560 Some([0, 0, 0, 0, 0, 0, 0, 0]) tid=0
[wb] L560 Some([0, 0, 0, 0, 0, 0, 0, 0]) tid=0
[wb] L560 Some([0, 0, 0, 0, 0, 0, 0, 0]) tid=0
[wb] L560 Some([0, 0, 0, 0, 0, 0, 0, 0]) tid=0
[wb] L560 Some([0, 0, 0, 0, 0, 0, 0, 0]) tid=0
[wb] L561 Some([0, 0, 0, 0, 0, 0, 0, 0]) tid=0
[wb] L562 Some([0, 0, 0, 0, 0, 0, 0, 0]) tid=0
[wb] L563 Some([0, 0, 0, 0, 0, 0, 0, 0]) tid=0
[wb] L564 Some([0, 0, 0, 0, 0, 0, 0, 0]) tid=0
[wb] L565 Some([0, 0, 0, 0, 0, 0, 0, 0]) tid=0
[wb] L566 Some([0, 0, 0, 0, 0, 0, 0, 0]) tid=0
[wb] L567 Some([0, 0, 0, 0, 0, 0, 0, 0]) tid=0
[wb] L568 Some([0, 0, 0, 0, 0, 0, 0, 0]) tid=0
[wb] L569 Some([0, 0, 0, 0, 0, 0, 0, 0]) tid=0
[wb] L570 Some([0, 0, 0, 0, 0, 0, 0, 0]) tid=0
[wb] L571 Some([0, 0, 0, 0, 0, 0, 0, 0]) tid=0
[wb] L572 Some([0, 0, 0, 0, 0, 0, 0, 0]) tid=0
[wb] L573 Some([0, 0, 0, 0, 0, 0, 0, 0]) tid=0
[wb] L574 Some([0, 0, 0, 0, 0, 0, 0, 0]) tid=0
[wb] L575 Some([0, 0, 0, 0, 0, 0, 0, 0]) tid=0
[wb] L576 Some([0, 0, 0, 0, 0, 0, 0, 0]) tid=0
[wb] L577 Some([0, 0, 0, 0, 0, 0, 0, 0]) tid=0
[wb] L578 Some([0, 0, 0, 0, 0, 0, 0, 0]) tid=0
[wb] L579 Some([0, 0, 0, 0, 0, 0, 0, 0]) tid=0
[wb] L580 Some([0, 0, 0, 0, 0, 0, 0, 0]) tid=0
[wb] L581 Some([0, 0, 0, 0, 0, 0, 0, 0]) tid=0
[wb] L582 Some([0, 0, 0, 0, 0, 0, 0, 0]) tid=0
[wb] L583 Some([0, 0, 0, 0, 0, 0, 0, 0]) tid=0
[wb] L584 Some([0, 0, 0, 0, 0, 0, 0, 0]) tid=0
[wb] L585 Some([0, 0, 0, 0, 0, 0, 0, 0]) tid=0
[wb] L586 Some([0, 0, 0, 0, 0, 0, 0, 0]) tid=0
[wb] L587 Some([0, 0, 0, 0, 0, 0, 0, 0]) tid=0
[wb] L588 Some([0, 0, 0, 0, 0, 0, 0, 0]) tid=0
[wb] L589 Some([0, 0, 0, 0, 0, 0, 0, 0]) tid=0
[wb] L590 Some([0, 0, 0, 0, 0, 0, 0, 0]) tid=0
[wb] L591 Some([0, 0, 0, 0, 0, 0, 0, 0]) tid=0
[wb] L592 Some([0, 0, 0, 0, 0, 0, 0, 0]) tid=0
[wb] L593 Some([0, 0, 0, 0, 0, 0, 0, 0]) tid=0
[wb] L594 Some([0, 0, 0, 0, 0, 0, 0, 0]) tid=0
[wb] L595 Some([0, 0, 0, 0, 0, 0, 0, 0]) tid=0
[wb] L596 Some([0, 0, 0, 0, 0, 0, 0, 0]) tid=0
[wb] L597 Some([0, 0, 0, 0, 0, 0, 0, 0]) tid=0
[wb] L598 Some([0, 0, 0, 0, 0, 0, 0, 0]) tid=0
[wb] L599 Some([0, 0, 0, 0, 0, 0, 0, 0]) tid=0
[wb] L600 Some([0, 0, 0, 0, 0, 0, 0, 0]) tid=0
[wb] L601 Some([0, 0, 0, 0, 0, 0, 0, 0]) tid=0
[wb] L602 Some([0, 0, 0, 0, 0, 0, 0, 0]) tid=0
[wb] L603 Some([0, 0, 0, 0, 0, 0, 0, 0]) tid=0
[wb] L604 Some([0, 0, 0, 0, 0, 0, 0, 0]) tid=0
[wb] L605 Some([0, 0, 0, 0, 0, 0, 0, 0]) tid=0
[wb] L606 Some([0, 0, 0, 0, 0, 0, 0, 0]) tid=0
[wb] L607 Some([0, 0, 0, 0, 0, 0, 0, 0]) tid=0
[wb] L608 Some([0, 0, 0, 0, 0, 0, 0, 0]) tid=0
[wb] L609 Some([0, 0, 0, 0, 0, 0, 0, 0]) tid=0
[wb] L610 Some([0, 0, 0, 0, 0, 0, 0, 0]) tid=0
[wb] L610 Some([0, 0, 0, 0, 0, 0, 0, 0]) tid=0
[wb] L610 Some([0, 0, 0, 0, 0, 0, 0, 0]) tid=0
[wb] L610 Some([0, 0, 0, 0, 0, 0, 0, 0]) tid=0
[wb] L610 Some([0, 0, 0, 0, 0, 0, 0, 0]) tid=0
[wb] L610 Some([0, 0, 0, 0, 0, 0, 0, 0]) tid=0
[wb] L610 Some([0, 0, 0, 0, 0, 0, 0, 0]) tid=0
[wb] L610 Some([0, 0, 0, 0, 0, 0, 0, 0]) tid=0
[wb] L611 Some([0, 0, 0, 0, 0, 0, 0, 0]) tid=0
[wb] L612 Some([0, 0, 0, 0, 0, 0, 0, 0]) tid=0
[wb] L612 Some([0, 0, 0, 0, 0, 0, 0, 0]) tid=0
[wb] L613 Some([0, 0, 0, 0, 0, 0, 0, 0]) tid=0
[wb] L614 Some([0, 0, 0, 0, 0, 0, 0, 0]) tid=0
[wb] L615 Some([0, 0, 0, 0, 0, 0, 0, 0]) tid=0
[wb] L615 Some([0, 0, 0, 0, 0, 0, 0, 0]) tid=0
[wb] L615 Some([0, 0, 0, 0, 0, 0, 0, 0]) tid=0
[wb] L615 Some([0, 0, 0, 0, 0, 0, 0, 0]) tid=0
[wb] L615 Some([0, 0, 0, 0, 0, 0, 0, 0]) tid=0
[wb] L615 Some([0, 0, 0, 0, 0, 0, 0, 0]) tid=0
[wb] L616 Some([0, 0, 0, 0, 0, 0, 0, 0]) tid=0
[wb] L616 Some([0, 0, 0, 0, 0, 0, 0, 0]) tid=0
[wb] L616 Some([0, 0, 0, 0, 0, 0, 0, 0]) tid=0
[wb] L616 Some([0, 0, 0, 0, 0, 0, 0, 0]) tid=0
[wb] L616 Some([0, 0, 0, 0, 0, 0, 0, 0]) tid=0
[wb] L616 Some([0, 0, 0, 0, 0, 0, 0, 0]) tid=0
[wb] L616 Some([0, 0, 0, 0, 0, 0, 0, 0]) tid=0
[wb] L616 Some([0, 0, 0, 0, 0, 0, 0, 0]) tid=0
[wb] L616 Some([0, 0, 0, 0, 0, 0, 0, 0]) tid=0
[wb] L616 Some([0, 0, 0, 0, 0, 0, 0, 0]) tid=0
[wb] L616 Some([0, 0, 0, 0, 0, 0, 0, 0]) tid=0
[wb] L616 Some([0, 0, 0, 0, 0, 0, 0, 0]) tid=0
[wb] L616 Some([0, 0, 0, 0, 0, 0, 0, 0]) tid=0
[wb] L616 Some([0, 0, 0, 0, 0, 0, 0, 0]) tid=0
[wb] L616 Some([0, 0, 0, 0, 0, 0, 0, 0]) tid=0
[wb] L616 Some([0, 0, 0, 0, 0, 0, 0, 0]) tid=0
[wb] L616 Some([0, 0, 0, 0, 0, 0, 0, 0]) tid=0
[wb] L616 Some([0, 0, 0, 0, 0, 0, 0, 0]) tid=0
[wb] L616 Some([0, 0, 0, 0, 0, 0, 0, 0]) tid=0
[wb] L616 Some([0, 0, 0, 0, 0, 0, 0, 0]) tid=0
[wb] L616 Some([0, 0, 0, 0, 0, 0, 0, 0]) tid=0
[wb] L616 Some([0, 0, 0, 0, 0, 0, 0, 0]) tid=0
[wb] L616 Some([0, 0, 0, 0, 0, 0, 0, 0]) tid=0
[wb] L616 Some([0, 0, 0, 0, 0, 0, 0, 0]) tid=0
[wb] L616 Some([0, 0, 0, 0, 0, 0, 0, 0]) tid=0
[wb] L616 Some([0, 0, 0, 0, 0, 0, 0, 0]) tid=0
[wb] L616 Some([0, 0, 0, 0, 0, 0, 0, 0]) tid=0
[wb] L616 Some([0, 0, 0, 0, 0, 0, 0, 0]) tid=0
[wb] L616 Some([0, 0, 0, 0, 0, 0, 0, 0]) tid=0
[wb] L616 Some([0, 0, 0, 0, 0, 0, 0, 0]) tid=0
[wb] L616 Some([0, 0, 0, 0, 0, 0, 0, 0]) tid=0
[wb] L616 Some([0, 0, 0, 0, 0, 0, 0, 0]) tid=0
[wb] L616 Some([0, 0, 0, 0, 0, 0, 0, 0]) tid=0
[wb] L616 Some([0, 0, 0, 0, 0, 0, 0, 0]) tid=0
[wb] L616 Some([0, 0, 0, 0, 0, 0, 0, 0]) tid=0
[wb] L616 Some([0, 0, 0, 0, 0, 0, 0, 0]) tid=0
[wb] L616 Some([0, 0, 0, 0, 0, 0, 0, 0]) tid=0
[wb] L616 Some([0, 0, 0, 0, 0, 0, 0, 0]) tid=0
[wb] L616 Some([0, 0, 0, 0, 0, 0, 0, 0]) tid=0
[wb] L616 Some([0, 0, 0, 0, 0, 0, 0, 0]) tid=0
[wb] L616 Some([0, 0, 0, 0, 0, 0, 0, 0]) tid=0
[wb] L616 Some([0, 0, 0, 0, 0, 0, 0, 0]) tid=0
[wb] L616 Some([0, 0, 0, 0, 0, 0, 0, 0]) tid=0
[wb] L616 Some([0, 0, 0, 0, 0, 0, 0, 0]) tid=0
[wb] L616 Some([0, 0, 0, 0, 0, 0, 0, 0]) tid=0
[wb] L616 Some([0, 0, 0, 0, 0, 0, 0, 0]) tid=0
[wb] L616 Some([0, 0, 0, 0, 0, 0, 0, 0]) tid=0
[wb] L616 Some([0, 0, 0, 0, 0, 0, 0, 0]) tid=0
[wb] L616 Some([0, 0, 0, 0, 0, 0, 0, 0]) tid=0
[wb] L616 Some([0, 0, 0, 0, 0, 0, 0, 0]) tid=0
[wb] L616 Some([0, 0, 0, 0, 0, 0, 0, 0]) tid=0
[wb] L616 Some([0, 0, 0, 0, 0, 0, 0, 0]) tid=0
[wb] L616 Some([0, 0, 0, 0, 0, 0, 0, 0]) tid=0
[wb] L616 Some([0, 0, 0, 0, 0, 0, 0, 0]) tid=0
[wb] L616 Some([0, 0, 0, 0, 0, 0, 0, 0]) tid=0
[wb] L616 Some([0, 0, 0, 0, 0, 0, 0, 0]) tid=0
[wb] L616 Some([0, 0, 0, 0, 0, 0, 0, 0]) tid=0
[wb] L616 Some([0, 0, 0, 0, 0, 0, 0, 0]) tid=0
[wb] L616 Some([0, 0, 0, 0, 0, 0, 0, 0]) tid=0
[wb] L616 Some([0, 0, 0, 0, 0, 0, 0, 0]) tid=0
[wb] L616 Some([0, 0, 0, 0, 0, 0, 0, 0]) tid=0
[wb] L616 Some([0, 0, 0, 0, 0, 0, 0, 0]) tid=0
[wb] L616 Some([0, 0, 0, 0, 0, 0, 0, 0]) tid=0
[wb] L616 Some([0, 0, 0, 0, 0, 0, 0, 0]) tid=0
[wb] L616 Some([0, 0, 0, 0, 0, 0, 0, 0]) tid=0
[wb] L616 Some([0, 0, 0, 0, 0, 0, 0, 0]) tid=0
[wb] L616 Some([0, 0, 0, 0, 0, 0, 0, 0]) tid=0
[wb] L616 Some([0, 0, 0, 0, 0, 0, 0, 0]) tid=0
[wb] L616 Some([0, 0, 0, 0, 0, 0, 0, 0]) tid=0
[wb] L616 Some([0, 0, 0, 0, 0, 0, 0, 0]) tid=0
[wb] L616 Some([0, 0, 0, 0, 0, 0, 0, 0]) tid=0
[wb] L616 Some([0, 0, 0, 0, 0, 0, 0, 0]) tid=0
[wb] L617 Some([0, 0, 0, 0, 0, 0, 0, 0]) tid=0
[wb] L618 Some([0, 0, 0, 0, 0, 0, 0, 0]) tid=0
[wb] L618 Some([0, 0, 0, 0, 0, 0, 0, 0]) tid=0
[wb] L618 Some([0, 0, 0, 0, 0, 0, 0, 0]) tid=0
[wb] L618 Some([0, 0, 0, 0, 0, 0, 0, 0]) tid=0
[wb] L618 Some([0, 0, 0, 0, 0, 0, 0, 0]) tid=0
[wb] L618 Some([0, 0, 0, 0, 0, 0, 0, 0]) tid=0
[wb] L618 Some([0, 0, 0, 0, 0, 0, 0, 0]) tid=0
[wb] L618 Some([0, 0, 0, 0, 0, 0, 0, 0]) tid=0
[wb] L618 Some([0, 0, 0, 0, 0, 0, 0, 0]) tid=0
[wb] L618 Some([0, 0, 0, 0, 0, 0, 0, 0]) tid=0
[wb] L618 Some([0, 0, 0, 0, 0, 0, 0, 0]) tid=0
[wb] L618 Some([0, 0, 0, 0, 0, 0, 0, 0]) tid=0
[wb] L618 Some([0, 0, 0, 0, 0, 0, 0, 0]) tid=0
[wb] L618 Some([0, 0, 0, 0, 0, 0, 0, 0]) tid=0
[wb] L618 Some([0, 0, 0, 0, 0, 0, 0, 0]) tid=0
[wb] L618 Some([0, 0, 0, 0, 0, 0, 0, 0]) tid=0
[wb] L618 Some([0, 0, 0, 0, 0, 0, 0, 0]) tid=0
[wb] L618 Some([0, 0, 0, 0, 0, 0, 0, 0]) tid=0
[wb] L618 Some([0, 0, 0, 0, 0, 0, 0, 0]) tid=0
[wb] L618 Some([0, 0, 0, 0, 0, 0, 0, 0]) tid=0
[wb] L618 Some([0, 0, 0, 0, 0, 0, 0, 0]) tid=0
[wb] L618 Some([0, 0, 0, 0, 0, 0, 0, 0]) tid=0
[wb] L618 Some([0, 0, 0, 0, 0, 0, 0, 0]) tid=0
[wb] L618 Some([0, 0, 0, 0, 0, 0, 0, 0]) tid=0
[wb] L618 Some([0, 0, 0, 0, 0, 0, 0, 0]) tid=0
[wb] L618 Some([0, 0, 0, 0, 0, 0, 0, 0]) tid=0
[wb] L618 Some([0, 0, 0, 0, 0, 0, 0, 0]) tid=0
[wb] L618 Some([0, 0, 0, 0, 0, 0, 0, 0]) tid=0
[wb] L618 Some([0, 0, 0, 0, 0, 0, 0, 0]) tid=0
[wb] L618 Some([0, 0, 0, 0, 0, 0, 0, 0]) tid=0
[wb] L619 Some([0, 0, 0, 0, 0, 0, 0, 0]) tid=0
[wb] L620 Some([0, 0, 0, 0, 0, 0, 0, 0]) tid=0
[wb] L620 Some([0, 0, 0, 0, 0, 0, 0, 0]) tid=0
[wb] L620 Some([0, 0, 0, 0, 0, 0, 0, 0]) tid=0
[wb] L620 Some([0, 0, 0, 0, 0, 0, 0, 0]) tid=0
[wb] L620 Some([0, 0, 0, 0, 0, 0, 0, 0]) tid=0
[wb] L621 Some([0, 0, 0, 0, 0, 0, 0, 0]) tid=0
[wb] L622 Some([0, 0, 0, 0, 0, 0, 0, 0]) tid=0
[wb] L622 Some([0, 0, 0, 0, 0, 0, 0, 0]) tid=0
[wb] L622 Some([0, 0, 0, 0, 0, 0, 0, 0]) tid=0
[wb] L622 Some([0, 0, 0, 0, 0, 0, 0, 0]) tid=0
[wb] L622 Some([0, 0, 0, 0, 0, 0, 0, 0]) tid=0
[wb] L623 Some([0, 0, 0, 0, 0, 0, 0, 0]) tid=0
[wb] L624 Some([0, 0, 0, 0, 0, 0, 0, 0]) tid=0
[wb] L624 Some([0, 0, 0, 0, 0, 0, 0, 0]) tid=0
[wb] L624 Some([0, 0, 0, 0, 0, 0, 0, 0]) tid=0
[wb] L624 Some([0, 0, 0, 0, 0, 0, 0, 0]) tid=0
[wb] L624 Some([0, 0, 0, 0, 0, 0, 0, 0]) tid=0
[wb] L624 Some([0, 0, 0, 0, 0, 0, 0, 0]) tid=0
[wb] L624 Some([0, 0, 0, 0, 0, 0, 0, 0]) tid=0
[wb] L624 Some([0, 0, 0, 0, 0, 0, 0, 0]) tid=0
[wb] L624 Some([0, 0, 0, 0, 0, 0, 0, 0]) tid=0
[wb] L624 Some([0, 0, 0, 0, 0, 0, 0, 0]) tid=0
[wb] L624 Some([0, 0, 0, 0, 0, 0, 0, 0]) tid=0
[wb] L624 Some([0, 0, 0, 0, 0, 0, 0, 0]) tid=0
[wb] L624 Some([0, 0, 0, 0, 0, 0, 0, 0]) tid=0
[wb] L624 Some([0, 0, 0, 0, 0, 0, 0, 0]) tid=0
[wb] L624 Some([0, 0, 0, 0, 0, 0, 0, 0]) tid=0
[wb] L624 Some([0, 0, 0, 0, 0, 0, 0, 0]) tid=0
[wb] L624 Some([0, 0, 0, 0, 0, 0, 0, 0]) tid=0
[wb] L624 Some([0, 0, 0, 0, 0, 0, 0, 0]) tid=0
[wb] L624 Some([0, 0, 0, 0, 0, 0, 0, 0]) tid=0
[wb] L624 Some([0, 0, 0, 0, 0, 0, 0, 0]) tid=0
[wb] L624 Some([0, 0, 0, 0, 0, 0, 0, 0]) tid=0
[wb] L624 Some([0, 0, 0, 0, 0, 0, 0, 0]) tid=0
[wb] L624 Some([0, 0, 0, 0, 0, 0, 0, 0]) tid=0
[wb] L624 Some([0, 0, 0, 0, 0, 0, 0, 0]) tid=0
[wb] L624 Some([0, 0, 0, 0, 0, 0, 0, 0]) tid=0
[wb] L624 Some([0, 0, 0, 0, 0, 0, 0, 0]) tid=0
[wb] L624 Some([0, 0, 0, 0, 0, 0, 0, 0]) tid=0
[wb] L624 Some([0, 0, 0, 0, 0, 0, 0, 0]) tid=0
[wb] L624 Some([0, 0, 0, 0, 0, 0, 0, 0]) tid=0
[wb] L624 Some([0, 0, 0, 0, 0, 0, 0, 0]) tid=0
[wb] L624 Some([0, 0, 0, 0, 0, 0, 0, 0]) tid=0
[wb] L624 Some([0, 0, 0, 0, 0, 0, 0, 0]) tid=0
[wb] L624 Some([0, 0, 0, 0, 0, 0, 0, 0]) tid=0
[wb] L624 Some([0, 0, 0, 0, 0, 0, 0, 0]) tid=0
[wb] L624 Some([0, 0, 0, 0, 0, 0, 0, 0]) tid=0
[wb] L624 Some([0, 0, 0, 0, 0, 0, 0, 0]) tid=0
[wb] L624 Some([0, 0, 0, 0, 0, 0, 0, 0]) tid=0
[wb] L624 Some([0, 0, 0, 0, 0, 0, 0, 0]) tid=0
[wb] L624 Some([0, 0, 0, 0, 0, 0, 0, 0]) tid=0
[wb] L624 Some([0, 0, 0, 0, 0, 0, 0, 0]) tid=0
[wb] L624 Some([0, 0, 0, 0, 0, 0, 0, 0]) tid=0
[wb] L624 Some([0, 0, 0, 0, 0, 0, 0, 0]) tid=0
[wb] L624 Some([0, 0, 0, 0, 0, 0, 0, 0]) tid=0
[wb] L624 Some([0, 0, 0, 0, 0, 0, 0, 0]) tid=0
[wb] L624 Some([0, 0, 0, 0, 0, 0, 0, 0]) tid=0
[wb] L624 Some([0, 0, 0, 0, 0, 0, 0, 0]) tid=0
[wb] L624 Some([0, 0, 0, 0, 0, 0, 0, 0]) tid=0
[wb] L624 Some([0, 0, 0, 0, 0, 0, 0, 0]) tid=0
[wb] L624 Some([0, 0, 0, 0, 0, 0, 0, 0]) tid=0
[wb] L624 Some([0, 0, 0, 0, 0, 0, 0, 0]) tid=0
[wb] L624 Some([0, 0, 0, 0, 0, 0, 0, 0]) tid=0
[wb] L624 Some([0, 0, 0, 0, 0, 0, 0, 0]) tid=0
[wb] L624 Some([0, 0, 0, 0, 0, 0, 0, 0]) tid=0
[wb] L624 Some([0, 0, 0, 0, 0, 0, 0, 0]) tid=0
[wb] L624 Some([0, 0, 0, 0, 0, 0, 0, 0]) tid=0
[wb] L624 Some([0, 0, 0, 0, 0, 0, 0, 0]) tid=0
[wb] L624 Some([0, 0, 0, 0, 0, 0, 0, 0]) tid=0
[wb] L624 Some([0, 0, 0, 0, 0, 0, 0, 0]) tid=0
[wb] L624 Some([0, 0, 0, 0, 0, 0, 0, 0]) tid=0
[wb] L625 Some([0, 0, 0, 0, 0, 0, 0, 0]) tid=0
[wb] L626 Some([0, 0, 0, 0, 0, 0, 0, 0]) tid=0
[wb] L627 Some([80, 94, a1, d, a, 0, 0, 0]) tid=0
[wb] L628 Some([80, 94, a1, d, a, 0, 0, 0]) tid=0
[wb] L629 Some([80, 94, a1, d, a, 0, 0, 0]) tid=0
[wb] L630 Some([80, 94, a1, d, a, 0, 0, 0]) tid=0
[wb] L631 Some([80, 94, a1, d, a, 0, 0, 0]) tid=0
[wb] L632 Some([80, 94, a1, d, a, 0, 0, 0]) tid=0
[wb] L633 Some([80, 94, a1, d, a, 0, 0, 0]) tid=0
[wb] L634 Some([80, 94, a1, d, a, 0, 0, 0]) tid=0
[wb] L635 Some([80, 94, a1, d, a, 0, 0, 0]) tid=0
[wb] L636 Some([80, 94, a1, d, a, 0, 0, 0]) tid=0
[wb] L637 Some([80, 94, a1, d, a, 0, 0, 0]) tid=0
[wb] L638 Some([80, 94, a1, d, a, 0, 0, 0]) tid=0
[wb] L639 Some([80, 94, a1, d, a, 0, 0, 0]) tid=0
[wb] L640 Some([80, 94, a1, d, a, 0, 0, 0]) tid=0
[wb] L640 Some([80, 94, a1, d, a, 0, 0, 0]) tid=0
[wb] L640 Some([80, 94, a1, d, a, 0, 0, 0]) tid=0
[wb] L640 Some([80, 94, a1, d, a, 0, 0, 0]) tid=0
[wb] L641 Some([80, 94, a1, d, a, 0, 0, 0]) tid=0
[wb] L642 Some([80, 94, a1, d, a, 0, 0, 0]) tid=0
[wb] L643 Some([80, 94, a1, d, a, 0, 0, 0]) tid=0
[wb] L644 Some([80, 94, a1, d, a, 0, 0, 0]) tid=0
[wb] L645 Some([80, 94, a1, d, a, 0, 0, 0]) tid=0
[wb] L646 Some([80, 94, a1, d, a, 0, 0, 0]) tid=0
[wb] L647 Some([80, 94, a1, d, a, 0, 0, 0]) tid=0
[wb] L648 Some([80, 94, a1, d, a, 0, 0, 0]) tid=0
[wb] L649 Some([80, 94, a1, d, a, 0, 0, 0]) tid=0
[wb] L650 Some([80, 94, a1, d, a, 0, 0, 0]) tid=0
[wb] L651 Some([80, 94, a1, d, a, 0, 0, 0]) tid=0
[wb] L652 Some([80, 94, a1, d, a, 0, 0, 0]) tid=0
[wb] L653 Some([80, 94, a1, d, a, 0, 0, 0]) tid=0
[wb] L654 Some([80, 94, a1, d, a, 0, 0, 0]) tid=0
[wb] L655 Some([80, 94, a1, d, a, 0, 0, 0]) tid=0
[wb] L656 Some([80, 94, a1, d, a, 0, 0, 0]) tid=0
[wb] L657 Some([80, 94, a1, d, a, 0, 0, 0]) tid=0
[wb] L658 Some([80, 94, a1, d, a, 0, 0, 0]) tid=0
[wb] L659 Some([80, 94, a1, d, a, 0, 0, 0]) tid=0
[wb] L660 Some([80, 94, a1, d, a, 0, 0, 0]) tid=0
[wb] L660 Some([80, 94, a1, d, a, 0, 0, 0]) tid=0
[wb] L661 Some([80, 94, a1, d, a, 0, 0, 0]) tid=0
[wb] L662 Some([80, 94, a1, d, a, 0, 0, 0]) tid=0
[wb] L663 Some([80, 94, a1, d, a, 0, 0, 0]) tid=0
[wb] L664 Some([80, 94, a1, d, a, 0, 0, 0]) tid=0
[wb] L665 Some([80, 94, a1, d, a, 0, 0, 0]) tid=0
[wb] L666 Some([80, 94, a1, d, a, 0, 0, 0]) tid=0
[wb] L667 Some([80, 94, a1, d, a, 0, 0, 0]) tid=0
[wb] L668 Some([80, 94, a1, d, a, 0, 0, 0]) tid=0
[wb] L669 Some([80, 94, a1, d, a, 0, 0, 0]) tid=0
[wb] L670 Some([80, 94, a1, d, a, 0, 0, 0]) tid=0
[wb] L671 Some([80, 94, a1, d, a, 0, 0, 0]) tid=0
[wb] L672 Some([80, 94, a1, d, a, 0, 0, 0]) tid=0
[wb] L673 Some([80, 94, a1, d, a, 0, 0, 0]) tid=0
[wb] L674 Some([80, 94, a1, d, a, 0, 0, 0]) tid=0
[wb] L675 Some([80, 94, a1, d, a, 0, 0, 0]) tid=0
[wb] L676 Some([80, 94, a1, d, a, 0, 0, 0]) tid=0
[wb] L677 Some([80, 94, a1, d, a, 0, 0, 0]) tid=0
[wb] L678 Some([80, 94, a1, d, a, 0, 0, 0]) tid=0
[wb] L679 Some([80, 94, a1, d, a, 0, 0, 0]) tid=0
[wb] L680 Some([80, 94, a1, d, a, 0, 0, 0]) tid=0
[wb] L681 Some([80, 94, a1, d, a, 0, 0, 0]) tid=0
[wb] L682 Some([80, 94, a1, d, a, 0, 0, 0]) tid=0
[wb] L683 Some([80, 94, a1, d, a, 0, 0, 0]) tid=0
[wb] L684 Some([80, 94, a1, d, a, 0, 0, 0]) tid=0
[wb] L685 Some([80, 94, a1, d, a, 0, 0, 0]) tid=0
[wb] L686 Some([80, 94, a1, d, a, 0, 0, 0]) tid=0
[wb] L687 Some([80, 94, a1, d, a, 0, 0, 0]) tid=0
[wb] L688 Some([80, 94, a1, d, a, 0, 0, 0]) tid=0
[wb] L689 Some([80, 94, a1, d, a, 0, 0, 0]) tid=0
[wb] L690 Some([80, 94, a1, d, a, 0, 0, 0]) tid=0
[wb] L691 Some([80, 94, a1, d, a, 0, 0, 0]) tid=0
[wb] L692 Some([80, 94, a1, d, a, 0, 0, 0]) tid=0
[wb] L693 Some([80, 94, a1, d, a, 0, 0, 0]) tid=0
[wb] L694 Some([80, 94, a1, d, a, 0, 0, 0]) tid=0
[wb] L695 Some([80, 94, a1, d, a, 0, 0, 0]) tid=0
[wb] L696 Some([80, 94, a1, d, a, 0, 0, 0]) tid=0
[wb] L697 Some([80, 94, a1, d, a, 0, 0, 0]) tid=0
[wb] L698 Some([80, 94, a1, d, a, 0, 0, 0]) tid=0
[wb] L699 Some([80, 94, a1, d, a, 0, 0, 0]) tid=0
[wb] L700 Some([80, 94, a1, d, a, 0, 0, 0]) tid=0
[wb] L700 Some([80, 94, a1, d, a, 0, 0, 0]) tid=0
[wb] L700 Some([80, 94, a1, d, a, 0, 0, 0]) tid=0
[wb] L701 Some([80, 94, a1, d, a, 0, 0, 0]) tid=0
[wb] L702 Some([80, 94, a1, d, a, 0, 0, 0]) tid=0
[wb] L703 Some([80, 94, a1, d, a, 0, 0, 0]) tid=0
[wb] L704 Some([80, 94, a1, d, a, 0, 0, 0]) tid=0
[wb] L705 Some([80, 94, a1, d, a, 0, 0, 0]) tid=0
[wb] L706 Some([80, 94, a1, d, a, 0, 0, 0]) tid=0
[wb] L707 Some([80, 94, a1, d, a, 0, 0, 0]) tid=0
[wb] L708 Some([80, 94, a1, d, a, 0, 0, 0]) tid=0
[wb] L709 Some([80, 94, a1, d, a, 0, 0, 0]) tid=0
[wb] L710 Some([80, 94, a1, d, a, 0, 0, 0]) tid=0
[wb] L711 Some([80, 94, a1, d, a, 0, 0, 0]) tid=0
[wb] L712 Some([80, 94, a1, d, a, 0, 0, 0]) tid=0
[wb] L713 Some([80, 94, a1, d, a, 0, 0, 0]) tid=0
[wb] L714 Some([80, 94, a1, d, a, 0, 0, 0]) tid=0
[wb] L715 Some([80, 94, a1, d, a, 0, 0, 0]) tid=0
[wb] L716 Some([80, 94, a1, d, a, 0, 0, 0]) tid=0
[wb] L717 Some([80, 94, a1, d, a, 0, 0, 0]) tid=0
[wb] L718 Some([80, 94, a1, d, a, 0, 0, 0]) tid=0
[wb] L719 Some([80, 94, a1, d, a, 0, 0, 0]) tid=0
[wb] L720 Some([80, 94, a1, d, a, 0, 0, 0]) tid=0
[wb] L721 Some([80, 94, a1, d, a, 0, 0, 0]) tid=0
[wb] L722 Some([80, 94, a1, d, a, 0, 0, 0]) tid=0
[wb] L723 Some([80, 94, a1, d, a, 0, 0, 0]) tid=0
[wb] L724 Some([80, 94, a1, d, a, 0, 0, 0]) tid=0
[wb] L725 Some([80, 94, a1, d, a, 0, 0, 0]) tid=0
[wb] L726 Some([80, 94, a1, d, a, 0, 0, 0]) tid=0
[wb] L727 Some([80, 94, a1, d, a, 0, 0, 0]) tid=0
[wb] L728 Some([80, 94, a1, d, a, 0, 0, 0]) tid=0
[wb] L729 Some([80, 94, a1, d, a, 0, 0, 0]) tid=0
[wb] L730 Some([80, 94, a1, d, a, 0, 0, 0]) tid=0
[wb] L731 Some([80, 94, a1, d, a, 0, 0, 0]) tid=0
[wb] L732 Some([80, 94, a1, d, a, 0, 0, 0]) tid=0
[wb] L733 Some([80, 94, a1, d, a, 0, 0, 0]) tid=0
[wb] L734 Some([80, 94, a1, d, a, 0, 0, 0]) tid=0
[wb] L735 Some([80, 94, a1, d, a, 0, 0, 0]) tid=0
[wb] L736 Some([80, 94, a1, d, a, 0, 0, 0]) tid=0
[wb] L737 Some([80, 94, a1, d, a, 0, 0, 0]) tid=0
[wb] L738 Some([80, 94, a1, d, a, 0, 0, 0]) tid=0
[wb] L738 Some([80, 94, a1, d, a, 0, 0, 0]) tid=0
[wb] L739 Some([80, 94, a1, d, a, 0, 0, 0]) tid=0
[wb] L740 Some([80, 94, a1, d, a, 0, 0, 0]) tid=0
[wb] L741 Some([80, 94, a1, d, a, 0, 0, 0]) tid=0
[wb] L742 Some([80, 94, a1, d, a, 0, 0, 0]) tid=0
[wb] L743 Some([80, 94, a1, d, a, 0, 0, 0]) tid=0
[wb] L744 Some([80, 94, a1, d, a, 0, 0, 0]) tid=0
[wb] L745 Some([80, 94, a1, d, a, 0, 0, 0]) tid=0
[wb] L746 Some([80, 94, a1, d, a, 0, 0, 0]) tid=0
[wb] L747 Some([80, 94, a1, d, a, 0, 0, 0]) tid=0
[wb] L748 Some([80, 94, a1, d, a, 0, 0, 0]) tid=0
[wb] L749 Some([80, 94, a1, d, a, 0, 0, 0]) tid=0
[wb] L750 Some([80, 94, a1, d, a, 0, 0, 0]) tid=0
[wb] L750 Some([80, 94, a1, d, a, 0, 0, 0]) tid=0
[wb] L750 Some([80, 94, a1, d, a, 0, 0, 0]) tid=0
[wb] L751 Some([80, 94, a1, d, a, 0, 0, 0]) tid=0
[wb] L752 Some([80, 94, a1, d, a, 0, 0, 0]) tid=0
[wb] L753 Some([80, 94, a1, d, a, 0, 0, 0]) tid=0
[wb] L754 Some([80, 94, a1, d, a, 0, 0, 0]) tid=0
[wb] L755 Some([80, 94, a1, d, a, 0, 0, 0]) tid=0
[wb] L756 Some([80, 94, a1, d, a, 0, 0, 0]) tid=0
[wb] L757 Some([80, 94, a1, d, a, 0, 0, 0]) tid=0
[wb] L758 Some([80, 94, a1, d, a, 0, 0, 0]) tid=0
[wb] L758 Some([80, 94, a1, d, a, 0, 0, 0]) tid=0
[wb] L759 Some([80, 94, a1, d, a, 0, 0, 0]) tid=0
[wb] L760 Some([80, 94, a1, d, a, 0, 0, 0]) tid=0
[wb] L761 Some([80, 94, a1, d, a, 0, 0, 0]) tid=0
[wb] L761 Some([80, 94, a1, d, a, 0, 0, 0]) tid=0
[wb] L761 Some([80, 94, a1, d, a, 0, 0, 0]) tid=0
[wb] L761 Some([80, 94, a1, d, a, 0, 0, 0]) tid=0
[wb] L761 Some([80, 94, a1, d, a, 0, 0, 0]) tid=0
[wb] L761 Some([80, 94, a1, d, a, 0, 0, 0]) tid=0
[wb] L761 Some([80, 94, a1, d, a, 0, 0, 0]) tid=0
[wb] L761 Some([80, 94, a1, d, a, 0, 0, 0]) tid=0
[wb] L761 Some([80, 94, a1, d, a, 0, 0, 0]) tid=0
[wb] L761 Some([80, 94, a1, d, a, 0, 0, 0]) tid=0
[wb] L761 Some([80, 94, a1, d, a, 0, 0, 0]) tid=0
[wb] L761 Some([80, 94, a1, d, a, 0, 0, 0]) tid=0
[wb] L761 Some([80, 94, a1, d, a, 0, 0, 0]) tid=0
[wb] L761 Some([80, 94, a1, d, a, 0, 0, 0]) tid=0
[wb] L761 Some([80, 94, a1, d, a, 0, 0, 0]) tid=0
[wb] L761 Some([80, 94, a1, d, a, 0, 0, 0]) tid=0
[wb] L761 Some([80, 94, a1, d, a, 0, 0, 0]) tid=0
[wb] L761 Some([80, 94, a1, d, a, 0, 0, 0]) tid=0
[wb] L761 Some([80, 94, a1, d, a, 0, 0, 0]) tid=0
[wb] L761 Some([80, 94, a1, d, a, 0, 0, 0]) tid=0
[wb] L761 Some([80, 94, a1, d, a, 0, 0, 0]) tid=0
[wb] L761 Some([80, 94, a1, d, a, 0, 0, 0]) tid=0
[wb] L761 Some([80, 94, a1, d, a, 0, 0, 0]) tid=0
[wb] L761 Some([80, 94, a1, d, a, 0, 0, 0]) tid=0
[wb] L761 Some([80, 94, a1, d, a, 0, 0, 0]) tid=0
[wb] L761 Some([80, 94, a1, d, a, 0, 0, 0]) tid=0
[wb] L761 Some([80, 94, a1, d, a, 0, 0, 0]) tid=0
[wb] L761 Some([80, 94, a1, d, a, 0, 0, 0]) tid=0
[wb] L761 Some([80, 94, a1, d, a, 0, 0, 0]) tid=0
[wb] L761 Some([80, 94, a1, d, a, 0, 0, 0]) tid=0
[wb] L761 Some([80, 94, a1, d, a, 0, 0, 0]) tid=0
[wb] L761 Some([80, 94, a1, d, a, 0, 0, 0]) tid=0
[wb] L761 Some([80, 94, a1, d, a, 0, 0, 0]) tid=0
[wb] L761 Some([80, 94, a1, d, a, 0, 0, 0]) tid=0
[wb] L761 Some([80, 94, a1, d, a, 0, 0, 0]) tid=0
[wb] L761 Some([80, 94, a1, d, a, 0, 0, 0]) tid=0
[wb] L761 Some([80, 94, a1, d, a, 0, 0, 0]) tid=0
[wb] L761 Some([80, 94, a1, d, a, 0, 0, 0]) tid=0
[wb] L761 Some([80, 94, a1, d, a, 0, 0, 0]) tid=0
[wb] L761 Some([80, 94, a1, d, a, 0, 0, 0]) tid=0
[wb] L761 Some([80, 94, a1, d, a, 0, 0, 0]) tid=0
[wb] L761 Some([80, 94, a1, d, a, 0, 0, 0]) tid=0
[wb] L761 Some([80, 94, a1, d, a, 0, 0, 0]) tid=0
[wb] L761 Some([80, 94, a1, d, a, 0, 0, 0]) tid=0
[wb] L761 Some([80, 94, a1, d, a, 0, 0, 0]) tid=0
[wb] L761 Some([80, 94, a1, d, a, 0, 0, 0]) tid=0
[wb] L761 Some([80, 94, a1, d, a, 0, 0, 0]) tid=0
[wb] L761 Some([80, 94, a1, d, a, 0, 0, 0]) tid=0
[wb] L761 Some([80, 94, a1, d, a, 0, 0, 0]) tid=0
[wb] L761 Some([80, 94, a1, d, a, 0, 0, 0]) tid=0
[wb] L761 Some([80, 94, a1, d, a, 0, 0, 0]) tid=0
[wb] L761 Some([80, 94, a1, d, a, 0, 0, 0]) tid=0
[wb] L761 Some([80, 94, a1, d, a, 0, 0, 0]) tid=0
[wb] L761 Some([80, 94, a1, d, a, 0, 0, 0]) tid=0
[wb] L761 Some([80, 94, a1, d, a, 0, 0, 0]) tid=0
[wb] L761 Some([80, 94, a1, d, a, 0, 0, 0]) tid=0
[wb] L761 Some([80, 94, a1, d, a, 0, 0, 0]) tid=0
[wb] L761 Some([80, 94, a1, d, a, 0, 0, 0]) tid=0
[wb] L761 Some([80, 94, a1, d, a, 0, 0, 0]) tid=0
[wb] L761 Some([80, 94, a1, d, a, 0, 0, 0]) tid=0
[wb] L761 Some([80, 94, a1, d, a, 0, 0, 0]) tid=0
[wb] L761 Some([80, 94, a1, d, a, 0, 0, 0]) tid=0
[wb] L761 Some([80, 94, a1, d, a, 0, 0, 0]) tid=0
[wb] L761 Some([80, 94, a1, d, a, 0, 0, 0]) tid=0
[wb] L761 Some([80, 94, a1, d, a, 0, 0, 0]) tid=0
[wb] L761 Some([80, 94, a1, d, a, 0, 0, 0]) tid=0
[wb] L761 Some([80, 94, a1, d, a, 0, 0, 0]) tid=0
[wb] L761 Some([80, 94, a1, d, a, 0, 0, 0]) tid=0
[wb] L761 Some([80, 94, a1, d, a, 0, 0, 0]) tid=0
[wb] L761 Some([80, 94, a1, d, a, 0, 0, 0]) tid=0
[wb] L761 Some([80, 94, a1, d, a, 0, 0, 0]) tid=0
[wb] L761 Some([80, 94, a1, d, a, 0, 0, 0]) tid=0
[wb] L761 Some([80, 94, a1, d, a, 0, 0, 0]) tid=0
[wb] L761 Some([80, 94, a1, d, a, 0, 0, 0]) tid=0
[wb] L761 Some([80, 94, a1, d, a, 0, 0, 0]) tid=0
[wb] L761 Some([80, 94, a1, d, a, 0, 0, 0]) tid=0
[wb] L761 Some([80, 94, a1, d, a, 0, 0, 0]) tid=0
[wb] L761 Some([80, 94, a1, d, a, 0, 0, 0]) tid=0
[wb] L761 Some([80, 94, a1, d, a, 0, 0, 0]) tid=0
[wb] L761 Some([80, 94, a1, d, a, 0, 0, 0]) tid=0
[wb] L761 Some([80, 94, a1, d, a, 0, 0, 0]) tid=0
[wb] L761 Some([80, 94, a1, d, a, 0, 0, 0]) tid=0
[wb] L761 Some([80, 94, a1, d, a, 0, 0, 0]) tid=0
[wb] L761 Some([80, 94, a1, d, a, 0, 0, 0]) tid=0
[wb] L761 Some([80, 94, a1, d, a, 0, 0, 0]) tid=0
[wb] L761 Some([80, 94, a1, d, a, 0, 0, 0]) tid=0
[wb] L761 Some([80, 94, a1, d, a, 0, 0, 0]) tid=0
[wb] L761 Some([80, 94, a1, d, a, 0, 0, 0]) tid=0
[wb] L761 Some([80, 94, a1, d, a, 0, 0, 0]) tid=0
[wb] L761 Some([80, 94, a1, d, a, 0, 0, 0]) tid=0
[wb] L761 Some([80, 94, a1, d, a, 0, 0, 0]) tid=0
[wb] L761 Some([80, 94, a1, d, a, 0, 0, 0]) tid=0
[wb] L761 Some([80, 94, a1, d, a, 0, 0, 0]) tid=0
[wb] L761 Some([80, 94, a1, d, a, 0, 0, 0]) tid=0
[wb] L761 Some([80, 94, a1, d, a, 0, 0, 0]) tid=0
[wb] L761 Some([80, 94, a1, d, a, 0, 0, 0]) tid=0
[wb] L761 Some([80, 94, a1, d, a, 0, 0, 0]) tid=0
[wb] L761 Some([80, 94, a1, d, a, 0, 0, 0]) tid=0
[wb] L761 Some([80, 94, a1, d, a, 0, 0, 0]) tid=0
[wb] L761 Some([80, 94, a1, d, a, 0, 0, 0]) tid=0
[wb] L761 Some([80, 94, a1, d, a, 0, 0, 0]) tid=0
[wb] L761 Some([80, 94, a1, d, a, 0, 0, 0]) tid=0
[wb] L761 Some([80, 94, a1, d, a, 0, 0, 0]) tid=0
[wb] L761 Some([80, 94, a1, d, a, 0, 0, 0]) tid=0
[wb] L761 Some([80, 94, a1, d, a, 0, 0, 0]) tid=0
[wb] L761 Some([80, 94, a1, d, a, 0, 0, 0]) tid=0
[wb] L761 Some([80, 94, a1, d, a, 0, 0, 0]) tid=0
[wb] L761 Some([80, 94, a1, d, a, 0, 0, 0]) tid=0
[wb] L761 Some([80, 94, a1, d, a, 0, 0, 0]) tid=0
[wb] L761 Some([80, 94, a1, d, a, 0, 0, 0]) tid=0
[wb] L761 Some([80, 94, a1, d, a, 0, 0, 0]) tid=0
[wb] L761 Some([80, 94, a1, d, a, 0, 0, 0]) tid=0
[wb] L761 Some([80, 94, a1, d, a, 0, 0, 0]) tid=0
[wb] L761 Some([80, 94, a1, d, a, 0, 0, 0]) tid=0
[wb] L761 Some([80, 94, a1, d, a, 0, 0, 0]) tid=0
[wb] L761 Some([80, 94, a1, d, a, 0, 0, 0]) tid=0
[wb] L761 Some([80, 94, a1, d, a, 0, 0, 0]) tid=0
[wb] L761 Some([80, 94, a1, d, a, 0, 0, 0]) tid=0
[wb] L761 Some([80, 94, a1, d, a, 0, 0, 0]) tid=0
[wb] L761 Some([80, 94, a1, d, a, 0, 0, 0]) tid=0
[wb] L761 Some([80, 94, a1, d, a, 0, 0, 0]) tid=0
[wb] L761 Some([80, 94, a1, d, a, 0, 0, 0]) tid=0
[wb] L761 Some([80, 94, a1, d, a, 0, 0, 0]) tid=0
[wb] L761 Some([80, 94, a1, d, a, 0, 0, 0]) tid=0
[wb] L761 Some([80, 94, a1, d, a, 0, 0, 0]) tid=0
[wb] L761 Some([80, 94, a1, d, a, 0, 0, 0]) tid=0
[wb] L761 Some([80, 94, a1, d, a, 0, 0, 0]) tid=0
[wb] L761 Some([80, 94, a1, d, a, 0, 0, 0]) tid=0
[wb] L761 Some([80, 94, a1, d, a, 0, 0, 0]) tid=0
[wb] L761 Some([80, 94, a1, d, a, 0, 0, 0]) tid=0
[wb] L761 Some([80, 94, a1, d, a, 0, 0, 0]) tid=0
[wb] L761 Some([80, 94, a1, d, a, 0, 0, 0]) tid=0
[wb] L761 Some([80, 94, a1, d, a, 0, 0, 0]) tid=0
[wb] L761 Some([80, 94, a1, d, a, 0, 0, 0]) tid=0
[wb] L761 Some([80, 94, a1, d, a, 0, 0, 0]) tid=0
[wb] L761 Some([80, 94, a1, d, a, 0, 0, 0]) tid=0
[wb] L761 Some([80, 94, a1, d, a, 0, 0, 0]) tid=0
[wb] L761 Some([80, 94, a1, d, a, 0, 0, 0]) tid=0
[wb] L761 Some([80, 94, a1, d, a, 0, 0, 0]) tid=0
[wb] L761 Some([80, 94, a1, d, a, 0, 0, 0]) tid=0
[wb] L761 Some([80, 94, a1, d, a, 0, 0, 0]) tid=0
[wb] L761 Some([80, 94, a1, d, a, 0, 0, 0]) tid=0
[wb] L761 Some([80, 94, a1, d, a, 0, 0, 0]) tid=0
[wb] L761 Some([80, 94, a1, d, a, 0, 0, 0]) tid=0
[wb] L761 Some([80, 94, a1, d, a, 0, 0, 0]) tid=0
[wb] L761 Some([80, 94, a1, d, a, 0, 0, 0]) tid=0
[wb] L761 Some([80, 94, a1, d, a, 0, 0, 0]) tid=0
[wb] L761 Some([80, 94, a1, d, a, 0, 0, 0]) tid=0
[wb] L761 Some([80, 94, a1, d, a, 0, 0, 0]) tid=0
[wb] L761 Some([80, 94, a1, d, a, 0, 0, 0]) tid=0
[wb] L761 Some([80, 94, a1, d, a, 0, 0, 0]) tid=0
[wb] L761 Some([80, 94, a1, d, a, 0, 0, 0]) tid=0
[wb] L761 Some([80, 94, a1, d, a, 0, 0, 0]) tid=0
[wb] L761 Some([80, 94, a1, d, a, 0, 0, 0]) tid=0
[wb] L761 Some([80, 94, a1, d, a, 0, 0, 0]) tid=0
[wb] L761 Some([80, 94, a1, d, a, 0, 0, 0]) tid=0
[wb] L761 Some([80, 94, a1, d, a, 0, 0, 0]) tid=0
[wb] L761 Some([80, 94, a1, d, a, 0, 0, 0]) tid=0
[wb] L761 Some([80, 94, a1, d, a, 0, 0, 0]) tid=0
[wb] L761 Some([80, 94, a1, d, a, 0, 0, 0]) tid=0
[wb] L761 Some([80, 94, a1, d, a, 0, 0, 0]) tid=0
[wb] L761 Some([80, 94, a1, d, a, 0, 0, 0]) tid=0
[wb] L761 Some([80, 94, a1, d, a, 0, 0, 0]) tid=0
[wb] L761 Some([80, 94, a1, d, a, 0, 0, 0]) tid=0
[wb] L761 Some([80, 94, a1, d, a, 0, 0, 0]) tid=0
[wb] L761 Some([80, 94, a1, d, a, 0, 0, 0]) tid=0
[wb] L761 Some([80, 94, a1, d, a, 0, 0, 0]) tid=0
[wb] L761 Some([80, 94, a1, d, a, 0, 0, 0]) tid=0
[wb] L761 Some([80, 94, a1, d, a, 0, 0, 0]) tid=0
[wb] L761 Some([80, 94, a1, d, a, 0, 0, 0]) tid=0
[wb] L761 Some([80, 94, a1, d, a, 0, 0, 0]) tid=0
[wb] L761 Some([80, 94, a1, d, a, 0, 0, 0]) tid=0
[wb] L761 Some([80, 94, a1, d, a, 0, 0, 0]) tid=0
[wb] L761 Some([80, 94, a1, d, a, 0, 0, 0]) tid=0
[wb] L761 Some([80, 94, a1, d, a, 0, 0, 0]) tid=0
[wb] L761 Some([80, 94, a1, d, a, 0, 0, 0]) tid=0
[wb] L761 Some([80, 94, a1, d, a, 0, 0, 0]) tid=0
[wb] L761 Some([80, 94, a1, d, a, 0, 0, 0]) tid=0
[wb] L761 Some([80, 94, a1, d, a, 0, 0, 0]) tid=0
[wb] L761 Some([80, 94, a1, d, a, 0, 0, 0]) tid=0
[wb] L761 Some([80, 94, a1, d, a, 0, 0, 0]) tid=0
[wb] L761 Some([80, 94, a1, d, a, 0, 0, 0]) tid=0
[wb] L761 Some([80, 94, a1, d, a, 0, 0, 0]) tid=0
[wb] L761 Some([80, 94, a1, d, a, 0, 0, 0]) tid=0
[wb] L761 Some([80, 94, a1, d, a, 0, 0, 0]) tid=0
[wb] L761 Some([80, 94, a1, d, a, 0, 0, 0]) tid=0
[wb] L761 Some([80, 94, a1, d, a, 0, 0, 0]) tid=0
[wb] L761 Some([80, 94, a1, d, a, 0, 0, 0]) tid=0
[wb] L761 Some([80, 94, a1, d, a, 0, 0, 0]) tid=0
[wb] L761 Some([80, 94, a1, d, a, 0, 0, 0]) tid=0
[wb] L761 Some([80, 94, a1, d, a, 0, 0, 0]) tid=0
[wb] L761 Some([80, 94, a1, d, a, 0, 0, 0]) tid=0
[wb] L761 Some([80, 94, a1, d, a, 0, 0, 0]) tid=0
[wb] L761 Some([80, 94, a1, d, a, 0, 0, 0]) tid=0
[wb] L761 Some([80, 94, a1, d, a, 0, 0, 0]) tid=0
[wb] L761 Some([80, 94, a1, d, a, 0, 0, 0]) tid=0
[wb] L761 Some([80, 94, a1, d, a, 0, 0, 0]) tid=0
[wb] L761 Some([80, 94, a1, d, a, 0, 0, 0]) tid=0
[wb] L761 Some([80, 94, a1, d, a, 0, 0, 0]) tid=0
[wb] L761 Some([80, 94, a1, d, a, 0, 0, 0]) tid=0
[wb] L761 Some([80, 94, a1, d, a, 0, 0, 0]) tid=0
[wb] L761 Some([80, 94, a1, d, a, 0, 0, 0]) tid=0
[wb] L761 Some([80, 94, a1, d, a, 0, 0, 0]) tid=0
[wb] L761 Some([80, 94, a1, d, a, 0, 0, 0]) tid=0
[wb] L761 Some([80, 94, a1, d, a, 0, 0, 0]) tid=0
[wb] L761 Some([80, 94, a1, d, a, 0, 0, 0]) tid=0
[wb] L761 Some([80, 94, a1, d, a, 0, 0, 0]) tid=0
[wb] L761 Some([80, 94, a1, d, a, 0, 0, 0]) tid=0
[wb] L761 Some([80, 94, a1, d, a, 0, 0, 0]) tid=0
[wb] L761 Some([80, 94, a1, d, a, 0, 0, 0]) tid=0
[wb] L761 Some([80, 94, a1, d, a, 0, 0, 0]) tid=0
[wb] L761 Some([80, 94, a1, d, a, 0, 0, 0]) tid=0
[wb] L761 Some([80, 94, a1, d, a, 0, 0, 0]) tid=0
[wb] L761 Some([80, 94, a1, d, a, 0, 0, 0]) tid=0
[wb] L761 Some([80, 94, a1, d, a, 0, 0, 0]) tid=0
[wb] L761 Some([80, 94, a1, d, a, 0, 0, 0]) tid=0
[wb] L761 Some([80, 94, a1, d, a, 0, 0, 0]) tid=0
[wb] L761 Some([80, 94, a1, d, a, 0, 0, 0]) tid=0
[wb] L761 Some([80, 94, a1, d, a, 0, 0, 0]) tid=0
[wb] L761 Some([80, 94, a1, d, a, 0, 0, 0]) tid=0
[wb] L761 Some([80, 94, a1, d, a, 0, 0, 0]) tid=0
[wb] L761 Some([80, 94, a1, d, a, 0, 0, 0]) tid=0
[wb] L761 Some([80, 94, a1, d, a, 0, 0, 0]) tid=0
[wb] L761 Some([80, 94, a1, d, a, 0, 0, 0]) tid=0
[wb] L761 Some([80, 94, a1, d, a, 0, 0, 0]) tid=0
[wb] L761 Some([80, 94, a1, d, a, 0, 0, 0]) tid=0
[wb] L761 Some([80, 94, a1, d, a, 0, 0, 0]) tid=0
[wb] L761 Some([80, 94, a1, d, a, 0, 0, 0]) tid=0
[wb] L761 Some([80, 94, a1, d, a, 0, 0, 0]) tid=0
[wb] L761 Some([80, 94, a1, d, a, 0, 0, 0]) tid=0
[wb] L761 Some([80, 94, a1, d, a, 0, 0, 0]) tid=0
[wb] L761 Some([80, 94, a1, d, a, 0, 0, 0]) tid=0
[wb] L761 Some([80, 94, a1, d, a, 0, 0, 0]) tid=0
[wb] L761 Some([80, 94, a1, d, a, 0, 0, 0]) tid=0
[wb] L761 Some([80, 94, a1, d, a, 0, 0, 0]) tid=0
[wb] L761 Some([80, 94, a1, d, a, 0, 0, 0]) tid=0
[wb] L761 Some([80, 94, a1, d, a, 0, 0, 0]) tid=0
[wb] L761 Some([80, 94, a1, d, a, 0, 0, 0]) tid=0
[wb] L761 Some([80, 94, a1, d, a, 0, 0, 0]) tid=0
[wb] L761 Some([80, 94, a1, d, a, 0, 0, 0]) tid=0
[wb] L761 Some([80, 94, a1, d, a, 0, 0, 0]) tid=0
[wb] L761 Some([80, 94, a1, d, a, 0, 0, 0]) tid=0
[wb] L761 Some([80, 94, a1, d, a, 0, 0, 0]) tid=0
[wb] L761 Some([80, 94, a1, d, a, 0, 0, 0]) tid=0
[wb] L761 Some([80, 94, a1, d, a, 0, 0, 0]) tid=0
[wb] L761 Some([80, 94, a1, d, a, 0, 0, 0]) tid=0
[wb] L761 Some([80, 94, a1, d, a, 0, 0, 0]) tid=0
[wb] L761 Some([80, 94, a1, d, a, 0, 0, 0]) tid=0
[wb] L761 Some([80, 94, a1, d, a, 0, 0, 0]) tid=0
[wb] L761 Some([80, 94, a1, d, a, 0, 0, 0]) tid=0
[wb] L761 Some([80, 94, a1, d, a, 0, 0, 0]) tid=0
[wb] L761 Some([80, 94, a1, d, a, 0, 0, 0]) tid=0
[wb] L761 Some([80, 94, a1, d, a, 0, 0, 0]) tid=0
[wb] L761 Some([80, 94, a1, d, a, 0, 0, 0]) tid=0
[wb] L761 Some([80, 94, a1, d, a, 0, 0, 0]) tid=0
[wb] L761 Some([80, 94, a1, d, a, 0, 0, 0]) tid=0
[wb] L761 Some([80, 94, a1, d, a, 0, 0, 0]) tid=0
[wb] L761 Some([80, 94, a1, d, a, 0, 0, 0]) tid=0
[wb] L761 Some([80, 94, a1, d, a, 0, 0, 0]) tid=0
[wb] L761 Some([80, 94, a1, d, a, 0, 0, 0]) tid=0
[wb] L761 Some([80, 94, a1, d, a, 0, 0, 0]) tid=0
[wb] L761 Some([80, 94, a1, d, a, 0, 0, 0]) tid=0
[wb] L761 Some([80, 94, a1, d, a, 0, 0, 0]) tid=0
[wb] L761 Some([80, 94, a1, d, a, 0, 0, 0]) tid=0
[wb] L761 Some([80, 94, a1, d, a, 0, 0, 0]) tid=0
[wb] L761 Some([80, 94, a1, d, a, 0, 0, 0]) tid=0
[wb] L761 Some([80, 94, a1, d, a, 0, 0, 0]) tid=0
[wb] L761 Some([80, 94, a1, d, a, 0, 0, 0]) tid=0
[wb] L761 Some([80, 94, a1, d, a, 0, 0, 0]) tid=0
[wb] L761 Some([80, 94, a1, d, a, 0, 0, 0]) tid=0
[wb] L761 Some([80, 94, a1, d, a, 0, 0, 0]) tid=0
[wb] L761 Some([80, 94, a1, d, a, 0, 0, 0]) tid=0
[wb] L761 Some([80, 94, a1, d, a, 0, 0, 0]) tid=0
[wb] L761 Some([80, 94, a1, d, a, 0, 0, 0]) tid=0
[wb] L761 Some([80, 94, a1, d, a, 0, 0, 0]) tid=0
[wb] L761 Some([80, 94, a1, d, a, 0, 0, 0]) tid=0
[wb] L761 Some([80, 94, a1, d, a, 0, 0, 0]) tid=0
[wb] L761 Some([80, 94, a1, d, a, 0, 0, 0]) tid=0
[wb] L761 Some([80, 94, a1, d, a, 0, 0, 0]) tid=0
[wb] L761 Some([80, 94, a1, d, a, 0, 0, 0]) tid=0
[wb] L761 Some([80, 94, a1, d, a, 0, 0, 0]) tid=0
[wb] L761 Some([80, 94, a1, d, a, 0, 0, 0]) tid=0
[wb] L761 Some([80, 94, a1, d, a, 0, 0, 0]) tid=0
[wb] L761 Some([80, 94, a1, d, a, 0, 0, 0]) tid=0
[wb] L761 Some([80, 94, a1, d, a, 0, 0, 0]) tid=0
[wb] L761 Some([80, 94, a1, d, a, 0, 0, 0]) tid=0
[wb] L761 Some([80, 94, a1, d, a, 0, 0, 0]) tid=0
[wb] L761 Some([80, 94, a1, d, a, 0, 0, 0]) tid=0
[wb] L761 Some([80, 94, a1, d, a, 0, 0, 0]) tid=0
[wb] L761 Some([80, 94, a1, d, a, 0, 0, 0]) tid=0
[wb] L761 Some([80, 94, a1, d, a, 0, 0, 0]) tid=0
[wb] L761 Some([80, 94, a1, d, a, 0, 0, 0]) tid=0
[wb] L761 Some([80, 94, a1, d, a, 0, 0, 0]) tid=0
[wb] L761 Some([80, 94, a1, d, a, 0, 0, 0]) tid=0
[wb] L761 Some([80, 94, a1, d, a, 0, 0, 0]) tid=0
[wb] L761 Some([80, 94, a1, d, a, 0, 0, 0]) tid=0
[wb] L761 Some([80, 94, a1, d, a, 0, 0, 0]) tid=0
[wb] L761 Some([80, 94, a1, d, a, 0, 0, 0]) tid=0
[wb] L761 Some([80, 94, a1, d, a, 0, 0, 0]) tid=0
[wb] L761 Some([80, 94, a1, d, a, 0, 0, 0]) tid=0
[wb] L761 Some([80, 94, a1, d, a, 0, 0, 0]) tid=0
[wb] L761 Some([80, 94, a1, d, a, 0, 0, 0]) tid=0
[wb] L761 Some([80, 94, a1, d, a, 0, 0, 0]) tid=0
[wb] L761 Some([80, 94, a1, d, a, 0, 0, 0]) tid=0
[wb] L761 Some([80, 94, a1, d, a, 0, 0, 0]) tid=0
[wb] L761 Some([80, 94, a1, d, a, 0, 0, 0]) tid=0
[wb] L761 Some([80, 94, a1, d, a, 0, 0, 0]) tid=0
[wb] L761 Some([80, 94, a1, d, a, 0, 0, 0]) tid=0
[wb] L761 Some([80, 94, a1, d, a, 0, 0, 0]) tid=0
[wb] L761 Some([80, 94, a1, d, a, 0, 0, 0]) tid=0
[wb] L761 Some([80, 94, a1, d, a, 0, 0, 0]) tid=0
[wb] L761 Some([80, 94, a1, d, a, 0, 0, 0]) tid=0
[wb] L761 Some([80, 94, a1, d, a, 0, 0, 0]) tid=0
[wb] L761 Some([80, 94, a1, d, a, 0, 0, 0]) tid=0
[wb] L761 Some([80, 94, a1, d, a, 0, 0, 0]) tid=0
[wb] L761 Some([80, 94, a1, d, a, 0, 0, 0]) tid=0
[wb] L761 Some([80, 94, a1, d, a, 0, 0, 0]) tid=0
[wb] L761 Some([80, 94, a1, d, a, 0, 0, 0]) tid=0
[wb] L761 Some([80, 94, a1, d, a, 0, 0, 0]) tid=0
[wb] L761 Some([80, 94, a1, d, a, 0, 0, 0]) tid=0
[wb] L761 Some([80, 94, a1, d, a, 0, 0, 0]) tid=0
[wb] L761 Some([80, 94, a1, d, a, 0, 0, 0]) tid=0
[wb] L761 Some([80, 94, a1, d, a, 0, 0, 0]) tid=0
[wb] L761 Some([80, 94, a1, d, a, 0, 0, 0]) tid=0
[wb] L761 Some([80, 94, a1, d, a, 0, 0, 0]) tid=0
[wb] L761 Some([80, 94, a1, d, a, 0, 0, 0]) tid=0
[wb] L761 Some([80, 94, a1, d, a, 0, 0, 0]) tid=0
[wb] L761 Some([80, 94, a1, d, a, 0, 0, 0]) tid=0
[wb] L761 Some([80, 94, a1, d, a, 0, 0, 0]) tid=0
[wb] L761 Some([80, 94, a1, d, a, 0, 0, 0]) tid=0
[wb] L761 Some([80, 94, a1, d, a, 0, 0, 0]) tid=0
[wb] L761 Some([80, 94, a1, d, a, 0, 0, 0]) tid=0
[wb] L761 Some([80, 94, a1, d, a, 0, 0, 0]) tid=0
[wb] L761 Some([80, 94, a1, d, a, 0, 0, 0]) tid=0
[wb] L761 Some([80, 94, a1, d, a, 0, 0, 0]) tid=0
[wb] L761 Some([80, 94, a1, d, a, 0, 0, 0]) tid=0
[wb] L761 Some([80, 94, a1, d, a, 0, 0, 0]) tid=0
[wb] L761 Some([80, 94, a1, d, a, 0, 0, 0]) tid=0
[wb] L762 Some([80, 94, a1, d, a, 0, 0, 0]) tid=0
[wb] L763 Some([80, 94, a1, d, a, 0, 0, 0]) tid=0
[wb] L764 Some([80, 94, a1, d, a, 0, 0, 0]) tid=0
[wb] L764 Some([80, 94, a1, d, a, 0, 0, 0]) tid=0
[wb] L765 Some([80, 94, a1, d, a, 0, 0, 0]) tid=0
[wb] L766 Some([80, 94, a1, d, a, 0, 0, 0]) tid=0
[wb] L766 Some([80, 94, a1, d, a, 0, 0, 0]) tid=0
[wb] L766 Some([80, 94, a1, d, a, 0, 0, 0]) tid=0
[wb] L766 Some([80, 94, a1, d, a, 0, 0, 0]) tid=0
[wb] L766 Some([80, 94, a1, d, a, 0, 0, 0]) tid=0
[wb] L766 Some([80, 94, a1, d, a, 0, 0, 0]) tid=0
[wb] L767 Some([80, 94, a1, d, a, 0, 0, 0]) tid=0
[wb] L768 Some([80, 94, a1, d, a, 0, 0, 0]) tid=0
[wb] L768 Some([80, 94, a1, d, a, 0, 0, 0]) tid=0
[wb] L769 Some([80, 94, a1, d, a, 0, 0, 0]) tid=0
[wb] L769 Some([80, 94, a1, d, a, 0, 0, 0]) tid=0
[wb] L769 Some([80, 94, a1, d, a, 0, 0, 0]) tid=0
[wb] L769 Some([80, 94, a1, d, a, 0, 0, 0]) tid=0
[wb] L769 Some([80, 94, a1, d, a, 0, 0, 0]) tid=0
[wb] L770 Some([80, 94, a1, d, a, 0, 0, 0]) tid=0
[wb] L770 Some([80, 94, a1, d, a, 0, 0, 0]) tid=0
[wb] L770 Some([80, 94, a1, d, a, 0, 0, 0]) tid=0
[wb] L771 Some([80, 94, a1, d, a, 0, 0, 0]) tid=0
[wb] L772 Some([80, 94, a1, d, a, 0, 0, 0]) tid=0
[wb] L772 Some([80, 94, a1, d, a, 0, 0, 0]) tid=0
[retrace] forwarding mach_msg2 host_info (msgh_id 200) to host (decided allowlist)
[wb] L773 Some([80, 94, a1, d, a, 0, 0, 0]) tid=0
[wb] L773 Some([80, 94, a1, d, a, 0, 0, 0]) tid=0
[wb] L774 Some([80, 94, a1, d, a, 0, 0, 0]) tid=0
[wb] L774 Some([80, 94, a1, d, a, 0, 0, 0]) tid=0
[wb] L775 Some([80, 94, a1, d, a, 0, 0, 0]) tid=0
[wb] L776 Some([80, 94, a1, d, a, 0, 0, 0]) tid=0
[wb] L777 Some([80, 94, a1, d, a, 0, 0, 0]) tid=0
[wb] L777 Some([80, 94, a1, d, a, 0, 0, 0]) tid=0
[wb] L777 Some([80, 94, a1, d, a, 0, 0, 0]) tid=0
[wb] L778 Some([80, 94, a1, d, a, 0, 0, 0]) tid=0
[wb] L778 Some([80, 94, a1, d, a, 0, 0, 0]) tid=0
[wb] L778 Some([80, 94, a1, d, a, 0, 0, 0]) tid=0
[wb] L778 Some([80, 94, a1, d, a, 0, 0, 0]) tid=0
[wb] L778 Some([80, 94, a1, d, a, 0, 0, 0]) tid=0
[wb] L778 Some([80, 94, a1, d, a, 0, 0, 0]) tid=0
[wb] L778 Some([80, 94, a1, d, a, 0, 0, 0]) tid=0
[wb] L779 Some([80, 94, a1, d, a, 0, 0, 0]) tid=0
[retrace] forwarding mach_msg2 host_get_clock_service (msgh_id 206) to host (decided allowlist)
[wb] L780 Some([80, 94, a1, d, a, 0, 0, 0]) tid=0
[retrace] forwarding mach_msg2 semaphore_create (msgh_id 3418) to host (decided allowlist)
[wb] L781 Some([80, 94, a1, d, a, 0, 0, 0]) tid=0
[wb] L782 Some([80, 94, a1, d, a, 0, 0, 0]) tid=0
[wb] L782 Some([80, 94, a1, d, a, 0, 0, 0]) tid=0
[wb] L782 Some([80, 94, a1, d, a, 0, 0, 0]) tid=0
[wb] L782 Some([80, 94, a1, d, a, 0, 0, 0]) tid=0
[wb] L782 Some([80, 94, a1, d, a, 0, 0, 0]) tid=0
[wb] L782 Some([80, 94, a1, d, a, 0, 0, 0]) tid=0
[wb] L782 Some([80, 94, a1, d, a, 0, 0, 0]) tid=0
[wb] L782 Some([80, 94, a1, d, a, 0, 0, 0]) tid=0
[wb] L782 Some([80, 94, a1, d, a, 0, 0, 0]) tid=0
[wb] L782 Some([80, 94, a1, d, a, 0, 0, 0]) tid=0
[wb] L782 Some([80, 94, a1, d, a, 0, 0, 0]) tid=0
[wb] L782 Some([80, 94, a1, d, a, 0, 0, 0]) tid=0
[wb] L782 Some([80, 94, a1, d, a, 0, 0, 0]) tid=0
[wb] L782 Some([80, 94, a1, d, a, 0, 0, 0]) tid=0
[wb] L782 Some([80, 94, a1, d, a, 0, 0, 0]) tid=0
[wb] L782 Some([80, 94, a1, d, a, 0, 0, 0]) tid=0
[wb] L782 Some([80, 94, a1, d, a, 0, 0, 0]) tid=0
[wb] L782 Some([80, 94, a1, d, a, 0, 0, 0]) tid=0
[wb] L783 Some([80, 94, a1, d, a, 0, 0, 0]) tid=0
[wb] L783 Some([80, 94, a1, d, a, 0, 0, 0]) tid=0
[wb] L784 Some([80, 94, a1, d, a, 0, 0, 0]) tid=0
[wb] L785 Some([80, 94, a1, d, a, 0, 0, 0]) tid=0
[wb] L786 Some([80, 94, a1, d, a, 0, 0, 0]) tid=0
[wb] L787 Some([80, 94, a1, d, a, 0, 0, 0]) tid=0
[wb] L787 Some([80, 94, a1, d, a, 0, 0, 0]) tid=0
[wb] L787 Some([80, 94, a1, d, a, 0, 0, 0]) tid=0
[wb] L787 Some([80, 94, a1, d, a, 0, 0, 0]) tid=0
[wb] L787 Some([80, 94, a1, d, a, 0, 0, 0]) tid=0
[wb] L788 Some([80, 94, a1, d, a, 0, 0, 0]) tid=0
[wb] L788 Some([80, 94, a1, d, a, 0, 0, 0]) tid=0
[wb] L789 Some([80, 94, a1, d, a, 0, 0, 0]) tid=0
[wb] L789 Some([80, 94, a1, d, a, 0, 0, 0]) tid=0
[wb] L789 Some([80, 94, a1, d, a, 0, 0, 0]) tid=0
[wb] L789 Some([80, 94, a1, d, a, 0, 0, 0]) tid=0
[wb] L789 Some([80, 94, a1, d, a, 0, 0, 0]) tid=0
[wb] L789 Some([80, 94, a1, d, a, 0, 0, 0]) tid=0
[wb] L789 Some([80, 94, a1, d, a, 0, 0, 0]) tid=0
[wb] L790 Some([80, 94, a1, d, a, 0, 0, 0]) tid=0
[wb] L790 Some([80, 94, a1, d, a, 0, 0, 0]) tid=0
[wb] L791 Some([80, 94, a1, d, a, 0, 0, 0]) tid=0
[wb] L791 Some([80, 94, a1, d, a, 0, 0, 0]) tid=0
[wb] L791 Some([80, 94, a1, d, a, 0, 0, 0]) tid=0
[wb] L791 Some([80, 94, a1, d, a, 0, 0, 0]) tid=0
[wb] L791 Some([80, 94, a1, d, a, 0, 0, 0]) tid=0
[wb] L791 Some([80, 94, a1, d, a, 0, 0, 0]) tid=0
[wb] L791 Some([80, 94, a1, d, a, 0, 0, 0]) tid=0
[wb] L791 Some([80, 94, a1, d, a, 0, 0, 0]) tid=0
[wb] L791 Some([80, 94, a1, d, a, 0, 0, 0]) tid=0
[wb] L791 Some([80, 94, a1, d, a, 0, 0, 0]) tid=0
[wb] L791 Some([80, 94, a1, d, a, 0, 0, 0]) tid=0
[wb] L792 Some([80, 94, a1, d, a, 0, 0, 0]) tid=0
[wb] L792 Some([80, 94, a1, d, a, 0, 0, 0]) tid=0
[wb] L792 Some([80, 94, a1, d, a, 0, 0, 0]) tid=0
[wb] L792 Some([80, 94, a1, d, a, 0, 0, 0]) tid=0
[wb] L792 Some([80, 94, a1, d, a, 0, 0, 0]) tid=0
[wb] L792 Some([80, 94, a1, d, a, 0, 0, 0]) tid=0
[wb] L792 Some([80, 94, a1, d, a, 0, 0, 0]) tid=0
[wb] L792 Some([80, 94, a1, d, a, 0, 0, 0]) tid=0
[wb] L792 Some([80, 94, a1, d, a, 0, 0, 0]) tid=0
[wb] L792 Some([80, 94, a1, d, a, 0, 0, 0]) tid=0
[wb] L792 Some([80, 94, a1, d, a, 0, 0, 0]) tid=0
[wb] L792 Some([80, 94, a1, d, a, 0, 0, 0]) tid=0
[wb] L793 Some([80, 94, a1, d, a, 0, 0, 0]) tid=0
[wb] L794 Some([80, 94, a1, d, a, 0, 0, 0]) tid=0
[wb] L794 Some([80, 94, a1, d, a, 0, 0, 0]) tid=0
[wb] L794 Some([80, 94, a1, d, a, 0, 0, 0]) tid=0
[wb] L794 Some([80, 94, a1, d, a, 0, 0, 0]) tid=0
[wb] L794 Some([80, 94, a1, d, a, 0, 0, 0]) tid=0
[wb] L794 Some([80, 94, a1, d, a, 0, 0, 0]) tid=0
[wb] L795 Some([80, 94, a1, d, a, 0, 0, 0]) tid=0
[wb] L796 Some([80, 94, a1, d, a, 0, 0, 0]) tid=0
[wb] L797 Some([80, 94, a1, d, a, 0, 0, 0]) tid=0
[wb] L798 Some([80, 94, a1, d, a, 0, 0, 0]) tid=0
[wb] L799 Some([80, 94, a1, d, a, 0, 0, 0]) tid=0
[wb] L800 Some([80, 94, a1, d, a, 0, 0, 0]) tid=0
[wb] L801 Some([80, 94, a1, d, a, 0, 0, 0]) tid=0
[wb] L802 Some([80, 94, a1, d, a, 0, 0, 0]) tid=0
[wb] L802 Some([80, 94, a1, d, a, 0, 0, 0]) tid=0
[wb] L803 Some([80, 94, a1, d, a, 0, 0, 0]) tid=0
[wb] L803 Some([80, 94, a1, d, a, 0, 0, 0]) tid=0
[wb] L803 Some([80, 94, a1, d, a, 0, 0, 0]) tid=0
[wb] L803 Some([80, 94, a1, d, a, 0, 0, 0]) tid=0
[wb] L804 Some([80, 94, a1, d, a, 0, 0, 0]) tid=0
[wb] L805 Some([80, 94, a1, d, a, 0, 0, 0]) tid=0
[wb] L806 Some([80, 94, a1, d, a, 0, 0, 0]) tid=0
[wb] L807 Some([80, 94, a1, d, a, 0, 0, 0]) tid=0
[wb] L808 Some([80, 94, a1, d, a, 0, 0, 0]) tid=0
[wb] L809 Some([80, 94, a1, d, a, 0, 0, 0]) tid=0
[wb] L809 Some([80, 94, a1, d, a, 0, 0, 0]) tid=0
[wb] L809 Some([80, 94, a1, d, a, 0, 0, 0]) tid=0
[wb] L810 Some([80, 94, a1, d, a, 0, 0, 0]) tid=0
[wb] L810 Some([80, 94, a1, d, a, 0, 0, 0]) tid=0
[wb] L810 Some([80, 94, a1, d, a, 0, 0, 0]) tid=0
[wb] L811 Some([80, 94, a1, d, a, 0, 0, 0]) tid=0
[wb] L812 Some([80, 94, a1, d, a, 0, 0, 0]) tid=0
[wb] L813 Some([80, 94, a1, d, a, 0, 0, 0]) tid=0
[wb] L814 Some([80, 94, a1, d, a, 0, 0, 0]) tid=0
[wb] L815 Some([80, 94, a1, d, a, 0, 0, 0]) tid=0
[wb] L816 Some([80, 94, a1, d, a, 0, 0, 0]) tid=0
[wb] L817 Some([80, 94, a1, d, a, 0, 0, 0]) tid=0
[wb] L818 Some([80, 94, a1, d, a, 0, 0, 0]) tid=0
[wb] L819 Some([80, 94, a1, d, a, 0, 0, 0]) tid=0
[wb] L819 Some([80, 94, a1, d, a, 0, 0, 0]) tid=0
[wb] L819 Some([80, 94, a1, d, a, 0, 0, 0]) tid=0
[wb] L819 Some([80, 94, a1, d, a, 0, 0, 0]) tid=0
[wb] L820 Some([80, 94, a1, d, a, 0, 0, 0]) tid=0
[wb] L821 Some([80, 94, a1, d, a, 0, 0, 0]) tid=0
[wb] L821 Some([80, 94, a1, d, a, 0, 0, 0]) tid=0
[wb] L821 Some([80, 94, a1, d, a, 0, 0, 0]) tid=0
[wb] L822 Some([80, 94, a1, d, a, 0, 0, 0]) tid=0
[wb] L822 Some([80, 94, a1, d, a, 0, 0, 0]) tid=0
[wb] L822 Some([80, 94, a1, d, a, 0, 0, 0]) tid=0
[wb] L822 Some([80, 94, a1, d, a, 0, 0, 0]) tid=0
[wb] L822 Some([80, 94, a1, d, a, 0, 0, 0]) tid=0
[wb] L822 Some([80, 94, a1, d, a, 0, 0, 0]) tid=0
[wb] L822 Some([80, 94, a1, d, a, 0, 0, 0]) tid=0
[wb] L822 Some([80, 94, a1, d, a, 0, 0, 0]) tid=0
[wb] L822 Some([80, 94, a1, d, a, 0, 0, 0]) tid=0
[wb] L822 Some([80, 94, a1, d, a, 0, 0, 0]) tid=0
[wb] L822 Some([80, 94, a1, d, a, 0, 0, 0]) tid=0
[wb] L822 Some([80, 94, a1, d, a, 0, 0, 0]) tid=0
[wb] L822 Some([80, 94, a1, d, a, 0, 0, 0]) tid=0
[wb] L823 Some([80, 94, a1, d, a, 0, 0, 0]) tid=0
[wb] L823 Some([80, 94, a1, d, a, 0, 0, 0]) tid=0
[wb] L823 Some([80, 94, a1, d, a, 0, 0, 0]) tid=0
[wb] L823 Some([80, 94, a1, d, a, 0, 0, 0]) tid=0
[wb] L823 Some([80, 94, a1, d, a, 0, 0, 0]) tid=0
[wb] L823 Some([80, 94, a1, d, a, 0, 0, 0]) tid=0
[wb] L823 Some([80, 94, a1, d, a, 0, 0, 0]) tid=0
[wb] L823 Some([80, 94, a1, d, a, 0, 0, 0]) tid=0
[wb] L823 Some([80, 94, a1, d, a, 0, 0, 0]) tid=0
[wb] L823 Some([80, 94, a1, d, a, 0, 0, 0]) tid=0
[wb] L824 Some([80, 94, a1, d, a, 0, 0, 0]) tid=0
[wb] L824 Some([80, 94, a1, d, a, 0, 0, 0]) tid=0
[wb] L824 Some([80, 94, a1, d, a, 0, 0, 0]) tid=0
[wb] L824 Some([80, 94, a1, d, a, 0, 0, 0]) tid=0
[wb] L824 Some([80, 94, a1, d, a, 0, 0, 0]) tid=0
[wb] L824 Some([80, 94, a1, d, a, 0, 0, 0]) tid=0
[wb] L824 Some([80, 94, a1, d, a, 0, 0, 0]) tid=0
[wb] L824 Some([80, 94, a1, d, a, 0, 0, 0]) tid=0
[wb] L824 Some([80, 94, a1, d, a, 0, 0, 0]) tid=0
[wb] L824 Some([80, 94, a1, d, a, 0, 0, 0]) tid=0
[wb] L824 Some([80, 94, a1, d, a, 0, 0, 0]) tid=0
[wb] L824 Some([80, 94, a1, d, a, 0, 0, 0]) tid=0
[wb] L824 Some([80, 94, a1, d, a, 0, 0, 0]) tid=0
[wb] L824 Some([80, 94, a1, d, a, 0, 0, 0]) tid=0
[wb] L824 Some([80, 94, a1, d, a, 0, 0, 0]) tid=0
[wb] L824 Some([80, 94, a1, d, a, 0, 0, 0]) tid=0
[wb] L824 Some([80, 94, a1, d, a, 0, 0, 0]) tid=0
[wb] L824 Some([80, 94, a1, d, a, 0, 0, 0]) tid=0
[wb] L824 Some([80, 94, a1, d, a, 0, 0, 0]) tid=0
[wb] L824 Some([80, 94, a1, d, a, 0, 0, 0]) tid=0
[wb] L824 Some([80, 94, a1, d, a, 0, 0, 0]) tid=0
[wb] L824 Some([80, 94, a1, d, a, 0, 0, 0]) tid=0
[wb] L824 Some([80, 94, a1, d, a, 0, 0, 0]) tid=0
[wb] L824 Some([80, 94, a1, d, a, 0, 0, 0]) tid=0
[wb] L824 Some([80, 94, a1, d, a, 0, 0, 0]) tid=0
[wb] L824 Some([80, 94, a1, d, a, 0, 0, 0]) tid=0
[wb] L824 Some([80, 94, a1, d, a, 0, 0, 0]) tid=0
[wb] L824 Some([80, 94, a1, d, a, 0, 0, 0]) tid=0
[wb] L824 Some([80, 94, a1, d, a, 0, 0, 0]) tid=0
[wb] L824 Some([80, 94, a1, d, a, 0, 0, 0]) tid=0
[wb] L824 Some([80, 94, a1, d, a, 0, 0, 0]) tid=0
[wb] L824 Some([80, 94, a1, d, a, 0, 0, 0]) tid=0
[wb] L824 Some([80, 94, a1, d, a, 0, 0, 0]) tid=0
[wb] L824 Some([80, 94, a1, d, a, 0, 0, 0]) tid=0
[wb] L824 Some([80, 94, a1, d, a, 0, 0, 0]) tid=0
[wb] L824 Some([80, 94, a1, d, a, 0, 0, 0]) tid=0
[wb] L824 Some([80, 94, a1, d, a, 0, 0, 0]) tid=0
[wb] L824 Some([80, 94, a1, d, a, 0, 0, 0]) tid=0
[wb] L824 Some([80, 94, a1, d, a, 0, 0, 0]) tid=0
[wb] L824 Some([80, 94, a1, d, a, 0, 0, 0]) tid=0
[wb] L824 Some([80, 94, a1, d, a, 0, 0, 0]) tid=0
[wb] L824 Some([80, 94, a1, d, a, 0, 0, 0]) tid=0
[wb] L824 Some([80, 94, a1, d, a, 0, 0, 0]) tid=0
[wb] L824 Some([80, 94, a1, d, a, 0, 0, 0]) tid=0
[wb] L824 Some([80, 94, a1, d, a, 0, 0, 0]) tid=0
[wb] L824 Some([80, 94, a1, d, a, 0, 0, 0]) tid=0
[wb] L824 Some([80, 94, a1, d, a, 0, 0, 0]) tid=0
[wb] L824 Some([80, 94, a1, d, a, 0, 0, 0]) tid=0
[wb] L824 Some([80, 94, a1, d, a, 0, 0, 0]) tid=0
[wb] L824 Some([80, 94, a1, d, a, 0, 0, 0]) tid=0
[wb] L824 Some([80, 94, a1, d, a, 0, 0, 0]) tid=0
[wb] L824 Some([80, 94, a1, d, a, 0, 0, 0]) tid=0
[wb] L824 Some([80, 94, a1, d, a, 0, 0, 0]) tid=0
[wb] L824 Some([80, 94, a1, d, a, 0, 0, 0]) tid=0
[wb] L824 Some([80, 94, a1, d, a, 0, 0, 0]) tid=0
[wb] L824 Some([80, 94, a1, d, a, 0, 0, 0]) tid=0
[wb] L824 Some([80, 94, a1, d, a, 0, 0, 0]) tid=0
[wb] L825 Some([80, 94, a1, d, a, 0, 0, 0]) tid=0
[wb] L826 Some([80, 94, a1, d, a, 0, 0, 0]) tid=0
[wb] L827 Some([80, 94, a1, d, a, 0, 0, 0]) tid=0
[wb] L827 Some([0, 10, 53, 80, 1, 0, 0, 0]) tid=0
[wb] L827 Some([0, 10, 53, 80, 1, 0, 0, 0]) tid=0
[wb] L828 Some([0, 10, 53, 80, 1, 0, 0, 0]) tid=0
[wb] L829 Some([0, 10, 53, 80, 1, 0, 0, 0]) tid=0
[wb] L829 Some([0, 10, 53, 80, 1, 0, 0, 0]) tid=0
[wb] L829 Some([0, 10, 53, 80, 1, 0, 0, 0]) tid=0
[wb] L829 Some([0, 10, 53, 80, 1, 0, 0, 0]) tid=0
[wb] L829 Some([0, 10, 53, 80, 1, 0, 0, 0]) tid=0
[wb] L829 Some([0, 10, 53, 80, 1, 0, 0, 0]) tid=0
[wb] L829 Some([0, 10, 53, 80, 1, 0, 0, 0]) tid=0
[wb] L829 Some([0, 10, 53, 80, 1, 0, 0, 0]) tid=0
[wb] L829 Some([0, 10, 53, 80, 1, 0, 0, 0]) tid=0
[wb] L829 Some([0, 10, 53, 80, 1, 0, 0, 0]) tid=0
[wb] L829 Some([0, 10, 53, 80, 1, 0, 0, 0]) tid=0
[wb] L829 Some([0, 10, 53, 80, 1, 0, 0, 0]) tid=0
[wb] L829 Some([0, 10, 53, 80, 1, 0, 0, 0]) tid=0
[wb] L829 Some([0, 10, 53, 80, 1, 0, 0, 0]) tid=0
[wb] L829 Some([0, 10, 53, 80, 1, 0, 0, 0]) tid=0
[wb] L829 Some([0, 10, 53, 80, 1, 0, 0, 0]) tid=0
[wb] L829 Some([0, 10, 53, 80, 1, 0, 0, 0]) tid=0
[wb] L829 Some([0, 10, 53, 80, 1, 0, 0, 0]) tid=0
[wb] L829 Some([0, 10, 53, 80, 1, 0, 0, 0]) tid=0
[wb] L829 Some([0, 10, 53, 80, 1, 0, 0, 0]) tid=0
[wb] L829 Some([0, 10, 53, 80, 1, 0, 0, 0]) tid=0
[wb] L829 Some([0, 10, 53, 80, 1, 0, 0, 0]) tid=0
[wb] L829 Some([0, 10, 53, 80, 1, 0, 0, 0]) tid=0
[wb] L829 Some([0, 10, 53, 80, 1, 0, 0, 0]) tid=0
[wb] L829 Some([0, 10, 53, 80, 1, 0, 0, 0]) tid=0
[wb] L829 Some([0, 10, 53, 80, 1, 0, 0, 0]) tid=0
[wb] L829 Some([0, 10, 53, 80, 1, 0, 0, 0]) tid=0
[wb] L829 Some([0, 10, 53, 80, 1, 0, 0, 0]) tid=0
[wb] L829 Some([0, 10, 53, 80, 1, 0, 0, 0]) tid=0
[wb] L829 Some([0, 10, 53, 80, 1, 0, 0, 0]) tid=0
[wb] L829 Some([0, 10, 53, 80, 1, 0, 0, 0]) tid=0
[wb] L829 Some([0, 10, 53, 80, 1, 0, 0, 0]) tid=0
[wb] L829 Some([0, 10, 53, 80, 1, 0, 0, 0]) tid=0
[wb] L829 Some([0, 10, 53, 80, 1, 0, 0, 0]) tid=0
[wb] L829 Some([0, 10, 53, 80, 1, 0, 0, 0]) tid=0
[wb] L829 Some([0, 10, 53, 80, 1, 0, 0, 0]) tid=0
[wb] L829 Some([0, 10, 53, 80, 1, 0, 0, 0]) tid=0
[wb] L829 Some([0, 10, 53, 80, 1, 0, 0, 0]) tid=0
[wb] L829 Some([0, 10, 53, 80, 1, 0, 0, 0]) tid=0
[wb] L829 Some([0, 10, 53, 80, 1, 0, 0, 0]) tid=0
[wb] L829 Some([0, 10, 53, 80, 1, 0, 0, 0]) tid=0
[wb] L829 Some([0, 10, 53, 80, 1, 0, 0, 0]) tid=0
[wb] L829 Some([0, 10, 53, 80, 1, 0, 0, 0]) tid=0
[wb] L829 Some([0, 10, 53, 80, 1, 0, 0, 0]) tid=0
[wb] L829 Some([0, 10, 53, 80, 1, 0, 0, 0]) tid=0
[wb] L829 Some([0, 10, 53, 80, 1, 0, 0, 0]) tid=0
[wb] L829 Some([0, 10, 53, 80, 1, 0, 0, 0]) tid=0
[wb] L829 Some([0, 10, 53, 80, 1, 0, 0, 0]) tid=0
[wb] L829 Some([0, 10, 53, 80, 1, 0, 0, 0]) tid=0
[wb] L829 Some([0, 10, 53, 80, 1, 0, 0, 0]) tid=0
[wb] L829 Some([0, 10, 53, 80, 1, 0, 0, 0]) tid=0
[wb] L829 Some([0, 10, 53, 80, 1, 0, 0, 0]) tid=0
[wb] L829 Some([0, 10, 53, 80, 1, 0, 0, 0]) tid=0
[wb] L829 Some([0, 10, 53, 80, 1, 0, 0, 0]) tid=0
[wb] L829 Some([0, 10, 53, 80, 1, 0, 0, 0]) tid=0
[wb] L829 Some([0, 10, 53, 80, 1, 0, 0, 0]) tid=0
[wb] L829 Some([0, 10, 53, 80, 1, 0, 0, 0]) tid=0
[wb] L829 Some([0, 10, 53, 80, 1, 0, 0, 0]) tid=0
[wb] L829 Some([0, 10, 53, 80, 1, 0, 0, 0]) tid=0
[wb] L829 Some([0, 10, 53, 80, 1, 0, 0, 0]) tid=0
[wb] L829 Some([0, 10, 53, 80, 1, 0, 0, 0]) tid=0
[wb] L829 Some([0, 10, 53, 80, 1, 0, 0, 0]) tid=0
[wb] L829 Some([0, 10, 53, 80, 1, 0, 0, 0]) tid=0
[wb] L829 Some([0, 10, 53, 80, 1, 0, 0, 0]) tid=0
[wb] L829 Some([0, 10, 53, 80, 1, 0, 0, 0]) tid=0
[wb] L829 Some([0, 10, 53, 80, 1, 0, 0, 0]) tid=0
[wb] L829 Some([0, 10, 53, 80, 1, 0, 0, 0]) tid=0
[wb] L829 Some([0, 10, 53, 80, 1, 0, 0, 0]) tid=0
[wb] L829 Some([0, 10, 53, 80, 1, 0, 0, 0]) tid=0
[wb] L829 Some([0, 10, 53, 80, 1, 0, 0, 0]) tid=0
[wb] L829 Some([0, 10, 53, 80, 1, 0, 0, 0]) tid=0
[wb] L829 Some([0, 10, 53, 80, 1, 0, 0, 0]) tid=0
[wb] L829 Some([0, 10, 53, 80, 1, 0, 0, 0]) tid=0
[wb] L829 Some([0, 10, 53, 80, 1, 0, 0, 0]) tid=0
[wb] L829 Some([0, 10, 53, 80, 1, 0, 0, 0]) tid=0
[wb] L829 Some([0, 10, 53, 80, 1, 0, 0, 0]) tid=0
[wb] L829 Some([0, 10, 53, 80, 1, 0, 0, 0]) tid=0
[wb] L829 Some([0, 10, 53, 80, 1, 0, 0, 0]) tid=0
[wb] L829 Some([0, 10, 53, 80, 1, 0, 0, 0]) tid=0
[wb] L829 Some([0, 10, 53, 80, 1, 0, 0, 0]) tid=0
[wb] L829 Some([0, 10, 53, 80, 1, 0, 0, 0]) tid=0
[wb] L829 Some([0, 10, 53, 80, 1, 0, 0, 0]) tid=0
[wb] L829 Some([0, 10, 53, 80, 1, 0, 0, 0]) tid=0
[wb] L829 Some([0, 10, 53, 80, 1, 0, 0, 0]) tid=0
[wb] L829 Some([0, 10, 53, 80, 1, 0, 0, 0]) tid=0
[wb] L829 Some([0, 10, 53, 80, 1, 0, 0, 0]) tid=0
[wb] L829 Some([0, 10, 53, 80, 1, 0, 0, 0]) tid=0
[wb] L829 Some([0, 10, 53, 80, 1, 0, 0, 0]) tid=0
[wb] L829 Some([0, 10, 53, 80, 1, 0, 0, 0]) tid=0
[wb] L829 Some([0, 10, 53, 80, 1, 0, 0, 0]) tid=0
[wb] L829 Some([0, 10, 53, 80, 1, 0, 0, 0]) tid=0
[wb] L829 Some([0, 10, 53, 80, 1, 0, 0, 0]) tid=0
[wb] L829 Some([0, 10, 53, 80, 1, 0, 0, 0]) tid=0
[wb] L829 Some([0, 10, 53, 80, 1, 0, 0, 0]) tid=0
[wb] L829 Some([0, 10, 53, 80, 1, 0, 0, 0]) tid=0
[wb] L829 Some([0, 10, 53, 80, 1, 0, 0, 0]) tid=0
[wb] L829 Some([0, 10, 53, 80, 1, 0, 0, 0]) tid=0
[wb] L829 Some([0, 10, 53, 80, 1, 0, 0, 0]) tid=0
[wb] L829 Some([0, 10, 53, 80, 1, 0, 0, 0]) tid=0
[wb] L829 Some([0, 10, 53, 80, 1, 0, 0, 0]) tid=0
[wb] L829 Some([0, 10, 53, 80, 1, 0, 0, 0]) tid=0
[wb] L829 Some([0, 10, 53, 80, 1, 0, 0, 0]) tid=0
[wb] L829 Some([0, 10, 53, 80, 1, 0, 0, 0]) tid=0
[wb] L829 Some([0, 10, 53, 80, 1, 0, 0, 0]) tid=0
[wb] L829 Some([0, 10, 53, 80, 1, 0, 0, 0]) tid=0
[wb] L829 Some([0, 10, 53, 80, 1, 0, 0, 0]) tid=0
[wb] L829 Some([0, 10, 53, 80, 1, 0, 0, 0]) tid=0
[wb] L829 Some([0, 10, 53, 80, 1, 0, 0, 0]) tid=0
[wb] L829 Some([0, 10, 53, 80, 1, 0, 0, 0]) tid=0
[wb] L829 Some([0, 10, 53, 80, 1, 0, 0, 0]) tid=0
[wb] L829 Some([0, 10, 53, 80, 1, 0, 0, 0]) tid=0
[wb] L829 Some([0, 10, 53, 80, 1, 0, 0, 0]) tid=0
[wb] L829 Some([0, 10, 53, 80, 1, 0, 0, 0]) tid=0
[wb] L829 Some([0, 10, 53, 80, 1, 0, 0, 0]) tid=0
[wb] L829 Some([0, 10, 53, 80, 1, 0, 0, 0]) tid=0
[wb] L829 Some([0, 10, 53, 80, 1, 0, 0, 0]) tid=0
[wb] L829 Some([0, 10, 53, 80, 1, 0, 0, 0]) tid=0
[wb] L829 Some([0, 10, 53, 80, 1, 0, 0, 0]) tid=0
[wb] L829 Some([0, 10, 53, 80, 1, 0, 0, 0]) tid=0
[wb] L829 Some([0, 10, 53, 80, 1, 0, 0, 0]) tid=0
[wb] L829 Some([0, 10, 53, 80, 1, 0, 0, 0]) tid=0
[wb] L829 Some([0, 10, 53, 80, 1, 0, 0, 0]) tid=0
[wb] L829 Some([0, 10, 53, 80, 1, 0, 0, 0]) tid=0
[wb] L829 Some([0, 10, 53, 80, 1, 0, 0, 0]) tid=0
[wb] L829 Some([0, 10, 53, 80, 1, 0, 0, 0]) tid=0
[wb] L829 Some([0, 10, 53, 80, 1, 0, 0, 0]) tid=0
[wb] L829 Some([0, 10, 53, 80, 1, 0, 0, 0]) tid=0
[wb] L829 Some([0, 10, 53, 80, 1, 0, 0, 0]) tid=0
[wb] L829 Some([0, 10, 53, 80, 1, 0, 0, 0]) tid=0
[wb] L829 Some([0, 10, 53, 80, 1, 0, 0, 0]) tid=0
[wb] L829 Some([0, 10, 53, 80, 1, 0, 0, 0]) tid=0
[wb] L829 Some([0, 10, 53, 80, 1, 0, 0, 0]) tid=0
[wb] L829 Some([0, 10, 53, 80, 1, 0, 0, 0]) tid=0
[wb] L829 Some([0, 10, 53, 80, 1, 0, 0, 0]) tid=0
[wb] L829 Some([0, 10, 53, 80, 1, 0, 0, 0]) tid=0
[wb] L829 Some([0, 10, 53, 80, 1, 0, 0, 0]) tid=0
[wb] L829 Some([0, 10, 53, 80, 1, 0, 0, 0]) tid=0
[wb] L829 Some([0, 10, 53, 80, 1, 0, 0, 0]) tid=0
[wb] L829 Some([0, 10, 53, 80, 1, 0, 0, 0]) tid=0
[wb] L829 Some([0, 10, 53, 80, 1, 0, 0, 0]) tid=0
[wb] L829 Some([0, 10, 53, 80, 1, 0, 0, 0]) tid=0
[wb] L829 Some([0, 10, 53, 80, 1, 0, 0, 0]) tid=0
[wb] L829 Some([0, 10, 53, 80, 1, 0, 0, 0]) tid=0
[wb] L829 Some([0, 10, 53, 80, 1, 0, 0, 0]) tid=0
[wb] L829 Some([0, 10, 53, 80, 1, 0, 0, 0]) tid=0
[wb] L829 Some([0, 10, 53, 80, 1, 0, 0, 0]) tid=0
[wb] L829 Some([0, 10, 53, 80, 1, 0, 0, 0]) tid=0
[wb] L829 Some([0, 10, 53, 80, 1, 0, 0, 0]) tid=0
[wb] L829 Some([0, 10, 53, 80, 1, 0, 0, 0]) tid=0
[wb] L829 Some([0, 10, 53, 80, 1, 0, 0, 0]) tid=0
[wb] L829 Some([0, 10, 53, 80, 1, 0, 0, 0]) tid=0
[wb] L829 Some([0, 10, 53, 80, 1, 0, 0, 0]) tid=0
[wb] L829 Some([0, 10, 53, 80, 1, 0, 0, 0]) tid=0
[wb] L829 Some([0, 10, 53, 80, 1, 0, 0, 0]) tid=0
[wb] L829 Some([0, 10, 53, 80, 1, 0, 0, 0]) tid=0
[wb] L829 Some([0, 10, 53, 80, 1, 0, 0, 0]) tid=0
[wb] L829 Some([0, 10, 53, 80, 1, 0, 0, 0]) tid=0
[wb] L829 Some([0, 10, 53, 80, 1, 0, 0, 0]) tid=0
[wb] L829 Some([0, 10, 53, 80, 1, 0, 0, 0]) tid=0
[wb] L829 Some([0, 10, 53, 80, 1, 0, 0, 0]) tid=0
[wb] L829 Some([0, 10, 53, 80, 1, 0, 0, 0]) tid=0
[wb] L829 Some([0, 10, 53, 80, 1, 0, 0, 0]) tid=0
[wb] L829 Some([0, 10, 53, 80, 1, 0, 0, 0]) tid=0
[wb] L829 Some([0, 10, 53, 80, 1, 0, 0, 0]) tid=0
[wb] L829 Some([0, 10, 53, 80, 1, 0, 0, 0]) tid=0
[wb] L829 Some([0, 10, 53, 80, 1, 0, 0, 0]) tid=0
[wb] L829 Some([0, 10, 53, 80, 1, 0, 0, 0]) tid=0
[wb] L829 Some([0, 10, 53, 80, 1, 0, 0, 0]) tid=0
[wb] L829 Some([0, 10, 53, 80, 1, 0, 0, 0]) tid=0
[wb] L829 Some([0, 10, 53, 80, 1, 0, 0, 0]) tid=0
[wb] L830 Some([0, 10, 53, 80, 1, 0, 0, 0]) tid=0
[wb] L831 Some([0, 10, 53, 80, 1, 0, 0, 0]) tid=0
[wb] L832 Some([0, 10, 53, 80, 1, 0, 0, 0]) tid=0
[wb] L833 Some([0, 10, 53, 80, 1, 0, 0, 0]) tid=0
[wb] L834 Some([0, 10, 53, 80, 1, 0, 0, 0]) tid=0
[wb] L835 Some([0, 10, 53, 80, 1, 0, 0, 0]) tid=0
[wb] L836 Some([0, 10, 53, 80, 1, 0, 0, 0]) tid=0
[wb] L837 Some([0, 10, 53, 80, 1, 0, 0, 0]) tid=0
[wb] L838 Some([0, 10, 53, 80, 1, 0, 0, 0]) tid=0
[wb] L839 Some([0, 10, 53, 80, 1, 0, 0, 0]) tid=0
[wb] L840 Some([0, 10, 53, 80, 1, 0, 0, 0]) tid=0
[wb] L841 Some([0, 10, 53, 80, 1, 0, 0, 0]) tid=0
[wb] L841 Some([0, 10, 53, 80, 1, 0, 0, 0]) tid=0
[wb] L841 Some([0, 10, 53, 80, 1, 0, 0, 0]) tid=0
[wb] L841 Some([0, 10, 53, 80, 1, 0, 0, 0]) tid=0
[wb] L841 Some([0, 10, 53, 80, 1, 0, 0, 0]) tid=0
[wb] L841 Some([0, 10, 53, 80, 1, 0, 0, 0]) tid=0
[wb] L841 Some([0, 10, 53, 80, 1, 0, 0, 0]) tid=0
[wb] L841 Some([0, 10, 53, 80, 1, 0, 0, 0]) tid=0
[wb] L841 Some([0, 10, 53, 80, 1, 0, 0, 0]) tid=0
[wb] L841 Some([0, 10, 53, 80, 1, 0, 0, 0]) tid=0
[wb] L841 Some([0, 10, 53, 80, 1, 0, 0, 0]) tid=0
[wb] L841 Some([0, 10, 53, 80, 1, 0, 0, 0]) tid=0
[wb] L841 Some([0, 10, 53, 80, 1, 0, 0, 0]) tid=0
[wb] L841 Some([0, 10, 53, 80, 1, 0, 0, 0]) tid=0
[wb] L841 Some([0, 10, 53, 80, 1, 0, 0, 0]) tid=0
[wb] L841 Some([0, 10, 53, 80, 1, 0, 0, 0]) tid=0
[wb] L841 Some([0, 10, 53, 80, 1, 0, 0, 0]) tid=0
[wb] L841 Some([0, 10, 53, 80, 1, 0, 0, 0]) tid=0
[wb] L841 Some([0, 10, 53, 80, 1, 0, 0, 0]) tid=0
[wb] L841 Some([0, 10, 53, 80, 1, 0, 0, 0]) tid=0
[wb] L841 Some([0, 10, 53, 80, 1, 0, 0, 0]) tid=0
[wb] L841 Some([0, 10, 53, 80, 1, 0, 0, 0]) tid=0
[wb] L841 Some([0, 10, 53, 80, 1, 0, 0, 0]) tid=0
[wb] L841 Some([0, 10, 53, 80, 1, 0, 0, 0]) tid=0
[wb] L841 Some([0, 10, 53, 80, 1, 0, 0, 0]) tid=0
[wb] L842 Some([0, 10, 53, 80, 1, 0, 0, 0]) tid=0
[wb] L843 Some([0, 10, 53, 80, 1, 0, 0, 0]) tid=0
[wb] L843 Some([0, 10, 53, 80, 1, 0, 0, 0]) tid=0
[wb] L843 Some([0, 10, 53, 80, 1, 0, 0, 0]) tid=0
[wb] L843 Some([0, 10, 53, 80, 1, 0, 0, 0]) tid=0
[wb] L843 Some([0, 10, 53, 80, 1, 0, 0, 0]) tid=0
[wb] L843 Some([0, 10, 53, 80, 1, 0, 0, 0]) tid=0
[wb] L843 Some([0, 10, 53, 80, 1, 0, 0, 0]) tid=0
[wb] L843 Some([0, 10, 53, 80, 1, 0, 0, 0]) tid=0
[wb] L843 Some([0, 10, 53, 80, 1, 0, 0, 0]) tid=0
[wb] L843 Some([0, 10, 53, 80, 1, 0, 0, 0]) tid=0
[wb] L843 Some([0, 10, 53, 80, 1, 0, 0, 0]) tid=0
[wb] L843 Some([0, 10, 53, 80, 1, 0, 0, 0]) tid=0
[wb] L843 Some([0, 10, 53, 80, 1, 0, 0, 0]) tid=0
[wb] L843 Some([0, 10, 53, 80, 1, 0, 0, 0]) tid=0
[wb] L843 Some([0, 10, 53, 80, 1, 0, 0, 0]) tid=0
[wb] L843 Some([0, 10, 53, 80, 1, 0, 0, 0]) tid=0
[wb] L843 Some([0, 10, 53, 80, 1, 0, 0, 0]) tid=0
[wb] L843 Some([0, 10, 53, 80, 1, 0, 0, 0]) tid=0
[wb] L843 Some([0, 10, 53, 80, 1, 0, 0, 0]) tid=0
[wb] L843 Some([0, 10, 53, 80, 1, 0, 0, 0]) tid=0
[wb] L843 Some([0, 10, 53, 80, 1, 0, 0, 0]) tid=0
[wb] L843 Some([0, 10, 53, 80, 1, 0, 0, 0]) tid=0
[wb] L843 Some([0, 10, 53, 80, 1, 0, 0, 0]) tid=0
[wb] L843 Some([0, 10, 53, 80, 1, 0, 0, 0]) tid=0
[wb] L843 Some([0, 10, 53, 80, 1, 0, 0, 0]) tid=0
[wb] L843 Some([0, 10, 53, 80, 1, 0, 0, 0]) tid=0
[wb] L843 Some([0, 10, 53, 80, 1, 0, 0, 0]) tid=0
[wb] L843 Some([0, 10, 53, 80, 1, 0, 0, 0]) tid=0
[wb] L843 Some([0, 10, 53, 80, 1, 0, 0, 0]) tid=0
[wb] L843 Some([0, 10, 53, 80, 1, 0, 0, 0]) tid=0
[wb] L843 Some([0, 10, 53, 80, 1, 0, 0, 0]) tid=0
[wb] L843 Some([0, 10, 53, 80, 1, 0, 0, 0]) tid=0
[wb] L843 Some([0, 10, 53, 80, 1, 0, 0, 0]) tid=0
[wb] L843 Some([0, 10, 53, 80, 1, 0, 0, 0]) tid=0
[wb] L843 Some([0, 10, 53, 80, 1, 0, 0, 0]) tid=0
[wb] L843 Some([0, 10, 53, 80, 1, 0, 0, 0]) tid=0
[wb] L843 Some([0, 10, 53, 80, 1, 0, 0, 0]) tid=0
[wb] L843 Some([0, 10, 53, 80, 1, 0, 0, 0]) tid=0
[wb] L843 Some([0, 10, 53, 80, 1, 0, 0, 0]) tid=0
[wb] L843 Some([0, 10, 53, 80, 1, 0, 0, 0]) tid=0
[wb] L843 Some([0, 10, 53, 80, 1, 0, 0, 0]) tid=0
[wb] L843 Some([0, 10, 53, 80, 1, 0, 0, 0]) tid=0
[wb] L843 Some([0, 10, 53, 80, 1, 0, 0, 0]) tid=0
[wb] L843 Some([0, 10, 53, 80, 1, 0, 0, 0]) tid=0
[wb] L843 Some([0, 10, 53, 80, 1, 0, 0, 0]) tid=0
[wb] L843 Some([0, 10, 53, 80, 1, 0, 0, 0]) tid=0
[wb] L843 Some([0, 10, 53, 80, 1, 0, 0, 0]) tid=0
[wb] L843 Some([0, 10, 53, 80, 1, 0, 0, 0]) tid=0
[wb] L843 Some([0, 10, 53, 80, 1, 0, 0, 0]) tid=0
[wb] L843 Some([0, 10, 53, 80, 1, 0, 0, 0]) tid=0
[wb] L843 Some([0, 10, 53, 80, 1, 0, 0, 0]) tid=0
[wb] L843 Some([0, 10, 53, 80, 1, 0, 0, 0]) tid=0
[wb] L843 Some([0, 10, 53, 80, 1, 0, 0, 0]) tid=0
[wb] L844 Some([0, 10, 53, 80, 1, 0, 0, 0]) tid=0
[wb] L844 Some([0, 10, 53, 80, 1, 0, 0, 0]) tid=0
[wb] L844 Some([0, 10, 53, 80, 1, 0, 0, 0]) tid=0
[wb] L844 Some([0, 10, 53, 80, 1, 0, 0, 0]) tid=0
[wb] L844 Some([0, 10, 53, 80, 1, 0, 0, 0]) tid=0
[wb] L845 Some([0, 10, 53, 80, 1, 0, 0, 0]) tid=0
[wb] L846 Some([0, 10, 53, 80, 1, 0, 0, 0]) tid=0
[wb] L846 Some([0, 10, 53, 80, 1, 0, 0, 0]) tid=0
[wb] L846 Some([0, 10, 53, 80, 1, 0, 0, 0]) tid=0
[wb] L847 Some([0, 10, 53, 80, 1, 0, 0, 0]) tid=0
[wb] L848 Some([0, 10, 53, 80, 1, 0, 0, 0]) tid=0
[wb] L849 Some([0, 10, 53, 80, 1, 0, 0, 0]) tid=0
[wb] L850 Some([0, 10, 53, 80, 1, 0, 0, 0]) tid=0
[wb] L850 Some([0, 10, 53, 80, 1, 0, 0, 0]) tid=0
[wb] L850 Some([0, 10, 53, 80, 1, 0, 0, 0]) tid=0
[wb] L851 Some([0, 10, 53, 80, 1, 0, 0, 0]) tid=0
[wb] L852 Some([0, 10, 53, 80, 1, 0, 0, 0]) tid=0
[wb] L853 Some([0, 10, 53, 80, 1, 0, 0, 0]) tid=0
[wb] L853 Some([0, 10, 53, 80, 1, 0, 0, 0]) tid=0
[wb] L854 Some([0, 10, 53, 80, 1, 0, 0, 0]) tid=0
[wb] L854 Some([0, 10, 53, 80, 1, 0, 0, 0]) tid=0
[wb] L854 Some([0, 10, 53, 80, 1, 0, 0, 0]) tid=0
[wb] L854 Some([0, 10, 53, 80, 1, 0, 0, 0]) tid=0
[wb] L854 Some([0, 10, 53, 80, 1, 0, 0, 0]) tid=0
[wb] L854 Some([0, 10, 53, 80, 1, 0, 0, 0]) tid=0
[wb] L854 Some([0, 10, 53, 80, 1, 0, 0, 0]) tid=0
[wb] L855 Some([0, 10, 53, 80, 1, 0, 0, 0]) tid=0
[wb] L856 Some([0, 10, 53, 80, 1, 0, 0, 0]) tid=0
[wb] L857 Some([0, 10, 53, 80, 1, 0, 0, 0]) tid=0
[wb] L857 Some([0, 10, 53, 80, 1, 0, 0, 0]) tid=0
[wb] L858 Some([0, 10, 53, 80, 1, 0, 0, 0]) tid=0
[wb] L859 Some([0, 10, 53, 80, 1, 0, 0, 0]) tid=0
[wb] L860 Some([0, 10, 53, 80, 1, 0, 0, 0]) tid=0
[wb] L861 Some([0, 10, 53, 80, 1, 0, 0, 0]) tid=0
[wb] L861 Some([0, 10, 53, 80, 1, 0, 0, 0]) tid=0
[wb] L862 Some([0, 10, 53, 80, 1, 0, 0, 0]) tid=0
[wb] L863 Some([0, 10, 53, 80, 1, 0, 0, 0]) tid=0
[wb] L864 Some([0, 10, 53, 80, 1, 0, 0, 0]) tid=0
[wb] L864 Some([0, 10, 53, 80, 1, 0, 0, 0]) tid=0
[wb] L865 Some([0, 10, 53, 80, 1, 0, 0, 0]) tid=0
[wb] L866 Some([0, 10, 53, 80, 1, 0, 0, 0]) tid=0
[wb] L867 Some([0, 10, 53, 80, 1, 0, 0, 0]) tid=0
[wb] L868 Some([0, 10, 53, 80, 1, 0, 0, 0]) tid=0
[wb] L869 Some([0, 10, 53, 80, 1, 0, 0, 0]) tid=0
[wb] L870 Some([0, 10, 53, 80, 1, 0, 0, 0]) tid=0
[wb] L870 Some([0, 10, 53, 80, 1, 0, 0, 0]) tid=0
[wb] L870 Some([0, 10, 53, 80, 1, 0, 0, 0]) tid=0
[wb] L870 Some([0, 10, 53, 80, 1, 0, 0, 0]) tid=0
[wb] L871 Some([0, 10, 53, 80, 1, 0, 0, 0]) tid=0
[wb] L871 Some([0, 10, 53, 80, 1, 0, 0, 0]) tid=0
[wb] L872 Some([0, 10, 53, 80, 1, 0, 0, 0]) tid=0
[wb] L873 Some([0, 10, 53, 80, 1, 0, 0, 0]) tid=0
[wb] L873 Some([0, 10, 53, 80, 1, 0, 0, 0]) tid=0
[retrace] forwarding mach_msg2 task_info (msgh_id 3405) to host (decided allowlist)
[wb] L874 Some([0, 10, 53, 80, 1, 0, 0, 0]) tid=0
[wb] L875 Some([0, 10, 53, 80, 1, 0, 0, 0]) tid=0
[wb] L875 Some([0, 10, 53, 80, 1, 0, 0, 0]) tid=0
[wb] L875 Some([0, 10, 53, 80, 1, 0, 0, 0]) tid=0
[wb] L875 Some([0, 10, 53, 80, 1, 0, 0, 0]) tid=0
[wb] L875 Some([0, 10, 53, 80, 1, 0, 0, 0]) tid=0
[wb] L875 Some([0, 10, 53, 80, 1, 0, 0, 0]) tid=0
[wb] L875 Some([0, 10, 53, 80, 1, 0, 0, 0]) tid=0
[wb] L875 Some([0, 10, 53, 80, 1, 0, 0, 0]) tid=0
[wb] L875 Some([0, 10, 53, 80, 1, 0, 0, 0]) tid=0
[wb] L876 Some([0, 10, 53, 80, 1, 0, 0, 0]) tid=0
[wb] L877 Some([0, 10, 53, 80, 1, 0, 0, 0]) tid=0
[wb] L877 Some([0, 10, 53, 80, 1, 0, 0, 0]) tid=0
[wb] L878 Some([0, 10, 53, 80, 1, 0, 0, 0]) tid=0
[wb] L879 Some([0, 10, 53, 80, 1, 0, 0, 0]) tid=0
[wb] L880 Some([0, 10, 53, 80, 1, 0, 0, 0]) tid=0
[wb] L881 Some([0, 10, 53, 80, 1, 0, 0, 0]) tid=0
[wb] L882 Some([0, 10, 53, 80, 1, 0, 0, 0]) tid=0
[wb] L883 Some([0, 10, 53, 80, 1, 0, 0, 0]) tid=0
[wb] L884 Some([0, 10, 53, 80, 1, 0, 0, 0]) tid=0
[wb] L885 Some([0, 10, 53, 80, 1, 0, 0, 0]) tid=0
[wb] L885 Some([0, 10, 53, 80, 1, 0, 0, 0]) tid=0
[wb] L886 Some([0, 10, 53, 80, 1, 0, 0, 0]) tid=0
[wb] L887 Some([0, 10, 53, 80, 1, 0, 0, 0]) tid=0
[wb] L888 Some([0, 10, 53, 80, 1, 0, 0, 0]) tid=0
[wb] L889 Some([0, 10, 53, 80, 1, 0, 0, 0]) tid=0
[wb] L890 Some([0, 10, 53, 80, 1, 0, 0, 0]) tid=0
[wb] L891 Some([0, 10, 53, 80, 1, 0, 0, 0]) tid=0
[wb] L892 Some([0, 10, 53, 80, 1, 0, 0, 0]) tid=0
[wb] L893 Some([0, 10, 53, 80, 1, 0, 0, 0]) tid=0
[wb] L894 Some([0, 10, 53, 80, 1, 0, 0, 0]) tid=0
[wb] L894 Some([0, 10, 53, 80, 1, 0, 0, 0]) tid=0
[wb] L894 Some([0, 10, 53, 80, 1, 0, 0, 0]) tid=0
[wb] L894 Some([0, 10, 53, 80, 1, 0, 0, 0]) tid=0
[wb] L894 Some([0, 10, 53, 80, 1, 0, 0, 0]) tid=0
[wb] L894 Some([0, 10, 53, 80, 1, 0, 0, 0]) tid=0
[wb] L894 Some([0, 10, 53, 80, 1, 0, 0, 0]) tid=0
[wb] L894 Some([0, 10, 53, 80, 1, 0, 0, 0]) tid=0
[wb] L894 Some([0, 10, 53, 80, 1, 0, 0, 0]) tid=0
[wb] L894 Some([0, 10, 53, 80, 1, 0, 0, 0]) tid=0
[wb] L894 Some([0, 10, 53, 80, 1, 0, 0, 0]) tid=0
[wb] L894 Some([0, 10, 53, 80, 1, 0, 0, 0]) tid=0
[wb] L894 Some([0, 10, 53, 80, 1, 0, 0, 0]) tid=0
[wb] L894 Some([0, 10, 53, 80, 1, 0, 0, 0]) tid=0
[wb] L894 Some([0, 10, 53, 80, 1, 0, 0, 0]) tid=0
[wb] L894 Some([0, 10, 53, 80, 1, 0, 0, 0]) tid=0
[wb] L894 Some([0, 10, 53, 80, 1, 0, 0, 0]) tid=0
[wb] L894 Some([0, 10, 53, 80, 1, 0, 0, 0]) tid=0
[wb] L894 Some([0, 10, 53, 80, 1, 0, 0, 0]) tid=0
[wb] L894 Some([0, 10, 53, 80, 1, 0, 0, 0]) tid=0
[wb] L894 Some([0, 10, 53, 80, 1, 0, 0, 0]) tid=0
[wb] L894 Some([0, 10, 53, 80, 1, 0, 0, 0]) tid=0
[wb] L894 Some([0, 10, 53, 80, 1, 0, 0, 0]) tid=0
[wb] L894 Some([0, 10, 53, 80, 1, 0, 0, 0]) tid=0
[wb] L894 Some([0, 10, 53, 80, 1, 0, 0, 0]) tid=0
[wb] L895 Some([0, 10, 53, 80, 1, 0, 0, 0]) tid=0
[wb] L896 Some([0, 10, 53, 80, 1, 0, 0, 0]) tid=0
[wb] L896 Some([0, 10, 53, 80, 1, 0, 0, 0]) tid=0
[wb] L897 Some([0, 10, 53, 80, 1, 0, 0, 0]) tid=0
[wb] L897 Some([0, 10, 53, 80, 1, 0, 0, 0]) tid=0
[wb] L898 Some([0, 10, 53, 80, 1, 0, 0, 0]) tid=0
[wb] L899 Some([0, 10, 53, 80, 1, 0, 0, 0]) tid=0
[wb] L900 Some([0, 10, 53, 80, 1, 0, 0, 0]) tid=0
[wb] L900 Some([0, 10, 53, 80, 1, 0, 0, 0]) tid=0
[wb] L900 Some([0, 10, 53, 80, 1, 0, 0, 0]) tid=0
[wb] L900 Some([0, 10, 53, 80, 1, 0, 0, 0]) tid=0
[wb] L900 Some([0, 10, 53, 80, 1, 0, 0, 0]) tid=0
[wb] L900 Some([0, 10, 53, 80, 1, 0, 0, 0]) tid=0
[wb] L900 Some([0, 10, 53, 80, 1, 0, 0, 0]) tid=0
[wb] L900 Some([0, 10, 53, 80, 1, 0, 0, 0]) tid=0
[wb] L900 Some([0, 10, 53, 80, 1, 0, 0, 0]) tid=0
[wb] L900 Some([0, 10, 53, 80, 1, 0, 0, 0]) tid=0
[wb] L900 Some([0, 10, 53, 80, 1, 0, 0, 0]) tid=0
[wb] L900 Some([0, 10, 53, 80, 1, 0, 0, 0]) tid=0
[wb] L901 Some([0, 10, 53, 80, 1, 0, 0, 0]) tid=0
[wb] L901 Some([0, 10, 53, 80, 1, 0, 0, 0]) tid=0
[wb] L901 Some([0, 10, 53, 80, 1, 0, 0, 0]) tid=0
[wb] L902 Some([0, 10, 53, 80, 1, 0, 0, 0]) tid=0
[wb] L903 Some([0, 10, 53, 80, 1, 0, 0, 0]) tid=0
[wb] L904 Some([0, 10, 53, 80, 1, 0, 0, 0]) tid=0
[wb] L904 Some([0, 10, 53, 80, 1, 0, 0, 0]) tid=0
[wb] L904 Some([0, 10, 53, 80, 1, 0, 0, 0]) tid=0
[wb] L904 Some([0, 10, 53, 80, 1, 0, 0, 0]) tid=0
[wb] L904 Some([0, 10, 53, 80, 1, 0, 0, 0]) tid=0
[wb] L905 Some([0, 10, 53, 80, 1, 0, 0, 0]) tid=0
[retrace] forwarding mach_msg2 host_get_special_port (msgh_id 412) to host (decided allowlist)
[wb] L906 Some([0, 10, 53, 80, 1, 0, 0, 0]) tid=0
[wb] L907 Some([0, 10, 53, 80, 1, 0, 0, 0]) tid=0
[retrace] refusing mach_msg2 message-queue send (msgh_id 0x400000cf dest 0x1803 send_size 248): the box hosts no message-queue receivers
[wb] L908 Some([0, 10, 53, 80, 1, 0, 0, 0]) tid=0
[wb] L908 Some([0, 10, 53, 80, 1, 0, 0, 0]) tid=0
[wb] L909 Some([0, 10, 53, 80, 1, 0, 0, 0]) tid=0
[wb] L910 Some([0, 10, 53, 80, 1, 0, 0, 0]) tid=0
[wb] L911 Some([0, 10, 53, 80, 1, 0, 0, 0]) tid=0
[wb] L912 Some([0, 10, 53, 80, 1, 0, 0, 0]) tid=0
[wb] L912 Some([0, 10, 53, 80, 1, 0, 0, 0]) tid=0
[wb] L912 Some([0, 10, 53, 80, 1, 0, 0, 0]) tid=0
[wb] L913 Some([0, 10, 53, 80, 1, 0, 0, 0]) tid=0
[wb] L914 Some([0, 10, 53, 80, 1, 0, 0, 0]) tid=0
[wb] L915 Some([0, 10, 53, 80, 1, 0, 0, 0]) tid=0
[wb] L916 Some([0, 10, 53, 80, 1, 0, 0, 0]) tid=0
[wb] L917 Some([0, 10, 53, 80, 1, 0, 0, 0]) tid=0
[wb] L918 Some([0, 10, 53, 80, 1, 0, 0, 0]) tid=0
[wb] L918 Some([0, 10, 53, 80, 1, 0, 0, 0]) tid=0
[wb] L919 Some([0, 10, 53, 80, 1, 0, 0, 0]) tid=0
[wb] L920 Some([0, 10, 53, 80, 1, 0, 0, 0]) tid=0
[wb] L921 Some([0, 10, 53, 80, 1, 0, 0, 0]) tid=0
[wb] L922 Some([0, 10, 53, 80, 1, 0, 0, 0]) tid=0
[wb] L922 Some([0, 10, 53, 80, 1, 0, 0, 0]) tid=0
[wb] L922 Some([0, 10, 53, 80, 1, 0, 0, 0]) tid=0
[wb] L922 Some([0, 10, 53, 80, 1, 0, 0, 0]) tid=0
[wb] L922 Some([0, 10, 53, 80, 1, 0, 0, 0]) tid=0
[wb] L922 Some([0, 10, 53, 80, 1, 0, 0, 0]) tid=0
[wb] L922 Some([0, 10, 53, 80, 1, 0, 0, 0]) tid=0
[wb] L922 Some([0, 10, 53, 80, 1, 0, 0, 0]) tid=0
[wb] L922 Some([0, 10, 53, 80, 1, 0, 0, 0]) tid=0
[wb] L922 Some([0, 10, 53, 80, 1, 0, 0, 0]) tid=0
[wb] L922 Some([0, 10, 53, 80, 1, 0, 0, 0]) tid=0
[wb] L922 Some([0, 10, 53, 80, 1, 0, 0, 0]) tid=0
[wb] L922 Some([0, 10, 53, 80, 1, 0, 0, 0]) tid=0
[wb] L922 Some([0, 10, 53, 80, 1, 0, 0, 0]) tid=0
[wb] L922 Some([0, 10, 53, 80, 1, 0, 0, 0]) tid=0
[wb] L922 Some([0, 10, 53, 80, 1, 0, 0, 0]) tid=0
[wb] L922 Some([0, 10, 53, 80, 1, 0, 0, 0]) tid=0
[wb] L922 Some([0, 10, 53, 80, 1, 0, 0, 0]) tid=0
[wb] L922 Some([0, 10, 53, 80, 1, 0, 0, 0]) tid=0
[wb] L922 Some([0, 10, 53, 80, 1, 0, 0, 0]) tid=0
[wb] L922 Some([0, 10, 53, 80, 1, 0, 0, 0]) tid=0
[wb] L922 Some([0, 10, 53, 80, 1, 0, 0, 0]) tid=0
[wb] L922 Some([0, 10, 53, 80, 1, 0, 0, 0]) tid=0
[wb] L922 Some([0, 10, 53, 80, 1, 0, 0, 0]) tid=0
[wb] L922 Some([0, 10, 53, 80, 1, 0, 0, 0]) tid=0
[wb] L922 Some([0, 10, 53, 80, 1, 0, 0, 0]) tid=0
[wb] L922 Some([0, 10, 53, 80, 1, 0, 0, 0]) tid=0
[wb] L922 Some([0, 10, 53, 80, 1, 0, 0, 0]) tid=0
[wb] L922 Some([0, 10, 53, 80, 1, 0, 0, 0]) tid=0
[wb] L922 Some([0, 10, 53, 80, 1, 0, 0, 0]) tid=0
[wb] L922 Some([0, 10, 53, 80, 1, 0, 0, 0]) tid=0
[wb] L922 Some([0, 10, 53, 80, 1, 0, 0, 0]) tid=0
[wb] L922 Some([0, 10, 53, 80, 1, 0, 0, 0]) tid=0
[wb] L922 Some([0, 10, 53, 80, 1, 0, 0, 0]) tid=0
[wb] L922 Some([0, 10, 53, 80, 1, 0, 0, 0]) tid=0
[wb] L922 Some([0, 10, 53, 80, 1, 0, 0, 0]) tid=0
[wb] L922 Some([0, 10, 53, 80, 1, 0, 0, 0]) tid=0
[wb] L922 Some([0, 10, 53, 80, 1, 0, 0, 0]) tid=0
[wb] L922 Some([0, 10, 53, 80, 1, 0, 0, 0]) tid=0
[wb] L922 Some([0, 10, 53, 80, 1, 0, 0, 0]) tid=0
[wb] L922 Some([0, 10, 53, 80, 1, 0, 0, 0]) tid=0
[wb] L922 Some([0, 10, 53, 80, 1, 0, 0, 0]) tid=0
[wb] L922 Some([0, 10, 53, 80, 1, 0, 0, 0]) tid=0
[wb] L922 Some([0, 10, 53, 80, 1, 0, 0, 0]) tid=0
[wb] L922 Some([0, 10, 53, 80, 1, 0, 0, 0]) tid=0
[wb] L922 Some([0, 10, 53, 80, 1, 0, 0, 0]) tid=0
[wb] L922 Some([0, 10, 53, 80, 1, 0, 0, 0]) tid=0
[wb] L922 Some([0, 10, 53, 80, 1, 0, 0, 0]) tid=0
[wb] L922 Some([0, 10, 53, 80, 1, 0, 0, 0]) tid=0
[wb] L922 Some([0, 10, 53, 80, 1, 0, 0, 0]) tid=0
[wb] L922 Some([0, 10, 53, 80, 1, 0, 0, 0]) tid=0
[wb] L922 Some([0, 10, 53, 80, 1, 0, 0, 0]) tid=0
[wb] L922 Some([0, 10, 53, 80, 1, 0, 0, 0]) tid=0
[wb] L922 Some([0, 10, 53, 80, 1, 0, 0, 0]) tid=0
[wb] L922 Some([0, 10, 53, 80, 1, 0, 0, 0]) tid=0
[wb] L922 Some([0, 10, 53, 80, 1, 0, 0, 0]) tid=0
[wb] L922 Some([0, 10, 53, 80, 1, 0, 0, 0]) tid=0
[wb] L922 Some([0, 10, 53, 80, 1, 0, 0, 0]) tid=0
[wb] L922 Some([0, 10, 53, 80, 1, 0, 0, 0]) tid=0
[wb] L922 Some([0, 10, 53, 80, 1, 0, 0, 0]) tid=0
[wb] L922 Some([0, 10, 53, 80, 1, 0, 0, 0]) tid=0
[wb] L922 Some([0, 10, 53, 80, 1, 0, 0, 0]) tid=0
[wb] L922 Some([0, 10, 53, 80, 1, 0, 0, 0]) tid=0
[wb] L922 Some([0, 10, 53, 80, 1, 0, 0, 0]) tid=0
[wb] L922 Some([0, 10, 53, 80, 1, 0, 0, 0]) tid=0
[wb] L922 Some([0, 10, 53, 80, 1, 0, 0, 0]) tid=0
[wb] L922 Some([0, 10, 53, 80, 1, 0, 0, 0]) tid=0
[wb] L923 Some([0, 10, 53, 80, 1, 0, 0, 0]) tid=0
[wb] L924 Some([0, 10, 53, 80, 1, 0, 0, 0]) tid=0
[wb] L925 Some([0, 10, 53, 80, 1, 0, 0, 0]) tid=0
[wb] L926 Some([0, 10, 53, 80, 1, 0, 0, 0]) tid=0
[wb] L927 Some([0, 10, 53, 80, 1, 0, 0, 0]) tid=0
[wb] L928 Some([0, 10, 53, 80, 1, 0, 0, 0]) tid=0
[wb] L929 Some([0, 10, 53, 80, 1, 0, 0, 0]) tid=0
[wb] L930 Some([0, 10, 53, 80, 1, 0, 0, 0]) tid=0
[wb] L931 Some([0, 10, 53, 80, 1, 0, 0, 0]) tid=0
[wb] L932 Some([0, 10, 53, 80, 1, 0, 0, 0]) tid=0
[wb] L933 Some([0, 10, 53, 80, 1, 0, 0, 0]) tid=0
[wb] L934 Some([0, 10, 53, 80, 1, 0, 0, 0]) tid=0
[wb] L934 Some([0, 10, 53, 80, 1, 0, 0, 0]) tid=0
[wb] L934 Some([0, 10, 53, 80, 1, 0, 0, 0]) tid=0
[wb] L934 Some([0, 10, 53, 80, 1, 0, 0, 0]) tid=0
[wb] L934 Some([0, 10, 53, 80, 1, 0, 0, 0]) tid=0
[wb] L934 Some([0, 10, 53, 80, 1, 0, 0, 0]) tid=0
[wb] L934 Some([0, 10, 53, 80, 1, 0, 0, 0]) tid=0
[wb] L934 Some([0, 10, 53, 80, 1, 0, 0, 0]) tid=0
[wb] L934 Some([0, 10, 53, 80, 1, 0, 0, 0]) tid=0
[wb] L935 Some([0, 10, 53, 80, 1, 0, 0, 0]) tid=0
[wb] L936 Some([0, 10, 53, 80, 1, 0, 0, 0]) tid=0
[wb] L937 Some([0, 10, 53, 80, 1, 0, 0, 0]) tid=0
[wb] L938 Some([0, 10, 53, 80, 1, 0, 0, 0]) tid=0
[wb] L939 Some([0, 10, 53, 80, 1, 0, 0, 0]) tid=0
[wb] L940 Some([0, 10, 53, 80, 1, 0, 0, 0]) tid=0
[wb] L940 Some([0, 10, 53, 80, 1, 0, 0, 0]) tid=0
[wb] L940 Some([0, 10, 53, 80, 1, 0, 0, 0]) tid=0
[wb] L940 Some([0, 10, 53, 80, 1, 0, 0, 0]) tid=0
[wb] L940 Some([0, 10, 53, 80, 1, 0, 0, 0]) tid=0
[wb] L940 Some([0, 10, 53, 80, 1, 0, 0, 0]) tid=0
[wb] L940 Some([0, 10, 53, 80, 1, 0, 0, 0]) tid=0
[wb] L940 Some([0, 10, 53, 80, 1, 0, 0, 0]) tid=0
[wb] L940 Some([0, 10, 53, 80, 1, 0, 0, 0]) tid=0
[wb] L940 Some([0, 10, 53, 80, 1, 0, 0, 0]) tid=0
[wb] L940 Some([0, 10, 53, 80, 1, 0, 0, 0]) tid=0
[wb] L940 Some([0, 10, 53, 80, 1, 0, 0, 0]) tid=0
[wb] L941 Some([0, 10, 53, 80, 1, 0, 0, 0]) tid=0
[wb] L942 Some([0, 10, 53, 80, 1, 0, 0, 0]) tid=0
[wb] L942 Some([0, 10, 53, 80, 1, 0, 0, 0]) tid=0
[wb] L942 Some([0, 10, 53, 80, 1, 0, 0, 0]) tid=0
[wb] L943 Some([0, 10, 53, 80, 1, 0, 0, 0]) tid=0
[wb] L944 Some([0, 10, 53, 80, 1, 0, 0, 0]) tid=0
[wb] L945 Some([0, 10, 53, 80, 1, 0, 0, 0]) tid=0
[wb] L946 Some([0, 10, 53, 80, 1, 0, 0, 0]) tid=0
[wb] L947 Some([0, 10, 53, 80, 1, 0, 0, 0]) tid=0
[wb] L948 Some([0, 10, 53, 80, 1, 0, 0, 0]) tid=0
[wb] L948 Some([0, 10, 53, 80, 1, 0, 0, 0]) tid=0
[wb] L949 Some([0, 10, 53, 80, 1, 0, 0, 0]) tid=0
[wb] L950 Some([0, 10, 53, 80, 1, 0, 0, 0]) tid=0
[wb] L950 Some([0, 10, 53, 80, 1, 0, 0, 0]) tid=0
[wb] L950 Some([0, 10, 53, 80, 1, 0, 0, 0]) tid=0
[wb] L950 Some([0, 10, 53, 80, 1, 0, 0, 0]) tid=0
[wb] L950 Some([0, 10, 53, 80, 1, 0, 0, 0]) tid=0
[wb] L950 Some([0, 10, 53, 80, 1, 0, 0, 0]) tid=0
[wb] L950 Some([0, 10, 53, 80, 1, 0, 0, 0]) tid=0
[wb] L950 Some([0, 10, 53, 80, 1, 0, 0, 0]) tid=0
[wb] L950 Some([0, 10, 53, 80, 1, 0, 0, 0]) tid=0
[wb] L950 Some([0, 10, 53, 80, 1, 0, 0, 0]) tid=0
[wb] L950 Some([0, 10, 53, 80, 1, 0, 0, 0]) tid=0
[wb] L950 Some([0, 10, 53, 80, 1, 0, 0, 0]) tid=0
[wb] L951 Some([0, 10, 53, 80, 1, 0, 0, 0]) tid=0
[retrace] forwarding mach_msg2 semaphore_create (msgh_id 3418) to host (decided allowlist)
[wb] L952 Some([0, 10, 53, 80, 1, 0, 0, 0]) tid=0
[wb] L953 Some([2f, 65, 72, 72, 6f, 72, 5f, 73]) tid=0
[wb] L954 Some([2f, 65, 72, 72, 6f, 72, 5f, 73]) tid=0
[wb] L955 Some([2f, 65, 72, 72, 6f, 72, 5f, 73]) tid=0
[wb] L955 Some([2f, 65, 72, 72, 6f, 72, 5f, 73]) tid=0
[wb] L955 Some([2f, 65, 72, 72, 6f, 72, 5f, 73]) tid=0
[wb] L955 Some([2f, 65, 72, 72, 6f, 72, 5f, 73]) tid=0
[wb] L955 Some([2f, 65, 72, 72, 6f, 72, 5f, 73]) tid=0
[wb] L955 Some([2f, 65, 72, 72, 6f, 72, 5f, 73]) tid=0
[wb] L955 Some([2f, 65, 72, 72, 6f, 72, 5f, 73]) tid=0
[wb] L955 Some([2f, 65, 72, 72, 6f, 72, 5f, 73]) tid=0
[wb] L955 Some([2f, 65, 72, 72, 6f, 72, 5f, 73]) tid=0
[wb] L955 Some([2f, 65, 72, 72, 6f, 72, 5f, 73]) tid=0
[wb] L955 Some([2f, 65, 72, 72, 6f, 72, 5f, 73]) tid=0
[wb] L955 Some([2f, 65, 72, 72, 6f, 72, 5f, 73]) tid=0
[wb] L955 Some([2f, 65, 72, 72, 6f, 72, 5f, 73]) tid=0
[wb] L955 Some([2f, 65, 72, 72, 6f, 72, 5f, 73]) tid=0
[wb] L955 Some([2f, 65, 72, 72, 6f, 72, 5f, 73]) tid=0
[wb] L955 Some([2f, 65, 72, 72, 6f, 72, 5f, 73]) tid=0
[wb] L955 Some([2f, 65, 72, 72, 6f, 72, 5f, 73]) tid=0
[wb] L955 Some([2f, 65, 72, 72, 6f, 72, 5f, 73]) tid=0
[wb] L955 Some([2f, 65, 72, 72, 6f, 72, 5f, 73]) tid=0
[wb] L955 Some([2f, 65, 72, 72, 6f, 72, 5f, 73]) tid=0
[wb] L955 Some([2f, 65, 72, 72, 6f, 72, 5f, 73]) tid=0
[wb] L955 Some([2f, 65, 72, 72, 6f, 72, 5f, 73]) tid=0
[wb] L955 Some([2f, 65, 72, 72, 6f, 72, 5f, 73]) tid=0
[wb] L955 Some([2f, 65, 72, 72, 6f, 72, 5f, 73]) tid=0
[wb] L955 Some([2f, 65, 72, 72, 6f, 72, 5f, 73]) tid=0
[wb] L955 Some([2f, 65, 72, 72, 6f, 72, 5f, 73]) tid=0
[wb] L955 Some([2f, 65, 72, 72, 6f, 72, 5f, 73]) tid=0
[wb] L955 Some([2f, 65, 72, 72, 6f, 72, 5f, 73]) tid=0
[wb] L955 Some([2f, 65, 72, 72, 6f, 72, 5f, 73]) tid=0
[wb] L955 Some([2f, 65, 72, 72, 6f, 72, 5f, 73]) tid=0
[wb] L955 Some([2f, 65, 72, 72, 6f, 72, 5f, 73]) tid=0
[wb] L955 Some([2f, 65, 72, 72, 6f, 72, 5f, 73]) tid=0
[wb] L955 Some([2f, 65, 72, 72, 6f, 72, 5f, 73]) tid=0
[wb] L955 Some([2f, 65, 72, 72, 6f, 72, 5f, 73]) tid=0
[wb] L955 Some([2f, 65, 72, 72, 6f, 72, 5f, 73]) tid=0
[wb] L955 Some([2f, 65, 72, 72, 6f, 72, 5f, 73]) tid=0
[wb] L955 Some([2f, 65, 72, 72, 6f, 72, 5f, 73]) tid=0
[wb] L955 Some([2f, 65, 72, 72, 6f, 72, 5f, 73]) tid=0
[wb] L955 Some([2f, 65, 72, 72, 6f, 72, 5f, 73]) tid=0
[wb] L955 Some([2f, 65, 72, 72, 6f, 72, 5f, 73]) tid=0
[wb] L955 Some([2f, 65, 72, 72, 6f, 72, 5f, 73]) tid=0
[wb] L955 Some([2f, 65, 72, 72, 6f, 72, 5f, 73]) tid=0
[wb] L955 Some([2f, 65, 72, 72, 6f, 72, 5f, 73]) tid=0
[wb] L955 Some([2f, 65, 72, 72, 6f, 72, 5f, 73]) tid=0
[wb] L955 Some([2f, 65, 72, 72, 6f, 72, 5f, 73]) tid=0
[wb] L955 Some([2f, 65, 72, 72, 6f, 72, 5f, 73]) tid=0
[wb] L955 Some([2f, 65, 72, 72, 6f, 72, 5f, 73]) tid=0
[wb] L955 Some([2f, 65, 72, 72, 6f, 72, 5f, 73]) tid=0
[wb] L955 Some([2f, 65, 72, 72, 6f, 72, 5f, 73]) tid=0
[wb] L955 Some([2f, 65, 72, 72, 6f, 72, 5f, 73]) tid=0
[wb] L955 Some([2f, 65, 72, 72, 6f, 72, 5f, 73]) tid=0
[wb] L955 Some([2f, 65, 72, 72, 6f, 72, 5f, 73]) tid=0
[wb] L955 Some([2f, 65, 72, 72, 6f, 72, 5f, 73]) tid=0
[wb] L955 Some([2f, 65, 72, 72, 6f, 72, 5f, 73]) tid=0
[wb] L955 Some([2f, 65, 72, 72, 6f, 72, 5f, 73]) tid=0
[wb] L955 Some([2f, 65, 72, 72, 6f, 72, 5f, 73]) tid=0
[wb] L955 Some([2f, 65, 72, 72, 6f, 72, 5f, 73]) tid=0
[wb] L955 Some([2f, 65, 72, 72, 6f, 72, 5f, 73]) tid=0
[wb] L955 Some([2f, 65, 72, 72, 6f, 72, 5f, 73]) tid=0
[wb] L955 Some([2f, 65, 72, 72, 6f, 72, 5f, 73]) tid=0
[wb] L955 Some([2f, 65, 72, 72, 6f, 72, 5f, 73]) tid=0
[wb] L955 Some([2f, 65, 72, 72, 6f, 72, 5f, 73]) tid=0
[wb] L955 Some([2f, 65, 72, 72, 6f, 72, 5f, 73]) tid=0
[wb] L955 Some([2f, 65, 72, 72, 6f, 72, 5f, 73]) tid=0
[wb] L955 Some([2f, 65, 72, 72, 6f, 72, 5f, 73]) tid=0
[wb] L955 Some([2f, 65, 72, 72, 6f, 72, 5f, 73]) tid=0
[wb] L955 Some([2f, 65, 72, 72, 6f, 72, 5f, 73]) tid=0
[wb] L955 Some([2f, 65, 72, 72, 6f, 72, 5f, 73]) tid=0
[wb] L955 Some([2f, 65, 72, 72, 6f, 72, 5f, 73]) tid=0
[wb] L955 Some([2f, 65, 72, 72, 6f, 72, 5f, 73]) tid=0
[wb] L955 Some([2f, 65, 72, 72, 6f, 72, 5f, 73]) tid=0
[wb] L955 Some([2f, 65, 72, 72, 6f, 72, 5f, 73]) tid=0
[wb] L955 Some([2f, 65, 72, 72, 6f, 72, 5f, 73]) tid=0
[wb] L955 Some([2f, 65, 72, 72, 6f, 72, 5f, 73]) tid=0
[wb] L955 Some([2f, 65, 72, 72, 6f, 72, 5f, 73]) tid=0
[wb] L955 Some([2f, 65, 72, 72, 6f, 72, 5f, 73]) tid=0
[wb] L955 Some([2f, 65, 72, 72, 6f, 72, 5f, 73]) tid=0
[wb] L955 Some([2f, 65, 72, 72, 6f, 72, 5f, 73]) tid=0
[wb] L955 Some([2f, 65, 72, 72, 6f, 72, 5f, 73]) tid=0
[wb] L955 Some([2f, 65, 72, 72, 6f, 72, 5f, 73]) tid=0
[wb] L955 Some([2f, 65, 72, 72, 6f, 72, 5f, 73]) tid=0
[wb] L955 Some([2f, 65, 72, 72, 6f, 72, 5f, 73]) tid=0
[wb] L955 Some([2f, 65, 72, 72, 6f, 72, 5f, 73]) tid=0
[wb] L955 Some([2f, 65, 72, 72, 6f, 72, 5f, 73]) tid=0
[wb] L955 Some([2f, 65, 72, 72, 6f, 72, 5f, 73]) tid=0
[wb] L955 Some([2f, 65, 72, 72, 6f, 72, 5f, 73]) tid=0
[wb] L955 Some([2f, 65, 72, 72, 6f, 72, 5f, 73]) tid=0
[wb] L955 Some([2f, 65, 72, 72, 6f, 72, 5f, 73]) tid=0
[wb] L955 Some([2f, 65, 72, 72, 6f, 72, 5f, 73]) tid=0
[wb] L955 Some([2f, 65, 72, 72, 6f, 72, 5f, 73]) tid=0
[wb] L955 Some([2f, 65, 72, 72, 6f, 72, 5f, 73]) tid=0
[wb] L955 Some([2f, 65, 72, 72, 6f, 72, 5f, 73]) tid=0
[wb] L955 Some([2f, 65, 72, 72, 6f, 72, 5f, 73]) tid=0
[wb] L955 Some([2f, 65, 72, 72, 6f, 72, 5f, 73]) tid=0
[wb] L955 Some([2f, 65, 72, 72, 6f, 72, 5f, 73]) tid=0
[wb] L955 Some([2f, 65, 72, 72, 6f, 72, 5f, 73]) tid=0
[wb] L955 Some([2f, 65, 72, 72, 6f, 72, 5f, 73]) tid=0
[wb] L955 Some([2f, 65, 72, 72, 6f, 72, 5f, 73]) tid=0
[wb] L955 Some([2f, 65, 72, 72, 6f, 72, 5f, 73]) tid=0
[wb] L955 Some([2f, 65, 72, 72, 6f, 72, 5f, 73]) tid=0
[wb] L955 Some([2f, 65, 72, 72, 6f, 72, 5f, 73]) tid=0
[wb] L955 Some([2f, 65, 72, 72, 6f, 72, 5f, 73]) tid=0
[wb] L955 Some([2f, 65, 72, 72, 6f, 72, 5f, 73]) tid=0
[wb] L955 Some([2f, 65, 72, 72, 6f, 72, 5f, 73]) tid=0
[wb] L955 Some([2f, 65, 72, 72, 6f, 72, 5f, 73]) tid=0
[wb] L955 Some([2f, 65, 72, 72, 6f, 72, 5f, 73]) tid=0
[wb] L955 Some([2f, 65, 72, 72, 6f, 72, 5f, 73]) tid=0
[wb] L955 Some([2f, 65, 72, 72, 6f, 72, 5f, 73]) tid=0
[wb] L955 Some([2f, 65, 72, 72, 6f, 72, 5f, 73]) tid=0
[wb] L955 Some([2f, 65, 72, 72, 6f, 72, 5f, 73]) tid=0
[wb] L955 Some([2f, 65, 72, 72, 6f, 72, 5f, 73]) tid=0
[wb] L955 Some([2f, 65, 72, 72, 6f, 72, 5f, 73]) tid=0
[wb] L955 Some([2f, 65, 72, 72, 6f, 72, 5f, 73]) tid=0
[wb] L955 Some([2f, 65, 72, 72, 6f, 72, 5f, 73]) tid=0
[wb] L955 Some([2f, 65, 72, 72, 6f, 72, 5f, 73]) tid=0
[wb] L955 Some([2f, 65, 72, 72, 6f, 72, 5f, 73]) tid=0
[wb] L955 Some([2f, 65, 72, 72, 6f, 72, 5f, 73]) tid=0
[wb] L955 Some([2f, 65, 72, 72, 6f, 72, 5f, 73]) tid=0
[wb] L955 Some([2f, 65, 72, 72, 6f, 72, 5f, 73]) tid=0
[wb] L955 Some([2f, 65, 72, 72, 6f, 72, 5f, 73]) tid=0
[wb] L955 Some([2f, 65, 72, 72, 6f, 72, 5f, 73]) tid=0
[wb] L955 Some([2f, 65, 72, 72, 6f, 72, 5f, 73]) tid=0
[wb] L955 Some([2f, 65, 72, 72, 6f, 72, 5f, 73]) tid=0
[wb] L955 Some([2f, 65, 72, 72, 6f, 72, 5f, 73]) tid=0
[wb] L955 Some([2f, 65, 72, 72, 6f, 72, 5f, 73]) tid=0
[wb] L955 Some([2f, 65, 72, 72, 6f, 72, 5f, 73]) tid=0
[wb] L955 Some([2f, 65, 72, 72, 6f, 72, 5f, 73]) tid=0
[wb] L955 Some([2f, 65, 72, 72, 6f, 72, 5f, 73]) tid=0
[wb] L955 Some([2f, 65, 72, 72, 6f, 72, 5f, 73]) tid=0
[wb] L955 Some([2f, 65, 72, 72, 6f, 72, 5f, 73]) tid=0
[wb] L955 Some([2f, 65, 72, 72, 6f, 72, 5f, 73]) tid=0
[wb] L955 Some([2f, 65, 72, 72, 6f, 72, 5f, 73]) tid=0
[wb] L955 Some([2f, 65, 72, 72, 6f, 72, 5f, 73]) tid=0
[wb] L955 Some([2f, 65, 72, 72, 6f, 72, 5f, 73]) tid=0
[wb] L955 Some([2f, 65, 72, 72, 6f, 72, 5f, 73]) tid=0
[wb] L955 Some([2f, 65, 72, 72, 6f, 72, 5f, 73]) tid=0
[wb] L955 Some([2f, 65, 72, 72, 6f, 72, 5f, 73]) tid=0
[wb] L955 Some([0, 0, 0, 0, 0, 0, 0, 0]) tid=0
[wb] L955 Some([0, 0, 0, 0, 0, 0, 0, 0]) tid=0
[wb] L955 Some([0, 0, 0, 0, 0, 0, 0, 0]) tid=0
[wb] L955 Some([0, 0, 0, 0, 0, 0, 0, 0]) tid=0
[wb] L955 Some([0, 0, 0, 0, 0, 0, 0, 0]) tid=0
[wb] L955 Some([0, 0, 0, 0, 0, 0, 0, 0]) tid=0
[wb] L955 Some([0, 0, 0, 0, 0, 0, 0, 0]) tid=0
[wb] L955 Some([0, 0, 0, 0, 0, 0, 0, 0]) tid=0
[wb] L955 Some([0, 0, 0, 0, 0, 0, 0, 0]) tid=0
[wb] L955 Some([0, 0, 0, 0, 0, 0, 0, 0]) tid=0
[wb] L955 Some([0, 0, 0, 0, 0, 0, 0, 0]) tid=0
[wb] L955 Some([0, 0, 0, 0, 0, 0, 0, 0]) tid=0
[wb] L955 Some([0, 0, 0, 0, 0, 0, 0, 0]) tid=0
[wb] L955 Some([0, 0, 0, 0, 0, 0, 0, 0]) tid=0
[wb] L955 Some([0, 0, 0, 0, 0, 0, 0, 0]) tid=0
[wb] L955 Some([0, 0, 0, 0, 0, 0, 0, 0]) tid=0
[wb] L955 Some([0, 0, 0, 0, 0, 0, 0, 0]) tid=0
[wb] L955 Some([0, 0, 0, 0, 0, 0, 0, 0]) tid=0
[wb] L955 Some([0, 0, 0, 0, 0, 0, 0, 0]) tid=0
[wb] L955 Some([0, 0, 0, 0, 0, 0, 0, 0]) tid=0
[wb] L955 Some([0, 0, 0, 0, 0, 0, 0, 0]) tid=0
[wb] L955 Some([0, 0, 0, 0, 0, 0, 0, 0]) tid=0
[wb] L955 Some([0, 0, 0, 0, 0, 0, 0, 0]) tid=0
[wb] L955 Some([0, 0, 0, 0, 0, 0, 0, 0]) tid=0
[wb] L955 Some([0, 0, 0, 0, 0, 0, 0, 0]) tid=0
[wb] L955 Some([0, 0, 0, 0, 0, 0, 0, 0]) tid=0
[wb] L955 Some([0, 0, 0, 0, 0, 0, 0, 0]) tid=0
[wb] L955 Some([0, 0, 0, 0, 0, 0, 0, 0]) tid=0
[wb] L955 Some([0, 0, 0, 0, 0, 0, 0, 0]) tid=0
[wb] L955 Some([0, 0, 0, 0, 0, 0, 0, 0]) tid=0
[wb] L955 Some([0, 0, 0, 0, 0, 0, 0, 0]) tid=0
[wb] L955 Some([0, 0, 0, 0, 0, 0, 0, 0]) tid=0
[wb] L955 Some([0, 0, 0, 0, 0, 0, 0, 0]) tid=0
[wb] L955 Some([0, 0, 0, 0, 0, 0, 0, 0]) tid=0
[wb] L955 Some([0, 0, 0, 0, 0, 0, 0, 0]) tid=0
[wb] L955 Some([0, 0, 0, 0, 0, 0, 0, 0]) tid=0
[wb] L955 Some([0, 0, 0, 0, 0, 0, 0, 0]) tid=0
[wb] L955 Some([0, 0, 0, 0, 0, 0, 0, 0]) tid=0
[wb] L955 Some([0, 0, 0, 0, 0, 0, 0, 0]) tid=0
[wb] L955 Some([0, 0, 0, 0, 0, 0, 0, 0]) tid=0
[wb] L955 Some([0, 0, 0, 0, 0, 0, 0, 0]) tid=0
[wb] L955 Some([0, 0, 0, 0, 0, 0, 0, 0]) tid=0
[wb] L955 Some([0, 0, 0, 0, 0, 0, 0, 0]) tid=0
[wb] L955 Some([0, 0, 0, 0, 0, 0, 0, 0]) tid=0
[wb] L955 Some([0, 0, 0, 0, 0, 0, 0, 0]) tid=0
[wb] L955 Some([0, 0, 0, 0, 0, 0, 0, 0]) tid=0
[wb] L955 Some([0, 0, 0, 0, 0, 0, 0, 0]) tid=0
[wb] L955 Some([0, 0, 0, 0, 0, 0, 0, 0]) tid=0
[wb] L955 Some([0, 0, 0, 0, 0, 0, 0, 0]) tid=0
[wb] L955 Some([0, 0, 0, 0, 0, 0, 0, 0]) tid=0
[wb] L955 Some([0, 0, 0, 0, 0, 0, 0, 0]) tid=0
[wb] L955 Some([0, 0, 0, 0, 0, 0, 0, 0]) tid=0
[wb] L955 Some([0, 0, 0, 0, 0, 0, 0, 0]) tid=0
[wb] L955 Some([0, 0, 0, 0, 0, 0, 0, 0]) tid=0
[wb] L955 Some([0, 0, 0, 0, 0, 0, 0, 0]) tid=0
[wb] L955 Some([0, 0, 0, 0, 0, 0, 0, 0]) tid=0
[wb] L955 Some([0, 0, 0, 0, 0, 0, 0, 0]) tid=0
[wb] L955 Some([0, 0, 0, 0, 0, 0, 0, 0]) tid=0
[wb] L955 Some([0, 0, 0, 0, 0, 0, 0, 0]) tid=0
[wb] L955 Some([0, 0, 0, 0, 0, 0, 0, 0]) tid=0
[wb] L955 Some([0, 0, 0, 0, 0, 0, 0, 0]) tid=0
[wb] L955 Some([0, 0, 0, 0, 0, 0, 0, 0]) tid=0
[wb] L955 Some([0, 0, 0, 0, 0, 0, 0, 0]) tid=0
[wb] L955 Some([0, 0, 0, 0, 0, 0, 0, 0]) tid=0
[wb] L955 Some([0, 0, 0, 0, 0, 0, 0, 0]) tid=0
[wb] L955 Some([0, 0, 0, 0, 0, 0, 0, 0]) tid=0
[wb] L955 Some([0, 0, 0, 0, 0, 0, 0, 0]) tid=0
[wb] L955 Some([0, 0, 0, 0, 0, 0, 0, 0]) tid=0
[wb] L955 Some([0, 0, 0, 0, 0, 0, 0, 0]) tid=0
[wb] L955 Some([0, 0, 0, 0, 0, 0, 0, 0]) tid=0
[wb] L955 Some([0, 0, 0, 0, 0, 0, 0, 0]) tid=0
[wb] L955 Some([0, 0, 0, 0, 0, 0, 0, 0]) tid=0
[wb] L955 Some([0, 0, 0, 0, 0, 0, 0, 0]) tid=0
[wb] L955 Some([0, 0, 0, 0, 0, 0, 0, 0]) tid=0
[wb] L955 Some([0, 0, 0, 0, 0, 0, 0, 0]) tid=0
[wb] L955 Some([0, 0, 0, 0, 0, 0, 0, 0]) tid=0
[wb] L955 Some([0, 0, 0, 0, 0, 0, 0, 0]) tid=0
[wb] L955 Some([0, 0, 0, 0, 0, 0, 0, 0]) tid=0
[wb] L955 Some([0, 0, 0, 0, 0, 0, 0, 0]) tid=0
[wb] L955 Some([0, 0, 0, 0, 0, 0, 0, 0]) tid=0
[wb] L955 Some([0, 0, 0, 0, 0, 0, 0, 0]) tid=0
[wb] L955 Some([0, 0, 0, 0, 0, 0, 0, 0]) tid=0
[wb] L955 Some([0, 0, 0, 0, 0, 0, 0, 0]) tid=0
[wb] L955 Some([0, 0, 0, 0, 0, 0, 0, 0]) tid=0
[wb] L955 Some([0, 0, 0, 0, 0, 0, 0, 0]) tid=0
[wb] L955 Some([0, 0, 0, 0, 0, 0, 0, 0]) tid=0
[wb] L955 Some([0, 0, 0, 0, 0, 0, 0, 0]) tid=0
[wb] L955 Some([0, 0, 0, 0, 0, 0, 0, 0]) tid=0
[wb] L955 Some([0, 0, 0, 0, 0, 0, 0, 0]) tid=0
[wb] L955 Some([0, 0, 0, 0, 0, 0, 0, 0]) tid=0
[wb] L955 Some([0, 0, 0, 0, 0, 0, 0, 0]) tid=0
[wb] L955 Some([0, 0, 0, 0, 0, 0, 0, 0]) tid=0
[wb] L955 Some([0, 0, 0, 0, 0, 0, 0, 0]) tid=0
[wb] L955 Some([0, 0, 0, 0, 0, 0, 0, 0]) tid=0
[wb] L955 Some([0, 0, 0, 0, 0, 0, 0, 0]) tid=0
[wb] L955 Some([0, 0, 0, 0, 0, 0, 0, 0]) tid=0
[wb] L956 Some([0, 0, 0, 0, 0, 0, 0, 0]) tid=0
[wb] L956 Some([0, 0, 0, 0, 0, 0, 0, 0]) tid=0
[wb] L956 Some([0, 0, 0, 0, 0, 0, 0, 0]) tid=0
[wb] L956 Some([0, 0, 0, 0, 0, 0, 0, 0]) tid=0
[wb] L956 Some([0, 0, 0, 0, 0, 0, 0, 0]) tid=0
[wb] L956 Some([0, 0, 0, 0, 0, 0, 0, 0]) tid=0
[wb] L956 Some([0, 0, 0, 0, 0, 0, 0, 0]) tid=0
[wb] L956 Some([0, 0, 0, 0, 0, 0, 0, 0]) tid=0
[wb] L956 Some([0, 0, 0, 0, 0, 0, 0, 0]) tid=0
[wb] L956 Some([0, 0, 0, 0, 0, 0, 0, 0]) tid=0
[wb] L956 Some([0, 0, 0, 0, 0, 0, 0, 0]) tid=0
[wb] L956 Some([0, 0, 0, 0, 0, 0, 0, 0]) tid=0
[wb] L956 Some([0, 0, 0, 0, 0, 0, 0, 0]) tid=0
[wb] L956 Some([0, 0, 0, 0, 0, 0, 0, 0]) tid=0
[wb] L956 Some([0, 0, 0, 0, 0, 0, 0, 0]) tid=0
[wb] L956 Some([0, 0, 0, 0, 0, 0, 0, 0]) tid=0
[wb] L956 Some([0, 0, 0, 0, 0, 0, 0, 0]) tid=0
[wb] L956 Some([0, 0, 0, 0, 0, 0, 0, 0]) tid=0
[wb] L956 Some([0, 0, 0, 0, 0, 0, 0, 0]) tid=0
[wb] L956 Some([0, 0, 0, 0, 0, 0, 0, 0]) tid=0
[wb] L956 Some([0, 0, 0, 0, 0, 0, 0, 0]) tid=0
[wb] L956 Some([0, 0, 0, 0, 0, 0, 0, 0]) tid=0
[wb] L956 Some([0, 0, 0, 0, 0, 0, 0, 0]) tid=0
[wb] L956 Some([0, 0, 0, 0, 0, 0, 0, 0]) tid=0
[wb] L956 Some([0, 0, 0, 0, 0, 0, 0, 0]) tid=0
[wb] L956 Some([0, 0, 0, 0, 0, 0, 0, 0]) tid=0
[wb] L956 Some([0, 0, 0, 0, 0, 0, 0, 0]) tid=0
[wb] L956 Some([0, 0, 0, 0, 0, 0, 0, 0]) tid=0
[wb] L956 Some([0, 0, 0, 0, 0, 0, 0, 0]) tid=0
[wb] L956 Some([0, 0, 0, 0, 0, 0, 0, 0]) tid=0
[wb] L956 Some([0, 0, 0, 0, 0, 0, 0, 0]) tid=0
[wb] L956 Some([0, 0, 0, 0, 0, 0, 0, 0]) tid=0
[wb] L956 Some([0, 0, 0, 0, 0, 0, 0, 0]) tid=0
[wb] L956 Some([0, 0, 0, 0, 0, 0, 0, 0]) tid=0
[wb] L956 Some([0, 0, 0, 0, 0, 0, 0, 0]) tid=0
[wb] L956 Some([0, 0, 0, 0, 0, 0, 0, 0]) tid=0
[wb] L956 Some([0, 0, 0, 0, 0, 0, 0, 0]) tid=0
[wb] L956 Some([0, 0, 0, 0, 0, 0, 0, 0]) tid=0
[wb] L956 Some([0, 0, 0, 0, 0, 0, 0, 0]) tid=0
[wb] L956 Some([0, 0, 0, 0, 0, 0, 0, 0]) tid=0
[wb] L956 Some([0, 0, 0, 0, 0, 0, 0, 0]) tid=0
[wb] L956 Some([0, 0, 0, 0, 0, 0, 0, 0]) tid=0
[wb] L956 Some([0, 0, 0, 0, 0, 0, 0, 0]) tid=0
[wb] L956 Some([0, 0, 0, 0, 0, 0, 0, 0]) tid=0
[wb] L956 Some([0, 0, 0, 0, 0, 0, 0, 0]) tid=0
[wb] L956 Some([0, 0, 0, 0, 0, 0, 0, 0]) tid=0
[wb] L956 Some([0, 0, 0, 0, 0, 0, 0, 0]) tid=0
[wb] L956 Some([0, 0, 0, 0, 0, 0, 0, 0]) tid=0
[wb] L956 Some([0, 0, 0, 0, 0, 0, 0, 0]) tid=0
[wb] L956 Some([0, 0, 0, 0, 0, 0, 0, 0]) tid=0
[wb] L956 Some([0, 0, 0, 0, 0, 0, 0, 0]) tid=0
[wb] L956 Some([0, 0, 0, 0, 0, 0, 0, 0]) tid=0
[wb] L956 Some([0, 0, 0, 0, 0, 0, 0, 0]) tid=0
[wb] L956 Some([0, 0, 0, 0, 0, 0, 0, 0]) tid=0
[wb] L956 Some([0, 0, 0, 0, 0, 0, 0, 0]) tid=0
[wb] L956 Some([0, 0, 0, 0, 0, 0, 0, 0]) tid=0
[wb] L956 Some([0, 0, 0, 0, 0, 0, 0, 0]) tid=0
[wb] L956 Some([0, 0, 0, 0, 0, 0, 0, 0]) tid=0
[wb] L956 Some([0, 0, 0, 0, 0, 0, 0, 0]) tid=0
[wb] L956 Some([0, 0, 0, 0, 0, 0, 0, 0]) tid=0
[wb] L956 Some([0, 0, 0, 0, 0, 0, 0, 0]) tid=0
[wb] L956 Some([0, 0, 0, 0, 0, 0, 0, 0]) tid=0
[wb] L956 Some([0, 0, 0, 0, 0, 0, 0, 0]) tid=0
[wb] L956 Some([0, 0, 0, 0, 0, 0, 0, 0]) tid=0
[wb] L956 Some([0, 0, 0, 0, 0, 0, 0, 0]) tid=0
[wb] L956 Some([0, 0, 0, 0, 0, 0, 0, 0]) tid=0
[wb] L956 Some([0, 0, 0, 0, 0, 0, 0, 0]) tid=0
[wb] L956 Some([0, 0, 0, 0, 0, 0, 0, 0]) tid=0
[wb] L956 Some([0, 0, 0, 0, 0, 0, 0, 0]) tid=0
[wb] L956 Some([0, 0, 0, 0, 0, 0, 0, 0]) tid=0
[wb] L956 Some([0, 0, 0, 0, 0, 0, 0, 0]) tid=0
[wb] L956 Some([0, 0, 0, 0, 0, 0, 0, 0]) tid=0
[wb] L956 Some([0, 0, 0, 0, 0, 0, 0, 0]) tid=0
[wb] L956 Some([0, 0, 0, 0, 0, 0, 0, 0]) tid=0
[wb] L956 Some([0, 0, 0, 0, 0, 0, 0, 0]) tid=0
[wb] L956 Some([0, 0, 0, 0, 0, 0, 0, 0]) tid=0
[wb] L956 Some([0, 0, 0, 0, 0, 0, 0, 0]) tid=0
[wb] L956 Some([0, 0, 0, 0, 0, 0, 0, 0]) tid=0
[wb] L956 Some([0, 0, 0, 0, 0, 0, 0, 0]) tid=0
[wb] L956 Some([0, 0, 0, 0, 0, 0, 0, 0]) tid=0
[wb] L956 Some([0, 0, 0, 0, 0, 0, 0, 0]) tid=0
[wb] L956 Some([0, 0, 0, 0, 0, 0, 0, 0]) tid=0
[wb] L956 Some([0, 0, 0, 0, 0, 0, 0, 0]) tid=0
[wb] L956 Some([0, 0, 0, 0, 0, 0, 0, 0]) tid=0
[wb] L956 Some([0, 0, 0, 0, 0, 0, 0, 0]) tid=0
[wb] L956 Some([0, 0, 0, 0, 0, 0, 0, 0]) tid=0
[wb] L956 Some([0, 0, 0, 0, 0, 0, 0, 0]) tid=0
[wb] L956 Some([0, 0, 0, 0, 0, 0, 0, 0]) tid=0
[wb] L956 Some([0, 0, 0, 0, 0, 0, 0, 0]) tid=0
[wb] L956 Some([0, 0, 0, 0, 0, 0, 0, 0]) tid=0
[wb] L956 Some([0, 0, 0, 0, 0, 0, 0, 0]) tid=0
[wb] L956 Some([0, 0, 0, 0, 0, 0, 0, 0]) tid=0
[wb] L956 Some([0, 0, 0, 0, 0, 0, 0, 0]) tid=0
[wb] L956 Some([0, 0, 0, 0, 0, 0, 0, 0]) tid=0
[wb] L956 Some([0, 0, 0, 0, 0, 0, 0, 0]) tid=0
[wb] L956 Some([0, 0, 0, 0, 0, 0, 0, 0]) tid=0
[wb] L956 Some([0, 0, 0, 0, 0, 0, 0, 0]) tid=0
[wb] L956 Some([0, 0, 0, 0, 0, 0, 0, 0]) tid=0
[wb] L956 Some([0, 0, 0, 0, 0, 0, 0, 0]) tid=0
[wb] L956 Some([0, 0, 0, 0, 0, 0, 0, 0]) tid=0
[wb] L956 Some([0, 0, 0, 0, 0, 0, 0, 0]) tid=0
[wb] L956 Some([0, 0, 0, 0, 0, 0, 0, 0]) tid=0
[wb] L956 Some([0, 0, 0, 0, 0, 0, 0, 0]) tid=0
[wb] L956 Some([0, 0, 0, 0, 0, 0, 0, 0]) tid=0
[wb] L956 Some([0, 0, 0, 0, 0, 0, 0, 0]) tid=0
[wb] L956 Some([0, 0, 0, 0, 0, 0, 0, 0]) tid=0
[wb] L956 Some([0, 0, 0, 0, 0, 0, 0, 0]) tid=0
[wb] L956 Some([0, 0, 0, 0, 0, 0, 0, 0]) tid=0
[wb] L957 Some([0, 0, 0, 0, 0, 0, 0, 0]) tid=0
[wb] L958 Some([0, 0, 0, 0, 0, 0, 0, 0]) tid=0
[wb] L959 Some([0, 0, 0, 0, 0, 0, 0, 0]) tid=0
[wb] L960 Some([0, 0, 0, 0, 0, 0, 0, 0]) tid=0
[wb] L961 Some([0, 0, 0, 0, 0, 0, 0, 0]) tid=0
[wb] L962 Some([0, 0, 0, 0, 0, 0, 0, 0]) tid=0
[wb] L963 Some([0, 0, 0, 0, 0, 0, 0, 0]) tid=0
[wb] L964 Some([0, 0, 0, 0, 0, 0, 0, 0]) tid=0
[wb] L965 Some([0, 0, 0, 0, 0, 0, 0, 0]) tid=0
[wb] L966 Some([0, 0, 0, 0, 0, 0, 0, 0]) tid=0
[wb] L967 Some([0, 0, 0, 0, 0, 0, 0, 0]) tid=0
[wb] L967 Some([0, 0, 0, 0, 0, 0, 0, 0]) tid=0
[wb] L968 Some([0, 0, 0, 0, 0, 0, 0, 0]) tid=0
[wb] L969 Some([0, 0, 0, 0, 0, 0, 0, 0]) tid=0
[wb] L970 Some([0, 0, 0, 0, 0, 0, 0, 0]) tid=0
[wb] L971 Some([0, 0, 0, 0, 0, 0, 0, 0]) tid=0
[wb] L971 Some([0, 0, 0, 0, 0, 0, 0, 0]) tid=0
[wb] L972 Some([0, 0, 0, 0, 0, 0, 0, 0]) tid=0
[wb] L973 Some([0, 0, 0, 0, 0, 0, 0, 0]) tid=0
[wb] L974 Some([0, 0, 0, 0, 0, 0, 0, 0]) tid=0
[wb] L975 Some([0, 0, 0, 0, 0, 0, 0, 0]) tid=0
[wb] L976 Some([0, 0, 0, 0, 0, 0, 0, 0]) tid=0
[wb] L977 Some([0, 0, 0, 0, 0, 0, 0, 0]) tid=0
[wb] L978 Some([0, 0, 0, 0, 0, 0, 0, 0]) tid=0
[wb] L979 Some([0, 0, 0, 0, 0, 0, 0, 0]) tid=0
[wb] L980 Some([0, 0, 0, 0, 0, 0, 0, 0]) tid=0
[wb] L981 Some([0, 0, 0, 0, 0, 0, 0, 0]) tid=0
[wb] L982 Some([0, 0, 0, 0, 0, 0, 0, 0]) tid=0
[wb] L983 Some([0, 0, 0, 0, 0, 0, 0, 0]) tid=0
[wb] L984 Some([0, 0, 0, 0, 0, 0, 0, 0]) tid=0
[wb] L985 Some([0, 0, 0, 0, 0, 0, 0, 0]) tid=0
[wb] L986 Some([0, 0, 0, 0, 0, 0, 0, 0]) tid=0
[wb] L987 Some([0, 0, 0, 0, 0, 0, 0, 0]) tid=0
[wb] L988 Some([0, 0, 0, 0, 0, 0, 0, 0]) tid=0
[wb] L989 Some([0, 0, 0, 0, 0, 0, 0, 0]) tid=0
[wb] L990 Some([0, 0, 0, 0, 0, 0, 0, 0]) tid=0
[wb] L991 Some([0, 0, 0, 0, 0, 0, 0, 0]) tid=0
[wb] L992 Some([0, 0, 0, 0, 0, 0, 0, 0]) tid=0
[wb] L993 Some([0, 0, 0, 0, 0, 0, 0, 0]) tid=0
[wb] L994 Some([0, 0, 0, 0, 0, 0, 0, 0]) tid=0
[wb] L995 Some([0, 0, 0, 0, 0, 0, 0, 0]) tid=0
[wb] L996 Some([0, 0, 0, 0, 0, 0, 0, 0]) tid=0
[wb] L997 Some([0, 0, 0, 0, 0, 0, 0, 0]) tid=0
[wb] L998 Some([0, 0, 0, 0, 0, 0, 0, 0]) tid=0
[wb] L999 Some([0, 0, 0, 0, 0, 0, 0, 0]) tid=0
[wb] L1000 Some([0, 0, 0, 0, 0, 0, 0, 0]) tid=0
[wb] L1001 Some([0, 0, 0, 0, 0, 0, 0, 0]) tid=0
[wb] L1002 Some([0, 0, 0, 0, 0, 0, 0, 0]) tid=0
[wb] L1003 Some([0, 0, 0, 0, 0, 0, 0, 0]) tid=0
[wb] L1004 Some([0, 0, 0, 0, 0, 0, 0, 0]) tid=0
[wb] L1005 Some([0, 0, 0, 0, 0, 0, 0, 0]) tid=0
[wb] L1006 Some([0, 0, 0, 0, 0, 0, 0, 0]) tid=0
[wb] L1007 Some([0, 0, 0, 0, 0, 0, 0, 0]) tid=0
[wb] L1008 Some([0, 0, 0, 0, 0, 0, 0, 0]) tid=0
[wb] L1009 Some([0, 0, 0, 0, 0, 0, 0, 0]) tid=0
[wb] L1010 Some([0, 0, 0, 0, 0, 0, 0, 0]) tid=0
[wb] L1011 Some([0, 0, 0, 0, 0, 0, 0, 0]) tid=0
[wb] L1012 Some([0, 0, 0, 0, 0, 0, 0, 0]) tid=0
[wb] L1013 Some([0, 0, 0, 0, 0, 0, 0, 0]) tid=0
[wb] L1014 Some([0, 0, 0, 0, 0, 0, 0, 0]) tid=0
[wb] L1015 Some([0, 0, 0, 0, 0, 0, 0, 0]) tid=0
[wb] L1016 Some([0, 0, 0, 0, 0, 0, 0, 0]) tid=0
[wb] L1017 Some([0, 0, 0, 0, 0, 0, 0, 0]) tid=0
[wb] L1018 Some([0, 0, 0, 0, 0, 0, 0, 0]) tid=0
[wb] L1019 Some([0, 0, 0, 0, 0, 0, 0, 0]) tid=0
[wb] L1020 Some([0, 0, 0, 0, 0, 0, 0, 0]) tid=0
[wb] L1021 Some([0, 0, 0, 0, 0, 0, 0, 0]) tid=0
[wb] L1022 Some([0, 0, 0, 0, 0, 0, 0, 0]) tid=0
[wb] L1023 Some([0, 0, 0, 0, 0, 0, 0, 0]) tid=0
[wb] L1024 Some([0, 0, 0, 0, 0, 0, 0, 0]) tid=0
[wb] L1025 Some([0, 0, 0, 0, 0, 0, 0, 0]) tid=0
[wb] L1026 Some([0, 0, 0, 0, 0, 0, 0, 0]) tid=0
[wb] L1027 Some([0, 0, 0, 0, 0, 0, 0, 0]) tid=0
[wb] L1028 Some([0, 0, 0, 0, 0, 0, 0, 0]) tid=0
[wb] L1029 Some([0, 0, 0, 0, 0, 0, 0, 0]) tid=0
[wb] L1030 Some([0, 0, 0, 0, 0, 0, 0, 0]) tid=0
[wb] L1031 Some([0, 0, 0, 0, 0, 0, 0, 0]) tid=0
[wb] L1032 Some([0, 0, 0, 0, 0, 0, 0, 0]) tid=0
[wb] L1032 Some([0, 0, 0, 0, 0, 0, 0, 0]) tid=0
[wb] L1033 Some([0, 0, 0, 0, 0, 0, 0, 0]) tid=0
[wb] L1034 Some([0, 0, 0, 0, 0, 0, 0, 0]) tid=0
[wb] L1035 Some([0, 0, 0, 0, 0, 0, 0, 0]) tid=0
[wb] L1036 Some([0, 0, 0, 0, 0, 0, 0, 0]) tid=0
[wb] L1037 Some([0, 0, 0, 0, 0, 0, 0, 0]) tid=0
[wb] L1038 Some([0, 0, 0, 0, 0, 0, 0, 0]) tid=0
[wb] L1039 Some([0, 0, 0, 0, 0, 0, 0, 0]) tid=0
[wb] L1040 Some([0, 0, 0, 0, 0, 0, 0, 0]) tid=0
[wb] L1041 Some([0, 0, 0, 0, 0, 0, 0, 0]) tid=0
[wb] L1042 Some([0, 0, 0, 0, 0, 0, 0, 0]) tid=0
[wb] L1043 Some([0, 0, 0, 0, 0, 0, 0, 0]) tid=0
[wb] L1044 Some([0, 0, 0, 0, 0, 0, 0, 0]) tid=0
[wb] L1045 Some([0, 0, 0, 0, 0, 0, 0, 0]) tid=0
[wb] L1046 Some([0, 0, 0, 0, 0, 0, 0, 0]) tid=0
[wb] L1047 Some([0, 0, 0, 0, 0, 0, 0, 0]) tid=0
[wb] L1048 Some([0, 0, 0, 0, 0, 0, 0, 0]) tid=0
[wb] L1049 Some([0, 0, 0, 0, 0, 0, 0, 0]) tid=0
[wb] L1050 Some([0, 0, 0, 0, 0, 0, 0, 0]) tid=0
[wb] L1051 Some([0, 0, 0, 0, 0, 0, 0, 0]) tid=0
[wb] L1052 Some([0, 0, 0, 0, 0, 0, 0, 0]) tid=0
[wb] L1053 Some([0, 0, 0, 0, 0, 0, 0, 0]) tid=0
[wb] L1054 Some([0, 0, 0, 0, 0, 0, 0, 0]) tid=0
[wb] L1055 Some([0, 0, 0, 0, 0, 0, 0, 0]) tid=0
[wb] L1056 Some([0, 0, 0, 0, 0, 0, 0, 0]) tid=0
[wb] L1057 Some([0, 0, 0, 0, 0, 0, 0, 0]) tid=0
[wb] L1058 Some([0, 0, 0, 0, 0, 0, 0, 0]) tid=0
[wb] L1059 Some([0, 0, 0, 0, 0, 0, 0, 0]) tid=0
[wb] L1060 Some([0, 0, 0, 0, 0, 0, 0, 0]) tid=0
[wb] L1061 Some([0, 0, 0, 0, 0, 0, 0, 0]) tid=0
[wb] L1062 Some([0, 0, 0, 0, 0, 0, 0, 0]) tid=0
[wb] L1063 Some([0, 0, 0, 0, 0, 0, 0, 0]) tid=0
[wb] L1064 Some([0, 0, 0, 0, 0, 0, 0, 0]) tid=0
[wb] L1065 Some([0, 0, 0, 0, 0, 0, 0, 0]) tid=0
[wb] L1066 Some([0, 0, 0, 0, 0, 0, 0, 0]) tid=0
[wb] L1067 Some([0, 0, 0, 0, 0, 0, 0, 0]) tid=0
[wb] L1068 Some([0, 0, 0, 0, 0, 0, 0, 0]) tid=0
[wb] L1069 Some([0, 0, 0, 0, 0, 0, 0, 0]) tid=0
[wb] L1070 Some([0, 0, 0, 0, 0, 0, 0, 0]) tid=0
[wb] L1071 Some([0, 0, 0, 0, 0, 0, 0, 0]) tid=0
[wb] L1072 Some([0, 0, 0, 0, 0, 0, 0, 0]) tid=0
[wb] L1073 Some([0, 0, 0, 0, 0, 0, 0, 0]) tid=0
[wb] L1074 Some([0, 0, 0, 0, 0, 0, 0, 0]) tid=0
[wb] L1075 Some([0, 0, 0, 0, 0, 0, 0, 0]) tid=0
[wb] L1076 Some([0, 0, 0, 0, 0, 0, 0, 0]) tid=0
[wb] L1077 Some([0, 0, 0, 0, 0, 0, 0, 0]) tid=0
[wb] L1078 Some([0, 0, 0, 0, 0, 0, 0, 0]) tid=0
[wb] L1079 Some([0, 0, 0, 0, 0, 0, 0, 0]) tid=0
[wb] L1080 Some([0, 0, 0, 0, 0, 0, 0, 0]) tid=0
[wb] L1081 Some([0, 0, 0, 0, 0, 0, 0, 0]) tid=0
[wb] L1082 Some([0, 0, 0, 0, 0, 0, 0, 0]) tid=0
[wb] L1083 Some([0, 0, 0, 0, 0, 0, 0, 0]) tid=0
[wb] L1084 Some([0, 0, 0, 0, 0, 0, 0, 0]) tid=0
[wb] L1085 Some([0, 0, 0, 0, 0, 0, 0, 0]) tid=0
[wb] L1086 Some([0, 0, 0, 0, 0, 0, 0, 0]) tid=0
[wb] L1087 Some([0, 0, 0, 0, 0, 0, 0, 0]) tid=0
[wb] L1088 Some([0, 0, 0, 0, 0, 0, 0, 0]) tid=0
[wb] L1089 Some([0, 0, 0, 0, 0, 0, 0, 0]) tid=0
[wb] L1090 Some([0, 0, 0, 0, 0, 0, 0, 0]) tid=0
[wb] L1091 Some([0, 0, 0, 0, 0, 0, 0, 0]) tid=0
[wb] L1092 Some([0, 0, 0, 0, 0, 0, 0, 0]) tid=0
[wb] L1093 Some([0, 0, 0, 0, 0, 0, 0, 0]) tid=0
[wb] L1094 Some([0, 0, 0, 0, 0, 0, 0, 0]) tid=0
[wb] L1095 Some([0, 0, 0, 0, 0, 0, 0, 0]) tid=0
[wb] L1096 Some([0, 0, 0, 0, 0, 0, 0, 0]) tid=0
[wb] L1097 Some([0, 0, 0, 0, 0, 0, 0, 0]) tid=0
[wb] L1098 Some([0, 0, 0, 0, 0, 0, 0, 0]) tid=0
[wb] L1099 Some([0, 0, 0, 0, 0, 0, 0, 0]) tid=0
[wb] L1100 Some([0, 0, 0, 0, 0, 0, 0, 0]) tid=0
[wb] L1101 Some([0, 0, 0, 0, 0, 0, 0, 0]) tid=0
[wb] L1102 Some([0, 0, 0, 0, 0, 0, 0, 0]) tid=0
[probe] kevent#1 tid=0 kq=7 change ident=0x1e7e7711 filter=-10 flags=0x21 fflags=0x0 data=0x0 udata=0x0 nev=1 timeout=Some((0, 0))
[probe] kevent#1 tid=0 kq=7 change ident=0x1e7e7711 filter=-10 flags=0x0 fflags=0x1000000 data=0x0 udata=0x0 nev=1 timeout=Some((0, 0))
[probe] kevent deliver kq=7 n=1
[probe] kevent#1 call tid=0 kq=7 nch=2 nev=1 timeout=Some((0, 0)) -> immediate n=1
[wb] L1103 Some([0, 0, 0, 0, 0, 0, 0, 0]) tid=0
[wb] L1104 Some([0, 0, 0, 0, 0, 0, 0, 0]) tid=0
[wb] L1105 Some([0, 0, 0, 0, 0, 0, 0, 0]) tid=0
[probe] kevent#2 tid=0 kq=4 change ident=0x7 filter=-10 flags=0x21 fflags=0x0 data=0x0 udata=0x0 nev=0 timeout=None
[probe] kevent#2 call tid=0 kq=4 nch=1 nev=0 timeout=None -> immediate n=0
[wb] L1106 Some([0, 0, 0, 0, 0, 0, 0, 0]) tid=0
[retrace] forwarding mach_msg2 semaphore_create (msgh_id 3418) to host (decided allowlist)
[wb] L1107 Some([0, 0, 0, 0, 0, 0, 0, 0]) tid=0
[wb] L1108 Some([0, 0, 0, 0, 0, 0, 0, 0]) tid=0
[wb] L1109 Some([0, 0, 0, 0, 0, 0, 0, 0]) tid=0
[wb] L1110 Some([0, 0, 0, 0, 0, 0, 0, 0]) tid=0
[wb] L1111 Some([0, 0, 0, 0, 0, 0, 0, 0]) tid=0
[wb] L1112 Some([0, 0, 0, 0, 0, 0, 0, 0]) tid=0
[wb] L1113 Some([0, 0, 0, 0, 0, 0, 0, 0]) tid=1
[wb] L1114 Some([0, 0, 0, 0, 0, 0, 0, 0]) tid=1
[wb] L1115 Some([0, 0, 0, 0, 0, 0, 0, 0]) tid=1
[wb] L1116 Some([0, 0, 0, 0, 0, 0, 0, 0]) tid=1
[wb] L1117 Some([0, 0, 0, 0, 0, 0, 0, 0]) tid=1
[probe] kevent#3 tid=1 kq=8 change ident=0x9 filter=-10 flags=0x21 fflags=0x0 data=0x0 udata=0x0 nev=0 timeout=None
[probe] kevent#3 call tid=1 kq=8 nch=1 nev=0 timeout=None -> immediate n=0
[wb] L1118 Some([0, 0, 0, 0, 0, 0, 0, 0]) tid=1
[wb] L1119 Some([0, 0, 0, 0, 0, 0, 0, 0]) tid=1
[probe] kevent#4 call tid=1 kq=8 nch=0 nev=1024 timeout=None -> immediate n=0
[probe] kevent#4 BLOCK tid=1 kq=8 timeout=None deadline=None now=0x71e4da9110a
[wb] L1120 Some([0, 0, 0, 0, 0, 0, 0, 0]) tid=1
[retrace] forwarding mach_msg2 semaphore_destroy (msgh_id 3419) to host (decided allowlist)
[wb] L1121 Some([0, 0, 0, 0, 0, 0, 0, 0]) tid=0
[wb] L1122 Some([0, 0, 0, 0, 0, 0, 0, 0]) tid=0
[wb] L1123 Some([0, 0, 0, 0, 0, 0, 0, 0]) tid=0
[wb] L1124 Some([0, 0, 0, 0, 0, 0, 0, 0]) tid=0
[wb] L1125 Some([0, 0, 0, 0, 0, 0, 0, 0]) tid=0
[wb] L1126 Some([0, 0, 0, 0, 0, 0, 0, 0]) tid=0
[wb] L1127 Some([0, 0, 0, 0, 0, 0, 0, 0]) tid=0
[wb] L1128 Some([0, 0, 0, 0, 0, 0, 0, 0]) tid=0
[wb] L1129 Some([0, 0, 0, 0, 0, 0, 0, 0]) tid=0
[wb] L1130 Some([0, 0, 0, 0, 0, 0, 0, 0]) tid=0
[wb] L1131 Some([0, 0, 0, 0, 0, 0, 0, 0]) tid=0
[wb] L1132 Some([0, 0, 0, 0, 0, 0, 0, 0]) tid=0
[wb] L1133 Some([0, 0, 0, 0, 0, 0, 0, 0]) tid=0
[wb] L1134 Some([0, 0, 0, 0, 0, 0, 0, 0]) tid=0
[wb] L1135 Some([0, 0, 0, 0, 0, 0, 0, 0]) tid=0
[wb] L1136 Some([0, 0, 0, 0, 0, 0, 0, 0]) tid=0
[wb] L1137 Some([0, 0, 0, 0, 0, 0, 0, 0]) tid=0
[probe] psynch#1 cvwait tid=0 cv=0x27ff458 lsgen=0x100000100 ugen=0x0 mutex=0x0 mugen=0x0 flags=0xa0 sec=0 nsec=0
[wb] L1138 Some([0, 0, 0, 0, 0, 0, 0, 0]) tid=0
[wb] L1139 Some([0, 0, 0, 0, 0, 0, 0, 0]) tid=2
[wb] L1140 Some([0, 0, 0, 0, 0, 0, 0, 0]) tid=2
[probe] psynch#2 cvsignal tid=2 cv=0x27ff458 lsgen=0x100 ugen=0x0 port=0x0 mutex=0x0 mugen=0x0 thr=0x0 flags=0x0
[wb] L1141 Some([0, 0, 0, 0, 0, 0, 0, 0]) tid=2
[probe] psynch#3 cvwait tid=2 cv=0x7ba78 lsgen=0x100000100 ugen=0x0 mutex=0x0 mugen=0x0 flags=0xa0 sec=0 nsec=0
[wb] L1142 Some([0, 0, 0, 0, 0, 0, 0, 0]) tid=2
[probe] psynch#4 cvwait tid=0 cv=0x27ff458 lsgen=0x10000000200 ugen=0x100 mutex=0x0 mugen=0x0 flags=0xa0 sec=0 nsec=0
[wb] L1143 Some([0, 0, 0, 0, 0, 0, 0, 0]) tid=0
[wb] L1144 Some([0, 0, 0, 0, 0, 0, 0, 0]) tid=3
[wb] L1145 Some([0, 0, 0, 0, 0, 0, 0, 0]) tid=3
[probe] psynch#5 cvsignal tid=3 cv=0x27ff458 lsgen=0x10000000200 ugen=0x100 port=0x0 mutex=0x0 mugen=0x0 thr=0x0 flags=0x0
[wb] L1146 Some([0, 0, 0, 0, 0, 0, 0, 0]) tid=3
[probe] psynch#6 cvwait tid=3 cv=0x7ba78 lsgen=0x200 ugen=0x0 mutex=0x0 mugen=0x0 flags=0xa0 sec=0 nsec=0
[wb] L1147 Some([0, 0, 0, 0, 0, 0, 0, 0]) tid=3
[probe] psynch#7 cvwait tid=0 cv=0x27ff458 lsgen=0x20000000300 ugen=0x200 mutex=0x0 mugen=0x0 flags=0xa0 sec=0 nsec=0
[wb] L1148 Some([0, 0, 0, 0, 0, 0, 0, 0]) tid=0
[wb] L1149 Some([0, 0, 0, 0, 0, 0, 0, 0]) tid=4
[wb] L1150 Some([0, 0, 0, 0, 0, 0, 0, 0]) tid=4
[probe] psynch#8 cvsignal tid=4 cv=0x27ff458 lsgen=0x20000000300 ugen=0x200 port=0x0 mutex=0x0 mugen=0x0 thr=0x0 flags=0x0
[wb] L1151 Some([0, 0, 0, 0, 0, 0, 0, 0]) tid=4
[probe] psynch#9 cvwait tid=4 cv=0x7ba78 lsgen=0x300 ugen=0x0 mutex=0x0 mugen=0x0 flags=0xa0 sec=0 nsec=0
[wb] L1152 Some([0, 0, 0, 0, 0, 0, 0, 0]) tid=4
[probe] psynch#10 cvwait tid=0 cv=0x27ff458 lsgen=0x30000000400 ugen=0x300 mutex=0x0 mugen=0x0 flags=0xa0 sec=0 nsec=0
[wb] L1153 Some([0, 0, 0, 0, 0, 0, 0, 0]) tid=0
[wb] L1154 Some([0, 0, 0, 0, 0, 0, 0, 0]) tid=5
[wb] L1155 Some([0, 0, 0, 0, 0, 0, 0, 0]) tid=5
[probe] psynch#11 cvsignal tid=5 cv=0x27ff458 lsgen=0x30000000400 ugen=0x300 port=0x0 mutex=0x0 mugen=0x0 thr=0x0 flags=0x0
[wb] L1156 Some([0, 0, 0, 0, 0, 0, 0, 0]) tid=5
[probe] psynch#12 cvwait tid=5 cv=0x7ba78 lsgen=0x400 ugen=0x0 mutex=0x0 mugen=0x0 flags=0xa0 sec=0 nsec=0
[wb] L1157 Some([0, 0, 0, 0, 0, 0, 0, 0]) tid=5
[probe] psynch#13 cvwait tid=0 cv=0x27ff458 lsgen=0x40000000500 ugen=0x400 mutex=0x0 mugen=0x0 flags=0xa0 sec=0 nsec=1
[wb] L1158 Some([0, 0, 0, 0, 0, 0, 0, 0]) tid=0
[probe] cvwait timeout tid=0 cv=0x27ff458
[wb] L1159 Some([0, 0, 0, 0, 0, 0, 0, 0]) tid=0
[wb] L1160 Some([0, 0, 0, 0, 0, 0, 0, 0]) tid=0
[wb] L1161 Some([0, 0, 0, 0, 0, 0, 0, 0]) tid=0
[wb] L1161 Some([0, 0, 0, 0, 0, 0, 0, 0]) tid=0
[wb] L1161 Some([0, 0, 0, 0, 0, 0, 0, 0]) tid=0
[wb] L1161 Some([0, 0, 0, 0, 0, 0, 0, 0]) tid=0
[wb] L1161 Some([0, 0, 0, 0, 0, 0, 0, 0]) tid=0
[wb] L1161 Some([0, 0, 0, 0, 0, 0, 0, 0]) tid=0
[wb] L1162 Some([0, 0, 0, 0, 0, 0, 0, 0]) tid=0
[wb] L1163 Some([0, 0, 0, 0, 0, 0, 0, 0]) tid=0
[wb] L1164 Some([0, 0, 0, 0, 0, 0, 0, 0]) tid=0
[wb] L1165 Some([0, 0, 0, 0, 0, 0, 0, 0]) tid=0
[wb] L1166 Some([0, 0, 0, 0, 0, 0, 0, 0]) tid=0
[wb] L1167 Some([0, 0, 0, 0, 0, 0, 0, 0]) tid=0
[wb] L1168 Some([0, 0, 0, 0, 0, 0, 0, 0]) tid=0
[wb] L1169 Some([0, 0, 0, 0, 0, 0, 0, 0]) tid=0
[wb] L1170 Some([0, 0, 0, 0, 0, 0, 0, 0]) tid=0
[wb] L1171 Some([0, 0, 0, 0, 0, 0, 0, 0]) tid=0
[wb] L1172 Some([0, 0, 0, 0, 0, 0, 0, 0]) tid=0
[wb] L1173 Some([0, 0, 0, 0, 0, 0, 0, 0]) tid=0
[wb] L1174 Some([0, 0, 0, 0, 0, 0, 0, 0]) tid=0
[wb] L1175 Some([0, 0, 0, 0, 0, 0, 0, 0]) tid=0
[wb] L1176 Some([0, 0, 0, 0, 0, 0, 0, 0]) tid=0
[wb] L1177 Some([0, 0, 0, 0, 0, 0, 0, 0]) tid=0
[wb] L1178 Some([0, 0, 0, 0, 0, 0, 0, 0]) tid=0
[wb] L1179 Some([0, 0, 0, 0, 0, 0, 0, 0]) tid=0
[wb] L1180 Some([0, 0, 0, 0, 0, 0, 0, 0]) tid=0
[wb] L1181 Some([0, 0, 0, 0, 0, 0, 0, 0]) tid=0
[wb] L1182 Some([0, 0, 0, 0, 0, 0, 0, 0]) tid=0
[wb] L1183 Some([0, 0, 0, 0, 0, 0, 0, 0]) tid=0
[probe] kevent#5 tid=0 kq=10 change ident=0xb filter=-10 flags=0x21 fflags=0x0 data=0x0 udata=0x0 nev=0 timeout=None
[probe] kevent#5 call tid=0 kq=10 nch=1 nev=0 timeout=None -> immediate n=0
[wb] L1184 Some([0, 0, 0, 0, 0, 0, 0, 0]) tid=0
[wb] L1185 Some([0, 0, 0, 0, 0, 0, 0, 0]) tid=0
[wb] L1186 Some([0, 0, 0, 0, 0, 0, 0, 0]) tid=0
[wb] L1187 Some([0, 0, 0, 0, 0, 0, 0, 0]) tid=0
[wb] L1187 Some([0, 0, 0, 0, 0, 0, 0, 0]) tid=0
[probe] MAP_JIT mmap ipa=0xa2cfac000 len=0x10000000 prot=0x0 flags=0x41842
[probe] view flip #1 -> RX (tid 0)
[wb] L1188 Some([0, 0, 0, 0, 0, 0, 0, 0]) tid=0
[probe] mprotect over MAP_JIT ipa=0xa2cfc0000 len=0xffc0000 prot=0x7
[probe] view flip #2 -> RX (tid 0)
[wb] L1189 Some([0, 0, 0, 0, 0, 0, 0, 0]) tid=0
[wb] L1190 Some([0, 0, 0, 0, 0, 0, 0, 0]) tid=0
[wb] L1191 Some([0, 0, 0, 0, 0, 0, 0, 0]) tid=0
[wb] L1192 Some([0, 0, 0, 0, 0, 0, 0, 0]) tid=0
[probe] partial munmap 0xa3cfac000+0x14000 of backing 0xa3cfac000..0xa3d028000
[wb] L1193 Some([0, 0, 0, 0, 0, 0, 0, 0]) tid=0
[probe] partial munmap 0xa3d000000+0x28000 of backing 0xa3cfc0000..0xa3d028000
[wb] L1194 Some([0, 0, 0, 0, 0, 0, 0, 0]) tid=0
[wb] L1195 Some([0, 0, 0, 0, 0, 0, 0, 0]) tid=0
[probe] partial munmap 0xa3d028000+0x18000 of backing 0xa3d028000..0xa3d0a4000
[wb] L1196 Some([0, 0, 0, 0, 0, 0, 0, 0]) tid=0
[probe] partial munmap 0xa3d080000+0x24000 of backing 0xa3d040000..0xa3d0a4000
[wb] L1197 Some([0, 0, 0, 0, 0, 0, 0, 0]) tid=0
[probe] partial munmap 0xa3d05c000+0x24000 of backing 0xa3d040000..0xa3d080000
[wb] L1198 Some([0, 0, 0, 0, 0, 0, 0, 0]) tid=0
[wb] L1199 Some([0, 0, 0, 0, 0, 0, 0, 0]) tid=0
[wb] L1200 Some([0, 0, 0, 0, 0, 0, 0, 0]) tid=0
[wb] L1201 Some([0, 0, 0, 0, 0, 0, 0, 0]) tid=0
[wb] L1202 Some([0, 0, 0, 0, 0, 0, 0, 0]) tid=0
[wb] L1203 Some([0, 0, 0, 0, 0, 0, 0, 0]) tid=0
[wb] L1204 Some([0, 0, 0, 0, 0, 0, 0, 0]) tid=0
[wb] L1205 Some([0, 0, 0, 0, 0, 0, 0, 0]) tid=0
[probe] partial munmap 0xa3d0a4000+0x1c000 of backing 0xa3d0a4000..0xa3d120000
[wb] L1206 Some([0, 0, 0, 0, 0, 0, 0, 0]) tid=0
[probe] partial munmap 0xa3d100000+0x20000 of backing 0xa3d0c0000..0xa3d120000
[wb] L1207 Some([0, 0, 0, 0, 0, 0, 0, 0]) tid=0
[wb] L1208 Some([0, 0, 0, 0, 0, 0, 0, 0]) tid=0
[probe] partial munmap 0xa3d120000+0x20000 of backing 0xa3d120000..0xa3d19c000
[wb] L1209 Some([0, 0, 0, 0, 0, 0, 0, 0]) tid=0
[probe] partial munmap 0xa3d180000+0x1c000 of backing 0xa3d140000..0xa3d19c000
[wb] L1210 Some([0, 0, 0, 0, 0, 0, 0, 0]) tid=0
[wb] L1211 Some([0, 0, 0, 0, 0, 0, 0, 0]) tid=0
[probe] partial munmap 0xa3d19c000+0x24000 of backing 0xa3d19c000..0xa3d218000
[wb] L1212 Some([0, 0, 0, 0, 0, 0, 0, 0]) tid=0
[probe] partial munmap 0xa3d200000+0x18000 of backing 0xa3d1c0000..0xa3d218000
[wb] L1213 Some([0, 0, 0, 0, 0, 0, 0, 0]) tid=0
[wb] L1214 Some([0, 0, 0, 0, 0, 0, 0, 0]) tid=0
[wb] L1215 Some([0, 0, 0, 0, 0, 0, 0, 0]) tid=0
[wb] L1216 Some([0, 0, 0, 0, 0, 0, 0, 0]) tid=0
[wb] L1217 Some([0, 0, 0, 0, 0, 0, 0, 0]) tid=0
[wb] L1218 Some([0, 0, 0, 0, 0, 0, 0, 0]) tid=0
[wb] L1219 Some([0, 0, 0, 0, 0, 0, 0, 0]) tid=0
[wb] L1220 Some([0, 0, 0, 0, 0, 0, 0, 0]) tid=0
[wb] L1221 Some([0, 0, 0, 0, 0, 0, 0, 0]) tid=0
[wb] L1222 Some([0, 0, 0, 0, 0, 0, 0, 0]) tid=0
[wb] L1223 Some([0, 0, 0, 0, 0, 0, 0, 0]) tid=0
[wb] L1224 Some([0, 0, 0, 0, 0, 0, 0, 0]) tid=0
[wb] L1225 Some([0, 0, 0, 0, 0, 0, 0, 0]) tid=0
[wb] L1226 Some([0, 0, 0, 0, 0, 0, 0, 0]) tid=0
[probe] partial munmap 0xa3d218000+0x28000 of backing 0xa3d218000..0xa3d294000
[wb] L1227 Some([0, 0, 0, 0, 0, 0, 0, 0]) tid=0
[probe] partial munmap 0xa3d280000+0x14000 of backing 0xa3d240000..0xa3d294000
[wb] L1228 Some([0, 0, 0, 0, 0, 0, 0, 0]) tid=0
[probe] psynch#14 cvsignal tid=0 cv=0x7ba78 lsgen=0x400 ugen=0x0 port=0x0 mutex=0x0 mugen=0x0 thr=0x0 flags=0x0
[wb] L1229 Some([0, 0, 0, 0, 0, 0, 0, 0]) tid=0
[wb] L1230 Some([0, 0, 0, 0, 0, 0, 0, 0]) tid=0
[probe] partial munmap 0xa3d294000+0x2c000 of backing 0xa3d294000..0xa3d310000
[wb] L1231 Some([0, 0, 0, 0, 0, 0, 0, 0]) tid=0
[probe] partial munmap 0xa3d300000+0x10000 of backing 0xa3d2c0000..0xa3d310000
[wb] L1232 Some([0, 0, 0, 0, 0, 0, 0, 0]) tid=0
[wb] L1233 Some([0, 0, 0, 0, 0, 0, 0, 0]) tid=0
[probe] partial munmap 0xa3d310000+0x30000 of backing 0xa3d310000..0xa3d38c000
[wb] L1234 Some([0, 0, 0, 0, 0, 0, 0, 0]) tid=0
[probe] partial munmap 0xa3d380000+0xc000 of backing 0xa3d340000..0xa3d38c000
[wb] L1235 Some([0, 0, 0, 0, 0, 0, 0, 0]) tid=0
[probe] psynch#15 cvsignal tid=0 cv=0x7ba78 lsgen=0x10000000400 ugen=0x100 port=0x0 mutex=0x0 mugen=0x0 thr=0x0 flags=0x0
[wb] L1236 Some([0, 0, 0, 0, 0, 0, 0, 0]) tid=0
[wb] L1237 Some([0, 0, 0, 0, 0, 0, 0, 0]) tid=0
[probe] partial munmap 0xa3d38c000+0x34000 of backing 0xa3d38c000..0xa3d408000
[wb] L1238 Some([0, 0, 0, 0, 0, 0, 0, 0]) tid=0
[probe] partial munmap 0xa3d400000+0x8000 of backing 0xa3d3c0000..0xa3d408000
[wb] L1239 Some([0, 0, 0, 0, 0, 0, 0, 0]) tid=0
[probe] kevent#6 tid=0 kq=10 change ident=0xb filter=-10 flags=0x0 fflags=0x1000000 data=0x0 udata=0x0 nev=0 timeout=None
[probe] kevent#6 call tid=0 kq=10 nch=1 nev=0 timeout=None -> immediate n=0
[wb] L1240 Some([0, 0, 0, 0, 0, 0, 0, 0]) tid=0
[retrace] forwarding mach_msg2 semaphore_create (msgh_id 3418) to host (decided allowlist)
[wb] L1241 Some([0, 0, 0, 0, 0, 0, 0, 0]) tid=0
[wb] L1242 Some([0, 0, 0, 0, 0, 0, 0, 0]) tid=0
[wb] L1243 Some([0, 0, 0, 0, 0, 0, 0, 0]) tid=0
[wb] L1244 Some([0, 0, 0, 0, 0, 0, 0, 0]) tid=0
[wb] L1245 Some([0, 0, 0, 0, 0, 0, 0, 0]) tid=0
[wb] L1246 Some([0, 0, 0, 0, 0, 0, 0, 0]) tid=0
[wb] L1247 Some([0, 0, 0, 0, 0, 0, 0, 0]) tid=0
[wb] L1248 Some([0, 0, 0, 0, 0, 0, 0, 0]) tid=0
[wb] L1248 Some([0, 0, 0, 0, 0, 0, 0, 0]) tid=0
[wb] L1249 Some([0, 0, 0, 0, 0, 0, 0, 0]) tid=0
[probe] partial munmap 0xa3d408000+0x38000 of backing 0xa3d408000..0xa3d484000
[wb] L1250 Some([0, 0, 0, 0, 0, 0, 0, 0]) tid=0
[probe] partial munmap 0xa3d480000+0x4000 of backing 0xa3d440000..0xa3d484000
[wb] L1251 Some([0, 0, 0, 0, 0, 0, 0, 0]) tid=0
[probe] psynch#16 cvsignal tid=0 cv=0x7ba78 lsgen=0x20000000400 ugen=0x200 port=0x0 mutex=0x0 mugen=0x0 thr=0x0 flags=0x0
[wb] L1252 Some([0, 0, 0, 0, 0, 0, 0, 0]) tid=0
[wb] L1253 Some([0, 0, 0, 0, 0, 0, 0, 0]) tid=0
[probe] partial munmap 0xa3d484000+0x3c000 of backing 0xa3d484000..0xa3d500000
[wb] L1254 Some([0, 0, 0, 0, 0, 0, 0, 0]) tid=0
[probe] psynch#17 cvsignal tid=0 cv=0x7ba78 lsgen=0x30000000400 ugen=0x300 port=0x0 mutex=0x0 mugen=0x0 thr=0x0 flags=0x0
[wb] L1255 Some([0, 0, 0, 0, 0, 0, 0, 0]) tid=0
[wb] L1255 Some([0, 0, 0, 0, 0, 0, 0, 0]) tid=0
[wb] L1255 Some([0, 0, 0, 0, 0, 0, 0, 0]) tid=0
[wb] L1256 Some([0, 0, 0, 0, 0, 0, 0, 0]) tid=0
[wb] L1257 Some([0, 0, 0, 0, 0, 0, 0, 0]) tid=0
[probe] sprr write #1 tid=0 RW pc=0x1804f2ab0
[probe] view flip #3 -> RW (tid 0)
[probe] sprr write #2 tid=0 RX pc=0x1804f2a60
[probe] view flip #4 -> RX (tid 0)
[probe] sprr write #3 tid=0 RW pc=0x1804f2ab0
[probe] view flip #5 -> RW (tid 0)
[probe] sprr write #4 tid=0 RX pc=0x1804f2a60
[probe] view flip #6 -> RX (tid 0)
[probe] sprr write #5 tid=0 RW pc=0x1804f2ab0
[probe] view flip #7 -> RW (tid 0)
[probe] sprr write #6 tid=0 RX pc=0x1804f2a60
[probe] view flip #8 -> RX (tid 0)
[probe] sprr write #7 tid=0 RW pc=0x1804f2ab0
[probe] view flip #9 -> RW (tid 0)
[probe] sprr write #8 tid=0 RX pc=0x1804f2a60
[probe] view flip #10 -> RX (tid 0)
[wb] L1258 Some([0, 0, 0, 0, 0, 0, 0, 0]) tid=0
[probe] partial munmap 0xa3d540000+0x3c000 of backing 0xa3d500000..0xa3d57c000
[wb] L1259 Some([0, 0, 0, 0, 0, 0, 0, 0]) tid=0
[wb] L1260 Some([0, 0, 0, 0, 0, 0, 0, 0]) tid=0
[probe] partial munmap 0xa3d57c000+0x4000 of backing 0xa3d57c000..0xa3d5f8000
[wb] L1261 Some([0, 0, 0, 0, 0, 0, 0, 0]) tid=0
[probe] partial munmap 0xa3d5c0000+0x38000 of backing 0xa3d580000..0xa3d5f8000
[wb] L1262 Some([0, 0, 0, 0, 0, 0, 0, 0]) tid=0
[wb] L1263 Some([0, 0, 0, 0, 0, 0, 0, 0]) tid=0
[probe] partial munmap 0xa3d5f8000+0x8000 of backing 0xa3d5f8000..0xa3d674000
[wb] L1264 Some([0, 0, 0, 0, 0, 0, 0, 0]) tid=0
[probe] partial munmap 0xa3d640000+0x34000 of backing 0xa3d600000..0xa3d674000
[wb] L1265 Some([0, 0, 0, 0, 0, 0, 0, 0]) tid=0
[wb] L1266 Some([0, 0, 0, 0, 0, 0, 0, 0]) tid=0
[probe] sprr write #9 tid=0 RW pc=0x1804f2ab0
[probe] view flip #11 -> RW (tid 0)
[probe] sprr write #10 tid=0 RX pc=0x1804f2a60
[probe] view flip #12 -> RX (tid 0)
[wb] L1267 Some([0, 0, 0, 0, 0, 0, 0, 0]) tid=0
[probe] partial munmap 0xa3d674000+0xc000 of backing 0xa3d674000..0xa3d6f0000
[wb] L1268 Some([0, 0, 0, 0, 0, 0, 0, 0]) tid=0
[probe] partial munmap 0xa3d6c0000+0x30000 of backing 0xa3d680000..0xa3d6f0000
[wb] L1269 Some([0, 0, 0, 0, 0, 0, 0, 0]) tid=0
[probe] sprr write #11 tid=0 RW pc=0x1804f2ab0
[probe] view flip #13 -> RW (tid 0)
[probe] sprr write #12 tid=0 RX pc=0x1804f2a60
[probe] view flip #14 -> RX (tid 0)
[probe] sprr write #13 tid=0 RW pc=0x1804f2ab0
[probe] view flip #15 -> RW (tid 0)
[probe] sprr write #14 tid=0 RX pc=0x1804f2a60
[probe] view flip #16 -> RX (tid 0)
[wb] L1270 Some([0, 0, 0, 0, 0, 0, 0, 0]) tid=0
[probe] partial munmap 0xa3d6f0000+0x10000 of backing 0xa3d6f0000..0xa3d76c000
[wb] L1271 Some([0, 0, 0, 0, 0, 0, 0, 0]) tid=0
[probe] partial munmap 0xa3d740000+0x2c000 of backing 0xa3d700000..0xa3d76c000
[wb] L1272 Some([0, 0, 0, 0, 0, 0, 0, 0]) tid=0
[wb] L1273 Some([0, 0, 0, 0, 0, 0, 0, 0]) tid=0
[probe] partial munmap 0xa3d76c000+0x14000 of backing 0xa3d76c000..0xa3d7cc000
[wb] L1274 Some([0, 0, 0, 0, 0, 0, 0, 0]) tid=0
[probe] partial munmap 0xa3d7a4000+0x28000 of backing 0xa3d780000..0xa3d7cc000
[wb] L1275 Some([0, 0, 0, 0, 0, 0, 0, 0]) tid=0
[wb] L1276 Some([0, 0, 0, 0, 0, 0, 0, 0]) tid=0
[wb] L1277 Some([0, 0, 0, 0, 0, 0, 0, 0]) tid=0
[probe] partial munmap 0xa3d7cc000+0x34000 of backing 0xa3d7cc000..0xa3d848000
[wb] L1278 Some([0, 0, 0, 0, 0, 0, 0, 0]) tid=0
[probe] partial munmap 0xa3d840000+0x8000 of backing 0xa3d800000..0xa3d848000
[wb] L1279 Some([0, 0, 0, 0, 0, 0, 0, 0]) tid=0
[wb] L1280 Some([0, 0, 0, 0, 0, 0, 0, 0]) tid=0
[wb] L1281 Some([0, 0, 0, 0, 0, 0, 0, 0]) tid=0
[wb] L1282 Some([0, 0, 0, 0, 0, 0, 0, 0]) tid=0
[wb] L1283 Some([0, 0, 0, 0, 0, 0, 0, 0]) tid=0
[probe] sprr write #15 tid=0 RW pc=0x1804f2ab0
[probe] view flip #17 -> RW (tid 0)
[probe] sprr write #16 tid=0 RX pc=0x1804f2a60
[probe] view flip #18 -> RX (tid 0)
[wb] L1284 Some([0, 0, 0, 0, 0, 0, 0, 0]) tid=0
[probe] partial munmap 0xa3d848000+0x38000 of backing 0xa3d848000..0xa3d8c4000
[wb] L1285 Some([0, 0, 0, 0, 0, 0, 0, 0]) tid=0
[probe] partial munmap 0xa3d8c0000+0x4000 of backing 0xa3d880000..0xa3d8c4000
[wb] L1286 Some([0, 0, 0, 0, 0, 0, 0, 0]) tid=0
[wb] L1287 Some([0, 0, 0, 0, 0, 0, 0, 0]) tid=0
[probe] partial munmap 0xa3d8c4000+0x3c000 of backing 0xa3d8c4000..0xa3d940000
[wb] L1288 Some([0, 0, 0, 0, 0, 0, 0, 0]) tid=0
[wb] L1289 Some([0, 0, 0, 0, 0, 0, 0, 0]) tid=0
[wb] L1290 Some([0, 0, 0, 0, 0, 0, 0, 0]) tid=0
[probe] partial munmap 0xa3d980000+0x3c000 of backing 0xa3d940000..0xa3d9bc000
[wb] L1291 Some([0, 0, 0, 0, 0, 0, 0, 0]) tid=0
[wb] L1292 Some([0, 0, 0, 0, 0, 0, 0, 0]) tid=0
[probe] partial munmap 0xa3d9bc000+0x4000 of backing 0xa3d9bc000..0xa3da38000
[wb] L1293 Some([0, 0, 0, 0, 0, 0, 0, 0]) tid=0
[probe] partial munmap 0xa3da00000+0x38000 of backing 0xa3d9c0000..0xa3da38000
[wb] L1294 Some([0, 0, 0, 0, 0, 0, 0, 0]) tid=0
[wb] L1295 Some([0, 0, 0, 0, 0, 0, 0, 0]) tid=0
[wb] L1296 Some([0, 0, 0, 0, 0, 0, 0, 0]) tid=0
[wb] L1297 Some([0, 0, 0, 0, 0, 0, 0, 0]) tid=0
[wb] L1298 Some([0, 0, 0, 0, 0, 0, 0, 0]) tid=0
[wb] L1299 Some([0, 0, 0, 0, 0, 0, 0, 0]) tid=0
[wb] L1300 Some([0, 0, 0, 0, 0, 0, 0, 0]) tid=0
[wb] L1301 Some([0, 0, 0, 0, 0, 0, 0, 0]) tid=0
[wb] L1302 Some([0, 0, 0, 0, 0, 0, 0, 0]) tid=0
[wb] L1303 Some([0, 0, 0, 0, 0, 0, 0, 0]) tid=0
[wb] L1304 Some([0, 0, 0, 0, 0, 0, 0, 0]) tid=0
[wb] L1305 Some([0, 0, 0, 0, 0, 0, 0, 0]) tid=0
[wb] L1306 Some([0, 0, 0, 0, 0, 0, 0, 0]) tid=0
[wb] L1307 Some([0, 0, 0, 0, 0, 0, 0, 0]) tid=0
[wb] L1308 Some([0, 0, 0, 0, 0, 0, 0, 0]) tid=0
[wb] L1309 Some([0, 0, 0, 0, 0, 0, 0, 0]) tid=0
[wb] L1310 Some([0, 0, 0, 0, 0, 0, 0, 0]) tid=0
[wb] L1311 Some([0, 0, 0, 0, 0, 0, 0, 0]) tid=0
[wb] L1312 Some([0, 0, 0, 0, 0, 0, 0, 0]) tid=0
[probe] partial munmap 0xa3da38000+0x8000 of backing 0xa3da38000..0xa3da74000
[wb] L1313 Some([0, 0, 0, 0, 0, 0, 0, 0]) tid=0
[probe] partial munmap 0xa3da60000+0x14000 of backing 0xa3da40000..0xa3da74000
[wb] L1314 Some([0, 0, 0, 0, 0, 0, 0, 0]) tid=0
[wb] L1315 Some([0, 0, 0, 0, 0, 0, 0, 0]) tid=0
[wb] L1316 Some([0, 0, 0, 0, 0, 0, 0, 0]) tid=0
[wb] L1317 Some([0, 0, 0, 0, 0, 0, 0, 0]) tid=0
[wb] L1318 Some([0, 0, 0, 0, 0, 0, 0, 0]) tid=0
[wb] L1319 Some([0, 0, 0, 0, 0, 0, 0, 0]) tid=0
[wb] L1320 Some([0, 0, 0, 0, 0, 0, 0, 0]) tid=0
[probe] partial munmap 0xa3da74000+0xc000 of backing 0xa3da74000..0xa3daf0000
[wb] L1321 Some([0, 0, 0, 0, 0, 0, 0, 0]) tid=0
[probe] partial munmap 0xa3dac0000+0x30000 of backing 0xa3da80000..0xa3daf0000
[wb] L1322 Some([0, 0, 0, 0, 0, 0, 0, 0]) tid=0
[wb] L1323 Some([0, 0, 0, 0, 0, 0, 0, 0]) tid=0
[probe] partial munmap 0xa3daf0000+0x10000 of backing 0xa3daf0000..0xa3db6c000
[wb] L1324 Some([0, 0, 0, 0, 0, 0, 0, 0]) tid=0
[probe] partial munmap 0xa3db40000+0x2c000 of backing 0xa3db00000..0xa3db6c000
[wb] L1325 Some([0, 0, 0, 0, 0, 0, 0, 0]) tid=0
[wb] L1326 Some([0, 0, 0, 0, 0, 0, 0, 0]) tid=0
[wb] L1327 Some([0, 0, 0, 0, 0, 0, 0, 0]) tid=0
[wb] L1328 Some([0, 0, 0, 0, 0, 0, 0, 0]) tid=0
[wb] L1329 Some([0, 0, 0, 0, 0, 0, 0, 0]) tid=0
[wb] L1330 Some([0, 0, 0, 0, 0, 0, 0, 0]) tid=0
[wb] L1331 Some([0, 0, 0, 0, 0, 0, 0, 0]) tid=0
[wb] L1332 Some([0, 0, 0, 0, 0, 0, 0, 0]) tid=0
[probe] kevent#7 tid=0 kq=13 change ident=0x1 filter=-1 flags=0x5 fflags=0x0 data=0x0 udata=0x0 nev=1 timeout=Some((0, 1))
[probe] kevent#7 call tid=0 kq=13 nch=1 nev=1 timeout=Some((0, 1)) -> immediate n=0
[probe] kevent#7 BLOCK tid=0 kq=13 timeout=Some((0, 1)) deadline=Some(7826760092938) now=0x71e4f414d0a
[wb] L1333 Some([0, 0, 0, 0, 0, 0, 0, 0]) tid=0
[probe] kevent timeout tid=0
[wb] L1334 Some([0, 0, 0, 0, 0, 0, 0, 0]) tid=0
[wb] L1335 Some([0, 0, 0, 0, 0, 0, 0, 0]) tid=0
[wb] L1336 Some([0, 0, 0, 0, 0, 0, 0, 0]) tid=0
[wb] L1337 Some([0, 0, 0, 0, 0, 0, 0, 0]) tid=0
[wb] L1338 Some([0, 0, 0, 0, 0, 0, 0, 0]) tid=0
[wb] L1339 Some([0, 0, 0, 0, 0, 0, 0, 0]) tid=0
[probe] psynch#18 cvwait tid=0 cv=0x7baa8 lsgen=0x100000100 ugen=0x0 mutex=0x0 mugen=0x0 flags=0xa0 sec=0 nsec=0
[wb] L1340 Some([0, 0, 0, 0, 0, 0, 0, 0]) tid=0
[probe] psynch#19 cvbroad tid=2 cv=0x7baa8 lsgen=0x100 udgen=0x100 flags=0x0 mutex=0x0 mugen=0x0 waiters=1
[wb] L1341 Some([0, 0, 0, 0, 0, 0, 0, 0]) tid=2
[wb] L1342 Some([0, 0, 0, 0, 0, 0, 0, 0]) tid=2
[probe] partial munmap 0xa3db6c000+0x14000 of backing 0xa3db6c000..0xa3dbe8000
[wb] L1343 Some([0, 0, 0, 0, 0, 0, 0, 0]) tid=2
[probe] partial munmap 0xa3dbc0000+0x28000 of backing 0xa3db80000..0xa3dbe8000
[wb] L1344 Some([0, 0, 0, 0, 0, 0, 0, 0]) tid=2
[probe] sprr write #17 tid=2 RW pc=0x1804f2ab0
[probe] view flip #19 -> RW (tid 2)
[probe] sprr write #18 tid=2 RX pc=0x1804f2a60
[probe] view flip #20 -> RX (tid 2)
[probe] sprr write #19 tid=2 RW pc=0x1804f2ab0
[probe] sprr write #20 tid=2 RX pc=0x1804f2a60
[wb] L1345 Some([0, 0, 0, 0, 0, 0, 0, 0]) tid=2
[probe] partial munmap 0xa3dbe8000+0x18000 of backing 0xa3dbe8000..0xa3dc64000
[wb] L1346 Some([0, 0, 0, 0, 0, 0, 0, 0]) tid=2
[probe] partial munmap 0xa3dc40000+0x24000 of backing 0xa3dc00000..0xa3dc64000
[wb] L1347 Some([0, 0, 0, 0, 0, 0, 0, 0]) tid=2
[probe] psynch#20 cvwait tid=2 cv=0x7ba78 lsgen=0x40000000500 ugen=0x400 mutex=0x0 mugen=0x0 flags=0xa0 sec=0 nsec=0
[wb] L1348 Some([0, 0, 0, 0, 0, 0, 0, 0]) tid=2
[probe] psynch#21 cvsignal tid=0 cv=0x7ba78 lsgen=0x40000000500 ugen=0x400 port=0x0 mutex=0x0 mugen=0x0 thr=0x0 flags=0x0
[wb] L1349 Some([0, 0, 0, 0, 0, 0, 0, 0]) tid=0
[probe] kevent deliver kq=10 n=1
[probe] kevent#8 call tid=0 kq=10 nch=0 nev=1024 timeout=Some((0, 0)) -> immediate n=1
[wb] L1350 Some([0, 0, 0, 0, 0, 0, 0, 0]) tid=0
[probe] kevent#9 call tid=0 kq=10 nch=0 nev=1024 timeout=Some((0, 0)) -> immediate n=0
[wb] L1351 Some([e0, f4, 7f, 2, 0, 0, 0, 0]) tid=0
[wb] L1352 Some([e0, f4, 7f, 2, 0, 0, 0, 0]) tid=0
[wb] L1353 Some([e0, f4, 7f, 2, 0, 0, 0, 0]) tid=0
[wb] L1354 Some([e0, f4, 7f, 2, 0, 0, 0, 0]) tid=0
[wb] L1355 Some([e0, f4, 7f, 2, 0, 0, 0, 0]) tid=0
[wb] L1356 Some([e0, f4, 7f, 2, 0, 0, 0, 0]) tid=0
[wb] L1357 Some([e0, f4, 7f, 2, 0, 0, 0, 0]) tid=0
[wb] L1358 Some([e0, f4, 7f, 2, 0, 0, 0, 0]) tid=0
[wb] L1359 Some([e0, f4, 7f, 2, 0, 0, 0, 0]) tid=0
[wb] L1360 Some([e0, f4, 7f, 2, 0, 0, 0, 0]) tid=0
[wb] L1361 Some([e0, f4, 7f, 2, 0, 0, 0, 0]) tid=0
[wb] L1362 Some([e0, f4, 7f, 2, 0, 0, 0, 0]) tid=0
[wb] L1363 Some([e0, f4, 7f, 2, 0, 0, 0, 0]) tid=0
[wb] L1364 Some([e0, f4, 7f, 2, 0, 0, 0, 0]) tid=0
[wb] L1365 Some([e0, f4, 7f, 2, 0, 0, 0, 0]) tid=0
[wb] L1366 Some([e0, f4, 7f, 2, 0, 0, 0, 0]) tid=0
[wb] L1367 Some([e0, f4, 7f, 2, 0, 0, 0, 0]) tid=0
[wb] L1368 Some([e0, f4, 7f, 2, 0, 0, 0, 0]) tid=0
[wb] L1369 Some([e0, f4, 7f, 2, 0, 0, 0, 0]) tid=0
[wb] L1370 Some([e0, f4, 7f, 2, 0, 0, 0, 0]) tid=0
[wb] L1371 Some([e0, f4, 7f, 2, 0, 0, 0, 0]) tid=0
[wb] L1372 Some([e0, f4, 7f, 2, 0, 0, 0, 0]) tid=0
[wb] L1373 Some([e0, f4, 7f, 2, 0, 0, 0, 0]) tid=0
[wb] L1374 Some([e0, f4, 7f, 2, 0, 0, 0, 0]) tid=0
[wb] L1375 Some([e0, f4, 7f, 2, 0, 0, 0, 0]) tid=0
[wb] L1376 Some([e0, f4, 7f, 2, 0, 0, 0, 0]) tid=0
[wb] L1377 Some([e0, f4, 7f, 2, 0, 0, 0, 0]) tid=0
[wb] L1378 Some([e0, f4, 7f, 2, 0, 0, 0, 0]) tid=0
[wb] L1379 Some([e0, f4, 7f, 2, 0, 0, 0, 0]) tid=0
[wb] L1380 Some([e0, f4, 7f, 2, 0, 0, 0, 0]) tid=0
[wb] L1381 Some([e0, f4, 7f, 2, 0, 0, 0, 0]) tid=0
[wb] L1382 Some([e0, f4, 7f, 2, 0, 0, 0, 0]) tid=0
[wb] L1383 Some([e0, f4, 7f, 2, 0, 0, 0, 0]) tid=0
[wb] L1384 Some([e0, f4, 7f, 2, 0, 0, 0, 0]) tid=0
[wb] L1385 Some([e0, f4, 7f, 2, 0, 0, 0, 0]) tid=0
[wb] L1386 Some([e0, f4, 7f, 2, 0, 0, 0, 0]) tid=0
[wb] L1387 Some([e0, f4, 7f, 2, 0, 0, 0, 0]) tid=0
[wb] L1388 Some([e0, f4, 7f, 2, 0, 0, 0, 0]) tid=0
[wb] L1389 Some([e0, f4, 7f, 2, 0, 0, 0, 0]) tid=0
[probe] munmap over MAP_JIT ipa=0xa2cfac000 len=0x10000000
[wb] L1390 Some([e0, f4, 7f, 2, 0, 0, 0, 0]) tid=0
[wb] L1391 Some([e0, f4, 7f, 2, 0, 0, 0, 0]) tid=0
[wb] L1392 Some([e0, f4, 7f, 2, 0, 0, 0, 0]) tid=0
[wb] L1393 Some([e0, f4, 7f, 2, 0, 0, 0, 0]) tid=0
[wb] L1394 Some([e0, f4, 7f, 2, 0, 0, 0, 0]) tid=0
[wb] L1395 Some([e0, f4, 7f, 2, 0, 0, 0, 0]) tid=0
[wb] L1396 Some([e0, f4, 7f, 2, 0, 0, 0, 0]) tid=0
[wb] L1397 Some([e0, f4, 7f, 2, 0, 0, 0, 0]) tid=0
[wb] L1398 Some([e0, f4, 7f, 2, 0, 0, 0, 0]) tid=0
[wb] L1399 Some([e0, f4, 7f, 2, 0, 0, 0, 0]) tid=0
[wb] L1400 Some([e0, f4, 7f, 2, 0, 0, 0, 0]) tid=0
[wb] L1401 Some([e0, f4, 7f, 2, 0, 0, 0, 0]) tid=0
[wb] L1402 Some([e0, f4, 7f, 2, 0, 0, 0, 0]) tid=0
[wb] L1403 Some([e0, f4, 7f, 2, 0, 0, 0, 0]) tid=0
[wb] L1404 Some([e0, f4, 7f, 2, 0, 0, 0, 0]) tid=0
[wb] L1405 Some([e0, f4, 7f, 2, 0, 0, 0, 0]) tid=0
[wb] L1406 Some([e0, f4, 7f, 2, 0, 0, 0, 0]) tid=0
[wb] L1407 Some([e0, f4, 7f, 2, 0, 0, 0, 0]) tid=0
[wb] L1408 Some([e0, f4, 7f, 2, 0, 0, 0, 0]) tid=0
[wb] L1409 Some([e0, f4, 7f, 2, 0, 0, 0, 0]) tid=0
[wb] L1410 Some([e0, f4, 7f, 2, 0, 0, 0, 0]) tid=0
[wb] L1411 Some([e0, f4, 7f, 2, 0, 0, 0, 0]) tid=0
[wb] L1412 Some([e0, f4, 7f, 2, 0, 0, 0, 0]) tid=0
[wb] L1413 Some([e0, f4, 7f, 2, 0, 0, 0, 0]) tid=0
[wb] L1414 Some([e0, f4, 7f, 2, 0, 0, 0, 0]) tid=0
[wb] L1415 Some([e0, f4, 7f, 2, 0, 0, 0, 0]) tid=0
[wb] L1416 Some([e0, f4, 7f, 2, 0, 0, 0, 0]) tid=0
[wb] L1417 Some([e0, f4, 7f, 2, 0, 0, 0, 0]) tid=0
[wb] L1418 Some([e0, f4, 7f, 2, 0, 0, 0, 0]) tid=0
[wb] L1419 Some([e0, f4, 7f, 2, 0, 0, 0, 0]) tid=0
[wb] L1420 Some([e0, f4, 7f, 2, 0, 0, 0, 0]) tid=0
[wb] L1421 Some([e0, f4, 7f, 2, 0, 0, 0, 0]) tid=0
[wb] L1422 Some([e0, f4, 7f, 2, 0, 0, 0, 0]) tid=0
[wb] L1423 Some([e0, f4, 7f, 2, 0, 0, 0, 0]) tid=0
[wb] L1424 Some([e0, f4, 7f, 2, 0, 0, 0, 0]) tid=0
[wb] L1425 Some([e0, f4, 7f, 2, 0, 0, 0, 0]) tid=0
[wb] L1426 Some([e0, f4, 7f, 2, 0, 0, 0, 0]) tid=0
[wb] L1427 Some([e0, f4, 7f, 2, 0, 0, 0, 0]) tid=0
[wb] L1428 Some([e0, f4, 7f, 2, 0, 0, 0, 0]) tid=0
[wb] L1429 Some([e0, f4, 7f, 2, 0, 0, 0, 0]) tid=0
[wb] L1430 Some([e0, f4, 7f, 2, 0, 0, 0, 0]) tid=0
[probe] kevent#10 tid=0 kq=8 change ident=0x9 filter=-10 flags=0x0 fflags=0x1000000 data=0x0 udata=0x0 nev=0 timeout=None
[probe] kevent deliver kq=8 n=1
[probe] kevent wake tid=1 kq=8 n=1
[probe] kevent#10 call tid=0 kq=8 nch=1 nev=0 timeout=None -> immediate n=0
[wb] L1431 Some([e0, f4, 7f, 2, 0, 0, 0, 0]) tid=0
[wb] L1432 Some([e0, f4, 7f, 2, 0, 0, 0, 0]) tid=0
[wb] L1433 Some([e0, f4, 7f, 2, 0, 0, 0, 0]) tid=1
[wb] L1434 Some([e0, f4, 7f, 2, 0, 0, 0, 0]) tid=1
[wb] L1435 Some([e0, f4, 7f, 2, 0, 0, 0, 0]) tid=1
[wb] L1436 Some([e0, f4, 7f, 2, 0, 0, 0, 0]) tid=1
[wb] L1437 Some([e0, f4, 7f, 2, 0, 0, 0, 0]) tid=1
[probe] partial munmap 0x30044000+0x8000 of backing 0x30000000..0x3004c000
[wb] L1438 Some([e0, f4, 7f, 2, 0, 0, 0, 0]) tid=0
[wb] L1439 Some([e0, f4, 7f, 2, 0, 0, 0, 0]) tid=0
[wb] L1440 Some([e0, f4, 7f, 2, 0, 0, 0, 0]) tid=2
[wb] L1441 Some([e0, f4, 7f, 2, 0, 0, 0, 0]) tid=2
[wb] L1442 Some([e0, f4, 7f, 2, 0, 0, 0, 0]) tid=2
[probe] partial munmap 0x30090000+0x8000 of backing 0x3004c000..0x30098000
[wb] L1443 Some([e0, f4, 7f, 2, 0, 0, 0, 0]) tid=0
[wb] L1444 Some([e0, f4, 7f, 2, 0, 0, 0, 0]) tid=0
[wb] L1445 Some([e0, f4, 7f, 2, 0, 0, 0, 0]) tid=3
[wb] L1446 Some([e0, f4, 7f, 2, 0, 0, 0, 0]) tid=3
[wb] L1447 Some([e0, f4, 7f, 2, 0, 0, 0, 0]) tid=3
[probe] partial munmap 0x300dc000+0x8000 of backing 0x30098000..0x300e4000
[wb] L1448 Some([e0, f4, 7f, 2, 0, 0, 0, 0]) tid=0
[wb] L1449 Some([e0, f4, 7f, 2, 0, 0, 0, 0]) tid=0
[wb] L1450 Some([e0, f4, 7f, 2, 0, 0, 0, 0]) tid=4
[wb] L1451 Some([e0, f4, 7f, 2, 0, 0, 0, 0]) tid=4
[wb] L1452 Some([e0, f4, 7f, 2, 0, 0, 0, 0]) tid=4
[probe] partial munmap 0x30128000+0x8000 of backing 0x300e4000..0x30130000
[wb] L1453 Some([e0, f4, 7f, 2, 0, 0, 0, 0]) tid=0
[wb] L1454 Some([e0, f4, 7f, 2, 0, 0, 0, 0]) tid=0
[wb] L1455 Some([e0, f4, 7f, 2, 0, 0, 0, 0]) tid=5
[wb] L1456 Some([e0, f4, 7f, 2, 0, 0, 0, 0]) tid=5
[wb] L1457 Some([e0, f4, 7f, 2, 0, 0, 0, 0]) tid=5
[probe] partial munmap 0x30174000+0x8000 of backing 0x30130000..0x3017c000
[wb] L1458 Some([e0, f4, 7f, 2, 0, 0, 0, 0]) tid=0
[probe] psynch#22 cvwait tid=0 cv=0x7bbe0 lsgen=0x100000100 ugen=0x0 mutex=0x0 mugen=0x0 flags=0xa0 sec=0 nsec=1
[wb] L1459 Some([e0, f4, 7f, 2, 0, 0, 0, 0]) tid=0
[probe] cvwait timeout tid=0 cv=0x7bbe0
[probe] psynch#23 cvwait tid=0 cv=0x7bbb0 lsgen=0x100000100 ugen=0x0 mutex=0x0 mugen=0x0 flags=0xa0 sec=0 nsec=1
[wb] L1460 Some([e0, f4, 7f, 2, 0, 0, 0, 0]) tid=0
[probe] cvwait timeout tid=0 cv=0x7bbb0
[probe] psynch#24 cvwait tid=0 cv=0x7baa8 lsgen=0x10000000200 ugen=0x100 mutex=0x0 mugen=0x0 flags=0xa0 sec=0 nsec=1
[wb] L1461 Some([e0, f4, 7f, 2, 0, 0, 0, 0]) tid=0
[probe] cvwait timeout tid=0 cv=0x7baa8
[probe] psynch#25 cvwait tid=0 cv=0x7ba78 lsgen=0x50000000600 ugen=0x500 mutex=0x0 mugen=0x0 flags=0xa0 sec=0 nsec=1
[wb] L1462 Some([e0, f4, 7f, 2, 0, 0, 0, 0]) tid=0
[probe] cvwait timeout tid=0 cv=0x7ba78
[probe] kevent#11 call tid=0 kq=4 nch=0 nev=1024 timeout=Some((0, 0)) -> immediate n=0
[wb] L1463 Some([e0, f4, 7f, 2, 0, 0, 0, 0]) tid=0
[wb] L1464 Some([e0, f4, 7f, 2, 0, 0, 0, 0]) tid=0
[wb] L1465 Some([e0, f4, 7f, 2, 0, 0, 0, 0]) tid=0
[probe] psynch#26 cvwait tid=0 cv=0x7b818 lsgen=0x100000100 ugen=0x0 mutex=0x0 mugen=0x0 flags=0xa0 sec=0 nsec=1
[wb] L1466 Some([e0, f4, 7f, 2, 0, 0, 0, 0]) tid=0
[probe] cvwait timeout tid=0 cv=0x7b818
[wb] L1467 Some([e0, f4, 7f, 2, 0, 0, 0, 0]) tid=0
[wb] L1468 Some([e0, f4, 7f, 2, 0, 0, 0, 0]) tid=0
[wb] L1469 Some([e0, f4, 7f, 2, 0, 0, 0, 0]) tid=0
[wb] L1470 Some([e0, f4, 7f, 2, 0, 0, 0, 0]) tid=0
[wb] L1471 Some([e0, f4, 7f, 2, 0, 0, 0, 0]) tid=0
[wb] L1472 Some([e0, f4, 7f, 2, 0, 0, 0, 0]) tid=0
[wb] L1472 Some([e0, f4, 7f, 2, 0, 0, 0, 0]) tid=0
[wb] L1472 Some([e0, f4, 7f, 2, 0, 0, 0, 0]) tid=0
[wb] L1472 Some([e0, f4, 7f, 2, 0, 0, 0, 0]) tid=0
[wb] L1472 Some([e0, f4, 7f, 2, 0, 0, 0, 0]) tid=0
[wb] L1472 Some([e0, f4, 7f, 2, 0, 0, 0, 0]) tid=0
[wb] L1472 Some([e0, f4, 7f, 2, 0, 0, 0, 0]) tid=0
[wb] L1472 Some([e0, f4, 7f, 2, 0, 0, 0, 0]) tid=0
[wb] L1472 Some([e0, f4, 7f, 2, 0, 0, 0, 0]) tid=0
[wb] L1472 Some([e0, f4, 7f, 2, 0, 0, 0, 0]) tid=0
[wb] L1472 Some([e0, f4, 7f, 2, 0, 0, 0, 0]) tid=0
[wb] L1473 Some([e0, f4, 7f, 2, 0, 0, 0, 0]) tid=0
[retrace] forwarding mach_msg2 semaphore_destroy (msgh_id 3419) to host (decided allowlist)
[wb] L1474 Some([e0, f4, 7f, 2, 0, 0, 0, 0]) tid=0
[wb] L1475 Some([e0, f4, 7f, 2, 0, 0, 0, 0]) tid=0
[wb] L1476 Some([e0, f4, 7f, 2, 0, 0, 0, 0]) tid=0
[wb] L1476 Some([e0, f4, 7f, 2, 0, 0, 0, 0]) tid=0
[wb] L1476 Some([e0, f4, 7f, 2, 0, 0, 0, 0]) tid=0
[retrace] fall-throughs: 6
