[trap] num=-28 (0xffffffffffffffe4) pc=0x140001654 args=[0x27ffa58,0x8,0x1400e0090,0x27ff4ff,0x27ff648,0x1400647cc,0x0,0x0]
[trap] num=-26 (0xffffffffffffffe6) pc=0x14000163c args=[0x203,0x8,0x1400e0090,0x27ff4ff,0x27ff648,0x1400647cc,0x0,0x0]
[trap] num=372 (0x174) pc=0x140004b14 args=[0x0,0x8,0x1400e0090,0x27ff4ff,0x27ff648,0x1400647cc,0x0,0x0]
[trap] num=2147483648 (0x80000000) pc=0x14008194c args=[0x1400b9ee0,0x8,0x1400e0090,0x2,0x27ff648,0x1400647cc,0x0,0x0]
[retrace warn] dyld __mac_syscall(Sandbox) synthesized as success/unsandboxed (not forwarded; host would fault)
[trap] num=38 (0x26) pc=0x1400815a0 args=[0x0,0x0,0x0,0x27ff6f8,0x0,0x1400647cc,0x0,0x0]
[trap] num=-14 (0xfffffffffffffff2) pc=0x1400015b8 args=[0x203,0x1400bc000,0x200f0,0x0,0x3,0x1400647cc,0x0,0x0]
[trap] num=483 (0x1e3) pc=0x140004e08 args=[0x0,0x27ff6bc,0x4,0x0,0x3,0x1400647cc,0x0,0x0]
[trap] num=38 (0x26) pc=0x1400815a0 args=[0x0,0x0,0x0,0x27ff678,0x0,0x1400647cc,0x0,0x0]
[trap] num=-14 (0xfffffffffffffff2) pc=0x1400015b8 args=[0x203,0x1400bc000,0x200f0,0x0,0x1,0x1400bc0f0,0x20000,0x0]
[trap] num=-14 (0xfffffffffffffff2) pc=0x1400015b8 args=[0x203,0x1400bc000,0x200f0,0x0,0x3,0x1400bc0f0,0x20000,0x0]
[trap] num=-14 (0xfffffffffffffff2) pc=0x1400015b8 args=[0x203,0x1400bc000,0x200f0,0x0,0x1,0x72,0x20000,0xec0]
[trap] num=294 (0x126) pc=0x1400062f8 args=[0x27ffa20,0x27ffa20,0x27ffa10,0x27ffa20,0x27ffa80,0x72,0x20000,0xec0]
[trap] num=-14 (0xfffffffffffffff2) pc=0x1400015b8 args=[0x203,0x1400bc000,0x200f0,0x0,0x3,0x72,0x20000,0xec0]
[trap] num=-15 (0xfffffffffffffff1) pc=0x1400015c4 args=[0x203,0x27feea0,0x20000,0x3fff,0x3c000001,0x3,0x0,0x0]
[trap] num=20 (0x14) pc=0x140004f48 args=[0x0,0x3,0xd09b4c4694c,0x2,0x1,0x27ff5f0,0x65,0x0]
[trap] num=-12 (0xfffffffffffffff4) pc=0x1400015a0 args=[0x203,0x100014000,0x20000,0x0,0x0,0x0,0x0,0x0]
[trap] num=-14 (0xfffffffffffffff2) pc=0x1400015b8 args=[0x203,0x1400bc000,0x200f0,0x0,0x1,0x0,0x0,0x0]
[trap] num=38 (0x26) pc=0x1400815a0 args=[0x0,0x0,0x0,0x27ff808,0x1,0x0,0x0,0x0]
[trap] num=483 (0x1e3) pc=0x140004e08 args=[0x0,0x27ff81c,0x4,0x27ff888,0x1,0x0,0x0,0x0]
[trap] num=-14 (0xfffffffffffffff2) pc=0x1400015b8 args=[0x203,0x1400bc000,0x200f0,0x0,0x3,0x0,0x0,0x0]
[trap] num=-15 (0xfffffffffffffff1) pc=0x1400015c4 args=[0x203,0x27feea0,0x20000,0x3fff,0x3c000001,0x3,0x0,0x0]
[trap] num=-12 (0xfffffffffffffff4) pc=0x1400015a0 args=[0x203,0x100014000,0x20000,0x0,0x0,0x0,0x0,0x0]
[trap] num=-14 (0xfffffffffffffff2) pc=0x1400015b8 args=[0x203,0x1400bc000,0x200f0,0x0,0x1,0x0,0x0,0x0]
[trap] num=336 (0x150) pc=0x14000600c args=[0xf,0x8913,0x0,0x0,0x1ec6f7f80,0x170,0x0,0x0]
[trap] num=-28 (0xffffffffffffffe4) pc=0x180115654 args=[0x1,0x0,0x0,0x0,0x0,0x0,0x0,0x0]
[trap] num=-26 (0xffffffffffffffe6) pc=0x18011563c args=[0x203,0x0,0x0,0x0,0x0,0x0,0x0,0x0]
[trap] num=372 (0x174) pc=0x180118b14 args=[0x0,0x0,0x0,0x0,0x0,0x0,0x0,0x0]
[trap] num=2147483648 (0x80000000) pc=0x18019594c args=[0x1ec6f9e60,0x0,0x0,0x2,0x0,0x0,0x0,0x0]
[retrace warn] dyld __mac_syscall(Sandbox) synthesized as success/unsandboxed (not forwarded; host would fault)
[trap] num=38 (0x26) pc=0x1801955a0 args=[0x0,0x0,0x0,0x27ff6f8,0x0,0x0,0x0,0x0]
[trap] num=-14 (0xfffffffffffffff2) pc=0x1801155b8 args=[0x203,0x1ec444000,0x24000,0x0,0x13,0x0,0x0,0x0]
[trap] num=483 (0x1e3) pc=0x180118e08 args=[0x0,0x27ff6bc,0x4,0x0,0x13,0x0,0x0,0x0]
[trap] num=38 (0x26) pc=0x1801955a0 args=[0x0,0x0,0x0,0x27ff678,0x0,0x0,0x0,0x0]
[trap] num=-14 (0xfffffffffffffff2) pc=0x1801155b8 args=[0x203,0x1ec444000,0x24000,0x0,0x1,0x1ec444140,0x20000,0x0]
[trap] num=-14 (0xfffffffffffffff2) pc=0x1801155b8 args=[0x203,0x1ec444000,0x24000,0x0,0x13,0x1ec444140,0x20000,0x0]
[trap] num=-14 (0xfffffffffffffff2) pc=0x1801155b8 args=[0x203,0x1ec444000,0x24000,0x0,0x1,0x72,0x20000,0xec0]
[trap] num=294 (0x126) pc=0x18011a2f8 args=[0x27ffa20,0x27ffa20,0x27ffa10,0x27ffa20,0x27ffa80,0x72,0x20000,0xec0]
[trap] num=-19 (0xffffffffffffffed) pc=0x1801155e8 args=[0x203,0x203,0x0,0xffffffff,0x27ffa80,0x72,0x20000,0xec0]
[trap] num=-14 (0xfffffffffffffff2) pc=0x1801155b8 args=[0x203,0x1ec444000,0x24000,0x0,0x3,0x72,0x20000,0xec0]
[trap] num=-15 (0xfffffffffffffff1) pc=0x1801155c4 args=[0x203,0x27feea0,0x20000,0x3fff,0x3c000001,0x3,0x0,0x0]
[trap] num=20 (0x14) pc=0x180118f48 args=[0x0,0x3,0xd09b4c5d14c,0x2,0x1,0x27ff5f0,0x65,0x0]
[trap] num=-12 (0xfffffffffffffff4) pc=0x1801155a0 args=[0x203,0x100014000,0x20000,0x0,0x0,0x0,0x0,0x0]
[trap] num=-14 (0xfffffffffffffff2) pc=0x1801155b8 args=[0x203,0x1ec444000,0x24000,0x0,0x1,0x0,0x0,0x0]
[trap] num=73 (0x49) pc=0x18011823c args=[0x140000000,0xa8000,0x27ff77f,0x2,0x8,0x0,0x0,0x0]
[trap] num=73 (0x49) pc=0x18011823c args=[0x1400a8000,0x4000,0x27ff77f,0x2,0x8,0x0,0x0,0x0]
[trap] num=73 (0x49) pc=0x18011823c args=[0x1400ac000,0x8000,0x27ff77f,0x2,0x8,0x0,0x0,0x0]
[trap] num=73 (0x49) pc=0x18011823c args=[0x1400b4000,0x4000,0x27ff77f,0x2,0x8,0x0,0x0,0x0]
[trap] num=73 (0x49) pc=0x18011823c args=[0x1400bc000,0x24000,0x27ff77f,0x2,0x8,0x0,0x0,0x0]
[trap] num=73 (0x49) pc=0x18011823c args=[0x1400e0000,0x60000,0x27ff77f,0x2,0x8,0x0,0x0,0x0]
[trap] num=-14 (0xfffffffffffffff2) pc=0x1801155b8 args=[0x203,0x1ec444000,0x24000,0x0,0x3,0x0,0x0,0x0]
[trap] num=38 (0x26) pc=0x1801955a0 args=[0x0,0x0,0x0,0x27ff338,0x1,0x0,0x0,0x0]
[trap] num=5 (0x5) pc=0x180119f50 args=[0x27fff82,0x0,0x0,0x0,0x1,0x0,0x0,0x0]
[trap] num=92 (0x5c) pc=0x1801180d8 args=[0x3,0x32,0x27fef38,0x0,0x1,0x0,0x0,0x0]
[trap] num=6 (0x6) pc=0x180116750 args=[0x3,0x32,0x27fef38,0x0,0x1,0x0,0x0,0x0]
[trap] num=483 (0x1e3) pc=0x180118e08 args=[0x0,0x27ff34c,0x4,0x21,0x6e,0x4d,0x0,0x0]
[trap] num=381 (0x17d) pc=0x180119ecc args=[0x1801b7eb4,0x2,0x27ff270,0xa,0x73,0x69,0x0,0x0]
[trap] num=483 (0x1e3) pc=0x180118e08 args=[0x0,0x27ff35c,0x4,0x2d,0x6e,0x41,0x0,0x90]
[trap] num=202 (0xca) pc=0x18011a37c args=[0x27ff310,0x2,0x27ff2d8,0x27ff2d0,0x1801ab70b,0x20,0x0,0x90]
[trap] num=202 (0xca) pc=0x18011a37c args=[0x27ff2d8,0x3,0x27ff36c,0x27ff360,0x0,0x0,0x0,0x90]
[trap] num=381 (0x17d) pc=0x180119ecc args=[0x1801b4bf1,0x5a,0x27ff2f0,0xa,0x0,0x0,0x0,0x90]
[trap] num=202 (0xca) pc=0x18011a37c args=[0x27fe560,0x2,0x27fe528,0x27fe520,0x1801b698e,0xd,0x1ec444ed0,0x90]
[trap] num=202 (0xca) pc=0x18011a37c args=[0x27fe528,0x2,0x27fe5d8,0x27fe5d0,0x0,0x0,0x1ec444ed0,0x90]
[trap] num=5 (0x5) pc=0x180119f50 args=[0x1801aaaf1,0x20100000,0x0,0xfffffffffffffff0,0x0,0x72,0x0,0x80]
[trap] num=463 (0x1cf) pc=0x180119f7c args=[0x3,0x1801b4c4b,0x100000,0x0,0x0,0x72,0x0,0x80]
[trap] num=41 (0x29) pc=0x18011a484 args=[0x4,0x1801b625c,0x100000,0x0,0x0,0x72,0x0,0x80]
[trap] num=470 (0x1d6) pc=0x18011a5e4 args=[0x4,0x27fe0b1,0x27fe020,0x0,0x27fe100,0x72,0x0,0x80]
[trap] num=463 (0x1cf) pc=0x180119f7c args=[0x4,0x27fe0b1,0x100000,0x0,0x27fe100,0x72,0x0,0x80]
[trap] num=92 (0x5c) pc=0x1801180d8 args=[0x6,0x32,0x27fe0b0,0x0,0x27fe100,0x72,0x0,0x80]
[trap] num=41 (0x29) pc=0x18011a484 args=[0x6,0x1801b6e25,0x27fef40,0x0,0x27fe100,0x72,0x0,0x80]
[trap] num=41 (0x29) pc=0x18011a484 args=[0x5,0x1801b6e25,0x27fef40,0x0,0x27fe100,0x72,0x0,0x80]
[trap] num=6 (0x6) pc=0x180116750 args=[0x3,0x1801b6cb4,0x27fef40,0x0,0x27fe100,0x72,0x0,0x80]
[trap] num=6 (0x6) pc=0x180116750 args=[0x5,0x1801b6cf2,0x27fef40,0x0,0x27fe100,0x72,0x0,0x80]
[trap] num=6 (0x6) pc=0x180116750 args=[0x4,0x1801b6d1f,0x27fef40,0x0,0x27fe100,0x72,0x0,0x80]
[trap] num=6 (0x6) pc=0x180116750 args=[0x6,0x1801b6d4a,0x27fef40,0x0,0x27fe100,0x72,0x0,0x80]
[trap] num=381 (0x17d) pc=0x180119ecc args=[0x1801b7eb4,0x2,0x27fedc0,0xa,0x73,0x69,0x0,0x80]
[trap] num=294 (0x126) pc=0x18011a2f8 args=[0x27fee08,0x27feed8,0x27feed8,0x27fef04,0x73,0x69,0x0,0x80]
[trap] num=-14 (0xfffffffffffffff2) pc=0x1801155b8 args=[0x203,0x1ec444000,0x24000,0x0,0x3,0x0,0x0,0x5c0]
[trap] num=427 (0x1ab) pc=0x18011a5b8 args=[0x27fef70,0x400,0x27feef4,0x748e8,0x3,0x0,0x0,0x5c0]
[trap] num=92 (0x5c) pc=0x1801180d8 args=[0x8,0x32,0x27fef70,0x1ec445222,0xfffffffe163b9d60,0x10,0x0,0x5c0]
[trap] num=6 (0x6) pc=0x180116750 args=[0x8,0x1801b6a74,0x4,0x180115e30,0x1,0x10,0x0,0x5c0]
[trap] num=6 (0x6) pc=0x180116750 args=[0x7,0x1801b6a98,0x4,0x180115e30,0x1,0x10,0x0,0x5c0]
[trap] num=338 (0x152) pc=0x180116c48 args=[0x1ec4451d0,0x27fea90,0x1ec4451d0,0x27feb88,0x27febb0,0x27feb90,0x0,0x27febb8]
[trap] num=5 (0x5) pc=0x180119f50 args=[0x1ec4451d0,0x0,0x0,0x27feb88,0x27febb0,0x27feb90,0x0,0x27febb8]
[trap] num=197 (0xc5) pc=0x180119190 args=[0x0,0x10b20,0x1,0x40002,0x3,0x0,0x0,0x27febb8]
[trap] num=92 (0x5c) pc=0x1801180d8 args=[0x3,0x32,0x27febb8,0x40002,0x3,0x0,0x0,0x27febb8]
[trap] num=73 (0x49) pc=0x18011823c args=[0xa00000000,0x10b20,0x10b20,0x0,0x27feb90,0x27febb8,0x3,0x27febb8]
[trap] num=6 (0x6) pc=0x180116750 args=[0x3,0x10b20,0x10b20,0x0,0x27feb90,0x27febb8,0x3,0x27febb8]
[trap] num=338 (0x152) pc=0x180116c48 args=[0x1ec4451d0,0x27ff010,0x27ff0d0,0x0,0x27feb90,0x27febb8,0x3,0x27febb8]
[trap] num=5 (0x5) pc=0x180119f50 args=[0x100000350,0x0,0x0,0x100000350,0x40,0x2f,0x27fef1f,0x6d0]
[trap] num=5 (0x5) pc=0x180119f50 args=[0x27fdf88,0x100000,0x0,0x27fdfa1,0x40,0x2f,0x0,0x6d0]
[trap] num=338 (0x152) pc=0x180116c48 args=[0x27fe100,0x27fde00,0x27fdf00,0x27fdee8,0x27fe10a,0x1801ac864,0x0,0x160]
[trap] num=-10 (0xfffffffffffffff6) pc=0x180115588 args=[0x203,0x27fddc0,0x4000,0x3c000001,0x27fe10a,0x1801ac864,0x0,0x160]
[trap] num=338 (0x152) pc=0x180116c48 args=[0x27fe100,0x27fde00,0x27fdf00,0x27fdee8,0x27fe10a,0x1801ac864,0x0,0x160]
[trap] num=338 (0x152) pc=0x180116c48 args=[0x27fe100,0x27fd710,0x27fe100,0x27fd8a4,0x27fd898,0x27fd870,0x0,0x27fd9e0]
[trap] num=5 (0x5) pc=0x180119f50 args=[0x27fe100,0x0,0x0,0x27fd8a4,0x27fd898,0x27fd870,0x0,0x27fd9e0]
[trap] num=197 (0xc5) pc=0x180119190 args=[0x0,0x3ea9050,0x1,0x40002,0x3,0x0,0x0,0x27fd9e0]
[trap] num=92 (0x5c) pc=0x1801180d8 args=[0x3,0x32,0x27fd9e0,0x40002,0x3,0x0,0x0,0x27fd9e0]
[trap] num=92 (0x5c) pc=0x1801180d8 args=[0x3,0x61,0x27fd760,0x0,0x0,0x0,0x0,0x23b70]
[trap] num=73 (0x49) pc=0x18011823c args=[0xa00018000,0x3ea9050,0x3ea9050,0x0,0x0,0x0,0x0,0x0]
[trap] num=197 (0xc5) pc=0x180119190 args=[0x0,0x3ea9050,0x1,0x40002,0x3,0x0,0x0,0x0]
[trap] num=339 (0x153) pc=0x1801195b8 args=[0x3,0x27fcfe0,0x27fcfe0,0x27fd9e0,0x27fd97c,0x27fd910,0x0,0x27fd7b0]
[trap] num=153 (0x99) pc=0x180117f04 args=[0x3,0x27fd04c,0x1c,0x0,0x0,0x27fd910,0x0,0x27fd7b0]
[trap] num=153 (0x99) pc=0x180117f04 args=[0x3,0x27fc140,0xef8,0x0,0x0,0x27fd910,0x0,0x27fd7b0]
[trap] num=92 (0x5c) pc=0x1801180d8 args=[0x3,0x61,0x27fd030,0x0,0x0,0x0,0x0,0x23b70]
[trap] num=92 (0x5c) pc=0x1801180d8 args=[0x3,0x62,0x27fd158,0x27fd158,0x0,0x0,0x0,0x0]
[trap] num=-10 (0xfffffffffffffff6) pc=0x180115588 args=[0x203,0x27fd050,0x3edc000,0x1,0x0,0x0,0x0,0x0]
[trap] num=197 (0xc5) pc=0x180119190 args=[0xa07d70000,0x1f78000,0x5,0x40012,0x3,0x0,0x0,0x0]
[trap] num=197 (0xc5) pc=0x180119190 args=[0xa09ce8000,0xe8000,0x3,0x40012,0x3,0x1f78000,0x1f78000,0x0]
[trap] num=197 (0xc5) pc=0x180119190 args=[0xa09dd0000,0x24000,0x3,0x40012,0x3,0x2060000,0x2060000,0x0]
[trap] num=197 (0xc5) pc=0x180119190 args=[0xa09e24000,0x1e28000,0x1,0x40012,0x3,0x2084000,0x2084000,0x0]
[trap] num=73 (0x49) pc=0x18011823c args=[0xa03ec4000,0x3ea9050,0x3ea9050,0xfffffffffffffffa,0x6f,0x75,0x0,0x610]
[trap] num=6 (0x6) pc=0x180116750 args=[0x3,0x3ea9050,0x3ea9050,0xfffffffffffffffa,0x6f,0x75,0x0,0x610]
[trap] num=-12 (0xfffffffffffffff4) pc=0x1801155a0 args=[0x203,0xa00014000,0x4000,0xfffffffffffffffa,0x6f,0x75,0x0,0x610]
[trap] num=338 (0x152) pc=0x180116c48 args=[0x100000388,0x27fdf10,0x27fe010,0x27fdff8,0x75,0x6f,0x27fe758,0x900]
[trap] num=-10 (0xfffffffffffffff6) pc=0x180115588 args=[0x203,0x27fded0,0x4000,0x3c000001,0x75,0x6f,0x27fe758,0x900]
[trap] num=338 (0x152) pc=0x180116c48 args=[0x27fe530,0x27fdec0,0x27fdfc0,0x27fdfa8,0x27fe544,0x1ec445294,0x0,0x900]
[trap] num=-12 (0xfffffffffffffff4) pc=0x1801155a0 args=[0x203,0xa0bc4c000,0x4000,0x1a0500,0x0,0x0,0x0,0xbc0]
[trap] num=5 (0x5) pc=0x180119f50 args=[0x1000003b8,0x0,0x0,0x1000003b8,0x2f,0x40,0x27fef1f,0x770]
[trap] num=92 (0x5c) pc=0x1801180d8 args=[0x3,0x32,0x27fe3d8,0x1000003b8,0x2f,0x40,0x27fef1f,0x770]
[trap] num=6 (0x6) pc=0x180116750 args=[0x3,0x32,0x27fe3d8,0x1000003b8,0x2f,0x40,0x27fef1f,0x770]
[trap] num=338 (0x152) pc=0x180116c48 args=[0x1000003b8,0x27fdf10,0x27fe010,0x27fdff8,0x1000003c2,0x1801ac864,0x27fe758,0x770]
[trap] num=338 (0x152) pc=0x180116c48 args=[0x1000003b8,0x27fd820,0x1000003b8,0x27fd9b4,0x27fd9a8,0x27fd980,0x0,0x27fdaf0]
[trap] num=5 (0x5) pc=0x180119f50 args=[0x1000003b8,0x0,0x0,0x27fd9b4,0x27fd9a8,0x27fd980,0x0,0x27fdaf0]
[trap] num=197 (0xc5) pc=0x180119190 args=[0x0,0x17320,0x1,0x40002,0x3,0x0,0x0,0x27fdaf0]
[trap] num=92 (0x5c) pc=0x1801180d8 args=[0x3,0x32,0x27fdaf0,0x40002,0x3,0x0,0x0,0x27fdaf0]
[trap] num=92 (0x5c) pc=0x1801180d8 args=[0x3,0x61,0x27fd870,0x0,0x0,0x0,0x0,0x47d0]
[trap] num=73 (0x49) pc=0x18011823c args=[0xa0bc50000,0x17320,0x17320,0x0,0x0,0x0,0x0,0x0]
[trap] num=197 (0xc5) pc=0x180119190 args=[0x0,0x17320,0x1,0x40002,0x3,0x0,0x0,0x0]
[trap] num=339 (0x153) pc=0x1801195b8 args=[0x3,0x27fd110,0x27fd110,0x27fdaf0,0x27fda8c,0x27fda20,0x0,0x27fd8c0]
[trap] num=153 (0x99) pc=0x180117f04 args=[0x3,0x27fd17c,0x1c,0x0,0x0,0x27fda20,0x0,0x27fd8c0]
[trap] num=153 (0x99) pc=0x180117f04 args=[0x3,0x27fccc0,0x4b0,0x0,0x0,0x27fda20,0x0,0x27fd8c0]
[trap] num=92 (0x5c) pc=0x1801180d8 args=[0x3,0x61,0x27fd160,0x0,0x0,0x0,0x0,0x47d0]
[trap] num=92 (0x5c) pc=0x1801180d8 args=[0x3,0x62,0x27fd288,0x27fd288,0x0,0x0,0x0,0x0]
[trap] num=-10 (0xfffffffffffffff6) pc=0x180115588 args=[0x203,0x27fd180,0x18000,0x1,0x0,0x0,0x0,0x0]
[trap] num=197 (0xc5) pc=0x180119190 args=[0xa0bc80000,0xc000,0x5,0x40012,0x3,0x0,0x0,0x0]
[trap] num=197 (0xc5) pc=0x180119190 args=[0xa0bc8c000,0x4000,0x3,0x40012,0x3,0xc000,0xc000,0x0]
[trap] num=197 (0xc5) pc=0x180119190 args=[0xa0bc90000,0x8000,0x1,0x40012,0x3,0x10000,0x10000,0x0]
[trap] num=73 (0x49) pc=0x18011823c args=[0xa0bc68000,0x17320,0x17320,0xfffffffffffffff1,0x6f,0x75,0x0,0x940]
[trap] num=6 (0x6) pc=0x180116750 args=[0x3,0x17320,0x17320,0xfffffffffffffff1,0x6f,0x75,0x0,0x940]
[trap] num=5 (0x5) pc=0x180119f50 args=[0x100000408,0x0,0x0,0x100000408,0x2f,0x40,0x27fef1f,0xcb0]
[trap] num=92 (0x5c) pc=0x1801180d8 args=[0x3,0x32,0x27fe3d8,0x100000408,0x2f,0x40,0x27fef1f,0xcb0]
[trap] num=6 (0x6) pc=0x180116750 args=[0x3,0x32,0x27fe3d8,0x100000408,0x2f,0x40,0x27fef1f,0xcb0]
[trap] num=338 (0x152) pc=0x180116c48 args=[0x100000408,0x27fdf10,0x27fe010,0x27fdff8,0x100000412,0x1801ac864,0x27fe758,0xcb0]
[trap] num=338 (0x152) pc=0x180116c48 args=[0x100000408,0x27fd820,0x100000408,0x27fd9b4,0x27fd9a8,0x27fd980,0x0,0x27fdaf0]
[trap] num=5 (0x5) pc=0x180119f50 args=[0x100000408,0x0,0x0,0x27fd9b4,0x27fd9a8,0x27fd980,0x0,0x27fdaf0]
[trap] num=197 (0xc5) pc=0x180119190 args=[0x0,0x325f0,0x1,0x40002,0x3,0x0,0x0,0x27fdaf0]
[trap] num=92 (0x5c) pc=0x1801180d8 args=[0x3,0x32,0x27fdaf0,0x40002,0x3,0x0,0x0,0x27fdaf0]
[trap] num=92 (0x5c) pc=0x1801180d8 args=[0x3,0x61,0x27fd870,0x0,0x0,0x0,0x0,0x48b0]
[trap] num=73 (0x49) pc=0x18011823c args=[0xa0bc98000,0x325f0,0x325f0,0x0,0x0,0x0,0x0,0x0]
[trap] num=197 (0xc5) pc=0x180119190 args=[0x0,0x325f0,0x1,0x40002,0x3,0x0,0x0,0x0]
[trap] num=339 (0x153) pc=0x1801195b8 args=[0x3,0x27fd0f0,0x27fd0f0,0x27fdaf0,0x27fda8c,0x27fda20,0x0,0x27fd8c0]
[trap] num=153 (0x99) pc=0x180117f04 args=[0x3,0x27fd15c,0x1c,0x0,0x0,0x27fda20,0x0,0x27fd8c0]
[trap] num=153 (0x99) pc=0x180117f04 args=[0x3,0x27fcb70,0x5e0,0x0,0x0,0x27fda20,0x0,0x27fd8c0]
[trap] num=92 (0x5c) pc=0x1801180d8 args=[0x3,0x61,0x27fd140,0x0,0x0,0x0,0x0,0x48b0]
[trap] num=92 (0x5c) pc=0x1801180d8 args=[0x3,0x62,0x27fd268,0x27fd268,0x0,0x0,0x0,0x0]
[trap] num=-10 (0xfffffffffffffff6) pc=0x180115588 args=[0x203,0x27fd160,0x34000,0x1,0x0,0x0,0x0,0x0]
[trap] num=197 (0xc5) pc=0x180119190 args=[0xa0bd00000,0x1c000,0x5,0x40012,0x3,0x0,0x0,0x0]
[trap] num=197 (0xc5) pc=0x180119190 args=[0xa0bd1c000,0x4000,0x3,0x40012,0x3,0x1c000,0x1c000,0x0]
[trap] num=197 (0xc5) pc=0x180119190 args=[0xa0bd20000,0x4000,0x3,0x40012,0x3,0x20000,0x20000,0x0]
[trap] num=197 (0xc5) pc=0x180119190 args=[0xa0bd24000,0x10000,0x1,0x40012,0x3,0x24000,0x24000,0x0]
[trap] num=73 (0x49) pc=0x18011823c args=[0xa0bccc000,0x325f0,0x325f0,0xfffffffffffffffa,0x6f,0x75,0x62696c79642e30,0x500]
[trap] num=6 (0x6) pc=0x180116750 args=[0x3,0x325f0,0x325f0,0xfffffffffffffffa,0x6f,0x75,0x62696c79642e30,0x500]
[trap] num=5 (0x5) pc=0x180119f50 args=[0x100000450,0x0,0x0,0x100000450,0x2f,0x40,0x27fef1f,0x6d0]
[trap] num=92 (0x5c) pc=0x1801180d8 args=[0x3,0x32,0x27fe3d8,0x100000450,0x2f,0x40,0x27fef1f,0x6d0]
[trap] num=6 (0x6) pc=0x180116750 args=[0x3,0x32,0x27fe3d8,0x100000450,0x2f,0x40,0x27fef1f,0x6d0]
[trap] num=338 (0x152) pc=0x180116c48 args=[0x100000450,0x27fdf10,0x27fe010,0x27fdff8,0x10000045a,0x1801ac864,0x27fe758,0xb70]
[trap] num=338 (0x152) pc=0x180116c48 args=[0x100000450,0x27fd820,0x100000450,0x27fd9b4,0x27fd9a8,0x27fd980,0x0,0x27fdaf0]
[trap] num=5 (0x5) pc=0x180119f50 args=[0x100000450,0x0,0x0,0x27fd9b4,0x27fd9a8,0x27fd980,0x0,0x27fdaf0]
[trap] num=197 (0xc5) pc=0x180119190 args=[0x0,0x91b70,0x1,0x40002,0x3,0x0,0x0,0x27fdaf0]
[trap] num=92 (0x5c) pc=0x1801180d8 args=[0x3,0x32,0x27fdaf0,0x40002,0x3,0x0,0x0,0x27fdaf0]
[trap] num=92 (0x5c) pc=0x1801180d8 args=[0x3,0x61,0x27fd870,0x0,0x0,0x0,0x0,0x4bb0]
[trap] num=73 (0x49) pc=0x18011823c args=[0xa0bd34000,0x91b70,0x91b70,0x0,0x0,0x0,0x0,0x0]
[trap] num=197 (0xc5) pc=0x180119190 args=[0x0,0x91b70,0x1,0x40002,0x3,0x0,0x0,0x0]
[trap] num=339 (0x153) pc=0x1801195b8 args=[0x3,0x27fd0f0,0x27fd0f0,0x27fdaf0,0x27fda8c,0x27fda20,0x0,0x27fd8c0]
[trap] num=153 (0x99) pc=0x180117f04 args=[0x3,0x27fd15c,0x1c,0x0,0x0,0x27fda20,0x0,0x27fd8c0]
[trap] num=153 (0x99) pc=0x180117f04 args=[0x3,0x27fca80,0x6d0,0x0,0x0,0x27fda20,0x0,0x27fd8c0]
[trap] num=92 (0x5c) pc=0x1801180d8 args=[0x3,0x61,0x27fd140,0x0,0x0,0x0,0x0,0x4bb0]
[trap] num=92 (0x5c) pc=0x1801180d8 args=[0x3,0x62,0x27fd268,0x27fd268,0x0,0x0,0x0,0x0]
[trap] num=-10 (0xfffffffffffffff6) pc=0x180115588 args=[0x203,0x27fd160,0x94000,0x1,0x0,0x0,0x0,0x0]
[trap] num=197 (0xc5) pc=0x180119190 args=[0xa0be5c000,0x74000,0x5,0x40012,0x3,0x0,0x0,0x0]
[trap] num=197 (0xc5) pc=0x180119190 args=[0xa0bed0000,0x4000,0x3,0x40012,0x3,0x74000,0x74000,0x0]
[trap] num=197 (0xc5) pc=0x180119190 args=[0xa0bed4000,0x4000,0x3,0x40012,0x3,0x78000,0x78000,0x0]
[trap] num=197 (0xc5) pc=0x180119190 args=[0xa0bed8000,0x18000,0x1,0x40012,0x3,0x7c000,0x7c000,0x0]
[trap] num=73 (0x49) pc=0x18011823c args=[0xa0bdc8000,0x91b70,0x91b70,0xfffffffffffffffa,0x6f,0x75,0x0,0x500]
[trap] num=6 (0x6) pc=0x180116750 args=[0x3,0x91b70,0x91b70,0xfffffffffffffffa,0x6f,0x75,0x0,0x500]
[trap] num=5 (0x5) pc=0x180119f50 args=[0x100000498,0x0,0x0,0x100000498,0x2f,0x40,0x27fef1f,0xe30]
[trap] num=92 (0x5c) pc=0x1801180d8 args=[0x3,0x32,0x27fe3d8,0x100000498,0x2f,0x40,0x27fef1f,0xe30]
[trap] num=6 (0x6) pc=0x180116750 args=[0x3,0x32,0x27fe3d8,0x100000498,0x2f,0x40,0x27fef1f,0xe30]
[trap] num=338 (0x152) pc=0x180116c48 args=[0x100000498,0x27fdf10,0x27fe010,0x27fdff8,0x1000004a2,0x1801ac864,0x27fe758,0xe30]
[trap] num=338 (0x152) pc=0x180116c48 args=[0x100000498,0x27fd820,0x100000498,0x27fd9b4,0x27fd9a8,0x27fd980,0x0,0x27fdaf0]
[trap] num=5 (0x5) pc=0x180119f50 args=[0x100000498,0x0,0x0,0x27fd9b4,0x27fd9a8,0x27fd980,0x0,0x27fdaf0]
[trap] num=197 (0xc5) pc=0x180119190 args=[0x0,0x1b740,0x1,0x40002,0x3,0x0,0x0,0x27fdaf0]
[trap] num=92 (0x5c) pc=0x1801180d8 args=[0x3,0x32,0x27fdaf0,0x40002,0x3,0x0,0x0,0x27fdaf0]
[trap] num=92 (0x5c) pc=0x1801180d8 args=[0x3,0x61,0x27fd870,0x0,0x0,0x0,0x0,0x47f0]
[trap] num=73 (0x49) pc=0x18011823c args=[0xa0bef0000,0x1b740,0x1b740,0x0,0x0,0x0,0x0,0x0]
[trap] num=197 (0xc5) pc=0x180119190 args=[0x0,0x1b740,0x1,0x40002,0x3,0x0,0x0,0x0]
[trap] num=339 (0x153) pc=0x1801195b8 args=[0x3,0x27fd0f0,0x27fd0f0,0x27fdaf0,0x27fda8c,0x27fda20,0x0,0x27fd8c0]
[trap] num=153 (0x99) pc=0x180117f04 args=[0x3,0x27fd15c,0x1c,0x0,0x0,0x27fda20,0x0,0x27fd8c0]
[trap] num=153 (0x99) pc=0x180117f04 args=[0x3,0x27fcb80,0x5c8,0x0,0x0,0x27fda20,0x0,0x27fd8c0]
[trap] num=92 (0x5c) pc=0x1801180d8 args=[0x3,0x61,0x27fd140,0x0,0x0,0x0,0x0,0x47f0]
[trap] num=92 (0x5c) pc=0x1801180d8 args=[0x3,0x62,0x27fd268,0x27fd268,0x0,0x0,0x0,0x0]
[trap] num=-10 (0xfffffffffffffff6) pc=0x180115588 args=[0x203,0x27fd160,0x20000,0x1,0x0,0x0,0x0,0x0]
[trap] num=197 (0xc5) pc=0x180119190 args=[0xa0bf28000,0x10000,0x5,0x40012,0x3,0x0,0x0,0x0]
[trap] num=197 (0xc5) pc=0x180119190 args=[0xa0bf38000,0x4000,0x3,0x40012,0x3,0x10000,0x10000,0x0]
[trap] num=197 (0xc5) pc=0x180119190 args=[0xa0bf40000,0x8000,0x1,0x40012,0x3,0x14000,0x14000,0x0]
[trap] num=73 (0x49) pc=0x18011823c args=[0xa0bf0c000,0x1b740,0x1b740,0xfffffffffffffffa,0x6f,0x75,0x27fd50f,0x500]
[trap] num=6 (0x6) pc=0x180116750 args=[0x3,0x1b740,0x1b740,0xfffffffffffffffa,0x6f,0x75,0x27fd50f,0x500]
[trap] num=5 (0x5) pc=0x180119f50 args=[0x1000004e8,0x0,0x0,0x1000004e8,0x2f,0x40,0x27fef1f,0xc00]
[trap] num=92 (0x5c) pc=0x1801180d8 args=[0x3,0x32,0x27fe3d8,0x1000004e8,0x2f,0x40,0x27fef1f,0xc00]
[trap] num=6 (0x6) pc=0x180116750 args=[0x3,0x32,0x27fe3d8,0x1000004e8,0x2f,0x40,0x27fef1f,0xc00]
[trap] num=338 (0x152) pc=0x180116c48 args=[0x1000004e8,0x27fdf10,0x27fe010,0x27fdff8,0x1000004f2,0x1801ac864,0x27fe758,0xc00]
[trap] num=338 (0x152) pc=0x180116c48 args=[0x1000004e8,0x27fd820,0x1000004e8,0x27fd9b4,0x27fd9a8,0x27fd980,0x0,0x27fdaf0]
[trap] num=5 (0x5) pc=0x180119f50 args=[0x1000004e8,0x0,0x0,0x27fd9b4,0x27fd9a8,0x27fd980,0x0,0x27fdaf0]
[trap] num=197 (0xc5) pc=0x180119190 args=[0x0,0x156b0,0x1,0x40002,0x3,0x0,0x0,0x27fdaf0]
[trap] num=92 (0x5c) pc=0x1801180d8 args=[0x3,0x32,0x27fdaf0,0x40002,0x3,0x0,0x0,0x27fdaf0]
[trap] num=92 (0x5c) pc=0x1801180d8 args=[0x3,0x61,0x27fd870,0x0,0x0,0x0,0x0,0x47d0]
[trap] num=73 (0x49) pc=0x18011823c args=[0xa0bf48000,0x156b0,0x156b0,0x0,0x0,0x0,0x0,0x0]
[trap] num=197 (0xc5) pc=0x180119190 args=[0x0,0x156b0,0x1,0x40002,0x3,0x0,0x0,0x0]
[trap] num=339 (0x153) pc=0x1801195b8 args=[0x3,0x27fd110,0x27fd110,0x27fdaf0,0x27fda8c,0x27fda20,0x0,0x27fd8c0]
[trap] num=153 (0x99) pc=0x180117f04 args=[0x3,0x27fd17c,0x1c,0x0,0x0,0x27fda20,0x0,0x27fd8c0]
[trap] num=153 (0x99) pc=0x180117f04 args=[0x3,0x27fcc60,0x508,0x0,0x0,0x27fda20,0x0,0x27fd8c0]
[trap] num=92 (0x5c) pc=0x1801180d8 args=[0x3,0x61,0x27fd160,0x0,0x0,0x0,0x0,0x47d0]
[trap] num=92 (0x5c) pc=0x1801180d8 args=[0x3,0x62,0x27fd288,0x27fd288,0x0,0x0,0x0,0x0]
[trap] num=-10 (0xfffffffffffffff6) pc=0x180115588 args=[0x203,0x27fd180,0x18000,0x1,0x0,0x0,0x0,0x0]
[trap] num=197 (0xc5) pc=0x180119190 args=[0xa0bf78000,0xc000,0x5,0x40012,0x3,0x0,0x0,0x0]
[trap] num=197 (0xc5) pc=0x180119190 args=[0xa0bf84000,0x4000,0x3,0x40012,0x3,0xc000,0xc000,0x0]
[trap] num=197 (0xc5) pc=0x180119190 args=[0xa0bf88000,0x8000,0x1,0x40012,0x3,0x10000,0x10000,0x0]
[trap] num=73 (0x49) pc=0x18011823c args=[0xa0bf60000,0x156b0,0x156b0,0xfffffffffffffff1,0x6f,0x75,0x0,0x940]
[trap] num=6 (0x6) pc=0x180116750 args=[0x3,0x156b0,0x156b0,0xfffffffffffffff1,0x6f,0x75,0x0,0x940]
[trap] num=5 (0x5) pc=0x180119f50 args=[0x100000538,0x0,0x0,0x100000538,0x2f,0x40,0x27fef1f,0xca0]
[trap] num=92 (0x5c) pc=0x1801180d8 args=[0x3,0x32,0x27fe3d8,0x100000538,0x2f,0x40,0x27fef1f,0xca0]
[trap] num=6 (0x6) pc=0x180116750 args=[0x3,0x32,0x27fe3d8,0x100000538,0x2f,0x40,0x27fef1f,0xca0]
[trap] num=338 (0x152) pc=0x180116c48 args=[0x100000538,0x27fdf10,0x27fe010,0x27fdff8,0x100000542,0x1801ac864,0x27fe758,0xca0]
[trap] num=338 (0x152) pc=0x180116c48 args=[0x100000538,0x27fd820,0x100000538,0x27fd9b4,0x27fd9a8,0x27fd980,0x0,0x27fdaf0]
[trap] num=5 (0x5) pc=0x180119f50 args=[0x100000538,0x0,0x0,0x27fd9b4,0x27fd9a8,0x27fd980,0x0,0x27fdaf0]
[trap] num=197 (0xc5) pc=0x180119190 args=[0x0,0x9f810,0x1,0x40002,0x3,0x0,0x0,0x27fdaf0]
[trap] num=92 (0x5c) pc=0x1801180d8 args=[0x3,0x32,0x27fdaf0,0x40002,0x3,0x0,0x0,0x27fdaf0]
[trap] num=92 (0x5c) pc=0x1801180d8 args=[0x3,0x61,0x27fd870,0x0,0x0,0x0,0x0,0x4c10]
[trap] num=73 (0x49) pc=0x18011823c args=[0xa0bf90000,0x9f810,0x9f810,0x0,0x0,0x0,0x0,0x0]
[trap] num=197 (0xc5) pc=0x180119190 args=[0x0,0x9f810,0x1,0x40002,0x3,0x0,0x0,0x0]
[trap] num=339 (0x153) pc=0x1801195b8 args=[0x3,0x27fd0f0,0x27fd0f0,0x27fdaf0,0x27fda8c,0x27fda20,0x0,0x27fd8c0]
[trap] num=153 (0x99) pc=0x180117f04 args=[0x3,0x27fd15c,0x1c,0x0,0x0,0x27fda20,0x0,0x27fd8c0]
[trap] num=153 (0x99) pc=0x180117f04 args=[0x3,0x27fcc00,0x550,0x0,0x0,0x27fda20,0x0,0x27fd8c0]
[trap] num=92 (0x5c) pc=0x1801180d8 args=[0x3,0x61,0x27fd140,0x0,0x0,0x0,0x0,0x4c10]
[trap] num=92 (0x5c) pc=0x1801180d8 args=[0x3,0x62,0x27fd268,0x27fd268,0x0,0x0,0x0,0x0]
[trap] num=-10 (0xfffffffffffffff6) pc=0x180115588 args=[0x203,0x27fd160,0xa0000,0x1,0x0,0x0,0x0,0x0]
[trap] num=197 (0xc5) pc=0x180119190 args=[0xa0c0d0000,0x90000,0x5,0x40012,0x3,0x0,0x0,0x0]
[trap] num=197 (0xc5) pc=0x180119190 args=[0xa0c160000,0x4000,0x3,0x40012,0x3,0x90000,0x90000,0x0]
[trap] num=197 (0xc5) pc=0x180119190 args=[0xa0c164000,0x4000,0x3,0x40012,0x3,0x94000,0x94000,0x0]
[trap] num=197 (0xc5) pc=0x180119190 args=[0xa0c168000,0x8000,0x1,0x40012,0x3,0x98000,0x98000,0x0]
[trap] num=73 (0x49) pc=0x18011823c args=[0xa0c030000,0x9f810,0x9f810,0xfffffffffffffffa,0x6f,0x75,0x0,0x500]
[trap] num=6 (0x6) pc=0x180116750 args=[0x3,0x9f810,0x9f810,0xfffffffffffffffa,0x6f,0x75,0x0,0x500]
[trap] num=5 (0x5) pc=0x180119f50 args=[0x100000588,0x0,0x0,0x100000588,0x2f,0x40,0x27fef1f,0x790]
[trap] num=92 (0x5c) pc=0x1801180d8 args=[0x3,0x32,0x27fe3d8,0x100000588,0x2f,0x40,0x27fef1f,0x790]
[trap] num=6 (0x6) pc=0x180116750 args=[0x3,0x32,0x27fe3d8,0x100000588,0x2f,0x40,0x27fef1f,0x790]
[trap] num=338 (0x152) pc=0x180116c48 args=[0x100000588,0x27fdf10,0x27fe010,0x27fdff8,0x100000592,0x1801ac864,0x27fe758,0x790]
[trap] num=338 (0x152) pc=0x180116c48 args=[0x100000588,0x27fd820,0x100000588,0x27fd9b4,0x27fd9a8,0x27fd980,0x0,0x27fdaf0]
[trap] num=5 (0x5) pc=0x180119f50 args=[0x100000588,0x0,0x0,0x27fd9b4,0x27fd9a8,0x27fd980,0x0,0x27fdaf0]
[trap] num=197 (0xc5) pc=0x180119190 args=[0x0,0x3b700,0x1,0x40002,0x3,0x0,0x0,0x27fdaf0]
[trap] num=92 (0x5c) pc=0x1801180d8 args=[0x3,0x32,0x27fdaf0,0x40002,0x3,0x0,0x0,0x27fdaf0]
[trap] num=92 (0x5c) pc=0x1801180d8 args=[0x3,0x61,0x27fd870,0x0,0x0,0x0,0x0,0x48f0]
[trap] num=73 (0x49) pc=0x18011823c args=[0xa0c170000,0x3b700,0x3b700,0x0,0x0,0x0,0x0,0x0]
[trap] num=197 (0xc5) pc=0x180119190 args=[0x0,0x3b700,0x1,0x40002,0x3,0x0,0x0,0x0]
[trap] num=339 (0x153) pc=0x1801195b8 args=[0x3,0x27fd0f0,0x27fd0f0,0x27fdaf0,0x27fda8c,0x27fda20,0x0,0x27fd8c0]
[trap] num=153 (0x99) pc=0x180117f04 args=[0x3,0x27fd15c,0x1c,0x0,0x0,0x27fda20,0x0,0x27fd8c0]
[trap] num=153 (0x99) pc=0x180117f04 args=[0x3,0x27fcb60,0x5e8,0x0,0x0,0x27fda20,0x0,0x27fd8c0]
[trap] num=92 (0x5c) pc=0x1801180d8 args=[0x3,0x61,0x27fd140,0x0,0x0,0x0,0x0,0x48f0]
[trap] num=92 (0x5c) pc=0x1801180d8 args=[0x3,0x62,0x27fd268,0x27fd268,0x0,0x0,0x0,0x0]
[trap] num=-10 (0xfffffffffffffff6) pc=0x180115588 args=[0x203,0x27fd160,0x3c000,0x1,0x0,0x0,0x0,0x0]
[trap] num=197 (0xc5) pc=0x180119190 args=[0xa0c1e8000,0x24000,0x5,0x40012,0x3,0x0,0x0,0x0]
[trap] num=197 (0xc5) pc=0x180119190 args=[0xa0c20c000,0x4000,0x3,0x40012,0x3,0x24000,0x24000,0x0]
[trap] num=197 (0xc5) pc=0x180119190 args=[0xa0c210000,0x4000,0x3,0x40012,0x3,0x28000,0x28000,0x0]
[trap] num=197 (0xc5) pc=0x180119190 args=[0xa0c214000,0x10000,0x1,0x40012,0x3,0x2c000,0x2c000,0x0]
[trap] num=73 (0x49) pc=0x18011823c args=[0xa0c1ac000,0x3b700,0x3b700,0xfffffffffffffffa,0x6f,0x75,0x0,0x500]
[trap] num=6 (0x6) pc=0x180116750 args=[0x3,0x3b700,0x3b700,0xfffffffffffffffa,0x6f,0x75,0x0,0x500]
[trap] num=5 (0x5) pc=0x180119f50 args=[0x1000005d0,0x0,0x0,0x1000005d0,0x2f,0x40,0x27fef1f,0x6d0]
[trap] num=92 (0x5c) pc=0x1801180d8 args=[0x3,0x32,0x27fe3d8,0x1000005d0,0x2f,0x40,0x27fef1f,0x6d0]
[trap] num=6 (0x6) pc=0x180116750 args=[0x3,0x32,0x27fe3d8,0x1000005d0,0x2f,0x40,0x27fef1f,0x6d0]
[trap] num=338 (0x152) pc=0x180116c48 args=[0x1000005d0,0x27fdf10,0x27fe010,0x27fdff8,0x1000005da,0x1801ac864,0x27fe758,0xbc0]
[trap] num=338 (0x152) pc=0x180116c48 args=[0x1000005d0,0x27fd820,0x1000005d0,0x27fd9b4,0x27fd9a8,0x27fd980,0x0,0x27fdaf0]
[trap] num=5 (0x5) pc=0x180119f50 args=[0x1000005d0,0x0,0x0,0x27fd9b4,0x27fd9a8,0x27fd980,0x0,0x27fdaf0]
[trap] num=197 (0xc5) pc=0x180119190 args=[0x0,0x12750,0x1,0x40002,0x3,0x0,0x0,0x27fdaf0]
[trap] num=92 (0x5c) pc=0x1801180d8 args=[0x3,0x32,0x27fdaf0,0x40002,0x3,0x0,0x0,0x27fdaf0]
[trap] num=92 (0x5c) pc=0x1801180d8 args=[0x3,0x61,0x27fd870,0x0,0x0,0x0,0x0,0x47c0]
[trap] num=73 (0x49) pc=0x18011823c args=[0xa0c224000,0x12750,0x12750,0x0,0x0,0x0,0x0,0x0]
[trap] num=197 (0xc5) pc=0x180119190 args=[0x0,0x12750,0x1,0x40002,0x3,0x0,0x0,0x0]
[trap] num=339 (0x153) pc=0x1801195b8 args=[0x3,0x27fd110,0x27fd110,0x27fdaf0,0x27fda8c,0x27fda20,0x0,0x27fd8c0]
[trap] num=153 (0x99) pc=0x180117f04 args=[0x3,0x27fd17c,0x1c,0x0,0x0,0x27fda20,0x0,0x27fd8c0]
[trap] num=153 (0x99) pc=0x180117f04 args=[0x3,0x27fcc80,0x4e8,0x0,0x0,0x27fda20,0x0,0x27fd8c0]
[trap] num=92 (0x5c) pc=0x1801180d8 args=[0x3,0x61,0x27fd160,0x0,0x0,0x0,0x0,0x47c0]
[trap] num=92 (0x5c) pc=0x1801180d8 args=[0x3,0x62,0x27fd288,0x27fd288,0x0,0x0,0x0,0x0]
[trap] num=-10 (0xfffffffffffffff6) pc=0x180115588 args=[0x203,0x27fd180,0x14000,0x1,0x0,0x0,0x0,0x0]
[trap] num=197 (0xc5) pc=0x180119190 args=[0xa0c24c000,0x8000,0x5,0x40012,0x3,0x0,0x0,0x0]
[trap] num=197 (0xc5) pc=0x180119190 args=[0xa0c254000,0x4000,0x3,0x40012,0x3,0x8000,0x8000,0x0]
[trap] num=197 (0xc5) pc=0x180119190 args=[0xa0c258000,0x8000,0x1,0x40012,0x3,0xc000,0xc000,0x0]
[trap] num=73 (0x49) pc=0x18011823c args=[0xa0c238000,0x12750,0x12750,0xfffffffffffffff1,0x6f,0x75,0x27fd52f,0x940]
[trap] num=6 (0x6) pc=0x180116750 args=[0x3,0x12750,0x12750,0xfffffffffffffff1,0x6f,0x75,0x27fd52f,0x940]
[trap] num=5 (0x5) pc=0x180119f50 args=[0x100000628,0x0,0x0,0x100000628,0x2f,0x40,0x27fef1f,0xcb0]
[trap] num=92 (0x5c) pc=0x1801180d8 args=[0x3,0x32,0x27fe3d8,0x100000628,0x2f,0x40,0x27fef1f,0xcb0]
[trap] num=6 (0x6) pc=0x180116750 args=[0x3,0x32,0x27fe3d8,0x100000628,0x2f,0x40,0x27fef1f,0xcb0]
[trap] num=338 (0x152) pc=0x180116c48 args=[0x100000628,0x27fdf10,0x27fe010,0x27fdff8,0x100000632,0x1801ac864,0x27fe758,0xcb0]
[trap] num=338 (0x152) pc=0x180116c48 args=[0x100000628,0x27fd820,0x100000628,0x27fd9b4,0x27fd9a8,0x27fd980,0x0,0x27fdaf0]
[trap] num=5 (0x5) pc=0x180119f50 args=[0x100000628,0x0,0x0,0x27fd9b4,0x27fd9a8,0x27fd980,0x0,0x27fdaf0]
[trap] num=197 (0xc5) pc=0x180119190 args=[0x0,0x31140,0x1,0x40002,0x3,0x0,0x0,0x27fdaf0]
[trap] num=92 (0x5c) pc=0x1801180d8 args=[0x3,0x32,0x27fdaf0,0x40002,0x3,0x0,0x0,0x27fdaf0]
[trap] num=92 (0x5c) pc=0x1801180d8 args=[0x3,0x61,0x27fd870,0x0,0x0,0x0,0x0,0x48e0]
[trap] num=73 (0x49) pc=0x18011823c args=[0xa0c260000,0x31140,0x31140,0x0,0x0,0x0,0x0,0x0]
[trap] num=197 (0xc5) pc=0x180119190 args=[0x0,0x31140,0x1,0x40002,0x3,0x0,0x0,0x0]
[trap] num=339 (0x153) pc=0x1801195b8 args=[0x3,0x27fd0f0,0x27fd0f0,0x27fdaf0,0x27fda8c,0x27fda20,0x0,0x27fd8c0]
[trap] num=153 (0x99) pc=0x180117f04 args=[0x3,0x27fd15c,0x1c,0x0,0x0,0x27fda20,0x0,0x27fd8c0]
[trap] num=153 (0x99) pc=0x180117f04 args=[0x3,0x27fcbb0,0x598,0x0,0x0,0x27fda20,0x0,0x27fd8c0]
[trap] num=92 (0x5c) pc=0x1801180d8 args=[0x3,0x61,0x27fd140,0x0,0x0,0x0,0x0,0x48e0]
[trap] num=92 (0x5c) pc=0x1801180d8 args=[0x3,0x62,0x27fd268,0x27fd268,0x0,0x0,0x0,0x0]
[trap] num=-10 (0xfffffffffffffff6) pc=0x180115588 args=[0x203,0x27fd160,0x34000,0x1,0x0,0x0,0x0,0x0]
[trap] num=197 (0xc5) pc=0x180119190 args=[0xa0c2c8000,0x1c000,0x5,0x40012,0x3,0x0,0x0,0x0]
[trap] num=197 (0xc5) pc=0x180119190 args=[0xa0c2e4000,0x4000,0x3,0x40012,0x3,0x1c000,0x1c000,0x0]
[trap] num=197 (0xc5) pc=0x180119190 args=[0xa0c2e8000,0x4000,0x3,0x40012,0x3,0x20000,0x20000,0x0]
[trap] num=197 (0xc5) pc=0x180119190 args=[0xa0c2ec000,0x10000,0x1,0x40012,0x3,0x24000,0x24000,0x0]
[trap] num=73 (0x49) pc=0x18011823c args=[0xa0c294000,0x31140,0x31140,0xfffffffffffffffa,0x6f,0x75,0x0,0x500]
[trap] num=6 (0x6) pc=0x180116750 args=[0x3,0x31140,0x31140,0xfffffffffffffffa,0x6f,0x75,0x0,0x500]
[trap] num=5 (0x5) pc=0x180119f50 args=[0x100000678,0x0,0x0,0x100000678,0x2f,0x40,0x27fef1f,0xcb0]
[trap] num=92 (0x5c) pc=0x1801180d8 args=[0x3,0x32,0x27fe3d8,0x100000678,0x2f,0x40,0x27fef1f,0xcb0]
[trap] num=6 (0x6) pc=0x180116750 args=[0x3,0x32,0x27fe3d8,0x100000678,0x2f,0x40,0x27fef1f,0xcb0]
[trap] num=338 (0x152) pc=0x180116c48 args=[0x100000678,0x27fdf10,0x27fe010,0x27fdff8,0x100000682,0x1801ac864,0x27fe758,0xcb0]
[trap] num=338 (0x152) pc=0x180116c48 args=[0x100000678,0x27fd820,0x100000678,0x27fd9b4,0x27fd9a8,0x27fd980,0x0,0x27fdaf0]
[trap] num=5 (0x5) pc=0x180119f50 args=[0x100000678,0x0,0x0,0x27fd9b4,0x27fd9a8,0x27fd980,0x0,0x27fdaf0]
[trap] num=197 (0xc5) pc=0x180119190 args=[0x0,0x30c80,0x1,0x40002,0x3,0x0,0x0,0x27fdaf0]
[trap] num=92 (0x5c) pc=0x1801180d8 args=[0x3,0x32,0x27fdaf0,0x40002,0x3,0x0,0x0,0x27fdaf0]
[trap] num=92 (0x5c) pc=0x1801180d8 args=[0x3,0x61,0x27fd870,0x0,0x0,0x0,0x0,0x48e0]
[trap] num=73 (0x49) pc=0x18011823c args=[0xa0c2fc000,0x30c80,0x30c80,0x0,0x0,0x0,0x0,0x0]
[trap] num=197 (0xc5) pc=0x180119190 args=[0x0,0x30c80,0x1,0x40002,0x3,0x0,0x0,0x0]
[trap] num=339 (0x153) pc=0x1801195b8 args=[0x3,0x27fd0f0,0x27fd0f0,0x27fdaf0,0x27fda8c,0x27fda20,0x0,0x27fd8c0]
[trap] num=153 (0x99) pc=0x180117f04 args=[0x3,0x27fd15c,0x1c,0x0,0x0,0x27fda20,0x0,0x27fd8c0]
[trap] num=153 (0x99) pc=0x180117f04 args=[0x3,0x27fcc00,0x548,0x0,0x0,0x27fda20,0x0,0x27fd8c0]
[trap] num=92 (0x5c) pc=0x1801180d8 args=[0x3,0x61,0x27fd140,0x0,0x0,0x0,0x0,0x48e0]
[trap] num=92 (0x5c) pc=0x1801180d8 args=[0x3,0x62,0x27fd268,0x27fd268,0x0,0x0,0x0,0x0]
[trap] num=-10 (0xfffffffffffffff6) pc=0x180115588 args=[0x203,0x27fd160,0x34000,0x1,0x0,0x0,0x0,0x0]
[trap] num=197 (0xc5) pc=0x180119190 args=[0xa0c364000,0x1c000,0x5,0x40012,0x3,0x0,0x0,0x0]
[trap] num=197 (0xc5) pc=0x180119190 args=[0xa0c380000,0x4000,0x3,0x40012,0x3,0x1c000,0x1c000,0x0]
[trap] num=197 (0xc5) pc=0x180119190 args=[0xa0c384000,0x4000,0x3,0x40012,0x3,0x20000,0x20000,0x0]
[trap] num=197 (0xc5) pc=0x180119190 args=[0xa0c388000,0x10000,0x1,0x40012,0x3,0x24000,0x24000,0x0]
[trap] num=73 (0x49) pc=0x18011823c args=[0xa0c330000,0x30c80,0x30c80,0xfffffffffffffffa,0x6f,0x75,0x27fd50f,0x500]
[trap] num=6 (0x6) pc=0x180116750 args=[0x3,0x30c80,0x30c80,0xfffffffffffffffa,0x6f,0x75,0x27fd50f,0x500]
[trap] num=5 (0x5) pc=0x180119f50 args=[0x1000006c8,0x0,0x0,0x1000006c8,0x2f,0x40,0x27fef1f,0xcb0]
[trap] num=92 (0x5c) pc=0x1801180d8 args=[0x3,0x32,0x27fe3d8,0x1000006c8,0x2f,0x40,0x27fef1f,0xcb0]
[trap] num=6 (0x6) pc=0x180116750 args=[0x3,0x32,0x27fe3d8,0x1000006c8,0x2f,0x40,0x27fef1f,0xcb0]
[trap] num=338 (0x152) pc=0x180116c48 args=[0x1000006c8,0x27fdf10,0x27fe010,0x27fdff8,0x1000006d2,0x1801ac864,0x27fe758,0xcb0]
[trap] num=338 (0x152) pc=0x180116c48 args=[0x1000006c8,0x27fd820,0x1000006c8,0x27fd9b4,0x27fd9a8,0x27fd980,0x0,0x27fdaf0]
[trap] num=5 (0x5) pc=0x180119f50 args=[0x1000006c8,0x0,0x0,0x27fd9b4,0x27fd9a8,0x27fd980,0x0,0x27fdaf0]
[trap] num=197 (0xc5) pc=0x180119190 args=[0x0,0x54570,0x1,0x40002,0x3,0x0,0x0,0x27fdaf0]
[trap] num=92 (0x5c) pc=0x1801180d8 args=[0x3,0x32,0x27fdaf0,0x40002,0x3,0x0,0x0,0x27fdaf0]
[trap] num=92 (0x5c) pc=0x1801180d8 args=[0x3,0x61,0x27fd870,0x0,0x0,0x0,0x0,0x49e0]
[trap] num=73 (0x49) pc=0x18011823c args=[0xa0c398000,0x54570,0x54570,0x0,0x0,0x0,0x0,0x0]
[trap] num=197 (0xc5) pc=0x180119190 args=[0x0,0x54570,0x1,0x40002,0x3,0x0,0x0,0x0]
[trap] num=339 (0x153) pc=0x1801195b8 args=[0x3,0x27fd0f0,0x27fd0f0,0x27fdaf0,0x27fda8c,0x27fda20,0x0,0x27fd8c0]
[trap] num=153 (0x99) pc=0x180117f04 args=[0x3,0x27fd15c,0x1c,0x0,0x0,0x27fda20,0x0,0x27fd8c0]
[trap] num=153 (0x99) pc=0x180117f04 args=[0x3,0x27fcbb0,0x598,0x0,0x0,0x27fda20,0x0,0x27fd8c0]
[trap] num=92 (0x5c) pc=0x1801180d8 args=[0x3,0x61,0x27fd140,0x0,0x0,0x0,0x0,0x49e0]
[trap] num=92 (0x5c) pc=0x1801180d8 args=[0x3,0x62,0x27fd268,0x27fd268,0x0,0x0,0x0,0x0]
[trap] num=-10 (0xfffffffffffffff6) pc=0x180115588 args=[0x203,0x27fd160,0x58000,0x1,0x0,0x0,0x0,0x0]
[trap] num=197 (0xc5) pc=0x180119190 args=[0xa0c448000,0x38000,0x5,0x40012,0x3,0x0,0x0,0x0]
[trap] num=197 (0xc5) pc=0x180119190 args=[0xa0c480000,0x4000,0x3,0x40012,0x3,0x38000,0x38000,0x0]
[trap] num=197 (0xc5) pc=0x180119190 args=[0xa0c484000,0x4000,0x3,0x40012,0x3,0x3c000,0x3c000,0x0]
[trap] num=197 (0xc5) pc=0x180119190 args=[0xa0c488000,0x18000,0x1,0x40012,0x3,0x40000,0x40000,0x0]
[trap] num=73 (0x49) pc=0x18011823c args=[0xa0c3f0000,0x54570,0x54570,0xfffffffffffffffa,0x6f,0x75,0x0,0x500]
[trap] num=6 (0x6) pc=0x180116750 args=[0x3,0x54570,0x54570,0xfffffffffffffffa,0x6f,0x75,0x0,0x500]
[trap] num=5 (0x5) pc=0x180119f50 args=[0x100000718,0x0,0x0,0x100000718,0x2f,0x40,0x27fef1f,0xcb0]
[trap] num=92 (0x5c) pc=0x1801180d8 args=[0x3,0x32,0x27fe3d8,0x100000718,0x2f,0x40,0x27fef1f,0xcb0]
[trap] num=6 (0x6) pc=0x180116750 args=[0x3,0x32,0x27fe3d8,0x100000718,0x2f,0x40,0x27fef1f,0xcb0]
[trap] num=338 (0x152) pc=0x180116c48 args=[0x100000718,0x27fdf10,0x27fe010,0x27fdff8,0x100000722,0x1801ac864,0x27fe758,0xcb0]
[trap] num=338 (0x152) pc=0x180116c48 args=[0x100000718,0x27fd820,0x100000718,0x27fd9b4,0x27fd9a8,0x27fd980,0x0,0x27fdaf0]
[trap] num=5 (0x5) pc=0x180119f50 args=[0x100000718,0x0,0x0,0x27fd9b4,0x27fd9a8,0x27fd980,0x0,0x27fdaf0]
[trap] num=197 (0xc5) pc=0x180119190 args=[0x0,0x1379a0,0x1,0x40002,0x3,0x0,0x0,0x27fdaf0]
[trap] num=92 (0x5c) pc=0x1801180d8 args=[0x3,0x32,0x27fdaf0,0x40002,0x3,0x0,0x0,0x27fdaf0]
[trap] num=92 (0x5c) pc=0x1801180d8 args=[0x3,0x61,0x27fd870,0x0,0x0,0x0,0x0,0x27b0]
[trap] num=73 (0x49) pc=0x18011823c args=[0xa0c4a0000,0x1379a0,0x1379a0,0x0,0x0,0x0,0x0,0x0]
[trap] num=197 (0xc5) pc=0x180119190 args=[0x0,0x1379a0,0x1,0x40002,0x3,0x0,0x0,0x0]
[trap] num=339 (0x153) pc=0x1801195b8 args=[0x3,0x27fd0f0,0x27fd0f0,0x27fdaf0,0x27fda8c,0x27fda20,0x0,0x27fd8c0]
[trap] num=153 (0x99) pc=0x180117f04 args=[0x3,0x27fd15c,0x1c,0x0,0x0,0x27fda20,0x0,0x27fd8c0]
[trap] num=153 (0x99) pc=0x180117f04 args=[0x3,0x27fcb00,0x648,0x0,0x0,0x27fda20,0x0,0x27fd8c0]
[trap] num=92 (0x5c) pc=0x1801180d8 args=[0x3,0x61,0x27fd140,0x0,0x0,0x0,0x0,0x27b0]
[trap] num=92 (0x5c) pc=0x1801180d8 args=[0x3,0x62,0x27fd268,0x27fd268,0x0,0x0,0x0,0x0]
[trap] num=-10 (0xfffffffffffffff6) pc=0x180115588 args=[0x203,0x27fd160,0x138000,0x1,0x0,0x0,0x0,0x0]
[trap] num=197 (0xc5) pc=0x180119190 args=[0xa0c710000,0x10c000,0x5,0x40012,0x3,0x0,0x0,0x0]
[trap] num=197 (0xc5) pc=0x180119190 args=[0xa0c81c000,0x4000,0x3,0x40012,0x3,0x10c000,0x10c000,0x0]
[trap] num=197 (0xc5) pc=0x180119190 args=[0xa0c820000,0x8000,0x3,0x40012,0x3,0x110000,0x110000,0x0]
[trap] num=197 (0xc5) pc=0x180119190 args=[0xa0c828000,0x20000,0x1,0x40012,0x3,0x118000,0x118000,0x0]
[trap] num=73 (0x49) pc=0x18011823c args=[0xa0c5d8000,0x1379a0,0x1379a0,0xfffffffffffffffa,0x6f,0x75,0x0,0x500]
[trap] num=6 (0x6) pc=0x180116750 args=[0x3,0x1379a0,0x1379a0,0xfffffffffffffffa,0x6f,0x75,0x0,0x500]
[trap] num=5 (0x5) pc=0x180119f50 args=[0x100000760,0x0,0x0,0x100000760,0x2f,0x40,0x27fef1f,0x6d0]
[trap] num=92 (0x5c) pc=0x1801180d8 args=[0x3,0x32,0x27fe3d8,0x100000760,0x2f,0x40,0x27fef1f,0x6d0]
[trap] num=6 (0x6) pc=0x180116750 args=[0x3,0x32,0x27fe3d8,0x100000760,0x2f,0x40,0x27fef1f,0x6d0]
[trap] num=338 (0x152) pc=0x180116c48 args=[0x100000760,0x27fdf10,0x27fe010,0x27fdff8,0x10000076a,0x1801ac864,0x27fe758,0xb70]
[trap] num=338 (0x152) pc=0x180116c48 args=[0x100000760,0x27fd820,0x100000760,0x27fd9b4,0x27fd9a8,0x27fd980,0x0,0x27fdaf0]
[trap] num=5 (0x5) pc=0x180119f50 args=[0x100000760,0x0,0x0,0x27fd9b4,0x27fd9a8,0x27fd980,0x0,0x27fdaf0]
[trap] num=197 (0xc5) pc=0x180119190 args=[0x0,0x14520,0x1,0x40002,0x3,0x0,0x0,0x27fdaf0]
[trap] num=92 (0x5c) pc=0x1801180d8 args=[0x3,0x32,0x27fdaf0,0x40002,0x3,0x0,0x0,0x27fdaf0]
[trap] num=92 (0x5c) pc=0x1801180d8 args=[0x3,0x61,0x27fd870,0x0,0x0,0x0,0x0,0x47e0]
[trap] num=73 (0x49) pc=0x18011823c args=[0xa0c848000,0x14520,0x14520,0x0,0x0,0x0,0x0,0x0]
[trap] num=197 (0xc5) pc=0x180119190 args=[0x0,0x14520,0x1,0x40002,0x3,0x0,0x0,0x0]
[trap] num=339 (0x153) pc=0x1801195b8 args=[0x3,0x27fd110,0x27fd110,0x27fdaf0,0x27fda8c,0x27fda20,0x0,0x27fd8c0]
[trap] num=153 (0x99) pc=0x180117f04 args=[0x3,0x27fd17c,0x1c,0x0,0x0,0x27fda20,0x0,0x27fd8c0]
[trap] num=153 (0x99) pc=0x180117f04 args=[0x3,0x27fcc80,0x4f0,0x0,0x0,0x27fda20,0x0,0x27fd8c0]
[trap] num=92 (0x5c) pc=0x1801180d8 args=[0x3,0x61,0x27fd160,0x0,0x0,0x0,0x0,0x47e0]
[trap] num=92 (0x5c) pc=0x1801180d8 args=[0x3,0x62,0x27fd288,0x27fd288,0x0,0x0,0x0,0x0]
[trap] num=-10 (0xfffffffffffffff6) pc=0x180115588 args=[0x203,0x27fd180,0x18000,0x1,0x0,0x0,0x0,0x0]
[trap] num=197 (0xc5) pc=0x180119190 args=[0xa0c878000,0x8000,0x5,0x40012,0x3,0x0,0x0,0x0]
[trap] num=197 (0xc5) pc=0x180119190 args=[0xa0c880000,0x4000,0x3,0x40012,0x3,0x8000,0x8000,0x0]
[trap] num=197 (0xc5) pc=0x180119190 args=[0xa0c884000,0xc000,0x1,0x40012,0x3,0xc000,0xc000,0x0]
[trap] num=73 (0x49) pc=0x18011823c args=[0xa0c860000,0x14520,0x14520,0xfffffffffffffff1,0x6f,0x75,0x0,0x940]
[trap] num=6 (0x6) pc=0x180116750 args=[0x3,0x14520,0x14520,0xfffffffffffffff1,0x6f,0x75,0x0,0x940]
[trap] num=5 (0x5) pc=0x180119f50 args=[0x1000007a8,0x0,0x0,0x1000007a8,0x2f,0x40,0x27fef1f,0xcb0]
[trap] num=92 (0x5c) pc=0x1801180d8 args=[0x3,0x32,0x27fe3d8,0x1000007a8,0x2f,0x40,0x27fef1f,0xcb0]
[trap] num=6 (0x6) pc=0x180116750 args=[0x3,0x32,0x27fe3d8,0x1000007a8,0x2f,0x40,0x27fef1f,0xcb0]
[trap] num=338 (0x152) pc=0x180116c48 args=[0x1000007a8,0x27fdf10,0x27fe010,0x27fdff8,0x1000007b2,0x1801ac864,0x27fe758,0xcb0]
[trap] num=338 (0x152) pc=0x180116c48 args=[0x1000007a8,0x27fd820,0x1000007a8,0x27fd9b4,0x27fd9a8,0x27fd980,0x0,0x27fdaf0]
[trap] num=5 (0x5) pc=0x180119f50 args=[0x1000007a8,0x0,0x0,0x27fd9b4,0x27fd9a8,0x27fd980,0x0,0x27fdaf0]
[trap] num=197 (0xc5) pc=0x180119190 args=[0x0,0x9e9b0,0x1,0x40002,0x3,0x0,0x0,0x27fdaf0]
[trap] num=92 (0x5c) pc=0x1801180d8 args=[0x3,0x32,0x27fdaf0,0x40002,0x3,0x0,0x0,0x27fdaf0]
[trap] num=92 (0x5c) pc=0x1801180d8 args=[0x3,0x61,0x27fd870,0x0,0x0,0x0,0x0,0x4c10]
[trap] num=73 (0x49) pc=0x18011823c args=[0xa0c890000,0x9e9b0,0x9e9b0,0x0,0x0,0x0,0x0,0x0]
[trap] num=197 (0xc5) pc=0x180119190 args=[0x0,0x9e9b0,0x1,0x40002,0x3,0x0,0x0,0x0]
[trap] num=339 (0x153) pc=0x1801195b8 args=[0x3,0x27fd0f0,0x27fd0f0,0x27fdaf0,0x27fda8c,0x27fda20,0x0,0x27fd8c0]
[trap] num=153 (0x99) pc=0x180117f04 args=[0x3,0x27fd15c,0x1c,0x0,0x0,0x27fda20,0x0,0x27fd8c0]
[trap] num=153 (0x99) pc=0x180117f04 args=[0x3,0x27fcb50,0x600,0x0,0x0,0x27fda20,0x0,0x27fd8c0]
[trap] num=92 (0x5c) pc=0x1801180d8 args=[0x3,0x61,0x27fd140,0x0,0x0,0x0,0x0,0x4c10]
[trap] num=92 (0x5c) pc=0x1801180d8 args=[0x3,0x62,0x27fd268,0x27fd268,0x0,0x0,0x0,0x0]
[trap] num=-10 (0xfffffffffffffff6) pc=0x180115588 args=[0x203,0x27fd160,0xa4000,0x1,0x0,0x0,0x0,0x0]
[trap] num=197 (0xc5) pc=0x180119190 args=[0xa0c9d0000,0x88000,0x5,0x40012,0x3,0x0,0x0,0x0]
[trap] num=197 (0xc5) pc=0x180119190 args=[0xa0ca58000,0x4000,0x3,0x40012,0x3,0x88000,0x88000,0x0]
[trap] num=197 (0xc5) pc=0x180119190 args=[0xa0ca60000,0x14000,0x1,0x40012,0x3,0x8c000,0x8c000,0x0]
[trap] num=73 (0x49) pc=0x18011823c args=[0xa0c930000,0x9e9b0,0x9e9b0,0xfffffffffffffffa,0x6f,0x75,0x0,0x500]
[trap] num=6 (0x6) pc=0x180116750 args=[0x3,0x9e9b0,0x9e9b0,0xfffffffffffffffa,0x6f,0x75,0x0,0x500]
[trap] num=5 (0x5) pc=0x180119f50 args=[0x1000007f0,0x0,0x0,0x1000007f0,0x2f,0x40,0x27fef1f,0x6d0]
[trap] num=92 (0x5c) pc=0x1801180d8 args=[0x3,0x32,0x27fe3d8,0x1000007f0,0x2f,0x40,0x27fef1f,0x6d0]
[trap] num=6 (0x6) pc=0x180116750 args=[0x3,0x32,0x27fe3d8,0x1000007f0,0x2f,0x40,0x27fef1f,0x6d0]
[trap] num=338 (0x152) pc=0x180116c48 args=[0x1000007f0,0x27fdf10,0x27fe010,0x27fdff8,0x1000007fa,0x1801ac864,0x27fe758,0xb70]
[trap] num=338 (0x152) pc=0x180116c48 args=[0x1000007f0,0x27fd820,0x1000007f0,0x27fd9b4,0x27fd9a8,0x27fd980,0x0,0x27fdaf0]
[trap] num=5 (0x5) pc=0x180119f50 args=[0x1000007f0,0x0,0x0,0x27fd9b4,0x27fd9a8,0x27fd980,0x0,0x27fdaf0]
[trap] num=197 (0xc5) pc=0x180119190 args=[0x0,0x4a19c0,0x1,0x40002,0x3,0x0,0x0,0x27fdaf0]
[trap] num=92 (0x5c) pc=0x1801180d8 args=[0x3,0x32,0x27fdaf0,0x40002,0x3,0x0,0x0,0x27fdaf0]
[trap] num=92 (0x5c) pc=0x1801180d8 args=[0x3,0x61,0x27fd870,0x0,0x0,0x0,0x0,0x9400]
[trap] num=73 (0x49) pc=0x18011823c args=[0xa0ca74000,0x4a19c0,0x4a19c0,0x0,0x0,0x0,0x0,0x0]
[trap] num=197 (0xc5) pc=0x180119190 args=[0x0,0x4a19c0,0x1,0x40002,0x3,0x0,0x0,0x0]
[trap] num=339 (0x153) pc=0x1801195b8 args=[0x3,0x27fd0f0,0x27fd0f0,0x27fdaf0,0x27fda8c,0x27fda20,0x0,0x27fd8c0]
[trap] num=153 (0x99) pc=0x180117f04 args=[0x3,0x27fd15c,0x1c,0x0,0x0,0x27fda20,0x0,0x27fd8c0]
[trap] num=153 (0x99) pc=0x180117f04 args=[0x3,0x27fcac0,0x688,0x0,0x0,0x27fda20,0x0,0x27fd8c0]
[trap] num=92 (0x5c) pc=0x1801180d8 args=[0x3,0x61,0x27fd140,0x0,0x0,0x0,0x0,0x9400]
[trap] num=92 (0x5c) pc=0x1801180d8 args=[0x3,0x62,0x27fd268,0x27fd268,0x0,0x0,0x0,0x0]
[trap] num=-10 (0xfffffffffffffff6) pc=0x180115588 args=[0x203,0x27fd160,0x4a4000,0x1,0x0,0x0,0x0,0x0]
[trap] num=197 (0xc5) pc=0x180119190 args=[0xa0d3bc000,0x340000,0x5,0x40012,0x3,0x0,0x0,0x0]
[trap] num=197 (0xc5) pc=0x180119190 args=[0xa0d6fc000,0x78000,0x3,0x40012,0x3,0x340000,0x340000,0x0]
[trap] num=197 (0xc5) pc=0x180119190 args=[0xa0d774000,0x4000,0x3,0x40012,0x3,0x3b8000,0x3b8000,0x0]
[trap] num=197 (0xc5) pc=0x180119190 args=[0xa0d778000,0xe8000,0x1,0x40012,0x3,0x3bc000,0x3bc000,0x0]
[trap] num=73 (0x49) pc=0x18011823c args=[0xa0cf18000,0x4a19c0,0x4a19c0,0xfffffffffffffffa,0x6f,0x75,0x0,0x500]
[trap] num=6 (0x6) pc=0x180116750 args=[0x3,0x4a19c0,0x4a19c0,0xfffffffffffffffa,0x6f,0x75,0x0,0x500]
[trap] num=5 (0x5) pc=0x180119f50 args=[0x100000840,0x0,0x0,0x100000840,0x2f,0x40,0x27fef1f,0x6d0]
[trap] num=92 (0x5c) pc=0x1801180d8 args=[0x3,0x32,0x27fe3d8,0x100000840,0x2f,0x40,0x27fef1f,0x6d0]
[trap] num=6 (0x6) pc=0x180116750 args=[0x3,0x32,0x27fe3d8,0x100000840,0x2f,0x40,0x27fef1f,0x6d0]
[trap] num=338 (0x152) pc=0x180116c48 args=[0x100000840,0x27fdf10,0x27fe010,0x27fdff8,0x10000084a,0x1801ac864,0x27fe758,0xac0]
[trap] num=338 (0x152) pc=0x180116c48 args=[0x100000840,0x27fd820,0x100000840,0x27fd9b4,0x27fd9a8,0x27fd980,0x0,0x27fdaf0]
[trap] num=5 (0x5) pc=0x180119f50 args=[0x100000840,0x0,0x0,0x27fd9b4,0x27fd9a8,0x27fd980,0x0,0x27fdaf0]
[trap] num=197 (0xc5) pc=0x180119190 args=[0x0,0xd4e90,0x1,0x40002,0x3,0x0,0x0,0x27fdaf0]
[trap] num=92 (0x5c) pc=0x1801180d8 args=[0x3,0x32,0x27fdaf0,0x40002,0x3,0x0,0x0,0x27fdaf0]
[trap] num=92 (0x5c) pc=0x1801180d8 args=[0x3,0x61,0x27fd870,0x0,0x0,0x0,0x0,0x1b60]
[trap] num=73 (0x49) pc=0x18011823c args=[0xa0d860000,0xd4e90,0xd4e90,0x0,0x0,0x0,0x0,0x0]
[trap] num=197 (0xc5) pc=0x180119190 args=[0x0,0xd4e90,0x1,0x40002,0x3,0x0,0x0,0x0]
[trap] num=339 (0x153) pc=0x1801195b8 args=[0x3,0x27fd0f0,0x27fd0f0,0x27fdaf0,0x27fda8c,0x27fda20,0x0,0x27fd8c0]
[trap] num=153 (0x99) pc=0x180117f04 args=[0x3,0x27fd15c,0x1c,0x0,0x0,0x27fda20,0x0,0x27fd8c0]
[trap] num=153 (0x99) pc=0x180117f04 args=[0x3,0x27fcb60,0x5e8,0x0,0x0,0x27fda20,0x0,0x27fd8c0]
[trap] num=92 (0x5c) pc=0x1801180d8 args=[0x3,0x61,0x27fd140,0x0,0x0,0x0,0x0,0x1b60]
[trap] num=92 (0x5c) pc=0x1801180d8 args=[0x3,0x62,0x27fd268,0x27fd268,0x0,0x0,0x0,0x0]
[trap] num=-10 (0xfffffffffffffff6) pc=0x180115588 args=[0x203,0x27fd160,0xdc000,0x1,0x0,0x0,0x0,0x0]
[trap] num=197 (0xc5) pc=0x180119190 args=[0xa0da10000,0x90000,0x5,0x40012,0x3,0x0,0x0,0x0]
[trap] num=197 (0xc5) pc=0x180119190 args=[0xa0daa0000,0xc000,0x3,0x40012,0x3,0x90000,0x90000,0x0]
[trap] num=197 (0xc5) pc=0x180119190 args=[0xa0daac000,0x4000,0x3,0x40012,0x3,0x9c000,0x9c000,0x0]
[trap] num=197 (0xc5) pc=0x180119190 args=[0xa0dab0000,0x3c000,0x1,0x40012,0x3,0xa0000,0xa0000,0x0]
[trap] num=73 (0x49) pc=0x18011823c args=[0xa0d938000,0xd4e90,0xd4e90,0xfffffffffffffffa,0x6f,0x75,0x62696c79642e33,0x500]
[trap] num=6 (0x6) pc=0x180116750 args=[0x3,0xd4e90,0xd4e90,0xfffffffffffffffa,0x6f,0x75,0x62696c79642e33,0x500]
[trap] num=5 (0x5) pc=0x180119f50 args=[0x100000888,0x0,0x0,0x100000888,0x2f,0x40,0x27fef1f,0x1a0]
[trap] num=92 (0x5c) pc=0x1801180d8 args=[0x3,0x32,0x27fe3d8,0x100000888,0x2f,0x40,0x27fef1f,0x1a0]
[trap] num=6 (0x6) pc=0x180116750 args=[0x3,0x32,0x27fe3d8,0x100000888,0x2f,0x40,0x27fef1f,0x1a0]
[trap] num=338 (0x152) pc=0x180116c48 args=[0x100000888,0x27fdf10,0x27fe010,0x27fdff8,0x100000892,0x1801ac864,0x27fe758,0x1a0]
[trap] num=338 (0x152) pc=0x180116c48 args=[0x100000888,0x27fd820,0x100000888,0x27fd9b4,0x27fd9a8,0x27fd980,0x0,0x27fdaf0]
[trap] num=5 (0x5) pc=0x180119f50 args=[0x100000888,0x0,0x0,0x27fd9b4,0x27fd9a8,0x27fd980,0x0,0x27fdaf0]
[trap] num=197 (0xc5) pc=0x180119190 args=[0x0,0x305810,0x1,0x40002,0x3,0x0,0x0,0x27fdaf0]
[trap] num=92 (0x5c) pc=0x1801180d8 args=[0x3,0x32,0x27fdaf0,0x40002,0x3,0x0,0x0,0x27fdaf0]
[trap] num=92 (0x5c) pc=0x1801180d8 args=[0x3,0x61,0x27fd870,0x0,0x0,0x0,0x0,0x5f30]
[trap] num=73 (0x49) pc=0x18011823c args=[0xa0daec000,0x305810,0x305810,0x0,0x0,0x0,0x0,0x0]
[trap] num=197 (0xc5) pc=0x180119190 args=[0x0,0x305810,0x1,0x40002,0x3,0x0,0x0,0x0]
[trap] num=339 (0x153) pc=0x1801195b8 args=[0x3,0x27fd0f0,0x27fd0f0,0x27fdaf0,0x27fda8c,0x27fda20,0x0,0x27fd8c0]
[trap] num=153 (0x99) pc=0x180117f04 args=[0x3,0x27fd15c,0x1c,0x0,0x0,0x27fda20,0x0,0x27fd8c0]
[trap] num=153 (0x99) pc=0x180117f04 args=[0x3,0x27fca20,0x730,0x0,0x0,0x27fda20,0x0,0x27fd8c0]
[trap] num=92 (0x5c) pc=0x1801180d8 args=[0x3,0x61,0x27fd140,0x0,0x0,0x0,0x0,0x5f30]
[trap] num=92 (0x5c) pc=0x1801180d8 args=[0x3,0x62,0x27fd268,0x27fd268,0x0,0x0,0x0,0x0]
[trap] num=-10 (0xfffffffffffffff6) pc=0x180115588 args=[0x203,0x27fd160,0x308000,0x1,0x0,0x0,0x0,0x0]
[trap] num=197 (0xc5) pc=0x180119190 args=[0xa0e0fc000,0x1b4000,0x5,0x40012,0x3,0x0,0x0,0x0]
[trap] num=197 (0xc5) pc=0x180119190 args=[0xa0e2b0000,0x14000,0x3,0x40012,0x3,0x1b4000,0x1b4000,0x0]
[trap] num=197 (0xc5) pc=0x180119190 args=[0xa0e2c4000,0x4000,0x3,0x40012,0x3,0x1c8000,0x1c8000,0x0]
[trap] num=197 (0xc5) pc=0x180119190 args=[0xa0e2c8000,0x13c000,0x1,0x40012,0x3,0x1cc000,0x1cc000,0x0]
[trap] num=73 (0x49) pc=0x18011823c args=[0xa0ddf4000,0x305810,0x305810,0xfffffffffffffffa,0x6f,0x75,0x0,0x500]
[trap] num=6 (0x6) pc=0x180116750 args=[0x3,0x305810,0x305810,0xfffffffffffffffa,0x6f,0x75,0x0,0x500]
[trap] num=5 (0x5) pc=0x180119f50 args=[0x1000008d8,0x0,0x0,0x1000008d8,0x2f,0x40,0x27fef1f,0xf60]
[trap] num=92 (0x5c) pc=0x1801180d8 args=[0x3,0x32,0x27fe3d8,0x1000008d8,0x2f,0x40,0x27fef1f,0xf60]
[trap] num=6 (0x6) pc=0x180116750 args=[0x3,0x32,0x27fe3d8,0x1000008d8,0x2f,0x40,0x27fef1f,0xf60]
[trap] num=338 (0x152) pc=0x180116c48 args=[0x1000008d8,0x27fdf10,0x27fe010,0x27fdff8,0x1000008e2,0x1801ac864,0x27fe758,0xf60]
[trap] num=338 (0x152) pc=0x180116c48 args=[0x1000008d8,0x27fd820,0x1000008d8,0x27fd9b4,0x27fd9a8,0x27fd980,0x0,0x27fdaf0]
[trap] num=5 (0x5) pc=0x180119f50 args=[0x1000008d8,0x0,0x0,0x27fd9b4,0x27fd9a8,0x27fd980,0x0,0x27fdaf0]
[trap] num=197 (0xc5) pc=0x180119190 args=[0x0,0x1c7b60,0x1,0x40002,0x3,0x0,0x0,0x27fdaf0]
[trap] num=92 (0x5c) pc=0x1801180d8 args=[0x3,0x32,0x27fdaf0,0x40002,0x3,0x0,0x0,0x27fdaf0]
[trap] num=92 (0x5c) pc=0x1801180d8 args=[0x3,0x61,0x27fd870,0x0,0x0,0x0,0x0,0x5550]
[trap] num=73 (0x49) pc=0x18011823c args=[0xa0e404000,0x1c7b60,0x1c7b60,0x0,0x0,0x0,0x0,0x0]
[trap] num=197 (0xc5) pc=0x180119190 args=[0x0,0x1c7b60,0x1,0x40002,0x3,0x0,0x0,0x0]
[trap] num=339 (0x153) pc=0x1801195b8 args=[0x3,0x27fd0f0,0x27fd0f0,0x27fdaf0,0x27fda8c,0x27fda20,0x0,0x27fd8c0]
[trap] num=153 (0x99) pc=0x180117f04 args=[0x3,0x27fd15c,0x1c,0x0,0x0,0x27fda20,0x0,0x27fd8c0]
[trap] num=153 (0x99) pc=0x180117f04 args=[0x3,0x27fca50,0x6f8,0x0,0x0,0x27fda20,0x0,0x27fd8c0]
[trap] num=92 (0x5c) pc=0x1801180d8 args=[0x3,0x61,0x27fd140,0x0,0x0,0x0,0x0,0x5550]
[trap] num=92 (0x5c) pc=0x1801180d8 args=[0x3,0x62,0x27fd268,0x27fd268,0x0,0x0,0x0,0x0]
[trap] num=-10 (0xfffffffffffffff6) pc=0x180115588 args=[0x203,0x27fd160,0x1cc000,0x1,0x0,0x0,0x0,0x0]
[trap] num=197 (0xc5) pc=0x180119190 args=[0xa0e794000,0x140000,0x5,0x40012,0x3,0x0,0x0,0x0]
[trap] num=197 (0xc5) pc=0x180119190 args=[0xa0e8d4000,0x14000,0x3,0x40012,0x3,0x140000,0x140000,0x0]
[trap] num=197 (0xc5) pc=0x180119190 args=[0xa0e8ec000,0x74000,0x1,0x40012,0x3,0x154000,0x154000,0x0]
[trap] num=73 (0x49) pc=0x18011823c args=[0xa0e5cc000,0x1c7b60,0x1c7b60,0xfffffffffffffffa,0x6f,0x75,0x0,0x500]
[trap] num=6 (0x6) pc=0x180116750 args=[0x3,0x1c7b60,0x1c7b60,0xfffffffffffffffa,0x6f,0x75,0x0,0x500]
[trap] num=338 (0x152) pc=0x180116c48 args=[0x100000928,0x27fdf10,0x27fe010,0x27fdff8,0x100000932,0x1801ac864,0x6e,0x690]
[trap] num=-10 (0xfffffffffffffff6) pc=0x180115588 args=[0x203,0x27fded0,0x4000,0x3c000001,0x100000932,0x1801ac864,0x6e,0x690]
[trap] num=338 (0x152) pc=0x180116c48 args=[0x27fe500,0x27fde90,0x27fdf90,0x27fdf78,0x27fe52e,0x1801ac864,0x0,0xae0]
[trap] num=-12 (0xfffffffffffffff4) pc=0x1801155a0 args=[0x203,0xa0e960000,0x4000,0x1a0500,0x0,0x0,0x0,0x140]
[trap] num=338 (0x152) pc=0x180116c48 args=[0x100000990,0x27fdf10,0x27fe010,0x27fdff8,0x10000099a,0x1801ac864,0x7974697275636553,0xae0]
[trap] num=-10 (0xfffffffffffffff6) pc=0x180115588 args=[0x203,0x27fded0,0x4000,0x3c000001,0x10000099a,0x1801ac864,0x7974697275636553,0xae0]
[trap] num=338 (0x152) pc=0x180116c48 args=[0x27fe510,0x27fdea0,0x27fdfa0,0x27fdf88,0x27fe53e,0x1801ac864,0x0,0xae0]
[trap] num=-12 (0xfffffffffffffff4) pc=0x1801155a0 args=[0x203,0xa0e964000,0x4000,0x1a0500,0x0,0x0,0x0,0xbc0]
[trap] num=338 (0x152) pc=0x180116c48 args=[0x1000009f0,0x27fdf10,0x27fe010,0x27fdff8,0x75,0x6f,0x27fe758,0xae0]
[trap] num=-10 (0xfffffffffffffff6) pc=0x180115588 args=[0x203,0x27fded0,0x4000,0x3c000001,0x75,0x6f,0x27fe758,0xae0]
[trap] num=338 (0x152) pc=0x180116c48 args=[0x27fe530,0x27fdec0,0x27fdfc0,0x27fdfa8,0x27fe544,0x1ec445294,0x62696c79642e31,0xae0]
[trap] num=-12 (0xfffffffffffffff4) pc=0x1801155a0 args=[0x203,0xa0e968000,0x4000,0x1a0500,0x0,0x0,0x62696c79642e31,0xbc0]
[trap] num=338 (0x152) pc=0x180116c48 args=[0x100000a20,0x27fdf10,0x27fe010,0x27fdff8,0x100000a2a,0x1801ac864,0x27fe758,0xae0]
[trap] num=-10 (0xfffffffffffffff6) pc=0x180115588 args=[0x203,0x27fded0,0x4000,0x3c000001,0x100000a2a,0x1801ac864,0x27fe758,0xae0]
[trap] num=338 (0x152) pc=0x180116c48 args=[0x27fe530,0x27fdec0,0x27fdfc0,0x27fdfa8,0x27fe55e,0x1801ac864,0x0,0xae0]
[trap] num=-12 (0xfffffffffffffff4) pc=0x1801155a0 args=[0x203,0xa0e96c000,0x4000,0x1a0500,0x0,0x0,0x0,0xbc0]
[trap] num=338 (0x152) pc=0x180116c48 args=[0xa07d70810,0x27fde40,0x27fdf40,0x27fdf28,0xa07d7081a,0x1801ac864,0x6e,0xae0]
[M28 BANDSHRINK] syscall 338 band past ipa 0xa07d70810 len 65536 shrunk 64 -> 0 by an overlapping window of the same call
[trap] num=-10 (0xfffffffffffffff6) pc=0x180115588 args=[0x203,0x27fde00,0x4000,0x3c000001,0xa07d7081a,0x1801ac864,0x6e,0xae0]
[trap] num=338 (0x152) pc=0x180116c48 args=[0x27fe430,0x27fddc0,0x27fdec0,0x27fdea8,0x27fe45e,0x1801ac864,0x0,0xae0]
[trap] num=-12 (0xfffffffffffffff4) pc=0x1801155a0 args=[0x203,0xa0e970000,0x4000,0x1a0500,0x0,0x0,0x0,0xbc0]
[trap] num=338 (0x152) pc=0x180116c48 args=[0xa07d70878,0x27fde40,0x27fdf40,0x27fdf28,0x75,0x6f,0x27fe688,0x900]
[trap] num=-10 (0xfffffffffffffff6) pc=0x180115588 args=[0x203,0x27fde00,0x4000,0x3c000001,0x75,0x6f,0x27fe688,0x900]
[trap] num=338 (0x152) pc=0x180116c48 args=[0x27fe460,0x27fddf0,0x27fdef0,0x27fded8,0x27fe474,0x1ec445294,0x0,0xae0]
[trap] num=-12 (0xfffffffffffffff4) pc=0x1801155a0 args=[0x203,0xa0e974000,0x4000,0x1a0500,0x0,0x0,0x0,0xbc0]
[trap] num=338 (0x152) pc=0x180116c48 args=[0xa07d70e18,0x27fde40,0x27fdf40,0x27fdf28,0xa07d70e22,0x1801ac864,0x7974697275636553,0x1a0]
[M28 BANDSHRINK] syscall 338 band past ipa 0xa07d70e18 len 65536 shrunk 64 -> 0 by an overlapping window of the same call
[trap] num=-10 (0xfffffffffffffff6) pc=0x180115588 args=[0x203,0x27fde00,0x4000,0x3c000001,0xa07d70e22,0x1801ac864,0x7974697275636553,0x1a0]
[trap] num=338 (0x152) pc=0x180116c48 args=[0x27fe440,0x27fddd0,0x27fded0,0x27fdeb8,0x27fe46e,0x1801ac864,0x0,0xae0]
[trap] num=-12 (0xfffffffffffffff4) pc=0x1801155a0 args=[0x203,0xa0e978000,0x4000,0x1a0500,0x0,0x0,0x0,0x140]
[trap] num=338 (0x152) pc=0x180116c48 args=[0xa07d70e78,0x27fde40,0x27fdf40,0x27fdf28,0x75,0x6f,0x27fe688,0x900]
[trap] num=-10 (0xfffffffffffffff6) pc=0x180115588 args=[0x203,0x27fde00,0x4000,0x3c000001,0x75,0x6f,0x27fe688,0x900]
[trap] num=338 (0x152) pc=0x180116c48 args=[0x27fe460,0x27fddf0,0x27fdef0,0x27fded8,0x27fe474,0x1ec445294,0x62696c79642e31,0xae0]
[trap] num=-12 (0xfffffffffffffff4) pc=0x1801155a0 args=[0x203,0xa0e97c000,0x4000,0x1a0500,0x0,0x0,0x62696c79642e31,0xbc0]
[trap] num=338 (0x152) pc=0x180116c48 args=[0xa07d70ea8,0x27fde40,0x27fdf40,0x27fdf28,0xa07d70eb2,0x1801ac864,0x27fe688,0x900]
[M28 BANDSHRINK] syscall 338 band past ipa 0xa07d70ea8 len 65536 shrunk 64 -> 0 by an overlapping window of the same call
[trap] num=-10 (0xfffffffffffffff6) pc=0x180115588 args=[0x203,0x27fde00,0x4000,0x3c000001,0xa07d70eb2,0x1801ac864,0x27fe688,0x900]
[trap] num=338 (0x152) pc=0x180116c48 args=[0x27fe460,0x27fddf0,0x27fdef0,0x27fded8,0x27fe48e,0x1801ac864,0x0,0xae0]
[trap] num=-12 (0xfffffffffffffff4) pc=0x1801155a0 args=[0x203,0xa0e980000,0x4000,0x1a0500,0x0,0x0,0x0,0xbc0]
[trap] num=5 (0x5) pc=0x180119f50 args=[0xa0bf78498,0x0,0x0,0xa0bf78498,0x40,0x2f,0x27fed7f,0x670]
[trap] num=5 (0x5) pc=0x180119f50 args=[0x27fdde8,0x100000,0x0,0x27fde07,0x40,0x2f,0x0,0x670]
[trap] num=338 (0x152) pc=0x180116c48 args=[0x27fdf60,0x27fdc60,0x27fdd60,0x27fdd48,0x27fdf6a,0x1801ac864,0x0,0x780]
[trap] num=338 (0x152) pc=0x180116c48 args=[0x27fdf60,0x27fd570,0x27fdf60,0x27fd704,0x27fd6f8,0x27fd6d0,0x0,0x27fd840]
[trap] num=5 (0x5) pc=0x180119f50 args=[0x27fdf60,0x0,0x0,0x27fd704,0x27fd6f8,0x27fd6d0,0x0,0x27fd840]
[trap] num=197 (0xc5) pc=0x180119190 args=[0x0,0x28d60,0x1,0x40002,0x3,0x0,0x0,0x27fd840]
[trap] num=92 (0x5c) pc=0x1801180d8 args=[0x3,0x32,0x27fd840,0x40002,0x3,0x0,0x0,0x27fd840]
[trap] num=92 (0x5c) pc=0x1801180d8 args=[0x3,0x61,0x27fd5c0,0x0,0x0,0x0,0x0,0x4880]
[trap] num=73 (0x49) pc=0x18011823c args=[0xa0e984000,0x28d60,0x28d60,0x0,0x0,0x0,0x0,0x0]
[trap] num=197 (0xc5) pc=0x180119190 args=[0x0,0x28d60,0x1,0x40002,0x3,0x0,0x0,0x0]
[trap] num=339 (0x153) pc=0x1801195b8 args=[0x3,0x27fce60,0x27fce60,0x27fd840,0x27fd7dc,0x27fd770,0x0,0x27fd610]
[trap] num=153 (0x99) pc=0x180117f04 args=[0x3,0x27fcecc,0x1c,0x0,0x0,0x27fd770,0x0,0x27fd610]
[trap] num=153 (0x99) pc=0x180117f04 args=[0x3,0x27fca40,0x480,0x0,0x0,0x27fd770,0x0,0x27fd610]
[trap] num=92 (0x5c) pc=0x1801180d8 args=[0x3,0x61,0x27fceb0,0x0,0x0,0x0,0x0,0x4880]
[trap] num=92 (0x5c) pc=0x1801180d8 args=[0x3,0x62,0x27fcfd8,0x27fcfd8,0x0,0x0,0x0,0x0]
[trap] num=-10 (0xfffffffffffffff6) pc=0x180115588 args=[0x203,0x27fced0,0x2c000,0x1,0x0,0x0,0x0,0x0]
[trap] num=197 (0xc5) pc=0x180119190 args=[0xa0e9dc000,0x20000,0x5,0x40012,0x3,0x0,0x0,0x0]
[trap] num=197 (0xc5) pc=0x180119190 args=[0xa0e9fc000,0x4000,0x3,0x40012,0x3,0x20000,0x20000,0x0]
[trap] num=197 (0xc5) pc=0x180119190 args=[0xa0ea00000,0x8000,0x1,0x40012,0x3,0x24000,0x24000,0x0]
[trap] num=73 (0x49) pc=0x18011823c args=[0xa0e9b0000,0x28d60,0x28d60,0x1ec4467ba,0xfffffffe163b7088,0x8,0x27fd27f,0xba0]
[trap] num=6 (0x6) pc=0x180116750 args=[0x3,0x28d60,0x28d60,0x1ec4467ba,0xfffffffe163b7088,0x8,0x27fd27f,0xba0]
[trap] num=5 (0x5) pc=0x180119f50 args=[0xa0c0d04e0,0x0,0x0,0xa0c0d04e0,0x40,0x2f,0x27fed7f,0x840]
[trap] num=5 (0x5) pc=0x180119f50 args=[0x27fdde8,0x100000,0x0,0x27fde07,0x40,0x2f,0x0,0x840]
[trap] num=338 (0x152) pc=0x180116c48 args=[0x27fdf60,0x27fdc60,0x27fdd60,0x27fdd48,0x27fdf6a,0x1801ac864,0x0,0x820]
[trap] num=5 (0x5) pc=0x180119f50 args=[0xa0e0fc638,0x0,0x0,0xa0e0fc638,0x6c,0x72,0x27fed7f,0x7b0]
[trap] num=5 (0x5) pc=0x180119f50 args=[0x27fdde8,0x100000,0x0,0x27fde07,0x6c,0x72,0x0,0x7b0]
[trap] num=338 (0x152) pc=0x180116c48 args=[0x27fdf60,0x27fdd70,0x27fde70,0x27fde58,0x27fdf6a,0x1801ac864,0x0,0x830]
[trap] num=5 (0x5) pc=0x180119f50 args=[0xa0e0fc670,0x0,0x0,0xa0e0fc670,0x6c,0x72,0x27fed7f,0x6d0]
[trap] num=5 (0x5) pc=0x180119f50 args=[0x27fdde8,0x100000,0x0,0x27fde09,0x6c,0x72,0x0,0x6d0]
[trap] num=338 (0x152) pc=0x180116c48 args=[0x27fdf60,0x27fdd70,0x27fde70,0x27fde58,0x27fdf6a,0x1801ac864,0x0,0x830]
[trap] num=338 (0x152) pc=0x180116c48 args=[0x27fdf60,0x27fd680,0x27fdf60,0x27fd814,0x27fd808,0x27fd7e0,0x0,0x27fd950]
[trap] num=5 (0x5) pc=0x180119f50 args=[0x27fdf60,0x0,0x0,0x27fd814,0x27fd808,0x27fd7e0,0x0,0x27fd950]
[trap] num=197 (0xc5) pc=0x180119190 args=[0x0,0x1fa8470,0x1,0x40002,0x3,0x0,0x0,0x27fd950]
[trap] num=92 (0x5c) pc=0x1801180d8 args=[0x3,0x32,0x27fd950,0x40002,0x3,0x0,0x0,0x27fd950]
[trap] num=92 (0x5c) pc=0x1801180d8 args=[0x3,0x61,0x27fd6d0,0x0,0x0,0x0,0x0,0x143f0]
[trap] num=73 (0x49) pc=0x18011823c args=[0xa0ea08000,0x1fa8470,0x1fa8470,0x0,0x0,0x0,0x0,0x0]
[trap] num=197 (0xc5) pc=0x180119190 args=[0x0,0x1fa8470,0x1,0x40002,0x3,0x0,0x0,0x0]
[trap] num=339 (0x153) pc=0x1801195b8 args=[0x3,0x27fcf70,0x27fcf70,0x27fd950,0x27fd8ec,0x27fd880,0x0,0x27fd720]
[trap] num=153 (0x99) pc=0x180117f04 args=[0x3,0x27fcfdc,0x1c,0x0,0x0,0x27fd880,0x0,0x27fd720]
[trap] num=153 (0x99) pc=0x180117f04 args=[0x3,0x27fcc60,0x370,0x0,0x0,0x27fd880,0x0,0x27fd720]
[trap] num=92 (0x5c) pc=0x1801180d8 args=[0x3,0x61,0x27fcfc0,0x0,0x0,0x0,0x0,0x143f0]
[trap] num=92 (0x5c) pc=0x1801180d8 args=[0x3,0x62,0x27fd0e8,0x27fd0e8,0x0,0x0,0x0,0x0]
[trap] num=-10 (0xfffffffffffffff6) pc=0x180115588 args=[0x203,0x27fcfe0,0x1fac000,0x1,0x0,0x0,0x0,0x0]
[trap] num=197 (0xc5) pc=0x180119190 args=[0xa12960000,0x1f94000,0x5,0x40012,0x3,0x0,0x0,0x0]
[trap] num=197 (0xc5) pc=0x180119190 args=[0xa148f4000,0x18000,0x1,0x40012,0x3,0x1f94000,0x1f94000,0x0]
[trap] num=73 (0x49) pc=0x18011823c args=[0xa109b4000,0x1fa8470,0x1fa8470,0x1ec446a25,0x8,0x41,0x0,0xba0]
[trap] num=6 (0x6) pc=0x180116750 args=[0x3,0x1fa8470,0x1fa8470,0x1ec446a25,0x8,0x41,0x0,0xba0]
[trap] num=5 (0x5) pc=0x180119f50 args=[0xa0e794638,0x0,0x0,0xa0e794638,0x6c,0x72,0x27fecaf,0xf20]
[trap] num=5 (0x5) pc=0x180119f50 args=[0x27fdd18,0x100000,0x0,0x27fdd39,0x6c,0x72,0x0,0xf20]
[trap] num=338 (0x152) pc=0x180116c48 args=[0x27fde90,0x27fdca0,0x27fdda0,0x27fdd88,0x27fde9a,0x1801ac864,0x0,0x5e0]
[trap] num=5 (0x5) pc=0x180119f50 args=[0x1ec447880,0x0,0x0,0x0,0x0,0x27fcb98,0x1,0x27fcaf8]
[trap] num=381 (0x17d) pc=0x180119ecc args=[0x1801b7eb4,0x2,0x27fbdf0,0xa,0x73,0x69,0x1,0x27fcaf8]
[trap] num=550 (0x226) pc=0x180119ef8 args=[0x27fbd30,0x1,0x27fbd60,0x50,0x27fbdc0,0x0,0x100000000,0x27fcb98]
[trap] num=6 (0x6) pc=0x180116750 args=[0x3,0x3,0x27fbd90,0x0,0x1,0x0,0x100000000,0x27fcb98]
[trap] num=74 (0x4a) pc=0x180119f24 args=[0x100008000,0x4000,0x1,0x1,0x8,0x0,0x100000000,0x27fcb98]
[trap] num=-10 (0xfffffffffffffff6) pc=0x180115588 args=[0x203,0x27fc000,0x4000,0x3c000001,0x0,0x1,0x27fbd70,0x27fbda0]
[trap] num=-10 (0xfffffffffffffff6) pc=0x180115588 args=[0x203,0x27fc000,0x8000,0x3c000001,0x1,0x1,0x27fbbc8,0x0]
[trap] num=-12 (0xfffffffffffffff4) pc=0x1801155a0 args=[0x203,0xa1490c000,0x4000,0xa14913fc0,0xffffffffffffc000,0x20,0x27fbbc8,0x0]
[trap] num=-14 (0xfffffffffffffff2) pc=0x1801155b8 args=[0x203,0x1e5908000,0x2324000,0x0,0x13,0x13,0x4,0x4000]
[trap] num=-14 (0xfffffffffffffff2) pc=0x1801155b8 args=[0x203,0x1edc84000,0x7b90000,0x0,0x13,0x13,0x5,0x6380000]
[trap] num=-14 (0xfffffffffffffff2) pc=0x1801155b8 args=[0x203,0x28f64c000,0x2c2c000,0x0,0x13,0x13,0x4,0x4000]
[trap] num=-14 (0xfffffffffffffff2) pc=0x1801155b8 args=[0x203,0x29a1cc000,0x5678000,0x0,0x13,0x13,0x5,0x8b84000]
[trap] num=-14 (0xfffffffffffffff2) pc=0x1801155b8 args=[0x203,0x2d0bac000,0x2a4000,0x0,0x13,0x13,0x4,0x4000]
[trap] num=-14 (0xfffffffffffffff2) pc=0x1801155b8 args=[0x203,0x2d361c000,0xac8000,0x0,0x13,0x13,0x5,0xa74000]
[trap] num=5 (0x5) pc=0x180119f50 args=[0x1ec447b48,0x0,0x0,0x0,0x0,0x27fcb98,0x1,0x27fcaf8]
[trap] num=381 (0x17d) pc=0x180119ecc args=[0x1801b7eb4,0x2,0x27fbdf0,0xa,0x73,0x69,0x1,0x27fcaf8]
[trap] num=550 (0x226) pc=0x180119ef8 args=[0x27f48e0,0x2,0x27f4930,0x7480,0xa0762f6d4,0x1c,0x18000000000008,0x27fcb98]
[trap] num=6 (0x6) pc=0x180116750 args=[0x3,0x3,0x27f49ee,0x8,0x1,0x1c,0x18000000000008,0x27fcb98]
[trap] num=74 (0x4a) pc=0x180119f24 args=[0xa09ce8000,0xe8000,0x1,0x1,0x0,0x1c,0x18000000000008,0x27fcb98]
[trap] num=-12 (0xfffffffffffffff4) pc=0x1801155a0 args=[0x203,0xa14910000,0x8000,0xa,0x0,0x1c,0x18000000000008,0x27fcb98]
[trap] num=5 (0x5) pc=0x180119f50 args=[0x1ec447d68,0x0,0x0,0x0,0x0,0x27fcb98,0x1,0x27fcaf8]
[trap] num=381 (0x17d) pc=0x180119ecc args=[0x1801b7eb4,0x2,0x27fbdf0,0xa,0x73,0x69,0x1,0x27fcaf8]
[trap] num=550 (0x226) pc=0x180119ef8 args=[0x27fbd20,0x1,0x27fbd50,0x60,0x27fbdc0,0x0,0x100000000,0x27fcb98]
[trap] num=6 (0x6) pc=0x180116750 args=[0x3,0x3,0x27fbd80,0x0,0x1,0x0,0x100000000,0x27fcb98]
[trap] num=74 (0x4a) pc=0x180119f24 args=[0xa0bc8c000,0x4000,0x1,0x1,0x0,0x0,0x100000000,0x27fcb98]
[trap] num=5 (0x5) pc=0x180119f50 args=[0x1ec447f98,0x0,0x0,0x0,0x0,0x27fcb98,0x1,0x27fcaf8]
[trap] num=381 (0x17d) pc=0x180119ecc args=[0x1801b7eb4,0x2,0x27fbdf0,0xa,0x73,0x69,0x1,0x27fcaf8]
[trap] num=550 (0x226) pc=0x180119ef8 args=[0x27fb640,0x1,0x27fb670,0x738,0x1688,0x8,0x100000000,0x27fcb98]
[trap] num=6 (0x6) pc=0x180116750 args=[0x3,0x3,0x27fb6a0,0x0,0x1,0x8,0x10000100000000,0x27fcb98]
[trap] num=74 (0x4a) pc=0x180119f24 args=[0xa0bd1c000,0x4000,0x1,0x1,0x0,0x8,0x10000100000000,0x27fcb98]
[trap] num=5 (0x5) pc=0x180119f50 args=[0x1ec4481c0,0x0,0x0,0x0,0x0,0x27fcb98,0x1,0x27fcaf8]
[trap] num=381 (0x17d) pc=0x180119ecc args=[0x1801b7eb4,0x2,0x27fbdf0,0xa,0x73,0x69,0x1,0x27fcaf8]
[trap] num=550 (0x226) pc=0x180119ef8 args=[0x27fbaa0,0x1,0x27fbad0,0x2d8,0x1228,0x8,0x100000000,0x27fcb98]
[trap] num=6 (0x6) pc=0x180116750 args=[0x3,0x3,0x27fbb00,0x0,0x1,0x8,0x100000000,0x27fcb98]
[trap] num=74 (0x4a) pc=0x180119f24 args=[0xa0bed0000,0x4000,0x1,0x1,0x0,0x8,0x100000000,0x27fcb98]
[trap] num=5 (0x5) pc=0x180119f50 args=[0x1ec4483f0,0x0,0x0,0x0,0x0,0x27fcb98,0x1,0x27fcaf8]
[trap] num=381 (0x17d) pc=0x180119ecc args=[0x1801b7eb4,0x2,0x27fbdf0,0xa,0x73,0x69,0x1,0x27fcaf8]
[trap] num=550 (0x226) pc=0x180119ef8 args=[0x27fbc40,0x1,0x27fbc70,0x138,0x1088,0x8,0x100000000,0x27fcb98]
[trap] num=6 (0x6) pc=0x180116750 args=[0x3,0x3,0x27fbca0,0x0,0x1,0x8,0x100000000,0x27fcb98]
[trap] num=74 (0x4a) pc=0x180119f24 args=[0xa0bf38000,0x4000,0x1,0x1,0x0,0x8,0x100000000,0x27fcb98]
[trap] num=5 (0x5) pc=0x180119f50 args=[0x1ec448630,0x0,0x0,0x0,0x0,0x27fcb98,0x1,0x27fcaf8]
[trap] num=381 (0x17d) pc=0x180119ecc args=[0x1801b7eb4,0x2,0x27fbdf0,0xa,0x73,0x69,0x1,0x27fcaf8]
[trap] num=550 (0x226) pc=0x180119ef8 args=[0x27fbcb0,0x1,0x27fbce0,0xc8,0x1018,0x18,0x100000000,0x27fcb98]
[trap] num=6 (0x6) pc=0x180116750 args=[0x3,0x3,0x27fbd10,0x0,0x1,0x18,0x100000000,0x27fcb98]
[trap] num=74 (0x4a) pc=0x180119f24 args=[0xa0bf84000,0x4000,0x1,0x1,0x0,0x18,0x100000000,0x27fcb98]
[trap] num=5 (0x5) pc=0x180119f50 args=[0x1ec448860,0x0,0x0,0x0,0x0,0x27fcb98,0x1,0x27fcaf8]
[trap] num=381 (0x17d) pc=0x180119ecc args=[0x1801b7eb4,0x2,0x27fbdf0,0xa,0x73,0x69,0x1,0x27fcaf8]
[trap] num=550 (0x226) pc=0x180119ef8 args=[0x27fbcb0,0x1,0x27fbce0,0xd0,0x1018,0x18,0x100000000,0x27fcb98]
[trap] num=6 (0x6) pc=0x180116750 args=[0x3,0x3,0x27fbd10,0x0,0x1,0x18,0x100000000,0x27fcb98]
[trap] num=74 (0x4a) pc=0x180119f24 args=[0xa0c160000,0x4000,0x1,0x1,0x0,0x18,0x100000000,0x27fcb98]
[trap] num=5 (0x5) pc=0x180119f50 args=[0x1ec448a90,0x0,0x0,0x0,0x0,0x27fcb98,0x1,0x27fcaf8]
[trap] num=381 (0x17d) pc=0x180119ecc args=[0x1801b7eb4,0x2,0x27fbdf0,0xa,0x73,0x69,0x1,0x27fcaf8]
[trap] num=550 (0x226) pc=0x180119ef8 args=[0x27fba90,0x1,0x27fbac0,0x2f0,0x1238,0x18,0x100000000,0x27fcb98]
[trap] num=6 (0x6) pc=0x180116750 args=[0x3,0x3,0x27fbaf0,0x0,0x1,0x18,0x100000000,0x27fcb98]
[trap] num=74 (0x4a) pc=0x180119f24 args=[0xa0c20c000,0x4000,0x1,0x1,0x0,0x18,0x100000000,0x27fcb98]
[trap] num=5 (0x5) pc=0x180119f50 args=[0x1ec448cc0,0x0,0x0,0x0,0x0,0x27fcb98,0x1,0x27fcaf8]
[trap] num=381 (0x17d) pc=0x180119ecc args=[0x1801b7eb4,0x2,0x27fbdf0,0xa,0x73,0x69,0x1,0x27fcaf8]
[trap] num=550 (0x226) pc=0x180119ef8 args=[0x27fbc20,0x1,0x27fbc50,0x160,0x10a8,0x8,0x100000000,0x27fcb98]
[trap] num=6 (0x6) pc=0x180116750 args=[0x3,0x3,0x27fbc80,0x0,0x1,0x8,0x100000000,0x27fcb98]
[trap] num=74 (0x4a) pc=0x180119f24 args=[0xa0c254000,0x4000,0x1,0x1,0x0,0x8,0x100000000,0x27fcb98]
[trap] num=5 (0x5) pc=0x180119f50 args=[0x1ec448ef8,0x0,0x0,0x0,0x0,0x27fcb98,0x1,0x27fcaf8]
[trap] num=381 (0x17d) pc=0x180119ecc args=[0x1801b7eb4,0x2,0x27fbdf0,0xa,0x73,0x69,0x1,0x27fcaf8]
[trap] num=550 (0x226) pc=0x180119ef8 args=[0x27fbca0,0x1,0x27fbcd0,0xe0,0x1028,0x8,0x100000000,0x27fcb98]
[trap] num=6 (0x6) pc=0x180116750 args=[0x3,0x3,0x27fbd00,0x0,0x1,0x8,0x10000100000000,0x27fcb98]
[trap] num=74 (0x4a) pc=0x180119f24 args=[0xa0c2e4000,0x4000,0x1,0x1,0x0,0x8,0x10000100000000,0x27fcb98]
[trap] num=5 (0x5) pc=0x180119f50 args=[0x1ec449128,0x0,0x0,0x0,0x0,0x27fcb98,0x1,0x27fcaf8]
[trap] num=381 (0x17d) pc=0x180119ecc args=[0x1801b7eb4,0x2,0x27fbdf0,0xa,0x73,0x69,0x1,0x27fcaf8]
[trap] num=550 (0x226) pc=0x180119ef8 args=[0x27fbca0,0x1,0x27fbcd0,0xe0,0x1028,0x8,0x100000000,0x27fcb98]
[trap] num=6 (0x6) pc=0x180116750 args=[0x3,0x3,0x27fbd00,0x0,0x1,0x8,0x8000100000000,0x27fcb98]
[trap] num=74 (0x4a) pc=0x180119f24 args=[0xa0c380000,0x4000,0x1,0x1,0x0,0x8,0x8000100000000,0x27fcb98]
[trap] num=5 (0x5) pc=0x180119f50 args=[0x1ec449358,0x0,0x0,0x0,0x0,0x27fcb98,0x1,0x27fcaf8]
[trap] num=381 (0x17d) pc=0x180119ecc args=[0x1801b7eb4,0x2,0x27fbdf0,0xa,0x73,0x69,0x1,0x27fcaf8]
[trap] num=550 (0x226) pc=0x180119ef8 args=[0x27fbc90,0x1,0x27fbcc0,0xf0,0x1038,0x18,0x100000000,0x27fcb98]
[trap] num=6 (0x6) pc=0x180116750 args=[0x3,0x3,0x27fbcf0,0x0,0x1,0x18,0x18000100000000,0x27fcb98]
[trap] num=74 (0x4a) pc=0x180119f24 args=[0xa0c480000,0x4000,0x1,0x1,0x0,0x18,0x18000100000000,0x27fcb98]
[trap] num=5 (0x5) pc=0x180119f50 args=[0x1ec449590,0x0,0x0,0x0,0x0,0x27fcb98,0x1,0x27fcaf8]
[trap] num=381 (0x17d) pc=0x180119ecc args=[0x1801b7eb4,0x2,0x27fbdf0,0xa,0x73,0x69,0x1,0x27fcaf8]
[trap] num=550 (0x226) pc=0x180119ef8 args=[0x27fb980,0x2,0x27fb9d0,0x3d8,0x1308,0x8,0x0,0x27fcb98]
[trap] num=6 (0x6) pc=0x180116750 args=[0x3,0x3,0x27fba1c,0x1,0x1,0x8,0x0,0x27fcb98]
[trap] num=74 (0x4a) pc=0x180119f24 args=[0xa0c81c000,0x4000,0x1,0x1,0x0,0x8,0x0,0x27fcb98]
[trap] num=5 (0x5) pc=0x180119f50 args=[0x1ec4497c0,0x0,0x0,0x0,0x0,0x27fcb98,0x1,0x27fcaf8]
[trap] num=381 (0x17d) pc=0x180119ecc args=[0x1801b7eb4,0x2,0x27fbdf0,0xa,0x73,0x69,0x1,0x27fcaf8]
[trap] num=550 (0x226) pc=0x180119ef8 args=[0x27fba90,0x1,0x27fbac0,0x2f0,0x1238,0x18,0x100000000,0x27fcb98]
[trap] num=6 (0x6) pc=0x180116750 args=[0x3,0x3,0x27fbaf0,0x0,0x1,0x18,0x100000000,0x27fcb98]
[trap] num=74 (0x4a) pc=0x180119f24 args=[0xa0c880000,0x4000,0x1,0x1,0x0,0x18,0x100000000,0x27fcb98]
[trap] num=5 (0x5) pc=0x180119f50 args=[0x1ec4499e8,0x0,0x0,0x0,0x0,0x27fcb98,0x1,0x27fcaf8]
[trap] num=381 (0x17d) pc=0x180119ecc args=[0x1801b7eb4,0x2,0x27fbdf0,0xa,0x73,0x69,0x1,0x27fcaf8]
[trap] num=550 (0x226) pc=0x180119ef8 args=[0x27fbc40,0x1,0x27fbc70,0x140,0x1088,0x8,0x100000000,0x27fcb98]
[trap] num=6 (0x6) pc=0x180116750 args=[0x3,0x3,0x27fbca0,0x0,0x1,0x8,0x100000000,0x27fcb98]
[trap] num=74 (0x4a) pc=0x180119f24 args=[0xa0ca58000,0x4000,0x1,0x1,0x0,0x8,0x100000000,0x27fcb98]
[trap] num=5 (0x5) pc=0x180119f50 args=[0x1ec449c18,0x0,0x0,0x0,0x0,0x27fcb98,0x1,0x27fcaf8]
[trap] num=381 (0x17d) pc=0x180119ecc args=[0x1801b7eb4,0x2,0x27fbdf0,0xa,0x73,0x69,0x1,0x27fcaf8]
[trap] num=550 (0x226) pc=0x180119ef8 args=[0x27fb800,0x1,0x27fb830,0x580,0xa0af7c7d8,0x20,0x27fc008,0x27fcb98]
[trap] num=6 (0x6) pc=0x180116750 args=[0x3,0x3,0x27fb8a0,0x0,0x1,0x8,0x8000100000000,0x27fcb98]
[trap] num=74 (0x4a) pc=0x180119f24 args=[0xa0d6fc000,0x78000,0x1,0x1,0x0,0x8,0x8000100000000,0x27fcb98]
[trap] num=-10 (0xfffffffffffffff6) pc=0x180115588 args=[0x203,0x27fc000,0x4000,0x3c000001,0x0,0x1,0x27fbd70,0x27fbda0]
[trap] num=5 (0x5) pc=0x180119f50 args=[0x1ec449e50,0x0,0x0,0x0,0x0,0x27fcb98,0x1,0x27fcaf8]
[trap] num=381 (0x17d) pc=0x180119ecc args=[0x1801b7eb4,0x2,0x27fbdf0,0xa,0x73,0x69,0x1,0x27fcaf8]
[trap] num=550 (0x226) pc=0x180119ef8 args=[0x27faa00,0x1,0x27faa30,0x1378,0xa1211d580,0x20,0x0,0x27fcb98]
[trap] num=6 (0x6) pc=0x180116750 args=[0x3,0x3,0x27faa70,0x0,0x1,0x18,0x8000100000000,0x27fcb98]
[trap] num=74 (0x4a) pc=0x180119f24 args=[0xa0daa0000,0xc000,0x1,0x1,0x0,0x18,0x8000100000000,0x27fcb98]
[trap] num=-12 (0xfffffffffffffff4) pc=0x1801155a0 args=[0x203,0xa14918000,0x4000,0xa,0x0,0x18,0x8000100000000,0x27fcb98]
[trap] num=-10 (0xfffffffffffffff6) pc=0x180115588 args=[0x203,0x27fc000,0x4000,0x3c000001,0x0,0x1,0x27fbd70,0x27fbda0]
[trap] num=5 (0x5) pc=0x180119f50 args=[0x1ec44a090,0x0,0x0,0x0,0x0,0x27fcb98,0x1,0x27fcaf8]
[trap] num=381 (0x17d) pc=0x180119ecc args=[0x1801b7eb4,0x2,0x27fbdf0,0xa,0x73,0x69,0x1,0x27fcaf8]
[trap] num=550 (0x226) pc=0x180119ef8 args=[0x27fa560,0x1,0x27fa590,0x1818,0xa12121a20,0x20,0x8,0x27fcb98]
[trap] num=6 (0x6) pc=0x180116750 args=[0x3,0x3,0x27fa5c0,0x4,0x1,0x20,0x8,0x27fcb98]
[trap] num=74 (0x4a) pc=0x180119f24 args=[0xa0e2b0000,0x14000,0x1,0x1,0x0,0x20,0x8,0x27fcb98]
[trap] num=-12 (0xfffffffffffffff4) pc=0x1801155a0 args=[0x203,0xa1491c000,0x4000,0xa,0x0,0x20,0x8,0x27fcb98]
[trap] num=5 (0x5) pc=0x180119f50 args=[0x1ec44a2c8,0x0,0x0,0x0,0x0,0x27fcb98,0x1,0x27fcaf8]
[trap] num=381 (0x17d) pc=0x180119ecc args=[0x1801b7eb4,0x2,0x27fbdf0,0xa,0x73,0x69,0x1,0x27fcaf8]
[trap] num=550 (0x226) pc=0x180119ef8 args=[0x27fba90,0x1,0x27fbac0,0x2f0,0x1230,0x10,0xc80000,0x27fcb98]
[trap] num=6 (0x6) pc=0x180116750 args=[0x3,0x3,0x27fbaf0,0x4,0x1,0x10,0xc80000,0x27fcb98]
[trap] num=74 (0x4a) pc=0x180119f24 args=[0xa0e8d4000,0x14000,0x1,0x1,0x0,0x10,0xc80000,0x27fcb98]
[trap] num=5 (0x5) pc=0x180119f50 args=[0x1ec4467b8,0x0,0x0,0x0,0x0,0x27fcb98,0x1,0x27fcaf8]
[trap] num=381 (0x17d) pc=0x180119ecc args=[0x1801b7eb4,0x2,0x27fbdf0,0xa,0x73,0x69,0x1,0x27fcaf8]
[trap] num=550 (0x226) pc=0x180119ef8 args=[0x27fbd20,0x1,0x27fbd50,0x60,0x27fbdc0,0x0,0x100000000,0x27fcb98]
[trap] num=6 (0x6) pc=0x180116750 args=[0x3,0x3,0x27fbd80,0x0,0x1,0x0,0x100000000,0x27fcb98]
[trap] num=74 (0x4a) pc=0x180119f24 args=[0xa0e9fc000,0x4000,0x1,0x1,0x0,0x0,0x100000000,0x27fcb98]
[trap] num=5 (0x5) pc=0x180119f50 args=[0x1ec4469e8,0x0,0x0,0x0,0x0,0x27fcb98,0x1,0x27fcaf8]
[trap] num=381 (0x17d) pc=0x180119ecc args=[0x1801b7eb4,0x2,0x27fbdf0,0xa,0x73,0x69,0x1,0x27fcaf8]
[trap] num=6 (0x6) pc=0x180116750 args=[0x3,0x3,0x27fbd7f,0x2,0x8,0x69,0x1,0x27fcaf8]
[trap] num=-14 (0xfffffffffffffff2) pc=0x1801155b8 args=[0x203,0x1e5908000,0x2324000,0x0,0x1,0x1,0x4,0x4000]
[trap] num=-14 (0xfffffffffffffff2) pc=0x1801155b8 args=[0x203,0x1edc84000,0x7b90000,0x0,0x1,0x1,0x5,0x6380000]
[trap] num=-14 (0xfffffffffffffff2) pc=0x1801155b8 args=[0x203,0x28f64c000,0x2c2c000,0x0,0x1,0x1,0x4,0x4000]
[trap] num=-14 (0xfffffffffffffff2) pc=0x1801155b8 args=[0x203,0x29a1cc000,0x5678000,0x0,0x1,0x1,0x5,0x8b84000]
[trap] num=-14 (0xfffffffffffffff2) pc=0x1801155b8 args=[0x203,0x2d0bac000,0x2a4000,0x0,0x1,0x1,0x4,0x4000]
[trap] num=-14 (0xfffffffffffffff2) pc=0x1801155b8 args=[0x203,0x2d361c000,0xac8000,0x0,0x1,0x1,0x5,0xa74000]
[trap] num=-14 (0xfffffffffffffff2) pc=0x1801155b8 args=[0x203,0x1e5908000,0x2324000,0x0,0x13,0x13,0x4,0x4000]
[trap] num=-14 (0xfffffffffffffff2) pc=0x1801155b8 args=[0x203,0x1edc84000,0x7b90000,0x0,0x13,0x13,0x5,0x6380000]
[trap] num=-14 (0xfffffffffffffff2) pc=0x1801155b8 args=[0x203,0x28f64c000,0x2c2c000,0x0,0x13,0x13,0x4,0x4000]
[trap] num=-14 (0xfffffffffffffff2) pc=0x1801155b8 args=[0x203,0x29a1cc000,0x5678000,0x0,0x13,0x13,0x5,0x8b84000]
[trap] num=-14 (0xfffffffffffffff2) pc=0x1801155b8 args=[0x203,0x2d0bac000,0x2a4000,0x0,0x13,0x13,0x4,0x4000]
[trap] num=-14 (0xfffffffffffffff2) pc=0x1801155b8 args=[0x203,0x2d361c000,0xac8000,0x0,0x13,0x13,0x5,0xa74000]
[trap] num=-14 (0xfffffffffffffff2) pc=0x1801155b8 args=[0x203,0x1e5908000,0x2324000,0x0,0x1,0x1,0x4,0x4000]
[trap] num=-14 (0xfffffffffffffff2) pc=0x1801155b8 args=[0x203,0x1edc84000,0x7b90000,0x0,0x1,0x1,0x5,0x6380000]
[trap] num=-14 (0xfffffffffffffff2) pc=0x1801155b8 args=[0x203,0x28f64c000,0x2c2c000,0x0,0x1,0x1,0x4,0x4000]
[trap] num=-14 (0xfffffffffffffff2) pc=0x1801155b8 args=[0x203,0x29a1cc000,0x5678000,0x0,0x1,0x1,0x5,0x8b84000]
[trap] num=-14 (0xfffffffffffffff2) pc=0x1801155b8 args=[0x203,0x2d0bac000,0x2a4000,0x0,0x1,0x1,0x4,0x4000]
[trap] num=-14 (0xfffffffffffffff2) pc=0x1801155b8 args=[0x203,0x2d361c000,0xac8000,0x0,0x1,0x1,0x5,0xa74000]
[trap] num=-15 (0xfffffffffffffff1) pc=0x1801155c4 args=[0x203,0x27f7aa0,0x20000,0x3fff,0x3c000001,0x3,0x0,0x0]
[trap] num=347 (0x15b) pc=0x18011a6ec args=[0x0,0x0,0x2,0x2,0x1,0x27f7630,0xa0,0x0]
[trap] num=-15 (0xfffffffffffffff1) pc=0x1801155c4 args=[0x203,0x27f70c0,0x20000,0x3fff,0x3c000001,0x3,0x0,0x0]
[trap] num=347 (0x15b) pc=0x18011a6ec args=[0x100034060,0x6e18,0x2,0x2,0x1,0x100034000,0x20000,0x0]
[M28 BANDSHRINK] syscall 347 band past ipa 0x100034000 len 65536 shrunk 64 -> 0 by an overlapping window of the same call
[trap] num=220 (0xdc) pc=0x180116e90 args=[0x1000340b8,0x27f75a8,0x27f76f0,0x40,0x0,0x0,0x20000,0x0]
[trap] num=-12 (0xfffffffffffffff4) pc=0x1801155a0 args=[0x203,0x100034000,0x20000,0x85,0x2,0x5b6e05f,0xffffffffffffffff,0x0]
[trap] num=-15 (0xfffffffffffffff1) pc=0x1801155c4 args=[0x203,0x27f7810,0x20000,0x3fff,0x3c000001,0x3,0x0,0x0]
[trap] num=-15 (0xfffffffffffffff1) pc=0x1801155c4 args=[0x203,0x27f7830,0x20000,0x3fff,0x3c000001,0x3,0x0,0x0]
[trap] num=-12 (0xfffffffffffffff4) pc=0x1801155a0 args=[0x203,0x100054000,0x20000,0x0,0x0,0x0,0x0,0x0]
[trap] num=-12 (0xfffffffffffffff4) pc=0x1801155a0 args=[0x203,0x100034000,0x20000,0x0,0x0,0x0,0x0,0x0]
[trap] num=-12 (0xfffffffffffffff4) pc=0x1801155a0 args=[0x203,0x100014000,0x20000,0x0,0x0,0x0,0x0,0x0]
[trap] num=5 (0x5) pc=0x180119f50 args=[0x1801ab41a,0x2,0x0,0x2,0x8,0x0,0x0,0x0]
[trap] num=54 (0x36) pc=0x180116724 args=[0x3,0x80086804,0x27f4438,0x2,0x8,0x0,0x0,0x0]
[trap] num=6 (0x6) pc=0x180116750 args=[0x3,0xffffffffffffffff,0x27f4438,0x2,0x8,0x0,0x0,0x0]
[trap] num=294 (0x126) pc=0x18011a2f8 args=[0xffffffffffffffff,0x1f070030,0x0,0x0,0x0,0x0,0x0,0x0]
[trap] num=-14 (0xfffffffffffffff2) pc=0x1801155b8 args=[0x203,0x1ec444000,0x24000,0x0,0x1,0x0,0x0,0x0]
[trap] num=-28 (0xffffffffffffffe4) pc=0x1804adb5c args=[0x0,0x1804e2db8,0x27ffed8,0x1ec445338,0x1ec445338,0x0,0x0,0x0]
[trap] num=-26 (0xffffffffffffffe6) pc=0x1804adb44 args=[0x203,0x1804e2db8,0x27ffed8,0x1ec445338,0x1ec445338,0x0,0x0,0x0]
[trap] num=33 (0x21) pc=0x1804ae668 args=[0x1804e2dda,0x0,0x27ffed8,0x1ec445338,0x1ec445338,0x0,0x0,0x0]
[trap] num=-15 (0xfffffffffffffff1) pc=0x1804adacc args=[0x203,0x27fb598,0x8000,0x0,0x49000001,0x3,0x0,0x0]
[trap] num=-29 (0xffffffffffffffe3) pc=0x1804adb68 args=[0x1eec6fd98,0x27ffed0,0x27ffed8,0x1ec445338,0x49000001,0x3,0x0,0x0]
[trap] num=-24 (0xffffffffffffffe8) pc=0x1804adb2c args=[0x203,0x27fb440,0x0,0x27fb45c,0x49000001,0x3,0x0,0x0]
[trap] num=-47 (0xffffffffffffffd1) pc=0x1804adc34 args=[0x27fb480,0x200000003,0x2800001513,0x100300001c03,0xc800000000,0x100300000000,0x140,0x0]
[mach_msg2] msgh_id=200 dest=0x1c03 reply=0x1003 options=0x200000003 bits=0x1513 send_size=40 rcv_size=320
  send+000: 13 15 00 00 28 00 00 00 03 1c 00 00 03 10 00 00
  send+010: 00 00 00 00 c8 00 00 00 00 00 00 00 01 00 00 00
  send+020: 05 00 00 00 08 00 00 00
[retrace] forwarding mach_msg2 host_info (msgh_id 200) to host (decided allowlist)
[mach_msg2] host ret=0x0 err=false
  reply@0x27fb480+000: 00 12 00 00 48 00 00 00 00 00 00 00 03 10 00 00
  reply@0x27fb480+010: 00 00 00 00 2c 01 00 00 00 00 00 00 01 00 00 00
  reply@0x27fb480+020: 00 00 00 00 08 00 00 00 50 00 00 00 50 00 00 00
  reply@0x27fb480+030: 40 00 00 00 1f 00 00 00 00 00 00 00 00 00 00 00
  reply@0x27fb480+040: 00 00 00 00 4f 00 00 00 00 00 00 00 08 00 00 00
  reply@0x27fb480+050: 00 00 00 00 00 00 00 00 00 00 00 00 00 00 00 00
  reply@0x27fb480+060: 00 00 00 00 00 00 00 00 00 00 00 00 00 00 00 00
  reply@0x27fb480+070: 00 00 00 00 00 00 00 00 00 00 00 00 00 00 00 00
  reply@0x27fb480+080: 00 00 00 00 00 00 00 00 00 00 00 00 00 00 00 00
  reply@0x27fb480+090: 00 00 00 00 00 00 00 00 00 00 00 00 00 00 00 00
  reply@0x27fb480+0a0: 00 00 00 00 00 00 00 00 00 00 00 00 00 00 00 00
  reply@0x27fb480+0b0: 00 00 00 00 00 00 00 00 00 00 00 00 00 00 00 00
  reply@0x27fb480+0c0: 00 00 00 00 00 00 00 00 00 00 00 00 00 00 00 00
  reply@0x27fb480+0d0: 00 00 00 00 00 00 00 00 00 00 00 00 00 00 00 00
  reply@0x27fb480+0e0: 00 00 00 00 00 00 00 00 00 00 00 00 00 00 00 00
  reply@0x27fb480+0f0: 00 00 00 00 00 00 00 00 00 00 00 00 00 00 00 00
[trap] num=-18 (0xffffffffffffffee) pc=0x1804adae4 args=[0x203,0x1c03,0x0,0x27fb670,0xc800000000,0x100300000000,0x4f00000000,0x0]
[trap] num=202 (0xca) pc=0x1804af460 args=[0x27fb678,0x2,0x27fb648,0x27fb610,0x0,0x0,0x4f00000000,0x0]
[trap] num=-27 (0xffffffffffffffe5) pc=0x1804adb50 args=[0x2ff20,0x0,0x5,0x1804f8a0c,0x0,0x0,0x4f00000000,0x0]
[trap] num=-24 (0xffffffffffffffe8) pc=0x1804adb2c args=[0x203,0x27fb5c0,0x0,0x27fb5dc,0x0,0x0,0x4f00000000,0x0]
[trap] num=366 (0x16e) pc=0x1804b3d2c args=[0x1804ecc14,0x1804ecc08,0x4000,0x27fb610,0x38,0xa0,0x4f00000000,0x0]
[trap] num=-29 (0xffffffffffffffe3) pc=0x1804adb68 args=[0x10030,0x103,0x1804f8cd8,0x103,0x38,0xa0,0x4f00000000,0x0]
[trap] num=-47 (0xffffffffffffffd1) pc=0x1804adc34 args=[0x27fb650,0x200000003,0x2400001513,0x170300001c03,0xce00000000,0x170300000000,0x30,0x0]
[mach_msg2] msgh_id=206 dest=0x1c03 reply=0x1703 options=0x200000003 bits=0x1513 send_size=36 rcv_size=48
  send+000: 13 15 00 00 24 00 00 00 03 1c 00 00 03 17 00 00
  send+010: 00 00 00 00 ce 00 00 00 00 00 00 00 01 00 00 00
  send+020: 00 00 00 00
[retrace] forwarding mach_msg2 host_get_clock_service (msgh_id 206) to host (decided allowlist)
[mach_msg2] host ret=0x0 err=false
  reply@0x27fb650+000: 00 12 00 80 28 00 00 00 00 00 00 00 03 17 00 00
  reply@0x27fb650+010: 00 00 00 00 32 01 00 00 01 00 00 00 03 1f 00 00
  reply@0x27fb650+020: 00 00 00 00 00 00 11 00 00 00 00 00 08 00 00 00
  reply@0x27fb650+030: b8 fd c6 ee 01 00 00 00 03 1c 00 00 00 00 00 00
  reply@0x27fb650+040: b0 b6 7f 02 00 00 00 00 14 e8 39 80 01 00 00 00
  reply@0x27fb650+050: b8 fd c6 ee 01 00 00 00 d8 fe 7f 02 00 00 00 00
  reply@0x27fb650+060: d0 b6 7f 02 00 00 00 00 a0 e6 39 80 01 00 00 00
  reply@0x27fb650+070: 38 53 44 ec 01 00 00 00 d8 fe 7f 02 00 00 00 00
  reply@0x27fb650+080: 40 b7 7f 02 00 00 00 00 04 13 34 90 01 00 00 00
  reply@0x27fb650+090: 48 02 34 90 01 00 00 00 a0 00 00 00 00 00 00 00
  reply@0x27fb650+0a0: 06 00 00 00 00 00 00 00 18 01 34 90 01 00 00 00
  reply@0x27fb650+0b0: c0 1b 34 90 01 00 00 00 c0 52 44 ec 01 00 00 00
  reply@0x27fb650+0c0: 5c 12 34 90 01 00 00 00 60 b7 7f 02 00 00 00 00
  reply@0x27fb650+0d0: c0 1b 34 90 01 00 00 00 c0 52 44 ec 01 00 00 00
  reply@0x27fb650+0e0: 5c 12 34 90 01 00 00 00 68 bc 7f 02 00 00 00 00
  reply@0x27fb650+0f0: f0 b7 7f 02 00 00 00 00 30 0e 16 80 01 00 00 00
[trap] num=-47 (0xffffffffffffffd1) pc=0x1804adc34 args=[0x27fb650,0x200000003,0x2800001513,0x170300000203,0xd5a00000000,0x170300000000,0x30,0x0]
[mach_msg2] msgh_id=3418 dest=0x203 reply=0x1703 options=0x200000003 bits=0x1513 send_size=40 rcv_size=48
  send+000: 13 15 00 00 28 00 00 00 03 02 00 00 03 17 00 00
  send+010: 00 00 00 00 5a 0d 00 00 00 00 00 00 01 00 00 00
  send+020: 00 00 00 00 00 00 00 00
[retrace] forwarding mach_msg2 semaphore_create (msgh_id 3418) to host (decided allowlist)
[mach_msg2] host ret=0x0 err=false
  reply@0x27fb650+000: 00 12 00 80 28 00 00 00 00 00 00 00 03 17 00 00
  reply@0x27fb650+010: 00 00 00 00 be 0d 00 00 01 00 00 00 03 16 00 00
  reply@0x27fb650+020: 00 00 00 00 00 00 11 00 00 00 00 00 08 00 00 00
  reply@0x27fb650+030: d8 5d 70 ec 01 00 00 00 03 1c 00 00 00 00 00 00
  reply@0x27fb650+040: b0 b6 7f 02 00 00 00 00 38 e8 39 80 01 00 00 00
  reply@0x27fb650+050: b8 fd c6 ee 01 00 00 00 d8 fe 7f 02 00 00 00 00
  reply@0x27fb650+060: d0 b6 7f 02 00 00 00 00 a0 e6 39 80 01 00 00 00
  reply@0x27fb650+070: 38 53 44 ec 01 00 00 00 d8 fe 7f 02 00 00 00 00
  reply@0x27fb650+080: 40 b7 7f 02 00 00 00 00 04 13 34 90 01 00 00 00
  reply@0x27fb650+090: 48 02 34 90 01 00 00 00 a0 00 00 00 00 00 00 00
  reply@0x27fb650+0a0: 06 00 00 00 00 00 00 00 18 01 34 90 01 00 00 00
  reply@0x27fb650+0b0: c0 1b 34 90 01 00 00 00 c0 52 44 ec 01 00 00 00
  reply@0x27fb650+0c0: 5c 12 34 90 01 00 00 00 60 b7 7f 02 00 00 00 00
  reply@0x27fb650+0d0: c0 1b 34 90 01 00 00 00 c0 52 44 ec 01 00 00 00
  reply@0x27fb650+0e0: 5c 12 34 90 01 00 00 00 68 bc 7f 02 00 00 00 00
  reply@0x27fb650+0f0: f0 b7 7f 02 00 00 00 00 30 0e 16 80 01 00 00 00
[trap] num=-18 (0xffffffffffffffee) pc=0x1804adae4 args=[0x203,0x1c03,0x2800001513,0x170300000203,0xd5a00000000,0x170300000000,0x30,0x0]
[trap] num=20 (0x14) pc=0x1804ae198 args=[0x0,0x0,0xfffffffffffffff0,0x27fb530,0x27fb1c0,0x72,0x0,0xc70]
[trap] num=266 (0x10a) pc=0x1804af558 args=[0x18037ff36,0x0,0x1,0x103,0x27fb1c0,0x72,0x0,0xc70]
[trap] num=339 (0x153) pc=0x1804bc288 args=[0x3,0x27fafc0,0x1,0x103,0x27fb1c0,0x72,0x0,0xc70]
[trap] num=197 (0xc5) pc=0x1804aea18 args=[0x0,0x8000,0x1,0x40001,0x3,0x0,0x0,0xc70]
[trap] num=6 (0x6) pc=0x1804ae8f0 args=[0x3,0x8000,0x1,0x40001,0x3,0x0,0x0,0xc70]
[trap] num=169 (0xa9) pc=0x1804af8dc args=[0x8913,0x0,0x27fb11c,0x4,0x3,0x0,0x0,0xc70]
[trap] num=500 (0x1f4) pc=0x1804ae144 args=[0x1ec6fd858,0x10,0x4,0x1804f8a0c,0x6f,0x6f,0x38,0xc70]
[trap] num=54 (0x36) pc=0x1804b2338 args=[0x2,0x4004667a,0x27fb08c,0x103,0x6f,0x6f,0x38,0xc70]
[trap] num=54 (0x36) pc=0x1804b2338 args=[0x2,0x40487413,0x27fb090,0x103,0x6f,0x6f,0x38,0xc70]
[trap] num=116 (0x74) pc=0x1804b1b60 args=[0x27fae00,0x0,0x0,0xfffffc088,0x6e,0x6d,0x38,0xc70]
[trap] num=500 (0x1f4) pc=0x1804ae144 args=[0x27faf38,0x20,0x27faf38,0x1c725a0a,0x180267bdc,0x6d,0x38,0xc70]
[trap] num=116 (0x74) pc=0x1804b1b60 args=[0x27fae20,0x0,0x0,0xfffffc088,0x180267bdc,0x6d,0x38,0xc70]
[trap] num=116 (0x74) pc=0x1804b1b60 args=[0x27fae40,0x0,0x0,0xfffffc088,0x1ec6fcf70,0x1ec6fcfa8,0x1000,0x20]
[trap] num=116 (0x74) pc=0x1804b1b60 args=[0x27fae40,0x0,0x0,0xfffffc088,0x27fadc0,0x1802361b0,0x120871153bc724a0,0x27fae60]
[trap] num=-47 (0xffffffffffffffd1) pc=0x1804adc34 args=[0x27fafd8,0x200000003,0x6480001513,0x170300000203,0x12cb00000000,0x170300000001,0x34,0x0]
[mach_msg2] msgh_id=4811 dest=0x203 reply=0x1703 options=0x200000003 bits=0x80001513 send_size=100 rcv_size=52
  send+000: 13 15 00 80 64 00 00 00 03 02 00 00 03 17 00 00
  send+010: 00 00 00 00 cb 12 00 00 01 00 00 00 00 00 00 00
  send+020: 00 00 00 00 00 00 13 00 00 00 00 00 01 00 00 00
  send+030: 00 00 00 00 00 00 00 00 00 00 48 00 00 00 00 00
  send+040: 00 00 00 00 00 00 00 00 01 00 00 01 00 00 00 00
  send+050: 00 00 00 00 00 00 00 00 00 00 00 00 00 00 00 00
  send+060: 01 00 00 00
[trap] num=-12 (0xfffffffffffffff4) pc=0x1804adaa8 args=[0x203,0xa14bfc000,0x100000,0x170300000203,0x12cb00000000,0x170300000001,0x34,0x0]
[trap] num=116 (0x74) pc=0x1804b1b60 args=[0x27fab20,0x0,0x0,0xfffffc088,0x12cb00000000,0x170300000001,0x34,0x0]
[trap] num=-15 (0xfffffffffffffff1) pc=0x1804adacc args=[0x203,0x27fabe8,0x408000,0x0,0x1000001,0x3,0x0,0x0]
[trap] num=74 (0x4a) pc=0x1804b1b04 args=[0x4c000,0x4000,0x0,0x40000000,0x0,0x3,0x0,0x0]
[trap] num=74 (0x4a) pc=0x1804b1b04 args=[0x450000,0x4000,0x0,0x40000000,0x0,0x3,0x0,0x0]
[trap] num=-15 (0xfffffffffffffff1) pc=0x1804adacc args=[0x203,0x27fac68,0x400000,0x0,0x7004000,0x3,0x0,0x0]
[trap] num=-89 (0xffffffffffffffa7) pc=0x1804add00 args=[0x1ec705d78,0x180327210,0x0,0x1804f8a08,0x7004000,0x3,0x0,0x0]
[trap] num=-15 (0xfffffffffffffff1) pc=0x1804adacc args=[0x203,0x27fac58,0x3e000,0x0,0x1000001,0x3,0x0,0x0]
[trap] num=-47 (0xffffffffffffffd1) pc=0x1804adc34 args=[0x27fabb0,0x200000003,0x2800001513,0x170300000203,0x12d600000000,0x170300000000,0x3c,0x0]
[mach_msg2] msgh_id=4822 dest=0x203 reply=0x1703 options=0x200000003 bits=0x1513 send_size=40 rcv_size=60
  send+000: 13 15 00 00 28 00 00 00 03 02 00 00 03 17 00 00
  send+010: 00 00 00 00 d6 12 00 00 00 00 00 00 01 00 00 00
  send+020: f8 03 00 00 f8 03 40 00
[trap] num=-10 (0xfffffffffffffff6) pc=0x1804ada90 args=[0x203,0x27fa5a8,0x4000,0x1,0x180327599,0x27fac60,0x3c,0x0]
[trap] num=336 (0x150) pc=0x1804af110 args=[0x2,0x8913,0x11,0x0,0x27fa588,0x38,0x180327461,0x300000028]
[trap] num=97 (0x61) pc=0x1804b1fa0 args=[0x1,0x2,0x0,0x103,0x27fa588,0x38,0x0,0x300000028]
[trap] num=92 (0x5c) pc=0x1804ae8c4 args=[0x3,0x2,0x1,0x103,0x27fa588,0x38,0x0,0x300000028]
[trap] num=98 (0x62) pc=0x1804b2364 args=[0x3,0x27f9bb6,0x6a,0x27f9bc8,0x27fa588,0x38,0x676f6c7379732f,0x300000028]
[trap] num=133 (0x85) pc=0x1804b2390 args=[0x3,0x27f9cc0,0xfb,0x0,0x0,0x0,0x0,0x300000028]
[trap] num=-12 (0xfffffffffffffff4) pc=0x1804adaa8 args=[0x203,0x300000000,0x4000,0x0,0x0,0x0,0x0,0x300000028]
[trap] num=-47 (0xffffffffffffffd1) pc=0x1804adc34 args=[0x27fab48,0x200000003,0x6480001513,0x170300000203,0x12cb00000000,0x170300000001,0x34,0x0]
[mach_msg2] msgh_id=4811 dest=0x203 reply=0x1703 options=0x200000003 bits=0x80001513 send_size=100 rcv_size=52
  send+000: 13 15 00 80 64 00 00 00 03 02 00 00 03 17 00 00
  send+010: 00 00 00 00 cb 12 00 00 01 00 00 00 00 00 00 00
  send+020: 00 00 00 00 00 00 13 00 00 00 00 00 01 00 00 00
  send+030: 00 00 00 00 04 00 00 00 00 00 00 00 06 00 00 00
  send+040: 00 00 00 00 00 00 00 00 00 00 00 00 00 00 00 00
  send+050: 00 00 00 00 00 00 00 00 00 00 00 00 00 00 00 00
  send+060: 01 00 00 00
[trap] num=116 (0x74) pc=0x1804b1b60 args=[0x27faa30,0x0,0x0,0xfffffc088,0x0,0x700,0xa14c27378,0x0]
[trap] num=-15 (0xfffffffffffffff1) pc=0x1804adacc args=[0x203,0x27fb088,0x4000,0x0,0x1000001,0x3,0x0,0x0]
[trap] num=74 (0x4a) pc=0x1804b1b04 args=[0xa14c3c000,0x4000,0x1,0xa14c3c008,0x1000001,0x3,0x0,0x0]
[trap] num=-14 (0xfffffffffffffff2) pc=0x1801155b8 args=[0x203,0x1ec444000,0x24000,0x0,0x3,0x3,0x0,0x0]
[trap] num=-14 (0xfffffffffffffff2) pc=0x1801155b8 args=[0x203,0x1ec444000,0x24000,0x0,0x1,0x3,0x0,0x0]
[trap] num=327 (0x147) pc=0x1804ad92c args=[0x8913,0x3,0x103,0x103,0x1,0x3,0x0,0x0]
[trap] num=-47 (0xffffffffffffffd1) pc=0x1804adc34 args=[0x27fb18c,0x200000003,0x7400001513,0x170300000203,0x1f4000000000,0x170300000000,0x2c,0x0]
[mach_msg2] msgh_id=8000 dest=0x203 reply=0x1703 options=0x200000003 bits=0x1513 send_size=116 rcv_size=44
  send+000: 13 15 00 00 74 00 00 00 03 02 00 00 03 17 00 00
  send+010: 00 00 00 00 40 1f 00 00 00 00 00 00 01 00 00 00
  send+020: 05 00 00 00 88 5c 09 80 01 00 00 00 78 00 78 00
  send+030: 00 00 00 00 20 58 09 80 01 00 00 00 5c 00 5c 00
  send+040: 00 00 00 00 38 5a 09 80 01 00 00 00 5c 00 5c 00
  send+050: 00 00 00 00 00 59 09 80 01 00 00 00 78 00 78 00
  send+060: 00 00 00 00 b8 5a 09 80 01 00 00 00 78 00 78 00
  send+070: 00 00 00 00
[trap] num=-47 (0xffffffffffffffd1) pc=0x1804adc34 args=[0x27fb590,0x200000003,0x1800001513,0x170300000203,0x1f4100000000,0x170300000000,0x2c,0x0]
[mach_msg2] msgh_id=8001 dest=0x203 reply=0x1703 options=0x200000003 bits=0x1513 send_size=24 rcv_size=44
  send+000: 13 15 00 00 18 00 00 00 03 02 00 00 03 17 00 00
  send+010: 00 00 00 00 41 1f 00 00
[trap] num=-14 (0xfffffffffffffff2) pc=0x1801155b8 args=[0x203,0x1ec444000,0x24000,0x0,0x3,0x53,0x2c,0x0]
[trap] num=-15 (0xfffffffffffffff1) pc=0x1804adacc args=[0x203,0x27f4ac8,0x8000,0x0,0x1000001,0x3,0x0,0x0]
[trap] num=-15 (0xfffffffffffffff1) pc=0x1804adacc args=[0x203,0x27f4b28,0x8000,0x0,0xb004000,0x3,0x0,0x0]
[trap] num=116 (0x74) pc=0x1804b1b60 args=[0x27f4a10,0x0,0x0,0xfffffc088,0x8,0x41,0x0,0xb40]
[trap] num=116 (0x74) pc=0x1804b1b60 args=[0x27f4960,0x0,0x0,0xfffffc088,0x8,0x41,0xa9088afd3cc1ea17,0xb40]
[trap] num=116 (0x74) pc=0x1804b1b60 args=[0x27f4960,0x0,0x0,0xfffffc088,0x8,0x41,0x2a59323f464e9e39,0xb40]
[trap] num=116 (0x74) pc=0x1804b1b60 args=[0x27f4960,0x0,0x0,0xfffffc088,0x8,0x41,0xc91df2e1108fb9e4,0xb40]
[trap] num=116 (0x74) pc=0x1804b1b60 args=[0x27f4960,0x0,0x0,0xfffffc088,0x8,0x41,0x1c06c84c65594184,0xb40]
[trap] num=116 (0x74) pc=0x1804b1b60 args=[0x27f4960,0x0,0x0,0xfffffc088,0x8,0x41,0x8a21a7bf2e4872d7,0xb40]
[trap] num=116 (0x74) pc=0x1804b1b60 args=[0x27f4960,0x0,0x0,0xfffffc088,0x8,0x41,0xa66f526c5fb4dc31,0xb40]
[trap] num=116 (0x74) pc=0x1804b1b60 args=[0x27f4960,0x0,0x0,0xfffffc088,0x8,0x41,0xafc685f13dc2d7ce,0xb40]
[trap] num=116 (0x74) pc=0x1804b1b60 args=[0x27f4960,0x0,0x0,0xfffffc088,0x8,0x41,0x432274429a9d4489,0xb40]
[trap] num=-15 (0xfffffffffffffff1) pc=0x1804adacc args=[0x203,0x27f4978,0x400000,0x0,0x2004000,0x3,0x0,0x0]
[trap] num=-15 (0xfffffffffffffff1) pc=0x1804adacc args=[0x203,0x27f48c8,0x80000,0x3fff,0x1000001,0x3,0x0,0x0]
[trap] num=-14 (0xfffffffffffffff2) pc=0x1801155b8 args=[0x203,0x1ec444000,0x24000,0x0,0x1,0x0,0xffffffffbfc007ff,0xfffff0003ffff800]
[trap] num=202 (0xca) pc=0x1804af460 args=[0x27fb580,0x2,0x27fb548,0x27fb540,0x180205f3c,0x15,0xffffffffbfc007ff,0xfffff0003ffff800]
[trap] num=202 (0xca) pc=0x1804af460 args=[0x27fb548,0x2,0x27fb600,0x27fb5f0,0x0,0x0,0xffffffffbfc007ff,0xfffff0003ffff800]
[trap] num=202 (0xca) pc=0x1804af460 args=[0x27fb580,0x2,0x27fb548,0x27fb540,0x180205f9b,0x16,0xffffffffbfc007ff,0xfffff0003ffff800]
[trap] num=202 (0xca) pc=0x1804af460 args=[0x27fb548,0x2,0x27fb600,0x27fb5f0,0x0,0x0,0xffffffffbfc007ff,0xfffff0003ffff800]
[trap] num=202 (0xca) pc=0x1804af460 args=[0x27fb580,0x2,0x27fb548,0x27fb540,0x180205f3c,0x15,0xffffffffbfc007ff,0xfffff0003ffff800]
[trap] num=202 (0xca) pc=0x1804af460 args=[0x27fb548,0x2,0x27fb600,0x27fb5f0,0x0,0x0,0xffffffffbfc007ff,0xfffff0003ffff800]
[trap] num=-47 (0xffffffffffffffd1) pc=0x1804adc34 args=[0x27fb620,0x200000003,0x2400001513,0x170300000203,0xd5100000000,0x170300000000,0x30,0x0]
[mach_msg2] msgh_id=3409 dest=0x203 reply=0x1703 options=0x200000003 bits=0x1513 send_size=36 rcv_size=48
  send+000: 13 15 00 00 24 00 00 00 03 02 00 00 03 17 00 00
  send+010: 00 00 00 00 51 0d 00 00 00 00 00 00 01 00 00 00
  send+020: 04 00 00 00
[trap] num=-19 (0xffffffffffffffed) pc=0x1804adaf0 args=[0x203,0x1103,0x0,0x1,0xd5100000000,0x170300000000,0x30,0x0]
[trap] num=-19 (0xffffffffffffffed) pc=0x1804adaf0 args=[0x203,0x1103,0x0,0x1,0xd5100000000,0x170300000000,0x30,0x0]
[trap] num=-19 (0xffffffffffffffed) pc=0x1804adaf0 args=[0x203,0x1103,0x0,0x1,0x0,0x170300000000,0x30,0x0]
[trap] num=-15 (0xfffffffffffffff1) pc=0x1804adacc args=[0x203,0x27f9998,0x400000,0x0,0x2004000,0x3,0x0,0x0]
[trap] num=-14 (0xfffffffffffffff2) pc=0x1801155b8 args=[0x203,0x1ec444000,0x24000,0x0,0x3,0x27fb44f,0xffffffffbfc007ff,0x90]
[trap] num=-14 (0xfffffffffffffff2) pc=0x1801155b8 args=[0x203,0x1ec444000,0x24000,0x0,0x1,0x27fb44f,0xffffffffbfc007ff,0x90]
[trap] num=5 (0x5) pc=0x180119f50 args=[0x63aa0,0x0,0x0,0x63aa0,0x0,0x27fb44f,0x0,0x90]
[trap] num=92 (0x5c) pc=0x1801180d8 args=[0x4,0x32,0x27faf18,0x63aa0,0x0,0x27fb44f,0x0,0x90]
[trap] num=6 (0x6) pc=0x180116750 args=[0x4,0x32,0x27faf18,0x63aa0,0x0,0x27fb44f,0x0,0x90]
[trap] num=220 (0xdc) pc=0x1804ae63c args=[0x63aa0,0x27faf40,0x27faf5c,0x40c,0x0,0x27fb44f,0x0,0x90]
[trap] num=33 (0x21) pc=0x1804ae668 args=[0x63b00,0x4,0x639b0,0x63a40,0x0,0x56,0x0,0x470]
[M28 BANDSHRINK] syscall 33 band past ipa 0x639b0 len 65536 shrunk 64 -> 0 by an overlapping window of the same call
[M28 BANDSHRINK] syscall 33 band past ipa 0x63a40 len 65536 shrunk 64 -> 0 by an overlapping window of the same call
[trap] num=5 (0x5) pc=0x1804ae694 args=[0x63b00,0x0,0x0,0x63a40,0x0,0x56,0x0,0x470]
[M28 BANDSHRINK] syscall 5 band past ipa 0x63a40 len 65536 shrunk 64 -> 0 by an overlapping window of the same call
[trap] num=339 (0x153) pc=0x1804bc288 args=[0x4,0x639b0,0x0,0x63a40,0x0,0x56,0x0,0x470]
[M28 BANDSHRINK] syscall 339 band past ipa 0x639b0 len 65536 shrunk 64 -> 0 by an overlapping window of the same call
[trap] num=483 (0x1e3) pc=0x1804ae6f0 args=[0x0,0x27fb16c,0x4,0x63a40,0x0,0x56,0x0,0x470]
[trap] num=228 (0xe4) pc=0x1804b1694 args=[0x4,0x27fb230,0x27fb190,0x28,0x0,0x56,0x0,0x470]
[trap] num=381 (0x17d) pc=0x1804af730 args=[0x18df1ac55,0x2,0x27fb190,0x28,0x0,0x56,0x0,0x470]
[trap] num=92 (0x5c) pc=0x1804ae8c4 args=[0x4,0x32,0x27fae88,0x27fb248,0x27faf00,0x56,0x0,0x470]
[trap] num=6 (0x6) pc=0x1804ae8f0 args=[0x4,0x27faead,0x0,0x63b55,0x0,0x56,0x0,0x470]
[trap] num=5 (0x5) pc=0x1804ae694 args=[0x63b60,0x0,0x0,0x63b8f,0x18020b535,0x27fb350,0x74,0x470]
[M28 BANDSHRINK] syscall 5 band past ipa 0x63b60 len 65536 shrunk 64 -> 0 by an overlapping window of the same call
[trap] num=336 (0x150) pc=0x1804af110 args=[0x2,0x8913,0xd,0x1,0x27fb5c0,0x40,0x74,0x470]
[trap] num=-24 (0xffffffffffffffe8) pc=0x1804adb2c args=[0x203,0x27fb680,0x71b75ace,0x27fb67c,0x0,0x5,0x0,0x0]
[trap] num=-47 (0xffffffffffffffd1) pc=0x1804adc34 args=[0x27fb618,0x200000003,0x3480001513,0x170300000203,0xd5200000000,0x170300000001,0x2c,0x0]
[mach_msg2] msgh_id=3410 dest=0x203 reply=0x1703 options=0x200000003 bits=0x80001513 send_size=52 rcv_size=44
  send+000: 13 15 00 80 34 00 00 00 03 02 00 00 03 17 00 00
  send+010: 00 00 00 00 52 0d 00 00 01 00 00 00 03 12 00 00
  send+020: 00 00 00 00 00 00 13 00 00 00 00 00 01 00 00 00
  send+030: 0a 00 00 00
[trap] num=-47 (0xffffffffffffffd1) pc=0x1804adc34 args=[0x27fb398,0x200000003,0x2800001513,0x170300000203,0xd4d00000000,0x170300000000,0x1a8,0x0]
[mach_msg2] msgh_id=3405 dest=0x203 reply=0x1703 options=0x200000003 bits=0x1513 send_size=40 rcv_size=424
  send+000: 13 15 00 00 28 00 00 00 03 02 00 00 03 17 00 00
  send+010: 00 00 00 00 4d 0d 00 00 00 00 00 00 01 00 00 00
  send+020: 0f 00 00 00 08 00 00 00
[retrace] forwarding mach_msg2 task_info (msgh_id 3405) to host (decided allowlist)
[mach_msg2] host ret=0x0 err=false
  reply@0x27fb398+000: 00 12 00 00 48 00 00 00 00 00 00 00 03 17 00 00
  reply@0x27fb398+010: 00 00 00 00 b1 0d 00 00 00 00 00 00 01 00 00 00
  reply@0x27fb398+020: 00 00 00 00 08 00 00 00 f5 01 00 00 f5 01 00 00
  reply@0x27fb398+030: 14 00 00 00 f5 01 00 00 14 00 00 00 13 89 00 00
  reply@0x27fb398+040: b9 86 01 00 81 2b 75 00 00 00 00 00 08 00 00 00
  reply@0x27fb398+050: 00 00 00 00 00 00 00 00 00 00 00 00 00 00 00 00
  reply@0x27fb398+060: 00 00 00 00 00 00 00 00 00 00 00 00 00 00 00 00
  reply@0x27fb398+070: 00 00 00 00 00 00 00 00 00 00 00 00 00 00 00 00
  reply@0x27fb398+080: 00 00 00 00 00 00 00 00 00 00 00 00 00 00 00 00
  reply@0x27fb398+090: 00 00 00 00 00 00 00 00 00 00 00 00 00 00 00 00
  reply@0x27fb398+0a0: 00 00 00 00 00 00 00 00 00 00 00 00 00 00 00 00
  reply@0x27fb398+0b0: 00 00 00 00 00 00 00 00 00 00 00 00 00 00 00 00
  reply@0x27fb398+0c0: 00 00 00 00 00 00 00 00 00 00 00 00 00 00 00 00
  reply@0x27fb398+0d0: 00 00 00 00 00 00 00 00 00 00 00 00 00 00 00 00
  reply@0x27fb398+0e0: 00 00 00 00 00 00 00 00 00 00 00 00 00 00 00 00
  reply@0x27fb398+0f0: 00 00 00 00 00 00 00 00 00 00 00 00 00 00 00 00
[trap] num=170 (0xaa) pc=0x1804ae5d0 args=[0x8913,0x10,0x27fb1b0,0x408,0x10478,0x170300000000,0x752b81000186b9,0x0]
[trap] num=202 (0xca) pc=0x1804af460 args=[0x27fb5b0,0x2,0x27fb578,0x27fb570,0x1844cfba7,0x15,0x72,0x400]
[trap] num=202 (0xca) pc=0x1804af460 args=[0x27fb578,0x2,0x27fb608,0x27fb600,0x0,0x0,0x72,0x400]
[trap] num=-14 (0xfffffffffffffff2) pc=0x1801155b8 args=[0x203,0x1ec444000,0x24000,0x0,0x3,0x0,0x0,0x0]
[trap] num=-15 (0xfffffffffffffff1) pc=0x1801155c4 args=[0x203,0x27fb260,0x20000,0x3fff,0x3c000001,0x3,0x0,0x0]
[trap] num=-15 (0xfffffffffffffff1) pc=0x1801155c4 args=[0x203,0x27fb220,0x20000,0x3fff,0x3c000001,0x3,0x0,0x0]
[trap] num=-15 (0xfffffffffffffff1) pc=0x1801155c4 args=[0x203,0x27fb410,0x20000,0x3fff,0x3c000001,0x3,0x0,0x0]
[trap] num=-12 (0xfffffffffffffff4) pc=0x1801155a0 args=[0x203,0x100054000,0x20000,0x103,0xffffffff13c06f50,0x10,0x20000,0x0]
[trap] num=-12 (0xfffffffffffffff4) pc=0x1801155a0 args=[0x203,0x100034000,0x20000,0x103,0xffffffff13c06f50,0x10,0x20000,0x0]
[trap] num=-12 (0xfffffffffffffff4) pc=0x1801155a0 args=[0x203,0x100014000,0x20000,0x103,0xffffffff13c06f50,0x10,0x20000,0x0]
[trap] num=-14 (0xfffffffffffffff2) pc=0x1801155b8 args=[0x203,0x1ec444000,0x24000,0x0,0x1,0x0,0x0,0x0]
[trap] num=-14 (0xfffffffffffffff2) pc=0x1801155b8 args=[0x203,0x1ec444000,0x24000,0x0,0x3,0x0,0x0,0x0]
[trap] num=-14 (0xfffffffffffffff2) pc=0x1801155b8 args=[0x203,0x1ec444000,0x24000,0x0,0x1,0x0,0x0,0x0]
[trap] num=-14 (0xfffffffffffffff2) pc=0x1801155b8 args=[0x203,0x1ec444000,0x24000,0x0,0x3,0x0,0x0,0x0]
[trap] num=-14 (0xfffffffffffffff2) pc=0x1801155b8 args=[0x203,0x1ec444000,0x24000,0x0,0x1,0x0,0x0,0x0]
[trap] num=-14 (0xfffffffffffffff2) pc=0x1801155b8 args=[0x203,0x1ec444000,0x24000,0x0,0x3,0x0,0x0,0x0]
[trap] num=-14 (0xfffffffffffffff2) pc=0x1801155b8 args=[0x203,0x1ec444000,0x24000,0x0,0x1,0x0,0x0,0x0]
[trap] num=-14 (0xfffffffffffffff2) pc=0x1801155b8 args=[0x203,0x1ec444000,0x24000,0x0,0x3,0x0,0x0,0x0]
[trap] num=-14 (0xfffffffffffffff2) pc=0x1801155b8 args=[0x203,0x1ec444000,0x24000,0x0,0x1,0x0,0x0,0x0]
[trap] num=-14 (0xfffffffffffffff2) pc=0x1801155b8 args=[0x203,0x1ec444000,0x24000,0x0,0x3,0x0,0x0,0x0]
[trap] num=25 (0x19) pc=0x1804af050 args=[0x1edd8d978,0x180533098,0x180533098,0x103,0x1ec445338,0x0,0x0,0x0]
[trap] num=24 (0x18) pc=0x1804af858 args=[0x1f5,0x180533098,0x180533098,0x103,0x1ec445338,0x0,0x0,0x0]
[trap] num=202 (0xca) pc=0x1804af460 args=[0x27fa480,0x4,0x27fa490,0x27fa478,0x0,0x0,0x0,0x0]
[trap] num=286 (0x11e) pc=0x1804af884 args=[0x27fa730,0x27fa734,0x1805331c8,0x27fa478,0x0,0x0,0x0,0x0]
[trap] num=25 (0x19) pc=0x1804af050 args=[0xffffffffffffffff,0xffffffffffffffff,0x1805331c8,0x27fa478,0x0,0x0,0x0,0x0]
[trap] num=43 (0x2b) pc=0x1804af8b0 args=[0x1f5,0xffffffffffffffff,0x1805331c8,0x27fa478,0x0,0x0,0x0,0x0]
[trap] num=169 (0xa9) pc=0x1804af8dc args=[0x8913,0x10,0x27f9cb0,0x408,0x408,0x0,0x0,0x3f0]
[trap] num=169 (0xa9) pc=0x1804af8dc args=[0x8913,0x10,0x27f9dd0,0x408,0x408,0x73,0x72,0x400]
[trap] num=-19 (0xffffffffffffffed) pc=0x1804adaf0 args=[0x203,0x1103,0x0,0x1,0x0,0x58,0x65,0x400]
[trap] num=-50 (0xffffffffffffffce) pc=0x1804adc58 args=[0x1ec6fbd20,0x103,0x103,0x0,0x6,0x0,0x73,0x400]
[trap] num=-29 (0xffffffffffffffe3) pc=0x1804adb68 args=[0x0,0x18035aad8,0x18035aad8,0x66268,0x0,0x13,0x0,0x400]
[trap] num=-47 (0xffffffffffffffd1) pc=0x1804adc34 args=[0x27f9db0,0x200000003,0x2800001513,0x170300001c03,0x19c00000000,0x170300000000,0x30,0x0]
[mach_msg2] msgh_id=412 dest=0x1c03 reply=0x1703 options=0x200000003 bits=0x1513 send_size=40 rcv_size=48
  send+000: 13 15 00 00 28 00 00 00 03 1c 00 00 03 17 00 00
  send+010: 00 00 00 00 9c 01 00 00 00 00 00 00 01 00 00 00
  send+020: ff ff ff ff 01 00 00 00
[retrace] forwarding mach_msg2 host_get_special_port (msgh_id 412) to host (decided allowlist)
[mach_msg2] host ret=0x0 err=false
  reply@0x27f9db0+000: 00 12 00 00 24 00 00 00 00 00 00 00 03 17 00 00
  reply@0x27f9db0+010: 00 00 00 00 00 02 00 00 00 00 00 00 01 00 00 00
  reply@0x27f9db0+020: 04 00 00 00 00 00 00 00 08 00 00 00 00 00 00 00
  reply@0x27f9db0+030: 20 19 06 00 00 00 00 00 03 1c 00 00 00 00 00 00
  reply@0x27f9db0+040: 20 9e 7f 02 00 00 00 00 08 ab 35 80 01 00 00 00
  reply@0x27f9db0+050: 03 11 00 00 00 00 00 00 80 3a 06 00 00 00 00 00
  reply@0x27f9db0+060: 20 19 06 00 00 00 00 00 f0 fa 6f ec 01 00 00 00
  reply@0x27f9db0+070: 30 9e 7f 02 00 00 00 00 b0 04 35 80 01 00 00 00
  reply@0x27f9db0+080: 50 9e 7f 02 00 00 00 00 30 96 33 80 01 00 00 00
  reply@0x27f9db0+090: 20 19 06 00 00 00 00 00 28 f9 6f ec 01 00 00 00
  reply@0x27f9db0+0a0: 60 9e 7f 02 00 00 00 00 cc aa 35 80 01 00 00 00
  reply@0x27f9db0+0b0: 80 9e 7f 02 00 00 00 00 34 c5 35 80 01 00 00 00
  reply@0x27f9db0+0c0: 2e 00 00 00 00 00 00 00 6e 0a 2f a6 00 00 00 00
  reply@0x27f9db0+0d0: 90 9e 7f 02 00 00 00 00 b0 04 35 80 01 00 00 00
  reply@0x27f9db0+0e0: b0 9e 7f 02 00 00 00 00 30 96 33 80 01 00 00 00
  reply@0x27f9db0+0f0: 20 19 06 00 00 00 00 00 68 62 06 00 00 00 00 00
[trap] num=-70 (0xffffffffffffffba) pc=0x1804adcc4 args=[0x1c03,0x180373fb0,0x10,0x27f9e7c,0x19c00000000,0x170300000000,0x30,0x0]
[trap] num=-47 (0xffffffffffffffd1) pc=0x1804adc34 args=[0x66268,0x403114207,0xf880131513,0x150300001103,0x400000cf00001b03,0x150300000001,0xf8,0x0]
[mach_msg2] msgh_id=1073742031 dest=0x1103 reply=0x1503 options=0x403114207 bits=0x80131513 send_size=248 rcv_size=248
  send+000: 13 15 13 80 f8 00 00 00 03 11 00 00 03 15 00 00
  send+010: 03 1b 00 00 cf 00 00 40 01 00 00 00 03 11 00 00
  send+020: 00 00 00 00 00 00 13 00 43 50 58 40 05 00 00 00
  send+030: 00 f0 00 00 c0 00 00 00 07 00 00 00 68 61 6e 64
  send+040: 6c 65 00 00 00 40 00 00 00 00 00 00 00 00 00 00
  send+050: 69 6e 73 74 61 6e 63 65 00 00 00 00 00 a0 00 00
  send+060: 00 00 00 00 00 00 00 00 00 00 00 00 00 00 00 00
  send+070: 66 6c 61 67 73 00 00 00 00 40 00 00 08 00 00 00
  send+080: 00 00 00 00 6e 61 6d 65 00 00 00 00 00 90 00 00
  send+090: 25 00 00 00 63 6f 6d 2e 61 70 70 6c 65 2e 73 79
  send+0a0: 73 74 65 6d 2e 6e 6f 74 69 66 69 63 61 74 69 6f
  send+0b0: 6e 5f 63 65 6e 74 65 72 00 00 00 00 74 79 70 65
  send+0c0: 00 00 00 00 00 40 00 00 07 00 00 00 00 00 00 00
  send+0d0: 74 61 72 67 65 74 70 69 64 00 00 00 00 30 00 00
  send+0e0: 00 00 00 00 00 00 00 00 64 6f 6d 61 69 6e 2d 70
  send+0f0: 6f 72 74 00 00 d0 00 00
[retrace] refusing mach_msg2 message-queue send (msgh_id 0x400000cf dest 0x1103 send_size 248): the box hosts no message-queue receivers
[trap] num=-18 (0xffffffffffffffee) pc=0x1804adae4 args=[0x203,0x1103,0x1801c8220,0x66090,0x66100,0x150300000001,0xf8,0x0]
[M28 BANDSHRINK] syscall -18 band past ipa 0x66090 len 65536 shrunk 64 -> 0 by an overlapping window of the same call
[trap] num=327 (0x147) pc=0x1804ad92c args=[0x0,0x103,0x103,0x103,0x0,0x0,0x0,0x0]
[trap] num=327 (0x147) pc=0x1804ad92c args=[0x0,0x103,0x103,0x103,0x2,0x63,0x0,0x0]
[trap] num=327 (0x147) pc=0x1804ad92c args=[0x0,0x0,0x0,0x103,0x2,0x63,0x0,0x0]
[trap] num=25 (0x19) pc=0x1804af050 args=[0x1ec7182a0,0x0,0x1f5,0x2,0x66000,0x0,0x65,0x400]
[trap] num=194 (0xc2) pc=0x1804b00c8 args=[0x1008,0x27fa568,0x1804edb6c,0x2,0x66000,0x0,0x65,0x400]
[trap] num=398 (0x18e) pc=0x1804ae948 args=[0x18052cc13,0x0,0x0,0x2,0x66000,0x0,0x65,0x400]
[trap] num=339 (0x153) pc=0x1804bc288 args=[0x4,0x27fa570,0x120a8,0x1ec7035c0,0x27fa6e8,0x27fa6e0,0x65,0x400]
[trap] num=339 (0x153) pc=0x1804bc288 args=[0x4,0x27f9460,0x27f9524,0x1ec7035c0,0x27fa6e8,0x27fa6e0,0x65,0x400]
[trap] num=396 (0x18c) pc=0x1804afcac args=[0x4,0x65fb0,0x1000,0x100,0x0,0x27fa6e0,0x65,0x400]
[trap] num=396 (0x18c) pc=0x1804afcac args=[0x4,0x65fb0,0x1000,0x27f9605,0x67000,0x0,0x65,0xfffff0003ffff800]
[M28 BANDSHRINK] syscall 396 band past ipa 0x65fb0 len 65536 shrunk 64 -> 0 by an overlapping window of the same call
[trap] num=396 (0x18c) pc=0x1804afcac args=[0x4,0x65fb0,0x1000,0x27f95fa,0x701018080,0x0,0x61,0xfffff0003ffff800]
[trap] num=396 (0x18c) pc=0x1804afcac args=[0x4,0x65fb0,0x1000,0xfffff0007fc00000,0x70100c340,0x27fa3e7,0x0,0xfffff0007ffff800]
[trap] num=399 (0x18f) pc=0x1804af584 args=[0x4,0x0,0x1804edb6c,0xfffff0007fc00000,0x70100c340,0x27fa3e7,0x0,0xfffff0007ffff800]
[trap] num=169 (0xa9) pc=0x1804af8dc args=[0x8913,0x0,0x27fb4c4,0x4,0x700c01ea0,0x0,0xffffffffbfc007ff,0xfffff0003ffff800]
[trap] num=327 (0x147) pc=0x1804ad92c args=[0x0,0x1edd85ee8,0x180503ca0,0x1f5,0x2,0x0,0x0,0xfffff0003ffff800]
[trap] num=25 (0x19) pc=0x1804af050 args=[0x1ec7182a0,0x0,0x1f5,0x2,0x66240,0x0,0x65,0x400]
[trap] num=194 (0xc2) pc=0x1804b00c8 args=[0x1008,0x27fa538,0x1804edb6c,0x2,0x66240,0x0,0x65,0x400]
[trap] num=398 (0x18e) pc=0x1804ae948 args=[0x18052cc13,0x0,0x0,0x2,0x66240,0x0,0x65,0x400]
[trap] num=339 (0x153) pc=0x1804bc288 args=[0x4,0x27fa540,0x120a8,0x1ec7035c0,0x27fa6b8,0x27fa6b0,0x65,0x400]
[trap] num=339 (0x153) pc=0x1804bc288 args=[0x4,0x27f9430,0x27f94f4,0x1ec7035c0,0x27fa6b8,0x27fa6b0,0x65,0x400]
[trap] num=396 (0x18c) pc=0x1804afcac args=[0x4,0x701020000,0x1000,0x1,0x0,0x1,0x0,0x0]
[trap] num=396 (0x18c) pc=0x1804afcac args=[0x4,0x701020000,0x1000,0x27f95d5,0x701018080,0x27fa3b7,0x65,0xfffff0007ffff800]
[M28 BANDSHRINK] syscall 396 band past ipa 0x701018080 len 65536 shrunk 64 -> 0 by an overlapping window of the same call
[trap] num=396 (0x18c) pc=0x1804afcac args=[0x4,0x701020000,0x1000,0x27f95ca,0x701018080,0x27fa3b7,0x61,0xfffff0007ffff800]
[M28 BANDSHRINK] syscall 396 band past ipa 0x701018080 len 65536 shrunk 64 -> 0 by an overlapping window of the same call
[trap] num=396 (0x18c) pc=0x1804afcac args=[0x4,0x701020000,0x1000,0xfffff0007fc00000,0x70100c340,0x27fa3b7,0x0,0xfffff0007ffff800]
[trap] num=399 (0x18f) pc=0x1804af584 args=[0x4,0x0,0x1804edb6c,0xfffff0007fc00000,0x70100c340,0x27fa3b7,0x0,0xfffff0007ffff800]
[trap] num=202 (0xca) pc=0x1804af460 args=[0x27fb490,0x2,0x27fb458,0x27fb450,0xa0d6cec45,0x1a,0x0,0x20]
[trap] num=202 (0xca) pc=0x1804af460 args=[0x27fb458,0x3,0x27fb4e0,0x27fb4e8,0x0,0x0,0x0,0x20]
[trap] num=202 (0xca) pc=0x1804af460 args=[0x27fb490,0x2,0x27fb458,0x27fb450,0xa0d6cec60,0x18,0x0,0x20]
[trap] num=202 (0xca) pc=0x1804af460 args=[0x27fb458,0x3,0x27fb4e0,0x27fb4e8,0x0,0x0,0x0,0x20]
[trap] num=202 (0xca) pc=0x1804af460 args=[0x27fb490,0x2,0x27fb458,0x27fb450,0xa0d6cec79,0x18,0x0,0x20]
[trap] num=202 (0xca) pc=0x1804af460 args=[0x27fb458,0x3,0x27fb4e8,0x27fb4e0,0x0,0x0,0x0,0x20]
[trap] num=327 (0x147) pc=0x1804ad92c args=[0x0,0x100,0x193c16a30,0x27ffed8,0x1ec445338,0x0,0x0,0x0]
[trap] num=169 (0xa9) pc=0x1804af8dc args=[0x8913,0x0,0x27fb3e8,0x4,0x1ec445338,0x0,0x0,0x0]
[trap] num=327 (0x147) pc=0x1804ad92c args=[0x1,0x194057bf0,0xf,0x1804f8a01,0x1ec445338,0x0,0x0,0x0]
[trap] num=169 (0xa9) pc=0x1804af8dc args=[0x8913,0x0,0x27fb3ec,0x4,0x1ec445338,0x0,0x0,0x0]
[trap] num=54 (0x36) pc=0x1804b2338 args=[0x1,0x4004667a,0x27fb36c,0x4,0x1ec445338,0x0,0x0,0x0]
[trap] num=54 (0x36) pc=0x1804b2338 args=[0x1,0x40487413,0x27fb370,0x4,0x1ec445338,0x0,0x0,0x0]
[trap] num=54 (0x36) pc=0x1804b2338 args=[0x1,0x4004667a,0x27fb36c,0x4,0x1ec445338,0x0,0x0,0x0]
[trap] num=54 (0x36) pc=0x1804b2338 args=[0x1,0x40487413,0x27fb370,0x4,0x1ec445338,0x0,0x0,0x0]
[trap] num=116 (0x74) pc=0x1804b1b60 args=[0x27fb240,0x0,0x0,0xfffffc088,0x1ec445338,0x0,0x0,0x0]
[trap] num=116 (0x74) pc=0x1804b1b60 args=[0x27fb240,0x0,0x0,0xfffffc088,0x1ec445338,0x0,0xa068ff00b5a1d213,0x0]
[trap] num=116 (0x74) pc=0x1804b1b60 args=[0x27fb540,0x0,0x0,0xfffffc088,0x1ec445338,0x0,0x0,0x0]
[trap] num=-47 (0xffffffffffffffd1) pc=0x1804adc34 args=[0x27fb510,0x200000003,0x2800001513,0x170300000203,0xd5a00000000,0x170300000000,0x30,0x0]
[mach_msg2] msgh_id=3418 dest=0x203 reply=0x1703 options=0x200000003 bits=0x1513 send_size=40 rcv_size=48
  send+000: 13 15 00 00 28 00 00 00 03 02 00 00 03 17 00 00
  send+010: 00 00 00 00 5a 0d 00 00 00 00 00 00 01 00 00 00
  send+020: 00 00 00 00 00 00 00 00
[retrace] forwarding mach_msg2 semaphore_create (msgh_id 3418) to host (decided allowlist)
[mach_msg2] host ret=0x0 err=false
  reply@0x27fb510+000: 00 12 00 80 28 00 00 00 00 00 00 00 03 17 00 00
  reply@0x27fb510+010: 00 00 00 00 be 0d 00 00 01 00 00 00 03 13 00 00
  reply@0x27fb510+020: 00 00 00 00 00 00 11 00 00 00 00 00 08 00 00 00
  reply@0x27fb510+030: 84 58 0b 08 0a 00 00 00 58 00 e2 09 0a 00 00 00
  reply@0x27fb510+040: 60 b5 7f 02 00 00 00 00 0c 22 d1 0b 0a 00 00 00
  reply@0x27fb510+050: 80 b5 7f 02 00 00 00 00 b4 4f 0b 08 0a 00 00 00
  reply@0x27fb510+060: 84 58 0b 08 0a 00 00 00 58 00 e2 09 0a 00 00 00
  reply@0x27fb510+070: a0 b5 7f 02 00 00 00 00 a0 58 0b 08 0a 00 00 00
  reply@0x27fb510+080: 84 58 0b 08 0a 00 00 00 c8 ba 7f 02 00 00 00 00
  reply@0x27fb510+090: 50 b6 7f 02 00 00 00 00 30 0e 16 80 01 00 00 00
  reply@0x27fb510+0a0: 00 00 00 42 00 00 00 00 28 27 1a 80 01 00 00 00
  reply@0x27fb510+0b0: 00 00 07 1f 01 00 00 00 00 00 d7 07 0a 00 00 00
  reply@0x27fb510+0c0: 00 00 00 00 00 00 00 00 84 58 0b 08 0a 00 00 00
  reply@0x27fb510+0d0: 00 00 00 00 00 00 00 00 00 00 00 00 00 00 00 00
  reply@0x27fb510+0e0: 00 00 00 00 00 00 00 00 00 00 00 00 00 00 00 00
  reply@0x27fb510+0f0: 00 00 00 00 00 00 00 00 00 00 00 00 00 00 00 00
[trap] num=5 (0x5) pc=0x180119f50 args=[0x6c740,0x0,0x0,0x6c740,0x2f,0x40,0x0,0x6d0]
[trap] num=92 (0x5c) pc=0x1801180d8 args=[0x4,0x32,0x27fa3b8,0x6c740,0x2f,0x40,0x0,0x6d0]
[trap] num=6 (0x6) pc=0x180116750 args=[0x4,0x32,0x27fa3b8,0x6c740,0x2f,0x40,0x0,0x6d0]
[trap] num=483 (0x1e3) pc=0x1804ae6f0 args=[0x0,0x27fb43c,0x4,0x27ffed8,0x1ec445338,0x0,0x0,0x0]
[trap] num=-15 (0xfffffffffffffff1) pc=0x1801155c4 args=[0x203,0x27fb2e0,0x20000,0x3fff,0x3c000001,0x3,0x0,0x0]
[trap] num=-15 (0xfffffffffffffff1) pc=0x1801155c4 args=[0x203,0x27fb2a0,0x20000,0x3fff,0x3c000001,0x3,0x0,0x0]
[trap] num=-15 (0xfffffffffffffff1) pc=0x1801155c4 args=[0x203,0x27fb490,0x20000,0x3fff,0x3c000001,0x3,0x0,0x0]
[trap] num=-12 (0xfffffffffffffff4) pc=0x1801155a0 args=[0x203,0x100054000,0x20000,0x103,0xffffffff13c06f50,0x10,0x20000,0x0]
[trap] num=-12 (0xfffffffffffffff4) pc=0x1801155a0 args=[0x203,0x100034000,0x20000,0x103,0xffffffff13c06f50,0x10,0x20000,0x0]
[trap] num=-12 (0xfffffffffffffff4) pc=0x1801155a0 args=[0x203,0x100014000,0x20000,0x103,0xffffffff13c06f50,0x10,0x20000,0x0]
[trap] num=-14 (0xfffffffffffffff2) pc=0x1801155b8 args=[0x203,0x1ec444000,0x24000,0x0,0x1,0x10,0x20000,0x0]
[trap] num=24 (0x18) pc=0x1804af858 args=[0xa0919a7ae,0x27ff578,0x0,0x700c282f7,0x700c282d0,0x0,0x0,0xfffff0003ffff800]
[M28 BANDSHRINK] syscall 24 band past ipa 0x700c282d0 len 65536 shrunk 64 -> 0 by an overlapping window of the same call
[trap] num=25 (0x19) pc=0x1804af050 args=[0x1f5,0x27ff578,0x0,0x700c282f7,0x700c282d0,0x0,0x0,0xfffff0003ffff800]
[M28 BANDSHRINK] syscall 25 band past ipa 0x700c282d0 len 65536 shrunk 64 -> 0 by an overlapping window of the same call
[trap] num=47 (0x2f) pc=0x1804b1f48 args=[0x1f5,0x27ff578,0x0,0x700c282f7,0x700c282d0,0x0,0x0,0xfffff0003ffff800]
[M28 BANDSHRINK] syscall 47 band past ipa 0x700c282d0 len 65536 shrunk 64 -> 0 by an overlapping window of the same call
[trap] num=43 (0x2b) pc=0x1804af8b0 args=[0x14,0x27ff578,0x0,0x700c282f7,0x700c282d0,0x0,0x0,0xfffff0003ffff800]
[M28 BANDSHRINK] syscall 43 band past ipa 0x700c282d0 len 65536 shrunk 64 -> 0 by an overlapping window of the same call
[trap] num=339 (0x153) pc=0x1804bc288 args=[0x0,0xa09df4978,0x120a8,0x0,0xa07d70000,0x0,0xa07fd6f04,0x0]
[trap] num=339 (0x153) pc=0x1804bc288 args=[0x1,0xa09df4a58,0x120a8,0x0,0xa07d70000,0x0,0xa07fd6f04,0x0]
[trap] num=339 (0x153) pc=0x1804bc288 args=[0x2,0xa09df4b38,0x120a8,0x0,0xa07d70000,0x0,0xa07fd6f04,0x0]
[trap] num=329 (0x149) pc=0x1804b54f4 args=[0x3,0x27ff5d8,0x0,0x0,0xa07d70000,0x0,0xa07fd6f04,0x0]
[trap] num=46 (0x2e) pc=0x1804b4478 args=[0x1,0x0,0x27ff570,0x0,0xa07d70000,0x0,0xa07fd6f04,0x0]
[trap] num=46 (0x2e) pc=0x1804b4478 args=[0x2,0x0,0x27ff570,0x0,0xa07d70000,0x0,0xa07fd6f04,0x0]
[trap] num=46 (0x2e) pc=0x1804b4478 args=[0x3,0x0,0x27ff570,0x0,0xa07d70000,0x0,0xa07fd6f04,0x0]
[trap] num=46 (0x2e) pc=0x1804b4478 args=[0x4,0x0,0x27ff570,0x0,0xa07d70000,0x0,0xa07fd6f04,0x0]
[trap] num=46 (0x2e) pc=0x1804b4478 args=[0x5,0x0,0x27ff570,0x0,0xa07d70000,0x0,0xa07fd6f04,0x0]
[trap] num=46 (0x2e) pc=0x1804b4478 args=[0x6,0x0,0x27ff570,0x0,0xa07d70000,0x0,0xa07fd6f04,0x0]
[trap] num=46 (0x2e) pc=0x1804b4478 args=[0x7,0x0,0x27ff570,0x0,0xa07d70000,0x0,0xa07fd6f04,0x0]
[trap] num=46 (0x2e) pc=0x1804b4478 args=[0x8,0x0,0x27ff570,0x0,0xa07d70000,0x0,0xa07fd6f04,0x0]
[trap] num=46 (0x2e) pc=0x1804b4478 args=[0xa,0x0,0x27ff570,0x0,0xa07d70000,0x0,0xa07fd6f04,0x0]
[trap] num=46 (0x2e) pc=0x1804b4478 args=[0xb,0x0,0x27ff570,0x0,0xa07d70000,0x0,0xa07fd6f04,0x0]
[trap] num=46 (0x2e) pc=0x1804b4478 args=[0xc,0x0,0x27ff570,0x0,0xa07d70000,0x0,0xa07fd6f04,0x0]
[trap] num=46 (0x2e) pc=0x1804b4478 args=[0xd,0x27ff548,0x0,0x0,0xa07d70000,0x0,0xa07fd6f04,0x0]
[trap] num=46 (0x2e) pc=0x1804b4478 args=[0xe,0x0,0x27ff570,0x0,0xa07d70000,0x0,0xa07fd6f04,0x0]
[trap] num=46 (0x2e) pc=0x1804b4478 args=[0xf,0x0,0x27ff570,0x0,0xa07d70000,0x0,0xa07fd6f04,0x0]
[trap] num=46 (0x2e) pc=0x1804b4478 args=[0x10,0x0,0x27ff570,0x0,0xa07d70000,0x0,0xa07fd6f04,0x0]
[trap] num=46 (0x2e) pc=0x1804b4478 args=[0x12,0x0,0x27ff570,0x0,0xa07d70000,0x0,0xa07fd6f04,0x0]
[trap] num=46 (0x2e) pc=0x1804b4478 args=[0x13,0x0,0x27ff570,0x0,0xa07d70000,0x0,0xa07fd6f04,0x0]
[trap] num=46 (0x2e) pc=0x1804b4478 args=[0x14,0x0,0x27ff570,0x0,0xa07d70000,0x0,0xa07fd6f04,0x0]
[trap] num=46 (0x2e) pc=0x1804b4478 args=[0x15,0x0,0x27ff570,0x0,0xa07d70000,0x0,0xa07fd6f04,0x0]
[trap] num=46 (0x2e) pc=0x1804b4478 args=[0x16,0x0,0x27ff570,0x0,0xa07d70000,0x0,0xa07fd6f04,0x0]
[trap] num=46 (0x2e) pc=0x1804b4478 args=[0x17,0x0,0x27ff570,0x0,0xa07d70000,0x0,0xa07fd6f04,0x0]
[trap] num=46 (0x2e) pc=0x1804b4478 args=[0x18,0x0,0x27ff570,0x0,0xa07d70000,0x0,0xa07fd6f04,0x0]
[trap] num=46 (0x2e) pc=0x1804b4478 args=[0x19,0x27ff548,0x0,0x0,0xa07d70000,0x0,0xa07fd6f04,0x0]
[trap] num=46 (0x2e) pc=0x1804b4478 args=[0x1a,0x0,0x27ff570,0x0,0xa07d70000,0x0,0xa07fd6f04,0x0]
[trap] num=46 (0x2e) pc=0x1804b4478 args=[0x1b,0x0,0x27ff570,0x0,0xa07d70000,0x0,0xa07fd6f04,0x0]
[trap] num=46 (0x2e) pc=0x1804b4478 args=[0x1c,0x0,0x27ff570,0x0,0xa07d70000,0x0,0xa07fd6f04,0x0]
[trap] num=46 (0x2e) pc=0x1804b4478 args=[0x1d,0x0,0x27ff570,0x0,0xa07d70000,0x0,0xa07fd6f04,0x0]
[trap] num=46 (0x2e) pc=0x1804b4478 args=[0x1e,0x0,0x27ff570,0x0,0xa07d70000,0x0,0xa07fd6f04,0x0]
[trap] num=46 (0x2e) pc=0x1804b4478 args=[0x1f,0x0,0x27ff570,0x0,0xa07d70000,0x0,0xa07fd6f04,0x0]
[trap] num=92 (0x5c) pc=0x1804ae8c4 args=[0x0,0x3,0x27ff570,0x0,0xa07d70000,0x0,0xa07fd6f04,0x0]
[trap] num=54 (0x36) pc=0x1804b2338 args=[0x0,0x4004667a,0x27ff3fc,0x0,0xa07d70000,0x0,0xa07fd6f04,0x0]
[trap] num=339 (0x153) pc=0x1804bc288 args=[0x0,0x27ff478,0x27ff3fc,0x0,0xa07d70000,0x0,0xa07fd6f04,0x0]
[trap] num=92 (0x5c) pc=0x1804ae8c4 args=[0x1,0x3,0x27ff570,0x0,0xa07d70000,0x0,0xa07fd6f04,0x0]
[trap] num=54 (0x36) pc=0x1804b2338 args=[0x1,0x4004667a,0x27ff3fc,0x0,0xa07d70000,0x0,0xa07fd6f04,0x0]
[trap] num=54 (0x36) pc=0x1804b2338 args=[0x1,0x40487413,0x27ff400,0x0,0xa07d70000,0x0,0xa07fd6f04,0x0]
[trap] num=339 (0x153) pc=0x1804bc288 args=[0x1,0x27ff478,0x27ff400,0x0,0xa07d70000,0x0,0xa07fd6f04,0x0]
[trap] num=92 (0x5c) pc=0x1804ae8c4 args=[0x2,0x3,0x27ff570,0x0,0xa07d70000,0x0,0xa07fd6f04,0x0]
[trap] num=54 (0x36) pc=0x1804b2338 args=[0x2,0x4004667a,0x27ff3fc,0x0,0xa07d70000,0x0,0xa07fd6f04,0x0]
[trap] num=54 (0x36) pc=0x1804b2338 args=[0x2,0x40487413,0x27ff400,0x0,0xa07d70000,0x0,0xa07fd6f04,0x0]
[trap] num=339 (0x153) pc=0x1804bc288 args=[0x2,0x27ff478,0x27ff400,0x0,0xa07d70000,0x0,0xa07fd6f04,0x0]
[trap] num=46 (0x2e) pc=0x1804b4478 args=[0x2,0x27ff568,0x0,0x0,0xa07d70000,0x0,0xa07fd6f04,0x0]
[trap] num=46 (0x2e) pc=0x1804b4478 args=[0xf,0x27ff568,0x0,0x0,0xa07d70000,0x0,0xa07fd6f04,0x0]
[trap] num=194 (0xc2) pc=0x1804b00c8 args=[0x1008,0x27ff5d8,0x0,0x0,0xa07d70000,0x0,0xa07fd6f04,0x0]
[trap] num=195 (0xc3) pc=0x1804b0a10 args=[0x1008,0x27ff5d8,0x0,0x0,0xa07d70000,0x0,0xa07fd6f04,0x0]
[trap] num=92 (0x5c) pc=0x1804ae8c4 args=[0x0,0x2,0x1,0x0,0xa07d70000,0x0,0xa07fd6f04,0x0]
[trap] num=92 (0x5c) pc=0x1804ae8c4 args=[0x1,0x2,0x1,0x0,0xa07d70000,0x0,0xa07fd6f04,0x0]
[trap] num=92 (0x5c) pc=0x1804ae8c4 args=[0x2,0x2,0x1,0x0,0xa07d70000,0x0,0xa07fd6f04,0x0]
[trap] num=92 (0x5c) pc=0x1804ae8c4 args=[0x3,0x2,0x1,0x0,0xa07d70000,0x0,0xa07fd6f04,0x0]
[trap] num=92 (0x5c) pc=0x1804ae8c4 args=[0x4,0x2,0x1,0x0,0xa07d70000,0x0,0xa07fd6f04,0x0]
[trap] num=92 (0x5c) pc=0x1804ae8c4 args=[0x5,0x2,0x1,0x0,0xa07d70000,0x0,0xa07fd6f04,0x0]
[trap] num=92 (0x5c) pc=0x1804ae8c4 args=[0x6,0x2,0x1,0x0,0xa07d70000,0x0,0xa07fd6f04,0x0]
[trap] num=92 (0x5c) pc=0x1804ae8c4 args=[0x7,0x2,0x1,0x0,0xa07d70000,0x0,0xa07fd6f04,0x0]
[trap] num=92 (0x5c) pc=0x1804ae8c4 args=[0x8,0x2,0x1,0x0,0xa07d70000,0x0,0xa07fd6f04,0x0]
[trap] num=92 (0x5c) pc=0x1804ae8c4 args=[0x9,0x2,0x1,0x0,0xa07d70000,0x0,0xa07fd6f04,0x0]
[trap] num=92 (0x5c) pc=0x1804ae8c4 args=[0xa,0x2,0x1,0x0,0xa07d70000,0x0,0xa07fd6f04,0x0]
[trap] num=92 (0x5c) pc=0x1804ae8c4 args=[0xb,0x2,0x1,0x0,0xa07d70000,0x0,0xa07fd6f04,0x0]
[trap] num=92 (0x5c) pc=0x1804ae8c4 args=[0xc,0x2,0x1,0x0,0xa07d70000,0x0,0xa07fd6f04,0x0]
[trap] num=92 (0x5c) pc=0x1804ae8c4 args=[0xd,0x2,0x1,0x0,0xa07d70000,0x0,0xa07fd6f04,0x0]
[trap] num=92 (0x5c) pc=0x1804ae8c4 args=[0xe,0x2,0x1,0x0,0xa07d70000,0x0,0xa07fd6f04,0x0]
[trap] num=92 (0x5c) pc=0x1804ae8c4 args=[0xf,0x2,0x1,0x0,0xa07d70000,0x0,0xa07fd6f04,0x0]
[trap] num=92 (0x5c) pc=0x1804ae8c4 args=[0x10,0x2,0x1,0x0,0xa07d70000,0x0,0xa07fd6f04,0x0]
[trap] num=24 (0x18) pc=0x1804af858 args=[0xa091ae51d,0x27ff6d8,0x0,0xfffff0007fc00000,0x27ff07f,0x27ff07e,0xffffffffbfc007ff,0xfffff0003ffff800]
[trap] num=25 (0x19) pc=0x1804af050 args=[0x1f5,0x27ff6d8,0x0,0xfffff0007fc00000,0x27ff07f,0x27ff07e,0xffffffffbfc007ff,0xfffff0003ffff800]
[trap] num=47 (0x2f) pc=0x1804b1f48 args=[0x1f5,0x27ff6d8,0x0,0xfffff0007fc00000,0x27ff07f,0x27ff07e,0xffffffffbfc007ff,0xfffff0003ffff800]
[trap] num=43 (0x2b) pc=0x1804af8b0 args=[0x14,0x27ff6d8,0x0,0xfffff0007fc00000,0x27ff07f,0x27ff07e,0xffffffffbfc007ff,0xfffff0003ffff800]
[trap] num=24 (0x18) pc=0x1804af858 args=[0xa091cac7c,0x27ff4d8,0x0,0x103,0x27ff07f,0x27ff07e,0xffffffffbfc007ff,0xfffff0003ffff800]
[trap] num=25 (0x19) pc=0x1804af050 args=[0x1f5,0x27ff4d8,0x0,0x103,0x27ff07f,0x27ff07e,0xffffffffbfc007ff,0xfffff0003ffff800]
[trap] num=47 (0x2f) pc=0x1804b1f48 args=[0x1f5,0x27ff4d8,0x0,0x103,0x27ff07f,0x27ff07e,0xffffffffbfc007ff,0xfffff0003ffff800]
[trap] num=43 (0x2b) pc=0x1804af8b0 args=[0x14,0x27ff4d8,0x0,0x103,0x27ff07f,0x27ff07e,0xffffffffbfc007ff,0xfffff0003ffff800]
[trap] num=24 (0x18) pc=0x1804af858 args=[0xa091cac95,0x27ff4d8,0x0,0x1804f8a0b,0x27ff07f,0x27ff07e,0xffffffffbfc007ff,0xfffff0003ffff800]
[trap] num=25 (0x19) pc=0x1804af050 args=[0x1f5,0x27ff4d8,0x0,0x1804f8a0b,0x27ff07f,0x27ff07e,0xffffffffbfc007ff,0xfffff0003ffff800]
[trap] num=47 (0x2f) pc=0x1804b1f48 args=[0x1f5,0x27ff4d8,0x0,0x1804f8a0b,0x27ff07f,0x27ff07e,0xffffffffbfc007ff,0xfffff0003ffff800]
[trap] num=43 (0x2b) pc=0x1804af8b0 args=[0x14,0x27ff4d8,0x0,0x1804f8a0b,0x27ff07f,0x27ff07e,0xffffffffbfc007ff,0xfffff0003ffff800]
[trap] num=24 (0x18) pc=0x1804af858 args=[0xa091cacac,0x27ff4d8,0x0,0x1804f8a0b,0x27ff07f,0x27ff07e,0xffffffffbfc007ff,0xfffff0003ffff800]
[trap] num=25 (0x19) pc=0x1804af050 args=[0x1f5,0x27ff4d8,0x0,0x1804f8a0b,0x27ff07f,0x27ff07e,0xffffffffbfc007ff,0xfffff0003ffff800]
[trap] num=47 (0x2f) pc=0x1804b1f48 args=[0x1f5,0x27ff4d8,0x0,0x1804f8a0b,0x27ff07f,0x27ff07e,0xffffffffbfc007ff,0xfffff0003ffff800]
[trap] num=43 (0x2b) pc=0x1804af8b0 args=[0x14,0x27ff4d8,0x0,0x1804f8a0b,0x27ff07f,0x27ff07e,0xffffffffbfc007ff,0xfffff0003ffff800]
[trap] num=24 (0x18) pc=0x1804af858 args=[0xa091cacc8,0x27ff4d8,0x0,0x1804f8a0b,0x27ff07f,0x27ff07e,0xffffffffbfc007ff,0xfffff0003ffff800]
[trap] num=25 (0x19) pc=0x1804af050 args=[0x1f5,0x27ff4d8,0x0,0x1804f8a0b,0x27ff07f,0x27ff07e,0xffffffffbfc007ff,0xfffff0003ffff800]
[trap] num=47 (0x2f) pc=0x1804b1f48 args=[0x1f5,0x27ff4d8,0x0,0x1804f8a0b,0x27ff07f,0x27ff07e,0xffffffffbfc007ff,0xfffff0003ffff800]
[trap] num=43 (0x2b) pc=0x1804af8b0 args=[0x14,0x27ff4d8,0x0,0x1804f8a0b,0x27ff07f,0x27ff07e,0xffffffffbfc007ff,0xfffff0003ffff800]
[trap] num=24 (0x18) pc=0x1804af858 args=[0xa091cacdb,0x27ff4d8,0x0,0x1804f8a0b,0x27ff07f,0x27ff07e,0xffffffffbfc007ff,0xfffff0003ffff800]
[trap] num=25 (0x19) pc=0x1804af050 args=[0x1f5,0x27ff4d8,0x0,0x1804f8a0b,0x27ff07f,0x27ff07e,0xffffffffbfc007ff,0xfffff0003ffff800]
[trap] num=47 (0x2f) pc=0x1804b1f48 args=[0x1f5,0x27ff4d8,0x0,0x1804f8a0b,0x27ff07f,0x27ff07e,0xffffffffbfc007ff,0xfffff0003ffff800]
[trap] num=43 (0x2b) pc=0x1804af8b0 args=[0x14,0x27ff4d8,0x0,0x1804f8a0b,0x27ff07f,0x27ff07e,0xffffffffbfc007ff,0xfffff0003ffff800]
[trap] num=24 (0x18) pc=0x1804af858 args=[0xa091ae62b,0x27ff6b0,0x0,0xfffffffffffffff0,0x700c282e2,0xa091b3990,0xffffffffbfc007ff,0xfffff0003ffff800]
[M28 BANDSHRINK] syscall 24 band past ipa 0xa091ae62b len 65536 shrunk 64 -> 0 by an overlapping window of the same call
[trap] num=25 (0x19) pc=0x1804af050 args=[0x1f5,0x27ff6b0,0x0,0xfffffffffffffff0,0x700c282e2,0xa091b3990,0xffffffffbfc007ff,0xfffff0003ffff800]
[trap] num=47 (0x2f) pc=0x1804b1f48 args=[0x1f5,0x27ff6b0,0x0,0xfffffffffffffff0,0x700c282e2,0xa091b3990,0xffffffffbfc007ff,0xfffff0003ffff800]
[trap] num=43 (0x2b) pc=0x1804af8b0 args=[0x14,0x27ff6b0,0x0,0xfffffffffffffff0,0x700c282e2,0xa091b3990,0xffffffffbfc007ff,0xfffff0003ffff800]
[trap] num=24 (0x18) pc=0x1804af858 args=[0xa091ae696,0x66930,0x0,0xfffff0007fc00000,0x700c18c80,0x27fefde,0xffffffffbfc007ff,0xfffff0003ffff800]
[trap] num=25 (0x19) pc=0x1804af050 args=[0x1f5,0x66930,0x0,0xfffff0007fc00000,0x700c18c80,0x27fefde,0xffffffffbfc007ff,0xfffff0003ffff800]
[trap] num=47 (0x2f) pc=0x1804b1f48 args=[0x1f5,0x66930,0x0,0xfffff0007fc00000,0x700c18c80,0x27fefde,0xffffffffbfc007ff,0xfffff0003ffff800]
[trap] num=43 (0x2b) pc=0x1804af8b0 args=[0x14,0x66930,0x0,0xfffff0007fc00000,0x700c18c80,0x27fefde,0xffffffffbfc007ff,0xfffff0003ffff800]
[trap] num=24 (0x18) pc=0x1804af858 args=[0xa091ae1a6,0x27ff6d8,0x0,0x0,0x74b40,0x0,0x30,0x27ff574]
[trap] num=25 (0x19) pc=0x1804af050 args=[0x1f5,0x27ff6d8,0x0,0x0,0x74b40,0x0,0x30,0x27ff574]
[trap] num=47 (0x2f) pc=0x1804b1f48 args=[0x1f5,0x27ff6d8,0x0,0x0,0x74b40,0x0,0x30,0x27ff574]
[trap] num=43 (0x2b) pc=0x1804af8b0 args=[0x14,0x27ff6d8,0x0,0x0,0x74b40,0x0,0x30,0x27ff574]
[trap] num=-15 (0xfffffffffffffff1) pc=0x1804adacc args=[0x203,0x27ff0e8,0x400000,0x0,0x2004000,0x3,0x0,0x0]
[trap] num=24 (0x18) pc=0x1804af858 args=[0xa0d6c4457,0x2,0x27ff388,0x6c300,0xb1010000b183,0xb000,0xb1010000b1c0,0xb100]
[trap] num=25 (0x19) pc=0x1804af050 args=[0x1f5,0x2,0x27ff388,0x6c300,0xb1010000b183,0xb000,0xb1010000b1c0,0xb100]
[trap] num=47 (0x2f) pc=0x1804b1f48 args=[0x1f5,0x2,0x27ff388,0x6c300,0xb1010000b183,0xb000,0xb1010000b1c0,0xb100]
[trap] num=43 (0x2b) pc=0x1804af8b0 args=[0x14,0x2,0x27ff388,0x6c300,0xb1010000b183,0xb000,0xb1010000b1c0,0xb100]
[trap] num=194 (0xc2) pc=0x1804b00c8 args=[0x1008,0x27ff2c8,0x1804edb6c,0xa0d42cfa0,0x700c3c2d0,0x0,0xffffffffbfc007ff,0xfffff0003ffff800]
[trap] num=398 (0x18e) pc=0x1804ae948 args=[0x700c3c2a0,0x0,0x0,0xa0d42cfa0,0x700c3c2d0,0x0,0xffffffffbfc007ff,0xfffff0003ffff800]
[M28 BANDSHRINK] syscall 398 band past ipa 0x700c3c2a0 len 65536 shrunk 64 -> 0 by an overlapping window of the same call
[trap] num=339 (0x153) pc=0x1804bc288 args=[0x4,0x27ff110,0x27ff1d4,0x77db0,0x77c40,0x0,0xffffffffbfc007ff,0xfffff0003ffff800]
[M28 BANDSHRINK] syscall 339 band past ipa 0x77c40 len 65536 shrunk 64 -> 0 by an overlapping window of the same call
[trap] num=396 (0x18c) pc=0x1804afcac args=[0x4,0x701020000,0x1000,0xa14c4c1f8,0x0,0x27ff167,0x3ff800,0xfffff0007ffff800]
[trap] num=396 (0x18c) pc=0x1804afcac args=[0x4,0x701020000,0x1000,0x77c08,0x700fa93af,0x10,0x657473696c206568,0xfffff0003ffff800]
[trap] num=396 (0x18c) pc=0x1804afcac args=[0x4,0x701020000,0x1000,0x77bfc,0x700fa936c,0x10,0x6e,0xfffff0003ffff800]
[trap] num=396 (0x18c) pc=0x1804afcac args=[0x4,0x701020000,0x1000,0x77bf3,0x700c4db20,0x0,0x64,0xfffff0003ffff800]
[trap] num=396 (0x18c) pc=0x1804afcac args=[0x4,0x701020000,0x1000,0xa14c01de0,0x700c4db60,0x0,0xffffffffbfc007ff,0xfffff0003ffff800]
[trap] num=399 (0x18f) pc=0x1804af584 args=[0x4,0x0,0x1804edb6c,0xfffff0007fc00000,0x77c40,0x0,0xffffffffbfc007ff,0xfffff0003ffff800]
[trap] num=116 (0x74) pc=0x1804b1b60 args=[0x27fee50,0x0,0x0,0xfffffc088,0x700c69bc0,0x0,0xffffffffbfc007ff,0xfffff0003ffff800]
[trap] num=116 (0x74) pc=0x1804b1b60 args=[0x27ff1b0,0x0,0x0,0xfffffc088,0x0,0x0,0x1,0x0]
[trap] num=116 (0x74) pc=0x1804b1b60 args=[0x27ff0a0,0x0,0x0,0xfffffc088,0x0,0x27ff138,0x8,0xfffff0003ffff800]
[trap] num=116 (0x74) pc=0x1804b1b60 args=[0x27ff1a0,0x0,0x0,0xfffffc088,0x0,0x0,0x1,0x0]
[trap] num=202 (0xca) pc=0x1804af460 args=[0x27ff240,0x2,0x1ec7027b0,0x27ff238,0x0,0x0,0x0,0xfffff0003ffff800]
[trap] num=197 (0xc5) pc=0x1804aea18 args=[0x0,0x40000,0x3,0x41002,0xffffffff,0x0,0x0,0xfffff0003ffff800]
[trap] num=197 (0xc5) pc=0x1804aea18 args=[0x0,0x40000,0x3,0x41002,0xffffffff,0x0,0xffffffffbfc007ff,0xfffff0003ffff800]
[trap] num=197 (0xc5) pc=0x1804aea18 args=[0x0,0x140000,0x3,0x41002,0xffffffff,0x0,0xffffffffbfc007ff,0xfffff0003ffff800]
[trap] num=24 (0x18) pc=0x1804af858 args=[0xa091ae2c2,0x27ff5d8,0x0,0xa14f28054,0xa14e28100,0x0,0xffffffffbfc007ff,0xfffff0003ffff800]
[trap] num=25 (0x19) pc=0x1804af050 args=[0x1f5,0x27ff5d8,0x0,0xa14f28054,0xa14e28100,0x0,0xffffffffbfc007ff,0xfffff0003ffff800]
[trap] num=47 (0x2f) pc=0x1804b1f48 args=[0x1f5,0x27ff5d8,0x0,0xa14f28054,0xa14e28100,0x0,0xffffffffbfc007ff,0xfffff0003ffff800]
[trap] num=43 (0x2b) pc=0x1804af8b0 args=[0x14,0x27ff5d8,0x0,0xa14f28054,0xa14e28100,0x0,0xffffffffbfc007ff,0xfffff0003ffff800]
[trap] num=336 (0x150) pc=0x1804af110 args=[0x5,0x8913,0x2,0x0,0x27ff558,0xf,0x64,0xfffff0003ffff800]
[trap] num=362 (0x16a) pc=0x1804b3f98 args=[0x7a5e8,0x27ff4c0,0x1804edb6c,0xa14c024a0,0x7010557a0,0x0,0xffffffffbfc007ff,0xfffff0003ffff800]
[trap] num=92 (0x5c) pc=0x1804ae8c4 args=[0x4,0x2,0x1,0xa14c024a0,0x7010557a0,0x0,0xffffffffbfc007ff,0xfffff0003ffff800]
[trap] num=42 (0x2a) pc=0x1804b43ec args=[0x27ff410,0x0,0x0,0x103,0x7010557a0,0x0,0xffffffffbfc007ff,0xfffff0003ffff800]
[trap] num=92 (0x5c) pc=0x1804ae8c4 args=[0x5,0x2,0x1,0x103,0x7010557a0,0x0,0xffffffffbfc007ff,0xfffff0003ffff800]
[trap] num=92 (0x5c) pc=0x1804ae8c4 args=[0x6,0x2,0x1,0x103,0x7010557a0,0x0,0xffffffffbfc007ff,0xfffff0003ffff800]
[trap] num=4 (0x4) pc=0x1804b1834 args=[0x6,0x27ff42f,0x1,0x103,0x7010557a0,0x0,0xffffffffbfc007ff,0xfffff0003ffff800]
[trap] num=362 (0x16a) pc=0x1804b3f98 args=[0x27ff440,0x27ff440,0x1804edb6c,0x103,0x7010557a0,0x0,0xffffffffbfc007ff,0xfffff0003ffff800]
[trap] num=363 (0x16b) pc=0x1804b3fc4 args=[0x7,0x27ff358,0x2,0x27ff358,0x1,0x27ff348,0xffffffffbfc007ff,0xfffff0003ffff800]
[trap] num=399 (0x18f) pc=0x1804af584 args=[0x7,0x27ff358,0x2,0x27ff358,0x1,0x27ff348,0xffffffffbfc007ff,0xfffff0003ffff800]
[trap] num=5 (0x5) pc=0x1804ae694 args=[0xa0bd18705,0x1000000,0x0,0x27ff358,0x1,0x27ff348,0xffffffffbfc007ff,0xfffff0003ffff800]
[trap] num=363 (0x16b) pc=0x1804b3fc4 args=[0x4,0x27ff490,0x1,0x0,0x0,0x0,0xffffffffbfc007ff,0xfffff0003ffff800]
[trap] num=-47 (0xffffffffffffffd1) pc=0x1804adc34 args=[0x27ff3a0,0x200000003,0x2800001513,0x170300000203,0xd5a00000000,0x170300000000,0x30,0x0]
[mach_msg2] msgh_id=3418 dest=0x203 reply=0x1703 options=0x200000003 bits=0x1513 send_size=40 rcv_size=48
  send+000: 13 15 00 00 28 00 00 00 03 02 00 00 03 17 00 00
  send+010: 00 00 00 00 5a 0d 00 00 00 00 00 00 01 00 00 00
  send+020: 00 00 00 00 00 00 00 00
[retrace] forwarding mach_msg2 semaphore_create (msgh_id 3418) to host (decided allowlist)
[mach_msg2] host ret=0x0 err=false
  reply@0x27ff3a0+000: 00 12 00 80 28 00 00 00 00 00 00 00 03 17 00 00
  reply@0x27ff3a0+010: 00 00 00 00 be 0d 00 00 01 00 00 00 03 14 00 00
  reply@0x27ff3a0+020: 00 00 00 00 00 00 11 00 00 00 00 00 08 00 00 00
  reply@0x27ff3a0+030: 38 f4 7f 02 00 00 00 00 10 ae 07 00 00 00 00 00
  reply@0x27ff3a0+040: f0 f3 7f 02 00 00 00 00 0c 22 d1 0b 0a 00 00 00
  reply@0x27ff3a0+050: 20 f4 7f 02 00 00 00 00 b8 59 05 08 0a 00 00 00
  reply@0x27ff3a0+060: 10 ae 07 00 00 00 00 00 b0 ad 07 00 00 00 00 00
  reply@0x27ff3a0+070: 04 00 00 00 00 00 00 00 e8 ac 07 00 00 00 00 00
  reply@0x27ff3a0+080: 10 f5 7f 02 00 00 00 00 58 57 05 08 0a 00 00 00
  reply@0x27ff3a0+090: 20 27 c3 00 07 00 00 00 10 76 06 00 00 00 00 00
  reply@0x27ff3a0+0a0: 60 a8 07 00 04 00 00 00 44 4e 4f 43 00 00 00 00
  reply@0x27ff3a0+0b0: 00 00 00 00 00 00 00 80 00 00 00 00 00 00 00 00
  reply@0x27ff3a0+0c0: 00 00 00 00 01 00 00 00 00 00 00 00 0a 00 00 00
  reply@0x27ff3a0+0d0: 70 f6 7f 02 00 00 00 00 5a 54 55 4d 00 00 00 00
  reply@0x27ff3a0+0e0: 00 00 00 00 a0 20 00 00 00 00 00 00 5a 54 55 4d
  reply@0x27ff3a0+0f0: 00 00 00 00 00 00 00 00 02 00 00 00 00 00 00 00
[trap] num=194 (0xc2) pc=0x1804b00c8 args=[0x1003,0x27ff330,0xa08057bec,0x7ae10,0xd5a00000000,0x170300000000,0x30,0x0]
[trap] num=-15 (0xfffffffffffffff1) pc=0x1804adacc args=[0x203,0x27ff2f8,0x4c000,0x3fff,0x1e000001,0x3,0x0,0x0]
[trap] num=-14 (0xfffffffffffffff2) pc=0x1804adac0 args=[0x203,0x30000000,0x4000,0x0,0x0,0x3,0x0,0x0]
[trap] num=360 (0x168) pc=0x1804b1ad8 args=[0xa08057bec,0x7ae10,0x30047000,0x30047000,0x90008ff,0x3,0x0,0x0]
[trap] num=-36 (0xffffffffffffffdc) pc=0x1804adbb0 args=[0x1403,0x0,0x30047000,0x30047000,0x90008ff,0x3,0x0,0x0]
[trap] num=372 (0x174) pc=0x1804afacc args=[0x30047000,0x0,0x0,0x0,0x0,0x190008ff,0x0,0x0]
[trap] num=336 (0x150) pc=0x1804af110 args=[0x5,0x8913,0x2,0x0,0x30046f58,0x1a,0x72,0x0]
[trap] num=362 (0x16a) pc=0x1804b3f98 args=[0x7aee8,0x30046ed0,0x1804edb6c,0xa14c024a0,0x701055880,0x0,0xffffffffbfc007ff,0xfffff0003ffff800]
[trap] num=92 (0x5c) pc=0x1804ae8c4 args=[0x8,0x2,0x1,0xa14c024a0,0x701055880,0x0,0xffffffffbfc007ff,0xfffff0003ffff800]
[trap] num=5 (0x5) pc=0x1804ae694 args=[0xa0bd18705,0x1000000,0x0,0xa14c024a0,0x701055880,0x0,0xffffffffbfc007ff,0xfffff0003ffff800]
[trap] num=363 (0x16b) pc=0x1804b3fc4 args=[0x8,0x30046ea0,0x1,0x0,0x0,0x0,0xffffffffbfc007ff,0xfffff0003ffff800]
[trap] num=-33 (0xffffffffffffffdf) pc=0x1804adb8c args=[0x1403,0x7b318,0xa08057d7c,0x700c7a130,0x700c7a180,0x0,0xffffffffbfc007ff,0xfffff0003ffff800]
[trap] num=363 (0x16b) pc=0x1804b3fc4 args=[0x8,0x3003ee90,0x0,0x3003ee90,0x400,0x0,0xffffffffbfc007ff,0xfffff0003ffff800]
[trap] num=-47 (0xffffffffffffffd1) pc=0x1804adc34 args=[0x27ff3d0,0x200000003,0x2880001513,0x170300000203,0xd5b00000000,0x170300000001,0x2c,0x0]
[mach_msg2] msgh_id=3419 dest=0x203 reply=0x1703 options=0x200000003 bits=0x80001513 send_size=40 rcv_size=44
  send+000: 13 15 00 80 28 00 00 00 03 02 00 00 03 17 00 00
  send+010: 00 00 00 00 5b 0d 00 00 01 00 00 00 03 14 00 00
  send+020: 00 00 00 00 00 00 11 00
[retrace] forwarding mach_msg2 semaphore_destroy (msgh_id 3419) to host (decided allowlist)
[mach_msg2] host ret=0x0 err=false
  reply@0x27ff3d0+000: 00 12 00 00 24 00 00 00 00 00 00 00 03 17 00 00
  reply@0x27ff3d0+010: 00 00 00 00 bf 0d 00 00 00 00 00 00 01 00 00 00
  reply@0x27ff3d0+020: 00 00 00 00 00 00 00 00 08 00 00 00 0a 00 00 00
  reply@0x27ff3d0+030: 04 00 00 00 00 00 00 00 e8 ac 07 00 00 00 00 00
  reply@0x27ff3d0+040: 20 f4 7f 02 00 00 00 00 58 22 d1 0b 0a 00 00 00
  reply@0x27ff3d0+050: 10 f5 7f 02 00 00 00 00 58 57 05 08 0a 00 00 00
  reply@0x27ff3d0+060: 20 27 c3 00 07 00 00 00 10 76 06 00 00 00 00 00
  reply@0x27ff3d0+070: 60 a8 07 00 04 00 00 00 44 4e 4f 43 00 00 00 00
  reply@0x27ff3d0+080: 00 00 00 00 00 00 00 80 00 00 00 00 00 00 00 00
  reply@0x27ff3d0+090: 00 00 00 00 01 00 00 00 00 00 00 00 0a 00 00 00
  reply@0x27ff3d0+0a0: 70 f6 7f 02 00 00 00 00 5a 54 55 4d 00 00 00 00
  reply@0x27ff3d0+0b0: 00 00 00 00 a0 20 00 00 00 00 00 00 5a 54 55 4d
  reply@0x27ff3d0+0c0: 00 00 00 00 00 00 00 00 02 00 00 00 00 00 00 00
  reply@0x27ff3d0+0d0: ff ff ff ff ff ff ff ff 87 0b 80 fd ff ff ff ff
  reply@0x27ff3d0+0e0: 5a 54 55 4d 5a 54 55 4d 00 0f 0e 0d 0c 0b 0a 00
  reply@0x27ff3d0+0f0: 68 3c 07 00 00 00 00 00 00 f8 7f 02 00 00 00 00
[trap] num=194 (0xc2) pc=0x1804b00c8 args=[0x1003,0x27ff360,0xa080559f0,0x700c69bf0,0x0,0x0,0xffffffffbfc007ff,0xfffff0003ffff800]
[trap] num=-15 (0xfffffffffffffff1) pc=0x1804adacc args=[0x203,0x27ff328,0x4c000,0x3fff,0x1e000001,0x3,0x0,0x0]
[trap] num=-14 (0xfffffffffffffff2) pc=0x1804adac0 args=[0x203,0x3004c000,0x4000,0x0,0x0,0x3,0x0,0x0]
[trap] num=360 (0x168) pc=0x1804b1ad8 args=[0xa080559f0,0x700c69bf0,0x30093000,0x30093000,0x90008ff,0x3,0x0,0x0]
[trap] num=194 (0xc2) pc=0x1804b00c8 args=[0x1003,0x27ff360,0xa080559f0,0x700c69c20,0x0,0x0,0xffffffffbfc007ff,0xfffff0003ffff800]
[trap] num=-15 (0xfffffffffffffff1) pc=0x1804adacc args=[0x203,0x27ff328,0x4c000,0x3fff,0x1e000001,0x3,0x0,0x0]
[trap] num=-14 (0xfffffffffffffff2) pc=0x1804adac0 args=[0x203,0x30098000,0x4000,0x0,0x0,0x3,0x0,0x0]
[trap] num=360 (0x168) pc=0x1804b1ad8 args=[0xa080559f0,0x700c69c20,0x300df000,0x300df000,0x90008ff,0x3,0x0,0x0]
[trap] num=194 (0xc2) pc=0x1804b00c8 args=[0x1003,0x27ff360,0xa080559f0,0x700c69c50,0x0,0x0,0xffffffffbfc007ff,0xfffff0003ffff800]
[trap] num=-15 (0xfffffffffffffff1) pc=0x1804adacc args=[0x203,0x27ff328,0x4c000,0x3fff,0x1e000001,0x3,0x0,0x0]
[trap] num=-14 (0xfffffffffffffff2) pc=0x1804adac0 args=[0x203,0x300e4000,0x4000,0x0,0x0,0x3,0x0,0x0]
[trap] num=360 (0x168) pc=0x1804b1ad8 args=[0xa080559f0,0x700c69c50,0x3012b000,0x3012b000,0x90008ff,0x3,0x0,0x0]
[trap] num=194 (0xc2) pc=0x1804b00c8 args=[0x1003,0x27ff360,0xa080559f0,0x700c69c80,0x0,0x0,0xffffffffbfc007ff,0xfffff0003ffff800]
[trap] num=-15 (0xfffffffffffffff1) pc=0x1804adacc args=[0x203,0x27ff328,0x4c000,0x3fff,0x1e000001,0x3,0x0,0x0]
[trap] num=-14 (0xfffffffffffffff2) pc=0x1804adac0 args=[0x203,0x30130000,0x4000,0x0,0x0,0x3,0x0,0x0]
[trap] num=360 (0x168) pc=0x1804b1ad8 args=[0xa080559f0,0x700c69c80,0x30177000,0x30177000,0x90008ff,0x3,0x0,0x0]
[trap] num=305 (0x131) pc=0x1804b150c args=[0x27ff448,0x100000100,0x0,0x0,0x0,0xa0,0x0,0x0]
[trap] num=372 (0x174) pc=0x1804afacc args=[0x30093000,0x0,0x0,0x0,0x0,0x190008ff,0x0,0x0]
[trap] num=336 (0x150) pc=0x1804af110 args=[0x5,0x8913,0x2,0x0,0x30092ec8,0xd,0x72,0x0]
[trap] num=304 (0x130) pc=0x1804b2a64 args=[0x27ff448,0x100,0x0,0x0,0x0,0x0,0x0,0x0]
[trap] num=305 (0x131) pc=0x1804b150c args=[0x7ad28,0x100000100,0x0,0x0,0x0,0xa0,0x0,0x0]
[trap] num=305 (0x131) pc=0x1804b150c args=[0x27ff448,0x10100000200,0x100,0x0,0x0,0xa0,0x0,0x0]
[trap] num=372 (0x174) pc=0x1804afacc args=[0x300df000,0x0,0x0,0x0,0x0,0x190008ff,0x0,0x0]
[trap] num=336 (0x150) pc=0x1804af110 args=[0x5,0x8913,0x2,0x0,0x300deec8,0xd,0x72,0x0]
[trap] num=304 (0x130) pc=0x1804b2a64 args=[0x27ff448,0x10000000200,0x100,0x0,0x0,0x0,0x0,0x0]
[trap] num=305 (0x131) pc=0x1804b150c args=[0x7ad28,0x200,0x0,0x0,0x0,0xa0,0x0,0x0]
[trap] num=305 (0x131) pc=0x1804b150c args=[0x27ff448,0x20100000300,0x200,0x0,0x0,0xa0,0x0,0x0]
[trap] num=372 (0x174) pc=0x1804afacc args=[0x3012b000,0x0,0x0,0x0,0x0,0x190008ff,0x0,0x0]
[trap] num=336 (0x150) pc=0x1804af110 args=[0x5,0x8913,0x2,0x0,0x3012aec8,0xd,0x72,0x0]
[trap] num=304 (0x130) pc=0x1804b2a64 args=[0x27ff448,0x20000000300,0x200,0x0,0x0,0x0,0x0,0x0]
[trap] num=305 (0x131) pc=0x1804b150c args=[0x7ad28,0x300,0x0,0x0,0x0,0xa0,0x0,0x0]
[trap] num=305 (0x131) pc=0x1804b150c args=[0x27ff448,0x30100000400,0x300,0x0,0x0,0xa0,0x0,0x0]
[trap] num=372 (0x174) pc=0x1804afacc args=[0x30177000,0x0,0x0,0x0,0x0,0x190008ff,0x0,0x0]
[trap] num=336 (0x150) pc=0x1804af110 args=[0x5,0x8913,0x2,0x0,0x30176ec8,0xd,0x72,0x0]
[trap] num=304 (0x130) pc=0x1804b2a64 args=[0x27ff448,0x30000000400,0x300,0x0,0x0,0x0,0x0,0x0]
[trap] num=305 (0x131) pc=0x1804b150c args=[0x7ad28,0x400,0x0,0x0,0x0,0xa0,0x0,0x0]
[trap] num=305 (0x131) pc=0x1804b150c args=[0x27ff448,0x40100000500,0x400,0x0,0x0,0xa0,0x0,0x1]
[trap] num=197 (0xc5) pc=0x1804aea18 args=[0x0,0x80000,0x0,0x41042,0xff000000,0x0,0xffffffffbfc007ff,0xfffff0003ffff800]
[trap] num=74 (0x4a) pc=0x1804b1b04 args=[0xa14f68000,0x4000,0x3,0x2,0xff000000,0x0,0xffffffffbfc007ff,0xfffff0003ffff800]
[trap] num=75 (0x4b) pc=0x1804b09b0 args=[0xa14f68000,0x4000,0x8,0x2,0xff000000,0x0,0xffffffffbfc007ff,0xfffff0003ffff800]
[trap] num=197 (0xc5) pc=0x1804aea18 args=[0x0,0x10000000,0x0,0x41042,0xff000000,0x0,0xffffffffbfc007ff,0xfffff0003ffff800]
[trap] num=116 (0x74) pc=0x1804b1b60 args=[0x27fefa0,0x0,0x0,0xfffffc088,0x0,0x0,0x0,0x500]
[trap] num=116 (0x74) pc=0x1804b1b60 args=[0x27fee50,0x0,0x0,0xfffffc088,0x0,0x27feee8,0x8,0xfffff0003ffff800]
[trap] num=116 (0x74) pc=0x1804b1b60 args=[0x27fef50,0x0,0x0,0xfffffc088,0x0,0x0,0x1,0x0]
[trap] num=74 (0x4a) pc=0x1804b1b04 args=[0xa14fe8000,0x10000,0x1,0x1,0x700c0c510,0x0,0xffffffffbfc007ff,0xfffff0003ffff800]
[trap] num=75 (0x4b) pc=0x1804b09b0 args=[0xa14fe8000,0x10000,0x8,0x1,0x700c0c510,0x0,0xffffffffbfc007ff,0xfffff0003ffff800]
[trap] num=74 (0x4a) pc=0x1804b1b04 args=[0xa14ff8000,0x4000,0x3,0x2,0x700c0c4e0,0x0,0xffffffffbfc007ff,0xfffff0003ffff800]
[trap] num=75 (0x4b) pc=0x1804b09b0 args=[0xa14ff8000,0x4000,0x8,0x2,0x700c0c4e0,0x0,0xffffffffbfc007ff,0xfffff0003ffff800]
[trap] num=74 (0x4a) pc=0x1804b1b04 args=[0xa14ffc000,0x4000,0x3,0x2,0x700c0c510,0x0,0xffffffffbfc007ff,0xfffff0003ffff800]
[trap] num=75 (0x4b) pc=0x1804b09b0 args=[0xa14ffc000,0x4000,0x8,0x2,0x700c0c510,0x0,0xffffffffbfc007ff,0xfffff0003ffff800]
[trap] num=74 (0x4a) pc=0x1804b1b04 args=[0xa15000000,0x4000,0x3,0x2,0x700c0c4e0,0x0,0xffffffffbfc007ff,0xfffff0003ffff800]
[trap] num=75 (0x4b) pc=0x1804b09b0 args=[0xa15000000,0x4000,0x8,0x2,0x700c0c4e0,0x0,0xffffffffbfc007ff,0xfffff0003ffff800]
[trap] num=74 (0x4a) pc=0x1804b1b04 args=[0xa15004000,0x4000,0x3,0x2,0x700c0c510,0x0,0xffffffffbfc007ff,0xfffff0003ffff800]
[trap] num=75 (0x4b) pc=0x1804b09b0 args=[0xa15004000,0x4000,0x8,0x2,0x700c0c510,0x0,0xffffffffbfc007ff,0xfffff0003ffff800]
[trap] num=116 (0x74) pc=0x1804b1b60 args=[0x27ff010,0x0,0x0,0xfffffc088,0x0,0x0,0x0,0x700]
[trap] num=197 (0xc5) pc=0x1804aea18 args=[0x0,0x8000000,0x0,0x41042,0xff000000,0x0,0xffffffffbfc007ff,0xfffff0003ffff800]
[trap] num=116 (0x74) pc=0x1804b1b60 args=[0x27feff0,0x0,0x0,0xfffffc088,0x0,0x0,0x0,0x900]
[trap] num=46 (0x2e) pc=0x1804b4478 args=[0xb,0x27ff588,0x0,0x0,0x0,0x0,0x1,0x0]
[trap] num=46 (0x2e) pc=0x1804b4478 args=[0xa,0x27ff588,0x0,0x0,0x0,0x0,0x1,0x0]
[trap] num=362 (0x16a) pc=0x1804b3f98 args=[0xa0bd20298,0x27ff6d0,0x1804edb6c,0xa14c024a0,0x701055960,0x0,0xffffffffbfc007ff,0xfffff0003ffff800]
[trap] num=92 (0x5c) pc=0x1804ae8c4 args=[0xa,0x2,0x1,0xa14c024a0,0x701055960,0x0,0xffffffffbfc007ff,0xfffff0003ffff800]
[trap] num=5 (0x5) pc=0x1804ae694 args=[0xa0bd18705,0x1000000,0x0,0xa14c024a0,0x701055960,0x0,0xffffffffbfc007ff,0xfffff0003ffff800]
[trap] num=363 (0x16b) pc=0x1804b3fc4 args=[0xa,0x27ff6a0,0x1,0x0,0x0,0x0,0xffffffffbfc007ff,0xfffff0003ffff800]
[trap] num=194 (0xc2) pc=0x1804b00c8 args=[0x1005,0x27ff600,0x60,0xfffff0007fc00000,0x700c03140,0x0,0x700c12d00,0xfffff0003ffff800]
[M28 BANDSHRINK] syscall 194 band past ipa 0x700c03140 len 65536 shrunk 64 -> 0 by an overlapping window of the same call
[trap] num=194 (0xc2) pc=0x1804b00c8 args=[0x1002,0x27ff600,0x60,0xfffff0007fc00000,0x700c03140,0x0,0x700c12d00,0xfffff0003ffff800]
[M28 BANDSHRINK] syscall 194 band past ipa 0x700c03140 len 65536 shrunk 64 -> 0 by an overlapping window of the same call
[trap] num=202 (0xca) pc=0x1804af460 args=[0x27ff610,0x2,0x27ff608,0x27ff600,0x0,0x0,0x700c12d00,0xfffff0003ffff800]
[trap] num=197 (0xc5) pc=0x1804aea18 args=[0xa08470000,0x10000000,0x0,0x41842,0xff000000,0x0,0x5,0x0]
[trap] num=74 (0x4a) pc=0x1804b1b04 args=[0xa2d000000,0xffc0000,0x7,0x3,0x700c0c5d0,0x0,0xffffffffbfc007ff,0xfffff0003ffff800]
[trap] num=75 (0x4b) pc=0x1804b09b0 args=[0xa2d000000,0xffc0000,0x8,0x3,0x700c0c5d0,0x0,0xffffffffbfc007ff,0xfffff0003ffff800]
[trap] num=75 (0x4b) pc=0x1804b09b0 args=[0xa2d000000,0xffc0000,0x7,0x3,0x700c0c5d0,0x0,0xffffffffbfc007ff,0xfffff0003ffff800]
[trap] num=197 (0xc5) pc=0x1804aea18 args=[0x26f755340000,0x7c000,0x3,0x41002,0xff000000,0x0,0x2,0x27fe968]
[trap] num=73 (0x49) pc=0x1804b1728 args=[0xa3cfe8000,0x18000,0x3,0x41002,0xff000000,0x0,0x2,0x27fe968]
[trap] num=73 (0x49) pc=0x1804b1728 args=[0xa3d040000,0x24000,0x3,0x41002,0xff000000,0x0,0x2,0x27fe968]
[trap] num=197 (0xc5) pc=0x1804aea18 args=[0x1faaf7480000,0x7c000,0x3,0x41002,0xff000000,0x0,0x2,0x27fe968]
[trap] num=73 (0x49) pc=0x1804b1728 args=[0xa3d064000,0x1c000,0x3,0x41002,0xff000000,0x0,0x2,0x27fe968]
[trap] num=73 (0x49) pc=0x1804b1728 args=[0xa3d0c0000,0x20000,0x3,0x41002,0xff000000,0x0,0x2,0x27fe968]
[trap] num=73 (0x49) pc=0x1804b1728 args=[0xa3d09c000,0x24000,0x40000,0x1c000,0xa3d09c000,0x10,0x700c2c1e0,0xfffff0003ffff800]
[trap] num=116 (0x74) pc=0x1804b1b60 args=[0x27fe890,0x0,0x0,0xfffffc088,0x0,0x0,0x0,0xb00]
[trap] num=74 (0x4a) pc=0x1804b1b04 args=[0xa3d000000,0x40000,0x1,0x1,0xa08b07ee8,0x18,0x1,0x0]
[trap] num=75 (0x4b) pc=0x1804b09b0 args=[0xa3d000000,0x40000,0x8,0x1,0xa08b07ee8,0x18,0x1,0x0]
[trap] num=74 (0x4a) pc=0x1804b1b04 args=[0xa3d080000,0x1c000,0x1,0x1,0xa08b07ee8,0x18,0x1,0x0]
[trap] num=75 (0x4b) pc=0x1804b09b0 args=[0xa3d080000,0x1c000,0x8,0x1,0xa08b07ee8,0x18,0x1,0x0]
[trap] num=116 (0x74) pc=0x1804b1b60 args=[0x27febd0,0x0,0x0,0xfffffc088,0x0,0x0,0x0,0xd00]
[trap] num=197 (0xc5) pc=0x1804aea18 args=[0x2e7eb07c0000,0x7c000,0x3,0x41002,0xff000000,0x0,0x2,0x27fe8d8]
[trap] num=73 (0x49) pc=0x1804b1728 args=[0xa3d0e0000,0x20000,0x3,0x41002,0xff000000,0x0,0x2,0x27fe8d8]
[trap] num=73 (0x49) pc=0x1804b1728 args=[0xa3d140000,0x1c000,0x3,0x41002,0xff000000,0x0,0x2,0x27fe8d8]
[trap] num=197 (0xc5) pc=0x1804aea18 args=[0x24db7cc00000,0x7c000,0x3,0x41002,0xff000000,0x0,0x2,0x27fe818]
[trap] num=73 (0x49) pc=0x1804b1728 args=[0xa3d15c000,0x24000,0x3,0x41002,0xff000000,0x0,0x2,0x27fe818]
[trap] num=73 (0x49) pc=0x1804b1728 args=[0xa3d1c0000,0x18000,0x3,0x41002,0xff000000,0x0,0x2,0x27fe818]
[trap] num=197 (0xc5) pc=0x1804aea18 args=[0x361b80d00000,0x7c000,0x3,0x41002,0xff000000,0x0,0x2,0x27ff1b8]
[trap] num=73 (0x49) pc=0x1804b1728 args=[0xa3d1d8000,0x28000,0x3,0x41002,0xff000000,0x0,0x2,0x27ff1b8]
[trap] num=73 (0x49) pc=0x1804b1728 args=[0xa3d240000,0x14000,0x3,0x41002,0xff000000,0x0,0x2,0x27ff1b8]
[trap] num=338 (0x152) pc=0x1804b988c args=[0x1803fe0ff,0x27fc1a0,0x0,0x27fdf80,0x700c28720,0x0,0x0,0xfffff0003ffff800]
[trap] num=220 (0xdc) pc=0x1804ae63c args=[0x27fe357,0x1803fbb50,0x27fdab0,0x41c,0x1,0x0,0x0,0xfffff0003ffff800]
[trap] num=220 (0xdc) pc=0x1804ae63c args=[0x27fe357,0x1803fbb50,0x27fdab0,0x41c,0x1,0x0,0x0,0xfffff0003ffff800]
[trap] num=220 (0xdc) pc=0x1804ae63c args=[0x27fe357,0x1803fbb50,0x27fdab0,0x41c,0x1,0x0,0x0,0xfffff0003ffff800]
[trap] num=220 (0xdc) pc=0x1804ae63c args=[0x27fe357,0x1803fbb50,0x27fdab0,0x41c,0x1,0x0,0x0,0xfffff0003ffff800]
[trap] num=220 (0xdc) pc=0x1804ae63c args=[0x27fe357,0x1803fbb50,0x27fdab0,0x41c,0x1,0x0,0x0,0xfffff0003ffff800]
[trap] num=220 (0xdc) pc=0x1804ae63c args=[0x27fe357,0x1803fbb50,0x27fdab0,0x41c,0x1,0x0,0x0,0xfffff0003ffff800]
[trap] num=220 (0xdc) pc=0x1804ae63c args=[0x27fe357,0x1803fbb50,0x27fdab0,0x41c,0x1,0x0,0x0,0xfffff0003ffff800]
[trap] num=24 (0x18) pc=0x1804af858 args=[0xa0919a7ae,0x27ff3b8,0x8dd80,0xa14c02280,0x700d40780,0x0,0xffffffffbfc007ff,0xfffff0003ffff800]
[trap] num=25 (0x19) pc=0x1804af050 args=[0x1f5,0x27ff3b8,0x8dd80,0xa14c02280,0x700d40780,0x0,0xffffffffbfc007ff,0xfffff0003ffff800]
[trap] num=47 (0x2f) pc=0x1804b1f48 args=[0x1f5,0x27ff3b8,0x8dd80,0xa14c02280,0x700d40780,0x0,0xffffffffbfc007ff,0xfffff0003ffff800]
[trap] num=43 (0x2b) pc=0x1804af8b0 args=[0x14,0x27ff3b8,0x8dd80,0xa14c02280,0x700d40780,0x0,0xffffffffbfc007ff,0xfffff0003ffff800]
[trap] num=197 (0xc5) pc=0x1804aea18 args=[0x22249aac0000,0x7c000,0x3,0x41002,0xff000000,0x0,0x2,0x27feb48]
[trap] num=73 (0x49) pc=0x1804b1728 args=[0xa3d254000,0x2c000,0x3,0x41002,0xff000000,0x0,0x2,0x27feb48]
[trap] num=73 (0x49) pc=0x1804b1728 args=[0xa3d2c0000,0x10000,0x3,0x41002,0xff000000,0x0,0x2,0x27feb48]
[trap] num=304 (0x130) pc=0x1804b2a64 args=[0x7ad28,0x400,0x0,0x0,0x0,0x0,0x0,0x0]
[trap] num=197 (0xc5) pc=0x1804aea18 args=[0xf2458ac0000,0x7c000,0x3,0x41002,0xff000000,0x0,0x2,0x27fe798]
[trap] num=73 (0x49) pc=0x1804b1728 args=[0xa3d2d0000,0x30000,0x3,0x41002,0xff000000,0x0,0x2,0x27fe798]
[trap] num=73 (0x49) pc=0x1804b1728 args=[0xa3d340000,0xc000,0x3,0x41002,0xff000000,0x0,0x2,0x27fe798]
[trap] num=197 (0xc5) pc=0x1804aea18 args=[0x85622300000,0x7c000,0x3,0x41002,0xff000000,0x0,0x2,0x27fe828]
[trap] num=73 (0x49) pc=0x1804b1728 args=[0xa3d34c000,0x34000,0x3,0x41002,0xff000000,0x0,0x2,0x27fe828]
[trap] num=73 (0x49) pc=0x1804b1728 args=[0xa3d3c0000,0x8000,0x3,0x41002,0xff000000,0x0,0x2,0x27fe828]
[trap] num=304 (0x130) pc=0x1804b2a64 args=[0x7ad28,0x10000000400,0x100,0x0,0x0,0x0,0x0,0x0]
[trap] num=197 (0xc5) pc=0x1804aea18 args=[0x17f5aa540000,0x7c000,0x3,0x41002,0xff000000,0x0,0x2,0x27fe4a8]
[trap] num=73 (0x49) pc=0x1804b1728 args=[0xa3d3c8000,0x38000,0x3,0x41002,0xff000000,0x0,0x2,0x27fe4a8]
[trap] num=73 (0x49) pc=0x1804b1728 args=[0xa3d440000,0x4000,0x3,0x41002,0xff000000,0x0,0x2,0x27fe4a8]
[trap] num=363 (0x16b) pc=0x1804b3fc4 args=[0xa,0x27fe840,0x1,0x0,0x0,0x0,0xffffffffbfc007ff,0xfffff0003ffff800]
[trap] num=-47 (0xffffffffffffffd1) pc=0x1804adc34 args=[0x27ff3b0,0x200000003,0x2800001513,0x170300000203,0xd5a00000000,0x170300000000,0x30,0x0]
[mach_msg2] msgh_id=3418 dest=0x203 reply=0x1703 options=0x200000003 bits=0x1513 send_size=40 rcv_size=48
  send+000: 13 15 00 00 28 00 00 00 03 02 00 00 03 17 00 00
  send+010: 00 00 00 00 5a 0d 00 00 00 00 00 00 01 00 00 00
  send+020: 00 00 00 00 00 00 00 00
[retrace] forwarding mach_msg2 semaphore_create (msgh_id 3418) to host (decided allowlist)
[mach_msg2] host ret=0x0 err=false
  reply@0x27ff3b0+000: 00 12 00 80 28 00 00 00 00 00 00 00 03 17 00 00
  reply@0x27ff3b0+010: 00 00 00 00 be 0d 00 00 01 00 00 00 07 14 00 00
  reply@0x27ff3b0+020: 00 00 00 00 00 00 11 00 00 00 00 00 08 00 00 00
  reply@0x27ff3b0+030: 38 ee 08 00 00 00 00 00 c0 83 00 01 07 00 00 00
  reply@0x27ff3b0+040: 00 f4 7f 02 00 00 00 00 0c 22 d1 0b 0a 00 00 00
  reply@0x27ff3b0+050: c0 f4 7f 02 00 00 00 00 64 64 0f 08 0a 00 00 00
  reply@0x27ff3b0+060: 80 dd 08 00 00 00 00 00 80 ef 08 00 00 00 00 00
  reply@0x27ff3b0+070: 00 00 00 00 00 00 00 00 02 00 00 00 00 00 00 00
  reply@0x27ff3b0+080: 1f a3 c5 a3 36 16 03 00 00 00 00 00 00 00 00 00
  reply@0x27ff3b0+090: 00 00 00 00 00 00 00 00 00 10 fc 08 0a 00 00 00
  reply@0x27ff3b0+0a0: 1f a3 c5 a3 36 16 03 00 00 00 00 00 00 00 00 00
  reply@0x27ff3b0+0b0: e0 f4 7f 02 00 00 00 00 74 40 05 08 0a 00 00 00
  reply@0x27ff3b0+0c0: 30 73 08 00 00 00 00 00 00 0f 0e 0d 0c 0b 0a 00
  reply@0x27ff3b0+0d0: 01 00 00 00 00 00 00 00 ff ff ff ff ff ff ff ff
  reply@0x27ff3b0+0e0: 80 dd 08 00 00 00 00 00 80 72 08 00 00 00 00 00
  reply@0x27ff3b0+0f0: 80 72 08 00 00 00 00 00 00 00 00 00 00 00 00 00
[trap] num=329 (0x149) pc=0x1804b54f4 args=[0x3,0x27ff428,0x27ff424,0x170300000203,0xd5a00000000,0x170300000000,0x30,0x0]
[trap] num=-15 (0xfffffffffffffff1) pc=0x1804adacc args=[0x203,0x27ff3a8,0x14000,0x3fff,0x1e000001,0x3,0x0,0x0]
[trap] num=-14 (0xfffffffffffffff2) pc=0x1804adac0 args=[0x203,0x3017c000,0x4000,0x0,0x0,0x3,0x0,0x0]
[trap] num=360 (0x168) pc=0x1804b1ad8 args=[0xa080f8eac,0x0,0x3018b000,0x3018b000,0x90008ff,0x3,0x0,0x0]
[trap] num=46 (0x2e) pc=0x1804b4478 args=[0x1e,0x27ff3c8,0x0,0x3018b000,0x90008ff,0x3,0x0,0x0]
[trap] num=329 (0x149) pc=0x1804b54f4 args=[0x3,0x27ff428,0x0,0x3018b000,0x90008ff,0x3,0x0,0x0]
[trap] num=329 (0x149) pc=0x1804b54f4 args=[0x2,0x27ff428,0x0,0x3018b000,0x90008ff,0x3,0x0,0x0]
[trap] num=197 (0xc5) pc=0x1804aea18 args=[0x864aacc0000,0x7c000,0x3,0x41002,0xff000000,0x0,0x2,0x27fde78]
[trap] num=73 (0x49) pc=0x1804b1728 args=[0xa3d444000,0x3c000,0x3,0x41002,0xff000000,0x0,0x2,0x27fde78]
[trap] num=304 (0x130) pc=0x1804b2a64 args=[0x7ad28,0x20000000400,0x200,0x0,0x0,0x0,0x0,0x0]
[trap] num=197 (0xc5) pc=0x1804aea18 args=[0xaf8d9d80000,0x7c000,0x3,0x41002,0xff000000,0x0,0x2,0x27fdc18]
[trap] num=73 (0x49) pc=0x1804b1728 args=[0xa3d500000,0x3c000,0x3,0x41002,0xff000000,0x0,0x2,0x27fdc18]
[trap] num=304 (0x130) pc=0x1804b2a64 args=[0x7ad28,0x30000000400,0x300,0x0,0x0,0x0,0x0,0x0]
[trap] num=75 (0x4b) pc=0x1804b09b0 args=[0x700888000,0x10000,0x7,0x0,0x0,0x0,0xffffffffbfc007ff,0xfffff0003ffff800]
[trap] num=75 (0x4b) pc=0x1804b09b0 args=[0xa2d000000,0x40000,0x8,0x3,0x700c0c930,0x0,0xffffffffbfc007ff,0xfffff0003ffff800]
[M48 SPRR] thread 0 wrote 0x2010002030300000
[M48 SPRR] thread 0 wrote 0x2010002030100000
[M48 SPRR] thread 0 wrote 0x2010002030300000
[M48 SPRR] thread 0 wrote 0x2010002030100000
[M48 SPRR] thread 0 wrote 0x2010002030300000
[M48 SPRR] thread 0 wrote 0x2010002030100000
[M48 SPRR] thread 0 wrote 0x2010002030300000
[M48 SPRR] thread 0 wrote 0x2010002030100000
[trap] num=197 (0xc5) pc=0x1804aea18 args=[0x3fe827ac0000,0x7c000,0x3,0x41002,0xff000000,0x0,0x2,0x27fe5e8]
[trap] num=73 (0x49) pc=0x1804b1728 args=[0xa3d53c000,0x4000,0x3,0x41002,0xff000000,0x0,0x2,0x27fe5e8]
[trap] num=73 (0x49) pc=0x1804b1728 args=[0xa3d580000,0x38000,0x3,0x41002,0xff000000,0x0,0x2,0x27fe5e8]
[trap] num=197 (0xc5) pc=0x1804aea18 args=[0x8281f340000,0x7c000,0x3,0x41002,0xff000000,0x0,0x2,0x27fe428]
[trap] num=73 (0x49) pc=0x1804b1728 args=[0xa3d5b8000,0x8000,0x3,0x41002,0xff000000,0x0,0x2,0x27fe428]
[trap] num=73 (0x49) pc=0x1804b1728 args=[0xa3d600000,0x34000,0x3,0x41002,0xff000000,0x0,0x2,0x27fe428]
[trap] num=197 (0xc5) pc=0x1804aea18 args=[0x16171e8c0000,0x7c000,0x3,0x41002,0xff000000,0x0,0x2,0x27fe5e8]
[trap] num=73 (0x49) pc=0x1804b1728 args=[0xa3d634000,0xc000,0x3,0x41002,0xff000000,0x0,0x2,0x27fe5e8]
[trap] num=73 (0x49) pc=0x1804b1728 args=[0xa3d680000,0x30000,0x3,0x41002,0xff000000,0x0,0x2,0x27fe5e8]
[trap] num=75 (0x4b) pc=0x1804b09b0 args=[0x700888000,0xc000,0x7,0x0,0x0,0x0,0xffffffffbfc007ff,0xfffff0003ffff800]
[M48 SPRR] thread 0 wrote 0x2010002030300000
[M48 SPRR] thread 0 wrote 0x2010002030100000
[trap] num=197 (0xc5) pc=0x1804aea18 args=[0xd4076300000,0x7c000,0x3,0x41002,0xff000000,0x0,0x2,0x27fd8f8]
[trap] num=73 (0x49) pc=0x1804b1728 args=[0xa3d6b0000,0x10000,0x3,0x41002,0xff000000,0x0,0x2,0x27fd8f8]
[trap] num=73 (0x49) pc=0x1804b1728 args=[0xa3d700000,0x2c000,0x3,0x41002,0xff000000,0x0,0x2,0x27fd8f8]
[M48 SPRR] thread 0 wrote 0x2010002030300000
[M48 SPRR] thread 0 wrote 0x2010002030100000
[M48 SPRR] thread 0 wrote 0x2010002030300000
[M48 SPRR] thread 0 wrote 0x2010002030100000
[trap] num=197 (0xc5) pc=0x1804aea18 args=[0x2ebf7140000,0x7c000,0x3,0x41002,0xff000000,0x0,0x2,0x27fe1a8]
[trap] num=73 (0x49) pc=0x1804b1728 args=[0xa3d72c000,0x14000,0x3,0x41002,0xff000000,0x0,0x2,0x27fe1a8]
[trap] num=73 (0x49) pc=0x1804b1728 args=[0xa3d780000,0x28000,0x3,0x41002,0xff000000,0x0,0x2,0x27fe1a8]
[trap] num=197 (0xc5) pc=0x1804aea18 args=[0x2b1074380000,0x60000,0x3,0x41002,0xff000000,0x0,0x2,0x27fe198]
[trap] num=73 (0x49) pc=0x1804b1728 args=[0xa3d7a8000,0x18000,0x3,0x41002,0xff000000,0x0,0x2,0x27fe198]
[trap] num=73 (0x49) pc=0x1804b1728 args=[0xa3d7e4000,0x24000,0x3,0x41002,0xff000000,0x0,0x2,0x27fe198]
[trap] num=75 (0x4b) pc=0x1804b09b0 args=[0x700888000,0xc000,0x7,0x0,0x0,0x0,0xffffffffbfc007ff,0xfffff0003ffff800]
[trap] num=197 (0xc5) pc=0x1804aea18 args=[0x1e040ae40000,0x7c000,0x3,0x41002,0xff000000,0x0,0x2,0x27fddd8]
[trap] num=73 (0x49) pc=0x1804b1728 args=[0xa3d808000,0x38000,0x3,0x41002,0xff000000,0x0,0x2,0x27fddd8]
[trap] num=73 (0x49) pc=0x1804b1728 args=[0xa3d880000,0x4000,0x3,0x41002,0xff000000,0x0,0x2,0x27fddd8]
[trap] num=75 (0x4b) pc=0x1804b09b0 args=[0x700888000,0xc000,0x7,0x0,0x0,0x0,0xffffffffbfc007ff,0xfffff0003ffff800]
[trap] num=75 (0x4b) pc=0x1804b09b0 args=[0x700888000,0xc000,0x7,0x0,0x0,0x0,0x0,0xfffff0003ffff800]
[trap] num=75 (0x4b) pc=0x1804b09b0 args=[0x700888000,0xc000,0x7,0x0,0x0,0x20,0x0,0x0]
[trap] num=75 (0x4b) pc=0x1804b09b0 args=[0x7008cc000,0x14000,0x7,0x0,0x0,0x0,0xffffffffbfc007ff,0xfffff0003ffff800]
[M48 SPRR] thread 0 wrote 0x2010002030300000
[M48 SPRR] thread 0 wrote 0x2010002030100000
[trap] num=197 (0xc5) pc=0x1804aea18 args=[0xc8bff940000,0x7c000,0x3,0x41002,0xff000000,0x0,0x2,0x27fd028]
[trap] num=73 (0x49) pc=0x1804b1728 args=[0xa3d884000,0x3c000,0x3,0x41002,0xff000000,0x0,0x2,0x27fd028]
[trap] num=197 (0xc5) pc=0x1804aea18 args=[0xd816a540000,0x7c000,0x3,0x41002,0xff000000,0x0,0x2,0x27fd068]
[trap] num=73 (0x49) pc=0x1804b1728 args=[0xa3d940000,0x3c000,0x3,0x41002,0xff000000,0x0,0x2,0x27fd068]
[trap] num=-15 (0xfffffffffffffff1) pc=0x1804adacc args=[0x203,0x27fe3e8,0x400000,0x3fffff,0x2000001,0x3,0x0,0x0]
[trap] num=197 (0xc5) pc=0x1804aea18 args=[0x29ada80000,0x7c000,0x3,0x41002,0xff000000,0x0,0x2,0x27fd588]
[trap] num=73 (0x49) pc=0x1804b1728 args=[0xa3d97c000,0x4000,0x3,0x41002,0xff000000,0x0,0x2,0x27fd588]
[trap] num=73 (0x49) pc=0x1804b1728 args=[0xa3d9c0000,0x38000,0x3,0x41002,0xff000000,0x0,0x2,0x27fd588]
[trap] num=197 (0xc5) pc=0x1804aea18 args=[0x27c61d540000,0x7c000,0x3,0x41002,0xff000000,0x0,0x2,0x27fe7d8]
[trap] num=73 (0x49) pc=0x1804b1728 args=[0xa3d9f8000,0x8000,0x3,0x41002,0xff000000,0x0,0x2,0x27fe7d8]
[trap] num=73 (0x49) pc=0x1804b1728 args=[0xa3da40000,0x34000,0x3,0x41002,0xff000000,0x0,0x2,0x27fe7d8]
[trap] num=24 (0x18) pc=0x1804af858 args=[0xa091a5860,0x27ff5b0,0x8dd80,0x701230000,0x0,0x27ff4d7,0x3ff800,0xfffff0007ffff800]
[trap] num=25 (0x19) pc=0x1804af050 args=[0x1f5,0x27ff5b0,0x8dd80,0x701230000,0x0,0x27ff4d7,0x3ff800,0xfffff0007ffff800]
[trap] num=47 (0x2f) pc=0x1804b1f48 args=[0x1f5,0x27ff5b0,0x8dd80,0x701230000,0x0,0x27ff4d7,0x3ff800,0xfffff0007ffff800]
[trap] num=43 (0x2b) pc=0x1804af8b0 args=[0x14,0x27ff5b0,0x8dd80,0x701230000,0x0,0x27ff4d7,0x3ff800,0xfffff0007ffff800]
[trap] num=24 (0x18) pc=0x1804af858 args=[0x27fe738,0x27fe708,0x8dd80,0x27fe738,0xa0830abc4,0x2,0xa3d009c09,0x106]
[trap] num=25 (0x19) pc=0x1804af050 args=[0x1f5,0x27fe708,0x8dd80,0x27fe738,0xa0830abc4,0x2,0xa3d009c09,0x106]
[trap] num=47 (0x2f) pc=0x1804b1f48 args=[0x1f5,0x27fe708,0x8dd80,0x27fe738,0xa0830abc4,0x2,0xa3d009c09,0x106]
[trap] num=43 (0x2b) pc=0x1804af8b0 args=[0x14,0x27fe708,0x8dd80,0x27fe738,0xa0830abc4,0x2,0xa3d009c09,0x106]
[trap] num=24 (0x18) pc=0x1804af858 args=[0x27fe738,0x27fe708,0x8dd80,0x27fe738,0xa0830abc4,0x2,0xa3d009c09,0x106]
[trap] num=25 (0x19) pc=0x1804af050 args=[0x1f5,0x27fe708,0x8dd80,0x27fe738,0xa0830abc4,0x2,0xa3d009c09,0x106]
[trap] num=47 (0x2f) pc=0x1804b1f48 args=[0x1f5,0x27fe708,0x8dd80,0x27fe738,0xa0830abc4,0x2,0xa3d009c09,0x106]
[trap] num=43 (0x2b) pc=0x1804af8b0 args=[0x14,0x27fe708,0x8dd80,0x27fe738,0xa0830abc4,0x2,0xa3d009c09,0x106]
[trap] num=398 (0x18e) pc=0x1804ae948 args=[0x1803fd5e6,0x1000000,0x0,0xa3d114231,0x0,0x1,0xa3d009c09,0xa012c2]
[trap] num=339 (0x153) pc=0x1804bc288 args=[0xc,0x27fe120,0x0,0xa3d114231,0x0,0x1,0xa3d009c09,0xa012c2]
[trap] num=406 (0x196) pc=0x1804b2174 args=[0xc,0x32,0x27fe7b8,0xa3d114231,0x0,0x1,0xa3d009c09,0xa012c2]
[trap] num=399 (0x18f) pc=0x1804af584 args=[0xc,0x32,0x27fe7b8,0xa3d114231,0x0,0x1,0xa3d009c09,0xa012c2]
[trap] num=338 (0x152) pc=0x1804b988c args=[0x27fe7b8,0x27fe090,0x27fe7b8,0xa3d114231,0x0,0x1,0xa3d009c09,0xa012c2]
[trap] num=197 (0xc5) pc=0x1804aea18 args=[0x0,0x3c000,0x0,0x41042,0xff000000,0x0,0x9,0x0]
[trap] num=73 (0x49) pc=0x1804b1728 args=[0xa3da74000,0xc000,0x0,0x41042,0xff000000,0x0,0x9,0x0]
[trap] num=73 (0x49) pc=0x1804b1728 args=[0xa3daa0000,0x10000,0x0,0x41042,0xff000000,0x0,0x9,0x0]
[trap] num=74 (0x4a) pc=0x1804b1b04 args=[0xa3da80000,0x20000,0x3,0x2,0xa08b07ee8,0x0,0xffffffffbfc007ff,0xfffff0003ffff800]
[trap] num=75 (0x4b) pc=0x1804b09b0 args=[0xa3da80000,0x20000,0x8,0x2,0xa08b07ee8,0x0,0xffffffffbfc007ff,0xfffff0003ffff800]
[trap] num=363 (0x16b) pc=0x1804b3fc4 args=[0xa,0x27f7510,0x0,0x27f7510,0x400,0x27f7500,0xe18,0xa3d991019]
[trap] num=363 (0x16b) pc=0x1804b3fc4 args=[0xa,0x27f7510,0x0,0x27f7510,0x400,0x27f7500,0xffffffffbfc007ff,0xfffff0003ffff800]
[trap] num=363 (0x16b) pc=0x1804b3fc4 args=[0xa,0x27f7510,0x0,0x27f7510,0x400,0x27f7500,0xffffffffbfc007ff,0xfffff0003ffff800]
[trap] num=197 (0xc5) pc=0x1804aea18 args=[0x3420d6000000,0x7c000,0x3,0x41002,0xff000000,0x0,0x2,0x30091aa8]
[trap] num=73 (0x49) pc=0x1804b1728 args=[0xa3dab0000,0x10000,0x3,0x41002,0xff000000,0x0,0x2,0x30091aa8]
[trap] num=73 (0x49) pc=0x1804b1728 args=[0xa3db00000,0x2c000,0x3,0x41002,0xff000000,0x0,0x2,0x30091aa8]
[M48 SPRR] thread 2 wrote 0x2010002030300000
[M48 SPRR] thread 2 wrote 0x2010002030100000
[M48 SPRR] thread 2 wrote 0x2010002030300000
[M48 SPRR] thread 2 wrote 0x2010002030100000
[M48 SPRR] thread 2 wrote 0x2010002030300000
[M48 SPRR] thread 2 wrote 0x2010002030100000
[M48 SPRR] thread 2 wrote 0x2010002030300000
[M48 SPRR] thread 2 wrote 0x2010002030100000
[M48 SPRR] thread 2 wrote 0x2010002030300000
[M48 SPRR] thread 2 wrote 0x2010002030100000
[M48 SPRR] thread 2 wrote 0x2010002030300000
[M48 SPRR] thread 2 wrote 0x2010002030100000
[M48 SPRR] thread 2 wrote 0x2010002030300000
[M48 SPRR] thread 2 wrote 0x2010002030100000
[M48 SPRR] thread 2 wrote 0x2010002030300000
[M48 SPRR] thread 2 wrote 0x2010002030100000
[M48 SPRR] thread 2 wrote 0x2010002030300000
[M48 SPRR] thread 2 wrote 0x2010002030100000
[M48 SPRR] thread 2 wrote 0x2010002030300000
[M48 SPRR] thread 2 wrote 0x2010002030100000
[M48 SPRR] thread 2 wrote 0x2010002030300000
[M48 SPRR] thread 2 wrote 0x2010002030100000
[M48 SPRR] thread 2 wrote 0x2010002030300000
[M48 SPRR] thread 2 wrote 0x2010002030100000
[M48 SPRR] thread 2 wrote 0x2010002030300000
[M48 SPRR] thread 2 wrote 0x2010002030100000
[M48 SPRR] thread 2 wrote 0x2010002030300000
[M48 SPRR] thread 2 wrote 0x2010002030100000
[M48 SPRR] thread 2 wrote 0x2010002030300000
[M48 SPRR] thread 2 wrote 0x2010002030100000
[M48 SPRR] thread 2 wrote 0x2010002030300000
[M48 SPRR] thread 2 wrote 0x2010002030100000
[M48 SPRR] thread 2 wrote 0x2010002030300000
[M48 SPRR] thread 2 wrote 0x2010002030100000
[M48 SPRR] thread 2 wrote 0x2010002030300000
[M48 SPRR] thread 2 wrote 0x2010002030100000
[M48 SPRR] thread 2 wrote 0x2010002030300000
[M48 SPRR] thread 2 wrote 0x2010002030100000
[M48 SPRR] thread 2 wrote 0x2010002030300000
[M48 SPRR] thread 2 wrote 0x2010002030100000
[M48 SPRR] thread 2 wrote 0x2010002030300000
[M48 SPRR] thread 2 wrote 0x2010002030100000
[M48 SPRR] thread 2 wrote 0x2010002030300000
[M48 SPRR] thread 2 wrote 0x2010002030100000
[M48 SPRR] thread 2 wrote 0x2010002030300000
[M48 SPRR] thread 2 wrote 0x2010002030100000
[M48 SPRR] thread 2 wrote 0x2010002030300000
[M48 SPRR] thread 2 wrote 0x2010002030100000
[M48 SPRR] thread 2 wrote 0x2010002030300000
[M48 SPRR] thread 2 wrote 0x2010002030100000
[M48 SPRR] thread 2 wrote 0x2010002030300000
[M48 SPRR] thread 2 wrote 0x2010002030100000
[M48 SPRR] thread 2 wrote 0x2010002030300000
[M48 SPRR] thread 2 wrote 0x2010002030100000
[M48 SPRR] thread 2 wrote 0x2010002030300000
[M48 SPRR] thread 2 wrote 0x2010002030100000
[M48 SPRR] thread 2 wrote 0x2010002030300000
[M48 SPRR] thread 2 wrote 0x2010002030100000
[M48 SPRR] thread 2 wrote 0x2010002030300000
[M48 SPRR] thread 2 wrote 0x2010002030100000
[M48 SPRR] thread 2 wrote 0x2010002030300000
[M48 SPRR] thread 2 wrote 0x2010002030100000
[M48 SPRR] thread 2 wrote 0x2010002030300000
[M48 SPRR] thread 2 wrote 0x2010002030100000
[trap] num=197 (0xc5) pc=0x1804aea18 args=[0x262e3d7c0000,0x7c000,0x3,0x41002,0xff000000,0x0,0x2,0x30091c28]
[trap] num=73 (0x49) pc=0x1804b1728 args=[0xa3db2c000,0x14000,0x3,0x41002,0xff000000,0x0,0x2,0x30091c28]
[trap] num=73 (0x49) pc=0x1804b1728 args=[0xa3db80000,0x28000,0x3,0x41002,0xff000000,0x0,0x2,0x30091c28]
[M48 SPRR] thread 2 wrote 0x2010002030300000
[M48 SPRR] thread 2 wrote 0x2010002030100000
[M48 SPRR] thread 2 wrote 0x2010002030300000
[M48 SPRR] thread 2 wrote 0x2010002030100000
[M48 SPRR] thread 2 wrote 0x2010002030300000
[M48 SPRR] thread 2 wrote 0x2010002030100000
[M48 SPRR] thread 2 wrote 0x2010002030300000
[M48 SPRR] thread 2 wrote 0x2010002030100000
[M48 SPRR] thread 2 wrote 0x2010002030300000
[M48 SPRR] thread 2 wrote 0x2010002030100000
[M48 SPRR] thread 2 wrote 0x2010002030300000
[M48 SPRR] thread 2 wrote 0x2010002030100000
[M48 SPRR] thread 2 wrote 0x2010002030300000
[M48 SPRR] thread 2 wrote 0x2010002030100000
[M48 SPRR] thread 2 wrote 0x2010002030300000
[M48 SPRR] thread 2 wrote 0x2010002030100000
[M48 SPRR] thread 2 wrote 0x2010002030300000
[M48 SPRR] thread 2 wrote 0x2010002030100000
[M48 SPRR] thread 2 wrote 0x2010002030300000
[M48 SPRR] thread 2 wrote 0x2010002030100000
[M48 SPRR] thread 2 wrote 0x2010002030300000
[M48 SPRR] thread 2 wrote 0x2010002030100000
[M48 SPRR] thread 2 wrote 0x2010002030300000
[M48 SPRR] thread 2 wrote 0x2010002030100000
[M48 SPRR] thread 2 wrote 0x2010002030300000
[M48 SPRR] thread 2 wrote 0x2010002030100000
[M48 SPRR] thread 2 wrote 0x2010002030300000
[M48 SPRR] thread 2 wrote 0x2010002030100000
[M48 SPRR] thread 2 wrote 0x2010002030300000
[M48 SPRR] thread 2 wrote 0x2010002030100000
[M48 SPRR] thread 2 wrote 0x2010002030300000
[M48 SPRR] thread 2 wrote 0x2010002030100000
[M48 SPRR] thread 2 wrote 0x2010002030300000
[M48 SPRR] thread 2 wrote 0x2010002030100000
[M48 SPRR] thread 2 wrote 0x2010002030300000
[M48 SPRR] thread 2 wrote 0x2010002030100000
[M48 SPRR] thread 2 wrote 0x2010002030300000
[M48 SPRR] thread 2 wrote 0x2010002030100000
[M48 SPRR] thread 2 wrote 0x2010002030300000
[M48 SPRR] thread 2 wrote 0x2010002030100000
[M48 SPRR] thread 2 wrote 0x2010002030300000
[M48 SPRR] thread 2 wrote 0x2010002030100000
[M48 SPRR] thread 2 wrote 0x2010002030300000
[M48 SPRR] thread 2 wrote 0x2010002030100000
[M48 SPRR] thread 2 wrote 0x2010002030300000
[M48 SPRR] thread 2 wrote 0x2010002030100000
[M48 SPRR] thread 2 wrote 0x2010002030300000
[M48 SPRR] thread 2 wrote 0x2010002030100000
[M48 SPRR] thread 2 wrote 0x2010002030300000
[M48 SPRR] thread 2 wrote 0x2010002030100000
[M48 SPRR] thread 2 wrote 0x2010002030300000
[M48 SPRR] thread 2 wrote 0x2010002030100000
[M48 SPRR] thread 2 wrote 0x2010002030300000
[M48 SPRR] thread 2 wrote 0x2010002030100000
[M48 SPRR] thread 2 wrote 0x2010002030300000
[M48 SPRR] thread 2 wrote 0x2010002030100000
[M48 SPRR] thread 2 wrote 0x2010002030300000
[M48 SPRR] thread 2 wrote 0x2010002030100000
[M48 SPRR] thread 2 wrote 0x2010002030300000
[M48 SPRR] thread 2 wrote 0x2010002030100000
[M48 SPRR] thread 2 wrote 0x2010002030300000
[M48 SPRR] thread 2 wrote 0x2010002030100000
[M48 SPRR] thread 2 wrote 0x2010002030300000
[M48 SPRR] thread 2 wrote 0x2010002030100000
[M48 SPRR] thread 2 wrote 0x2010002030300000
[M48 SPRR] thread 2 wrote 0x2010002030100000
[M48 SPRR] thread 2 wrote 0x2010002030300000
[M48 SPRR] thread 2 wrote 0x2010002030100000
[M48 SPRR] thread 2 wrote 0x2010002030300000
[M48 SPRR] thread 2 wrote 0x2010002030100000
[M48 SPRR] thread 2 wrote 0x2010002030300000
[M48 SPRR] thread 2 wrote 0x2010002030100000
[M48 SPRR] thread 2 wrote 0x2010002030300000
[M48 SPRR] thread 2 wrote 0x2010002030100000
[M48 SPRR] thread 2 wrote 0x2010002030300000
[M48 SPRR] thread 2 wrote 0x2010002030100000
[M48 SPRR] thread 2 wrote 0x2010002030300000
[M48 SPRR] thread 2 wrote 0x2010002030100000
[M48 SPRR] thread 2 wrote 0x2010002030300000
[M48 SPRR] thread 2 wrote 0x2010002030100000
[M48 SPRR] thread 2 wrote 0x2010002030300000
[M48 SPRR] thread 2 wrote 0x2010002030100000
[M48 SPRR] thread 2 wrote 0x2010002030300000
[M48 SPRR] thread 2 wrote 0x2010002030100000
[M48 SPRR] thread 2 wrote 0x2010002030300000
[M48 SPRR] thread 2 wrote 0x2010002030100000
[M48 SPRR] thread 2 wrote 0x2010002030300000
[M48 SPRR] thread 2 wrote 0x2010002030100000
[M48 SPRR] thread 2 wrote 0x2010002030300000
[M48 SPRR] thread 2 wrote 0x2010002030100000
[M48 SPRR] thread 2 wrote 0x2010002030300000
[M48 SPRR] thread 2 wrote 0x2010002030100000
[M48 SPRR] thread 2 wrote 0x2010002030300000
[M48 SPRR] thread 2 wrote 0x2010002030100000
[M48 SPRR] thread 2 wrote 0x2010002030300000
[M48 SPRR] thread 2 wrote 0x2010002030100000
[M48 SPRR] thread 2 wrote 0x2010002030300000
[M48 SPRR] thread 2 wrote 0x2010002030100000
[M48 SPRR] thread 2 wrote 0x2010002030300000
[M48 SPRR] thread 2 wrote 0x2010002030100000
[M48 SPRR] thread 2 wrote 0x2010002030300000
[M48 SPRR] thread 2 wrote 0x2010002030100000
[M48 SPRR] thread 2 wrote 0x2010002030300000
[M48 SPRR] thread 2 wrote 0x2010002030100000
[M48 SPRR] thread 2 wrote 0x2010002030300000
[M48 SPRR] thread 2 wrote 0x2010002030100000
[M48 SPRR] thread 2 wrote 0x2010002030300000
[M48 SPRR] thread 2 wrote 0x2010002030100000
[M48 SPRR] thread 2 wrote 0x2010002030300000
[M48 SPRR] thread 2 wrote 0x2010002030100000
[M48 SPRR] thread 2 wrote 0x2010002030300000
[M48 SPRR] thread 2 wrote 0x2010002030100000
[M48 SPRR] thread 2 wrote 0x2010002030300000
[M48 SPRR] thread 2 wrote 0x2010002030100000
[M48 SPRR] thread 2 wrote 0x2010002030300000
[M48 SPRR] thread 2 wrote 0x2010002030100000
[M48 SPRR] thread 2 wrote 0x2010002030300000
[M48 SPRR] thread 2 wrote 0x2010002030100000
[M48 SPRR] thread 2 wrote 0x2010002030300000
[M48 SPRR] thread 2 wrote 0x2010002030100000
[M48 SPRR] thread 2 wrote 0x2010002030300000
[M48 SPRR] thread 2 wrote 0x2010002030100000
[M48 SPRR] thread 2 wrote 0x2010002030300000
[M48 SPRR] thread 2 wrote 0x2010002030100000
[M48 SPRR] thread 2 wrote 0x2010002030300000
[M48 SPRR] thread 2 wrote 0x2010002030100000
[M48 SPRR] thread 2 wrote 0x2010002030300000
[M48 SPRR] thread 2 wrote 0x2010002030100000
[M48 SPRR] thread 2 wrote 0x2010002030300000
[M48 SPRR] thread 2 wrote 0x2010002030100000
[M48 SPRR] thread 2 wrote 0x2010002030300000
[M48 SPRR] thread 2 wrote 0x2010002030100000
[M48 SPRR] thread 2 wrote 0x2010002030300000
[M48 SPRR] thread 2 wrote 0x2010002030100000
[M48 SPRR] thread 2 wrote 0x2010002030300000
[M48 SPRR] thread 2 wrote 0x2010002030100000
[M48 SPRR] thread 2 wrote 0x2010002030300000
[M48 SPRR] thread 2 wrote 0x2010002030100000
[M48 SPRR] thread 2 wrote 0x2010002030300000
[M48 SPRR] thread 2 wrote 0x2010002030100000
[M48 SPRR] thread 2 wrote 0x2010002030300000
[M48 SPRR] thread 2 wrote 0x2010002030100000
[M48 SPRR] thread 2 wrote 0x2010002030300000
[M48 SPRR] thread 2 wrote 0x2010002030100000
[M48 SPRR] thread 2 wrote 0x2010002030300000
[M48 SPRR] thread 2 wrote 0x2010002030100000
[M48 SPRR] thread 2 wrote 0x2010002030300000
[M48 SPRR] thread 2 wrote 0x2010002030100000
[M48 SPRR] thread 2 wrote 0x2010002030300000
[M48 SPRR] thread 2 wrote 0x2010002030100000
[M48 SPRR] thread 2 wrote 0x2010002030300000
[M48 SPRR] thread 2 wrote 0x2010002030100000
[M48 SPRR] thread 2 wrote 0x2010002030300000
[M48 SPRR] thread 2 wrote 0x2010002030100000
[M48 SPRR] thread 2 wrote 0x2010002030300000
[M48 SPRR] thread 2 wrote 0x2010002030100000
[M48 SPRR] thread 2 wrote 0x2010002030300000
[M48 SPRR] thread 2 wrote 0x2010002030100000
[M48 SPRR] thread 2 wrote 0x2010002030300000
[M48 SPRR] thread 2 wrote 0x2010002030100000
[M48 SPRR] thread 2 wrote 0x2010002030300000
[M48 SPRR] thread 2 wrote 0x2010002030100000
[M48 SPRR] thread 2 wrote 0x2010002030300000
[M48 SPRR] thread 2 wrote 0x2010002030100000
[M48 SPRR] thread 2 wrote 0x2010002030300000
[M48 SPRR] thread 2 wrote 0x2010002030100000
[M48 SPRR] thread 2 wrote 0x2010002030300000
[M48 SPRR] thread 2 wrote 0x2010002030100000
[M48 SPRR] thread 2 wrote 0x2010002030300000
[M48 SPRR] thread 2 wrote 0x2010002030100000
[M48 SPRR] thread 2 wrote 0x2010002030300000
[M48 SPRR] thread 2 wrote 0x2010002030100000
[M48 SPRR] thread 2 wrote 0x2010002030300000
[M48 SPRR] thread 2 wrote 0x2010002030100000
[M48 SPRR] thread 2 wrote 0x2010002030300000
[M48 SPRR] thread 2 wrote 0x2010002030100000
[M48 SPRR] thread 2 wrote 0x2010002030300000
[M48 SPRR] thread 2 wrote 0x2010002030100000
[M48 SPRR] thread 2 wrote 0x2010002030300000
[M48 SPRR] thread 2 wrote 0x2010002030100000
[M48 SPRR] thread 2 wrote 0x2010002030300000
[M48 SPRR] thread 2 wrote 0x2010002030100000
[M48 SPRR] thread 2 wrote 0x2010002030300000
[M48 SPRR] thread 2 wrote 0x2010002030100000
[trap] num=305 (0x131) pc=0x1804b150c args=[0x7ad28,0x40100000500,0x400,0x0,0x0,0xa0,0x0,0x0]
[trap] num=305 (0x131) pc=0x1804b150c args=[0x7ad28,0x40000000600,0x400,0x0,0x0,0xa0,0x0,0x0]
[trap] num=305 (0x131) pc=0x1804b150c args=[0x7ad28,0x40000000700,0x400,0x0,0x0,0xa0,0x0,0x0]
[trap] num=305 (0x131) pc=0x1804b150c args=[0x7ad28,0x40000000800,0x400,0x0,0x0,0xa0,0x0,0x0]
[trap] num=372 (0x174) pc=0x1804afacc args=[0x3018b000,0x0,0x0,0x0,0x0,0x190008ff,0x0,0x0]
[trap] num=336 (0x150) pc=0x1804af110 args=[0x5,0x8913,0x2,0x0,0x3018af48,0xf,0x72,0x0]
[trap] num=-36 (0xffffffffffffffdc) pc=0x1804adbb0 args=[0x1407,0x3018af58,0x0,0x3018b060,0x3018af48,0xf,0x726f7463657073,0x0]
[trap] num=304 (0x130) pc=0x1804b2a64 args=[0x7ad28,0x40000000800,0x400,0x0,0x0,0x0,0x0,0x0]
[trap] num=304 (0x130) pc=0x1804b2a64 args=[0x7ad28,0x50000000800,0x500,0x0,0x0,0x0,0x0,0x0]
[trap] num=54 (0x36) pc=0x1804b2338 args=[0x1,0x4004667a,0x27fc2dc,0xa3d2ae879,0x0,0x2,0xa3d009c09,0x106]
[trap] num=54 (0x36) pc=0x1804b2338 args=[0x1,0x40487413,0x27fc2e0,0xa3d2ae879,0x0,0x2,0xa3d009c09,0x106]
[trap] num=339 (0x153) pc=0x1804bc288 args=[0x1,0x27fc358,0x27fc2e0,0xa3d2ae879,0x0,0x2,0xa3d009c09,0x106]
[trap] num=197 (0xc5) pc=0x1804aea18 args=[0x58ef1cc0000,0x7c000,0x3,0x41002,0xff000000,0x0,0x2,0x27fb378]
[trap] num=73 (0x49) pc=0x1804b1728 args=[0xa3dba8000,0x18000,0x3,0x41002,0xff000000,0x0,0x2,0x27fb378]
[trap] num=73 (0x49) pc=0x1804b1728 args=[0xa3dc00000,0x24000,0x3,0x41002,0xff000000,0x0,0x2,0x27fb378]
[trap] num=54 (0x36) pc=0x1804b2338 args=[0x1,0x4004667a,0x27fc12c,0xa3d2ae879,0x0,0x2,0xa3d009c09,0x106]
[trap] num=54 (0x36) pc=0x1804b2338 args=[0x1,0x40487413,0x27fc130,0xa3d2ae879,0x0,0x2,0xa3d009c09,0x106]
[trap] num=339 (0x153) pc=0x1804bc288 args=[0x1,0x27fc1a8,0x27fc130,0xa3d2ae879,0x0,0x2,0xa3d009c09,0x106]
[trap] num=5 (0x5) pc=0x1804ae694 args=[0xa0bd187c3,0x1000000,0x0,0x4,0x70104e1a0,0x0,0x0,0xfffff0003ffff800]
[trap] num=92 (0x5c) pc=0x1804ae8c4 args=[0x1,0x3,0x3d000e21,0xa3db4db69,0x0,0x2,0xa3d009c09,0xa3db4d899]
[M28 BANDSHRINK] syscall 92 band past ipa 0xa3db4d899 len 65536 shrunk 64 -> 0 by an overlapping window of the same call
[trap] num=54 (0x36) pc=0x1804b2338 args=[0x1,0x8004667e,0x27fc35c,0xa3db4db69,0x0,0x2,0xa3d009c09,0xa3db4d899]
[M28 BANDSHRINK] syscall 54 band past ipa 0xa3db4d899 len 65536 shrunk 64 -> 0 by an overlapping window of the same call
[trap] num=362 (0x16a) pc=0x1804b3f98 args=[0x700d880b8,0x27fc38c,0x27fc35c,0xa3db4db69,0x0,0x2,0xa3d009c09,0xa3db4d899]
[M28 BANDSHRINK] syscall 362 band past ipa 0xa3db4d899 len 65536 shrunk 64 -> 0 by an overlapping window of the same call
[trap] num=363 (0x16b) pc=0x1804b3fc4 args=[0xd,0x27fc318,0x1,0x27fc2f8,0x1,0x27fc2e0,0xa3d009c09,0xa3db4d899]
[trap] num=399 (0x18f) pc=0x1804af584 args=[0xd,0x27fc318,0x1,0x27fc2f8,0x1,0x27fc2e0,0xa3d009c09,0xa3db4d899]
[trap] num=105 (0x69) pc=0x1804b21a0 args=[0x1,0xffff,0x100,0x27fc35c,0x4,0x27fc2e0,0xa3d009c09,0xa3db4d899]
[trap] num=54 (0x36) pc=0x1804b2338 args=[0x2,0x4004667a,0x27fc11c,0xa3d2ae879,0x0,0x2,0xa3d009c09,0x106]
[trap] num=54 (0x36) pc=0x1804b2338 args=[0x2,0x40487413,0x27fc120,0xa3d2ae879,0x0,0x2,0xa3d009c09,0x106]
[trap] num=339 (0x153) pc=0x1804bc288 args=[0x2,0x27fc198,0x27fc120,0xa3d2ae879,0x0,0x2,0xa3d009c09,0x106]
[trap] num=4 (0x4) pc=0x1804b1834 args=[0x1,0x27f8318,0x2,0x0,0x1,0x3,0xa3d009c09,0xa3db4b329]
[fd1 (console 1)] 2

[trap] num=363 (0x16b) pc=0x1804b3fc4 args=[0xa,0x27f7300,0x0,0x27f7300,0x400,0x27f72f0,0x0,0xfffff0003ffff800]
[trap] num=363 (0x16b) pc=0x1804b3fc4 args=[0xa,0x27f7300,0x0,0x27f7300,0x400,0x27f72f0,0x0,0xfffff0003ffff800]
[trap] num=75 (0x4b) pc=0x1804b09b0 args=[0x700888000,0xc000,0x7,0x0,0x0,0x0,0x0,0x590]
[trap] num=75 (0x4b) pc=0x1804b09b0 args=[0x700898000,0x10000,0x7,0x0,0x0,0x0,0x0,0x590]
[trap] num=73 (0x49) pc=0x1804b1728 args=[0xa3da80000,0x20000,0x20000,0x34,0x7f3c0,0x0,0xffffffffbfc007ff,0xfffff0003ffff800]
[trap] num=75 (0x4b) pc=0x1804b09b0 args=[0xa2d000000,0x40000,0x7,0xfffff0007fc00000,0x700c20740,0x27ff417,0x3ff800,0xfffff0007ffff800]
[trap] num=73 (0x49) pc=0x1804b1728 args=[0xa3d180000,0x40000,0x40000,0xfffff0007fc00000,0x700c205c0,0x0,0xffffffffbfc007ff,0xfffff0003ffff800]
[trap] num=73 (0x49) pc=0x1804b1728 args=[0xa3d980000,0x40000,0x40000,0xfffff0007fc00000,0x700c20b00,0x0,0xffffffffbfc007ff,0xfffff0003ffff800]
[trap] num=73 (0x49) pc=0x1804b1728 args=[0xa3dac0000,0x40000,0x40000,0xfffff0007fc00000,0x700c20c80,0x0,0xffffffffbfc007ff,0xfffff0003ffff800]
[trap] num=73 (0x49) pc=0x1804b1728 args=[0xa3d7c0000,0x24000,0x24000,0xfffff0007fc00000,0x701061fc0,0x0,0xffffffffbfc007ff,0xfffff0003ffff800]
[trap] num=73 (0x49) pc=0x1804b1728 args=[0xa3db40000,0x40000,0x40000,0x70104dd60,0x70104dd60,0x0,0xffffffffbfc007ff,0xfffff0003ffff800]
[trap] num=73 (0x49) pc=0x1804b1728 args=[0xa3da00000,0x40000,0x40000,0x60,0xfffff0007fc00000,0x0,0xffffffffbfc007ff,0xfffff0003ffff800]
[trap] num=73 (0x49) pc=0x1804b1728 args=[0xa3d900000,0x40000,0x40000,0x60,0xfffff0007fc00000,0x0,0xffffffffbfc007ff,0xfffff0003ffff800]
[trap] num=73 (0x49) pc=0x1804b1728 args=[0xa3d8c0000,0x40000,0x40000,0x60,0xfffff0007fc00000,0x0,0xffffffffbfc007ff,0xfffff0003ffff800]
[trap] num=73 (0x49) pc=0x1804b1728 args=[0xa3d5c0000,0x40000,0x40000,0x60,0xfffff0007fc00000,0x0,0xffffffffbfc007ff,0xfffff0003ffff800]
[trap] num=73 (0x49) pc=0x1804b1728 args=[0xa3d840000,0x40000,0x40000,0x60,0xfffff0007fc00000,0x0,0xffffffffbfc007ff,0xfffff0003ffff800]
[trap] num=73 (0x49) pc=0x1804b1728 args=[0xa3d740000,0x40000,0x40000,0x60,0xfffff0007fc00000,0x0,0xffffffffbfc007ff,0xfffff0003ffff800]
[trap] num=73 (0x49) pc=0x1804b1728 args=[0xa3d6c0000,0x40000,0x40000,0x60,0xfffff0007fc00000,0x0,0xffffffffbfc007ff,0xfffff0003ffff800]
[trap] num=73 (0x49) pc=0x1804b1728 args=[0xa3d280000,0x40000,0x40000,0x60,0xfffff0007fc00000,0x0,0xffffffffbfc007ff,0xfffff0003ffff800]
[trap] num=73 (0x49) pc=0x1804b1728 args=[0xa3d100000,0x40000,0x40000,0x60,0xfffff0007fc00000,0x0,0xffffffffbfc007ff,0xfffff0003ffff800]
[trap] num=73 (0x49) pc=0x1804b1728 args=[0xa3dbc0000,0x40000,0x40000,0x152,0x8bf00,0x0,0xffffffffbfc007ff,0xfffff0003ffff800]
[trap] num=73 (0x49) pc=0x1804b1728 args=[0xa3d640000,0x40000,0x40000,0xa,0xfffff0007fc00000,0x0,0xffffffffbfc007ff,0xfffff0003ffff800]
[trap] num=73 (0x49) pc=0x1804b1728 args=[0xa3d540000,0x40000,0x40000,0x60,0xfffff0007fc00000,0x0,0xffffffffbfc007ff,0xfffff0003ffff800]
[trap] num=73 (0x49) pc=0x1804b1728 args=[0xa3d4c0000,0x40000,0x40000,0x60,0xfffff0007fc00000,0x0,0xffffffffbfc007ff,0xfffff0003ffff800]
[trap] num=73 (0x49) pc=0x1804b1728 args=[0xa3d480000,0x40000,0x40000,0x60,0xfffff0007fc00000,0x0,0xffffffffbfc007ff,0xfffff0003ffff800]
[trap] num=73 (0x49) pc=0x1804b1728 args=[0xa3d400000,0x40000,0x40000,0x60,0xfffff0007fc00000,0x0,0xffffffffbfc007ff,0xfffff0003ffff800]
[trap] num=73 (0x49) pc=0x1804b1728 args=[0xa3d380000,0x40000,0x40000,0x60,0xfffff0007fc00000,0x0,0xffffffffbfc007ff,0xfffff0003ffff800]
[trap] num=73 (0x49) pc=0x1804b1728 args=[0xa3d300000,0x40000,0x40000,0x60,0xfffff0007fc00000,0x0,0xffffffffbfc007ff,0xfffff0003ffff800]
[trap] num=73 (0x49) pc=0x1804b1728 args=[0xa3d200000,0x40000,0x40000,0x60,0xfffff0007fc00000,0x0,0xffffffffbfc007ff,0xfffff0003ffff800]
[trap] num=73 (0x49) pc=0x1804b1728 args=[0xa3d000000,0x40000,0x40000,0x10d,0x7f700,0x0,0xffffffffbfc007ff,0xfffff0003ffff800]
[trap] num=73 (0x49) pc=0x1804b1728 args=[0xa3d080000,0x1c000,0x1c000,0xfffff0007fc00000,0x700c2c240,0x0,0xffffffffbfc007ff,0xfffff0003ffff800]
[trap] num=75 (0x4b) pc=0x1804b09b0 args=[0x70084c000,0x10000,0x7,0x0,0x0,0x0,0xffffffffbfc007ff,0xfffff0003ffff800]
[trap] num=75 (0x4b) pc=0x1804b09b0 args=[0x70085c000,0xc000,0x7,0x0,0x0,0x0,0x0,0xfffff0003ffff800]
[trap] num=75 (0x4b) pc=0x1804b09b0 args=[0x70081c000,0x10000,0x7,0x0,0x0,0x27ff437,0x3ff800,0xfffff0007ffff800]
[trap] num=75 (0x4b) pc=0x1804b09b0 args=[0x70082c000,0x10000,0x7,0x0,0x0,0x0,0x0,0xfffff0007ffff800]
[trap] num=75 (0x4b) pc=0x1804b09b0 args=[0x70083c000,0x10000,0x7,0x0,0x0,0x0,0x0,0xfffff0007ffff800]
[trap] num=75 (0x4b) pc=0x1804b09b0 args=[0x700868000,0xc000,0x7,0x0,0x0,0x0,0x0,0xfffff0007ffff800]
[trap] num=75 (0x4b) pc=0x1804b09b0 args=[0x700874000,0x14000,0x7,0x0,0x0,0x0,0x0,0xfffff0007ffff800]
[trap] num=75 (0x4b) pc=0x1804b09b0 args=[0x7008a8000,0x24000,0x7,0x0,0x0,0x0,0x0,0xfffff0007ffff800]
[trap] num=73 (0x49) pc=0x1804b1728 args=[0xa2cfe8000,0x10000000,0x10000000,0xfffff0007fc00000,0x701055ac0,0x0,0xffffffffbfc007ff,0xfffff0003ffff800]
[trap] num=75 (0x4b) pc=0x1804b09b0 args=[0x70080c000,0x10000,0x7,0x0,0x0,0x0,0xffffffffbfc007ff,0xfffff0003ffff800]
[trap] num=339 (0x153) pc=0x1804bc288 args=[0x0,0x27ff680,0x60,0xfffff0007fc00000,0x7da40,0x0,0x0,0xfffff0003ffff800]
[trap] num=92 (0x5c) pc=0x1804ae8c4 args=[0x0,0x3,0xffffffffec6fb670,0xfffff0007fc00000,0x7da40,0x0,0x0,0xfffff0003ffff800]
[trap] num=339 (0x153) pc=0x1804bc288 args=[0x1,0x27ff680,0xffffffffec6fb670,0xfffff0007fc00000,0x7da40,0x0,0x0,0xfffff0003ffff800]
[trap] num=92 (0x5c) pc=0x1804ae8c4 args=[0x1,0x3,0xffffffffec6fb670,0xfffff0007fc00000,0x7da40,0x0,0x0,0xfffff0003ffff800]
[trap] num=92 (0x5c) pc=0x1804ae8c4 args=[0x1,0x4,0x1,0xfffff0007fc00000,0x7da40,0x0,0x0,0xfffff0003ffff800]
[trap] num=339 (0x153) pc=0x1804bc288 args=[0x2,0x27ff680,0x1,0xfffff0007fc00000,0x7da40,0x0,0x0,0xfffff0003ffff800]
[trap] num=92 (0x5c) pc=0x1804ae8c4 args=[0x2,0x3,0x1,0xfffff0007fc00000,0x7da40,0x0,0x0,0xfffff0003ffff800]
[trap] num=46 (0x2e) pc=0x1804b4478 args=[0x1,0x0,0x27ff720,0xfffff0007fc00000,0x7da40,0x0,0x0,0xfffff0003ffff800]
[trap] num=46 (0x2e) pc=0x1804b4478 args=[0x2,0x0,0x27ff720,0xfffff0007fc00000,0x7da40,0x0,0x0,0xfffff0003ffff800]
[trap] num=46 (0x2e) pc=0x1804b4478 args=[0x3,0x0,0x27ff720,0xfffff0007fc00000,0x7da40,0x0,0x0,0xfffff0003ffff800]
[trap] num=46 (0x2e) pc=0x1804b4478 args=[0x4,0x0,0x27ff720,0xfffff0007fc00000,0x7da40,0x0,0x0,0xfffff0003ffff800]
[trap] num=46 (0x2e) pc=0x1804b4478 args=[0x5,0x0,0x27ff720,0xfffff0007fc00000,0x7da40,0x0,0x0,0xfffff0003ffff800]
[trap] num=46 (0x2e) pc=0x1804b4478 args=[0x6,0x0,0x27ff720,0xfffff0007fc00000,0x7da40,0x0,0x0,0xfffff0003ffff800]
[trap] num=46 (0x2e) pc=0x1804b4478 args=[0x7,0x0,0x27ff720,0xfffff0007fc00000,0x7da40,0x0,0x0,0xfffff0003ffff800]
[trap] num=46 (0x2e) pc=0x1804b4478 args=[0x8,0x0,0x27ff720,0xfffff0007fc00000,0x7da40,0x0,0x0,0xfffff0003ffff800]
[trap] num=46 (0x2e) pc=0x1804b4478 args=[0xa,0x0,0x27ff720,0xfffff0007fc00000,0x7da40,0x0,0x0,0xfffff0003ffff800]
[trap] num=46 (0x2e) pc=0x1804b4478 args=[0xb,0x0,0x27ff720,0xfffff0007fc00000,0x7da40,0x0,0x0,0xfffff0003ffff800]
[trap] num=46 (0x2e) pc=0x1804b4478 args=[0xc,0x0,0x27ff720,0xfffff0007fc00000,0x7da40,0x0,0x0,0xfffff0003ffff800]
[trap] num=46 (0x2e) pc=0x1804b4478 args=[0xd,0x27ff6f8,0x0,0xfffff0007fc00000,0x7da40,0x0,0x0,0xfffff0003ffff800]
[trap] num=46 (0x2e) pc=0x1804b4478 args=[0xe,0x0,0x27ff720,0xfffff0007fc00000,0x7da40,0x0,0x0,0xfffff0003ffff800]
[trap] num=46 (0x2e) pc=0x1804b4478 args=[0xf,0x0,0x27ff720,0xfffff0007fc00000,0x7da40,0x0,0x0,0xfffff0003ffff800]
[trap] num=46 (0x2e) pc=0x1804b4478 args=[0x10,0x0,0x27ff720,0xfffff0007fc00000,0x7da40,0x0,0x0,0xfffff0003ffff800]
[trap] num=46 (0x2e) pc=0x1804b4478 args=[0x12,0x0,0x27ff720,0xfffff0007fc00000,0x7da40,0x0,0x0,0xfffff0003ffff800]
[trap] num=46 (0x2e) pc=0x1804b4478 args=[0x13,0x0,0x27ff720,0xfffff0007fc00000,0x7da40,0x0,0x0,0xfffff0003ffff800]
[trap] num=46 (0x2e) pc=0x1804b4478 args=[0x14,0x0,0x27ff720,0xfffff0007fc00000,0x7da40,0x0,0x0,0xfffff0003ffff800]
[trap] num=46 (0x2e) pc=0x1804b4478 args=[0x15,0x0,0x27ff720,0xfffff0007fc00000,0x7da40,0x0,0x0,0xfffff0003ffff800]
[trap] num=46 (0x2e) pc=0x1804b4478 args=[0x16,0x0,0x27ff720,0xfffff0007fc00000,0x7da40,0x0,0x0,0xfffff0003ffff800]
[trap] num=46 (0x2e) pc=0x1804b4478 args=[0x17,0x0,0x27ff720,0xfffff0007fc00000,0x7da40,0x0,0x0,0xfffff0003ffff800]
[trap] num=46 (0x2e) pc=0x1804b4478 args=[0x18,0x0,0x27ff720,0xfffff0007fc00000,0x7da40,0x0,0x0,0xfffff0003ffff800]
[trap] num=46 (0x2e) pc=0x1804b4478 args=[0x19,0x27ff6f8,0x0,0xfffff0007fc00000,0x7da40,0x0,0x0,0xfffff0003ffff800]
[trap] num=46 (0x2e) pc=0x1804b4478 args=[0x1a,0x0,0x27ff720,0xfffff0007fc00000,0x7da40,0x0,0x0,0xfffff0003ffff800]
[trap] num=46 (0x2e) pc=0x1804b4478 args=[0x1b,0x0,0x27ff720,0xfffff0007fc00000,0x7da40,0x0,0x0,0xfffff0003ffff800]
[trap] num=46 (0x2e) pc=0x1804b4478 args=[0x1c,0x0,0x27ff720,0xfffff0007fc00000,0x7da40,0x0,0x0,0xfffff0003ffff800]
[trap] num=46 (0x2e) pc=0x1804b4478 args=[0x1d,0x0,0x27ff720,0xfffff0007fc00000,0x7da40,0x0,0x0,0xfffff0003ffff800]
[trap] num=46 (0x2e) pc=0x1804b4478 args=[0x1e,0x0,0x27ff720,0xfffff0007fc00000,0x7da40,0x0,0x0,0xfffff0003ffff800]
[trap] num=46 (0x2e) pc=0x1804b4478 args=[0x1f,0x0,0x27ff720,0xfffff0007fc00000,0x7da40,0x0,0x0,0xfffff0003ffff800]
[trap] num=73 (0x49) pc=0x1804b1728 args=[0xa24fe8000,0x8000000,0x1d9e,0xce,0xfffff0007fc00000,0x0,0x0,0xfffff0003ffff800]
[trap] num=197 (0xc5) pc=0x1804aea18 args=[0xa14fe8000,0x10000,0x0,0x41012,0xffffffff,0x0,0x0,0xfffff0003ffff800]
[trap] num=73 (0x49) pc=0x1804b1728 args=[0xa14fe8000,0x10000000,0x60,0xfffff0007fc00000,0x700c0c540,0x0,0xffffffffbfc007ff,0xfffff0003ffff800]
[trap] num=303 (0x12f) pc=0x1804b1538 args=[0x7ad28,0x60000000800,0x60000000200,0x0,0x0,0x0,0x0,0xfffff0003ffff800]
[trap] num=363 (0x16b) pc=0x1804b3fc4 args=[0x8,0x27ff6a0,0x1,0x0,0x0,0x0,0xffffffffbfc007ff,0xfffff0003ffff800]
[trap] num=515 (0x203) pc=0x1804afaf8 args=[0x1020002,0x30047034,0xbad7007,0x0,0x0,0x0,0xffffffffbfc007ff,0xfffff0003ffff800]
[trap] num=399 (0x18f) pc=0x1804af584 args=[0x9,0x7b158,0x1,0xfffff0007fc00000,0x400,0x0,0xffffffffbfc007ff,0xfffff0003ffff800]
[trap] num=399 (0x18f) pc=0x1804af584 args=[0x8,0x7b158,0x1,0xfffff0007fc00000,0x400,0x0,0xffffffffbfc007ff,0xfffff0003ffff800]
[trap] num=331 (0x14b) pc=0x1804b0b50 args=[0x1,0x0,0x60,0xfffff0007fc00000,0x701055900,0x0,0xffffffffbfc007ff,0xfffff0003ffff800]
[trap] num=516 (0x204) pc=0x1804afbcc args=[0x1000002,0x30047034,0x0,0xbad7007,0x30043fc0,0x0,0xffffffffbfc007ff,0xfffff0003ffff800]
[trap] num=361 (0x169) pc=0x1804b0b7c args=[0x30000000,0x44000,0xbad7007,0x0,0x30043fc0,0x0,0xffffffffbfc007ff,0xfffff0003ffff800]
[trap] num=-12 (0xfffffffffffffff4) pc=0x1804adaa8 args=[0x203,0x30044000,0x8000,0x0,0x0,0x0,0xffffffffbfc007ff,0xfffff0003ffff800]
[trap] num=515 (0x203) pc=0x1804afaf8 args=[0x1020002,0x30093034,0xbad700b,0x0,0x0,0x0,0xffffffffbfc007ff,0xfffff0003ffff800]
[trap] num=331 (0x14b) pc=0x1804b0b50 args=[0x1,0x100000000000,0x60,0xfffff0007fc00000,0x0,0xa0,0x0,0x0]
[trap] num=516 (0x204) pc=0x1804afbcc args=[0x1000002,0x30093034,0x0,0xbad700b,0x3008ffc0,0xa0,0x0,0x0]
[trap] num=361 (0x169) pc=0x1804b0b7c args=[0x3004c000,0x44000,0xbad700b,0x0,0x3008ffc0,0xa0,0x0,0x0]
[trap] num=-12 (0xfffffffffffffff4) pc=0x1804adaa8 args=[0x203,0x30090000,0x8000,0x0,0x0,0x0,0xffffffffbfc007ff,0xfffff0003ffff800]
[trap] num=515 (0x203) pc=0x1804afaf8 args=[0x1020002,0x300df034,0xbad700f,0x0,0x0,0x0,0xffffffffbfc007ff,0xfffff0003ffff800]
[trap] num=331 (0x14b) pc=0x1804b0b50 args=[0x1,0x100000000000,0x60,0xfffff0007fc00000,0x0,0xa0,0x0,0x0]
[trap] num=516 (0x204) pc=0x1804afbcc args=[0x1000002,0x300df034,0x0,0xbad700f,0x300dbfc0,0xa0,0x0,0x0]
[trap] num=361 (0x169) pc=0x1804b0b7c args=[0x30098000,0x44000,0xbad700f,0x0,0x300dbfc0,0xa0,0x0,0x0]
[trap] num=-12 (0xfffffffffffffff4) pc=0x1804adaa8 args=[0x203,0x300dc000,0x8000,0x0,0x0,0x0,0xffffffffbfc007ff,0xfffff0003ffff800]
[trap] num=515 (0x203) pc=0x1804afaf8 args=[0x1020002,0x3012b034,0xbad7013,0x0,0x0,0x0,0xffffffffbfc007ff,0xfffff0003ffff800]
[trap] num=331 (0x14b) pc=0x1804b0b50 args=[0x1,0x100000000000,0x60,0xfffff0007fc00000,0x0,0xa0,0x0,0x0]
[trap] num=516 (0x204) pc=0x1804afbcc args=[0x1000002,0x3012b034,0x0,0xbad7013,0x30127fc0,0xa0,0x0,0x0]
[trap] num=361 (0x169) pc=0x1804b0b7c args=[0x300e4000,0x44000,0xbad7013,0x0,0x30127fc0,0xa0,0x0,0x0]
[trap] num=-12 (0xfffffffffffffff4) pc=0x1804adaa8 args=[0x203,0x30128000,0x8000,0x0,0x0,0x0,0xffffffffbfc007ff,0xfffff0003ffff800]
[trap] num=515 (0x203) pc=0x1804afaf8 args=[0x1020002,0x30177034,0xbad7017,0x0,0x0,0x0,0xffffffffbfc007ff,0xfffff0003ffff800]
[trap] num=331 (0x14b) pc=0x1804b0b50 args=[0x1,0x100000000000,0x60,0xfffff0007fc00000,0x0,0xa0,0x0,0x0]
[trap] num=516 (0x204) pc=0x1804afbcc args=[0x1000002,0x30177034,0x0,0xbad7017,0x30173fc0,0xa0,0x0,0x0]
[trap] num=361 (0x169) pc=0x1804b0b7c args=[0x30130000,0x44000,0xbad7017,0x0,0x30173fc0,0xa0,0x0,0x0]
[trap] num=-12 (0xfffffffffffffff4) pc=0x1804adaa8 args=[0x203,0x30174000,0x8000,0x0,0x0,0x0,0xffffffffbfc007ff,0xfffff0003ffff800]
[trap] num=305 (0x131) pc=0x1804b150c args=[0x7ae90,0x100000100,0x0,0x0,0x0,0xa0,0x0,0x1]
[trap] num=305 (0x131) pc=0x1804b150c args=[0x7ae60,0x100000100,0x0,0x0,0x0,0xa0,0x0,0x1]
[trap] num=305 (0x131) pc=0x1804b150c args=[0x7ad58,0x100000100,0x0,0x0,0x0,0xa0,0x0,0x1]
[trap] num=305 (0x131) pc=0x1804b150c args=[0x7ad28,0x80100000900,0x800,0x0,0x0,0xa0,0x0,0x1]
[trap] num=363 (0x16b) pc=0x1804b3fc4 args=[0x4,0x27f7660,0x0,0x27f7660,0x400,0x27f7650,0x0,0x1]
[trap] num=399 (0x18f) pc=0x1804af584 args=[0x7,0x7a858,0x1,0x27f7660,0x400,0x27f7650,0x0,0x1]
[trap] num=399 (0x18f) pc=0x1804af584 args=[0x4,0x7a858,0x1,0x27f7660,0x400,0x27f7650,0x0,0x1]
[trap] num=305 (0x131) pc=0x1804b150c args=[0x7aab8,0x100000100,0x0,0x0,0x0,0xa0,0x0,0x1]
[trap] num=339 (0x153) pc=0x1804bc288 args=[0x0,0x27ff650,0x60,0xfffff0007fc00000,0x701043400,0x10100000100,0x0,0x1]
[trap] num=92 (0x5c) pc=0x1804ae8c4 args=[0x0,0x3,0x238c,0xfffff0007fc00000,0x701043400,0x10100000100,0x0,0x1]
[trap] num=339 (0x153) pc=0x1804bc288 args=[0x1,0x27ff650,0x238c,0xfffff0007fc00000,0x701043400,0x10100000100,0x0,0x1]
[trap] num=92 (0x5c) pc=0x1804ae8c4 args=[0x1,0x3,0x238c,0xfffff0007fc00000,0x701043400,0x10100000100,0x0,0x1]
[trap] num=339 (0x153) pc=0x1804bc288 args=[0x2,0x27ff650,0x238c,0xfffff0007fc00000,0x701043400,0x10100000100,0x0,0x1]
[trap] num=92 (0x5c) pc=0x1804ae8c4 args=[0x2,0x3,0x238c,0xfffff0007fc00000,0x701043400,0x10100000100,0x0,0x1]
[trap] num=75 (0x4b) pc=0x1804b09b0 args=[0x700800000,0xc000,0x7,0x0,0x0,0x0,0xffffffffbfc007ff,0xfffff0003ffff800]
[trap] num=-47 (0xffffffffffffffd1) pc=0x1804adc34 args=[0x27ff6b0,0x200000003,0x2880001513,0x170300000203,0xd5b00000000,0x170300000001,0x2c,0x0]
[mach_msg2] msgh_id=3419 dest=0x203 reply=0x1703 options=0x200000003 bits=0x80001513 send_size=40 rcv_size=44
  send+000: 13 15 00 80 28 00 00 00 03 02 00 00 03 17 00 00
  send+010: 00 00 00 00 5b 0d 00 00 01 00 00 00 03 13 00 00
  send+020: 00 00 00 00 00 00 11 00
[retrace] forwarding mach_msg2 semaphore_destroy (msgh_id 3419) to host (decided allowlist)
[mach_msg2] host ret=0x0 err=false
  reply@0x27ff6b0+000: 00 12 00 00 24 00 00 00 00 00 00 00 03 17 00 00
  reply@0x27ff6b0+010: 00 00 00 00 bf 0d 00 00 00 00 00 00 01 00 00 00
  reply@0x27ff6b0+020: 00 00 00 00 00 00 00 00 08 00 00 00 0a 00 00 00
  reply@0x27ff6b0+030: 50 1f 70 ec 01 00 00 00 58 00 e2 09 0a 00 00 00
  reply@0x27ff6b0+040: 00 f7 7f 02 00 00 00 00 58 22 d1 0b 0a 00 00 00
  reply@0x27ff6b0+050: 20 f7 7f 02 00 00 00 00 00 50 0b 08 0a 00 00 00
  reply@0x27ff6b0+060: 50 1f 70 ec 01 00 00 00 00 00 00 00 00 00 00 00
  reply@0x27ff6b0+070: 90 f7 7f 02 00 00 00 00 f4 77 3a 80 01 00 00 00
  reply@0x27ff6b0+080: 60 53 44 ec 01 00 00 00 00 00 00 00 00 00 00 00
  reply@0x27ff6b0+090: 00 00 00 00 00 00 00 00 00 00 00 00 00 00 00 00
  reply@0x27ff6b0+0a0: 70 b6 6f ec 01 00 00 00 30 fa 7f 02 00 00 00 00
  reply@0x27ff6b0+0b0: a0 41 44 ec 01 00 00 00 00 00 00 00 00 00 00 00
  reply@0x27ff6b0+0c0: 00 00 00 00 00 00 00 00 58 40 44 ec 01 00 00 00
  reply@0x27ff6b0+0d0: 60 53 44 ec 01 00 00 00 00 00 00 00 00 00 00 00
  reply@0x27ff6b0+0e0: b0 f7 7f 02 00 00 00 00 f4 75 3a 80 01 00 00 00
  reply@0x27ff6b0+0f0: 60 53 44 ec 01 00 00 00 00 00 00 00 00 00 00 00
[trap] num=399 (0x18f) pc=0x1804af584 args=[0x5,0x13b8,0x13b8,0x1f,0x73c00,0x170300000001,0x2c,0x0]
[trap] num=399 (0x18f) pc=0x1804af584 args=[0x6,0x13b8,0x13b8,0x1f,0x73c00,0x170300000001,0x2c,0x0]
[trap] num=1 (0x1) pc=0x1804b5584 args=[0x0,0x1,0x120a8,0x1ec701508,0x1803a78bc,0x170300000001,0x2c,0x0]
[retrace] fall-throughs: 5
