[trap] num=-28 (0xffffffffffffffe4) pc=0x140001654 args=[0x27ffa68,0x8,0x1400e0090,0x27ff50f,0x27ff658,0x1400647cc,0x0,0x0]
[trap] num=-26 (0xffffffffffffffe6) pc=0x14000163c args=[0x203,0x8,0x1400e0090,0x27ff50f,0x27ff658,0x1400647cc,0x0,0x0]
[trap] num=372 (0x174) pc=0x140004b14 args=[0x0,0x8,0x1400e0090,0x27ff50f,0x27ff658,0x1400647cc,0x0,0x0]
[trap] num=2147483648 (0x80000000) pc=0x14008194c args=[0x1400b9ee0,0x8,0x1400e0090,0x2,0x27ff658,0x1400647cc,0x0,0x0]
[retrace warn] dyld __mac_syscall(Sandbox) synthesized as success/unsandboxed (not forwarded; host would fault)
[trap] num=38 (0x26) pc=0x1400815a0 args=[0x0,0x0,0x0,0x27ff708,0x0,0x1400647cc,0x0,0x0]
[trap] num=-14 (0xfffffffffffffff2) pc=0x1400015b8 args=[0x203,0x1400bc000,0x200f0,0x0,0x3,0x1400647cc,0x0,0x0]
[trap] num=483 (0x1e3) pc=0x140004e08 args=[0x0,0x27ff6cc,0x4,0x0,0x3,0x1400647cc,0x0,0x0]
[trap] num=38 (0x26) pc=0x1400815a0 args=[0x0,0x0,0x0,0x27ff688,0x0,0x1400647cc,0x0,0x0]
[trap] num=-14 (0xfffffffffffffff2) pc=0x1400015b8 args=[0x203,0x1400bc000,0x200f0,0x0,0x1,0x1400bc0f0,0x20000,0x0]
[trap] num=-14 (0xfffffffffffffff2) pc=0x1400015b8 args=[0x203,0x1400bc000,0x200f0,0x0,0x3,0x1400bc0f0,0x20000,0x0]
[trap] num=-14 (0xfffffffffffffff2) pc=0x1400015b8 args=[0x203,0x1400bc000,0x200f0,0x0,0x1,0x74,0x20000,0xec0]
[trap] num=294 (0x126) pc=0x1400062f8 args=[0x27ffa30,0x27ffa30,0x27ffa20,0x27ffa30,0x27ffac0,0x74,0x20000,0xec0]
[trap] num=-14 (0xfffffffffffffff2) pc=0x1400015b8 args=[0x203,0x1400bc000,0x200f0,0x0,0x3,0x74,0x20000,0xec0]
[trap] num=-15 (0xfffffffffffffff1) pc=0x1400015c4 args=[0x203,0x27feeb0,0x20000,0x3fff,0x3c000001,0x3,0x0,0x0]
[trap] num=20 (0x14) pc=0x140004f48 args=[0x0,0x3,0xd09b4c4694c,0x2,0x1,0x27ff600,0x65,0x0]
[trap] num=-12 (0xfffffffffffffff4) pc=0x1400015a0 args=[0x203,0x100014000,0x20000,0x0,0x0,0x0,0x0,0x0]
[trap] num=-14 (0xfffffffffffffff2) pc=0x1400015b8 args=[0x203,0x1400bc000,0x200f0,0x0,0x1,0x0,0x0,0x0]
[trap] num=38 (0x26) pc=0x1400815a0 args=[0x0,0x0,0x0,0x27ff818,0x1,0x0,0x0,0x0]
[trap] num=483 (0x1e3) pc=0x140004e08 args=[0x0,0x27ff82c,0x4,0x27ff898,0x1,0x0,0x0,0x0]
[trap] num=-14 (0xfffffffffffffff2) pc=0x1400015b8 args=[0x203,0x1400bc000,0x200f0,0x0,0x3,0x0,0x0,0x0]
[trap] num=-15 (0xfffffffffffffff1) pc=0x1400015c4 args=[0x203,0x27feeb0,0x20000,0x3fff,0x3c000001,0x3,0x0,0x0]
[trap] num=-12 (0xfffffffffffffff4) pc=0x1400015a0 args=[0x203,0x100014000,0x20000,0x0,0x0,0x0,0x0,0x0]
[trap] num=-14 (0xfffffffffffffff2) pc=0x1400015b8 args=[0x203,0x1400bc000,0x200f0,0x0,0x1,0x0,0x0,0x0]
[trap] num=336 (0x150) pc=0x14000600c args=[0xf,0x8833,0x0,0x0,0x1ec6f7f80,0x170,0x0,0x0]
[trap] num=-28 (0xffffffffffffffe4) pc=0x180115654 args=[0x1,0x0,0x0,0x0,0x0,0x0,0x0,0x0]
[trap] num=-26 (0xffffffffffffffe6) pc=0x18011563c args=[0x203,0x0,0x0,0x0,0x0,0x0,0x0,0x0]
[trap] num=372 (0x174) pc=0x180118b14 args=[0x0,0x0,0x0,0x0,0x0,0x0,0x0,0x0]
[trap] num=2147483648 (0x80000000) pc=0x18019594c args=[0x1ec6f9e60,0x0,0x0,0x2,0x0,0x0,0x0,0x0]
[retrace warn] dyld __mac_syscall(Sandbox) synthesized as success/unsandboxed (not forwarded; host would fault)
[trap] num=38 (0x26) pc=0x1801955a0 args=[0x0,0x0,0x0,0x27ff708,0x0,0x0,0x0,0x0]
[trap] num=-14 (0xfffffffffffffff2) pc=0x1801155b8 args=[0x203,0x1ec444000,0x24000,0x0,0x13,0x0,0x0,0x0]
[trap] num=483 (0x1e3) pc=0x180118e08 args=[0x0,0x27ff6cc,0x4,0x0,0x13,0x0,0x0,0x0]
[trap] num=38 (0x26) pc=0x1801955a0 args=[0x0,0x0,0x0,0x27ff688,0x0,0x0,0x0,0x0]
[trap] num=-14 (0xfffffffffffffff2) pc=0x1801155b8 args=[0x203,0x1ec444000,0x24000,0x0,0x1,0x1ec444140,0x20000,0x0]
[trap] num=-14 (0xfffffffffffffff2) pc=0x1801155b8 args=[0x203,0x1ec444000,0x24000,0x0,0x13,0x1ec444140,0x20000,0x0]
[trap] num=-14 (0xfffffffffffffff2) pc=0x1801155b8 args=[0x203,0x1ec444000,0x24000,0x0,0x1,0x74,0x20000,0xec0]
[trap] num=294 (0x126) pc=0x18011a2f8 args=[0x27ffa30,0x27ffa30,0x27ffa20,0x27ffa30,0x27ffac0,0x74,0x20000,0xec0]
[trap] num=-19 (0xffffffffffffffed) pc=0x1801155e8 args=[0x203,0x203,0x0,0xffffffff,0x27ffac0,0x74,0x20000,0xec0]
[trap] num=-14 (0xfffffffffffffff2) pc=0x1801155b8 args=[0x203,0x1ec444000,0x24000,0x0,0x3,0x74,0x20000,0xec0]
[trap] num=-15 (0xfffffffffffffff1) pc=0x1801155c4 args=[0x203,0x27feeb0,0x20000,0x3fff,0x3c000001,0x3,0x0,0x0]
[trap] num=20 (0x14) pc=0x180118f48 args=[0x0,0x3,0xd09b4c5d14c,0x2,0x1,0x27ff600,0x65,0x0]
[trap] num=-12 (0xfffffffffffffff4) pc=0x1801155a0 args=[0x203,0x100014000,0x20000,0x0,0x0,0x0,0x0,0x0]
[trap] num=-14 (0xfffffffffffffff2) pc=0x1801155b8 args=[0x203,0x1ec444000,0x24000,0x0,0x1,0x0,0x0,0x0]
[trap] num=73 (0x49) pc=0x18011823c args=[0x140000000,0xa8000,0x27ff78f,0x2,0x8,0x0,0x0,0x0]
[trap] num=73 (0x49) pc=0x18011823c args=[0x1400a8000,0x4000,0x27ff78f,0x2,0x8,0x0,0x0,0x0]
[trap] num=73 (0x49) pc=0x18011823c args=[0x1400ac000,0x8000,0x27ff78f,0x2,0x8,0x0,0x0,0x0]
[trap] num=73 (0x49) pc=0x18011823c args=[0x1400b4000,0x4000,0x27ff78f,0x2,0x8,0x0,0x0,0x0]
[trap] num=73 (0x49) pc=0x18011823c args=[0x1400bc000,0x24000,0x27ff78f,0x2,0x8,0x0,0x0,0x0]
[trap] num=73 (0x49) pc=0x18011823c args=[0x1400e0000,0x60000,0x27ff78f,0x2,0x8,0x0,0x0,0x0]
[trap] num=-14 (0xfffffffffffffff2) pc=0x1801155b8 args=[0x203,0x1ec444000,0x24000,0x0,0x3,0x0,0x0,0x0]
[trap] num=38 (0x26) pc=0x1801955a0 args=[0x0,0x0,0x0,0x27ff348,0x1,0x0,0x0,0x0]
[trap] num=5 (0x5) pc=0x180119f50 args=[0x27fff9a,0x0,0x0,0x0,0x1,0x0,0x0,0x0]
[trap] num=92 (0x5c) pc=0x1801180d8 args=[0x3,0x32,0x27fef48,0x0,0x1,0x0,0x0,0x0]
[trap] num=6 (0x6) pc=0x180116750 args=[0x3,0x32,0x27fef48,0x0,0x1,0x0,0x0,0x0]
[trap] num=483 (0x1e3) pc=0x180118e08 args=[0x0,0x27ff35c,0x4,0x21,0x6e,0x4d,0x0,0x0]
[trap] num=381 (0x17d) pc=0x180119ecc args=[0x1801b7eb4,0x2,0x27ff280,0xa,0x73,0x69,0x0,0x0]
[trap] num=483 (0x1e3) pc=0x180118e08 args=[0x0,0x27ff36c,0x4,0x2d,0x6e,0x41,0x0,0x90]
[trap] num=202 (0xca) pc=0x18011a37c args=[0x27ff320,0x2,0x27ff2e8,0x27ff2e0,0x1801ab70b,0x20,0x0,0x90]
[trap] num=202 (0xca) pc=0x18011a37c args=[0x27ff2e8,0x3,0x27ff37c,0x27ff370,0x0,0x0,0x0,0x90]
[trap] num=381 (0x17d) pc=0x180119ecc args=[0x1801b4bf1,0x5a,0x27ff300,0xa,0x0,0x0,0x0,0x90]
[trap] num=202 (0xca) pc=0x18011a37c args=[0x27fe570,0x2,0x27fe538,0x27fe530,0x1801b698e,0xd,0x1ec444ed0,0x90]
[trap] num=202 (0xca) pc=0x18011a37c args=[0x27fe538,0x2,0x27fe5e8,0x27fe5e0,0x0,0x0,0x1ec444ed0,0x90]
[trap] num=5 (0x5) pc=0x180119f50 args=[0x1801aaaf1,0x20100000,0x0,0xfffffffffffffff0,0x0,0x72,0x0,0x80]
[trap] num=463 (0x1cf) pc=0x180119f7c args=[0x3,0x1801b4c4b,0x100000,0x0,0x0,0x72,0x0,0x80]
[trap] num=41 (0x29) pc=0x18011a484 args=[0x4,0x1801b625c,0x100000,0x0,0x0,0x72,0x0,0x80]
[trap] num=470 (0x1d6) pc=0x18011a5e4 args=[0x4,0x27fe0c1,0x27fe030,0x0,0x27fe140,0x72,0x0,0x80]
[trap] num=463 (0x1cf) pc=0x180119f7c args=[0x4,0x27fe0c1,0x100000,0x0,0x27fe140,0x72,0x0,0x80]
[trap] num=92 (0x5c) pc=0x1801180d8 args=[0x6,0x32,0x27fe0c0,0x0,0x27fe140,0x72,0x0,0x80]
[trap] num=41 (0x29) pc=0x18011a484 args=[0x6,0x1801b6e25,0x27fef50,0x0,0x27fe140,0x72,0x0,0x80]
[trap] num=41 (0x29) pc=0x18011a484 args=[0x5,0x1801b6e25,0x27fef50,0x0,0x27fe140,0x72,0x0,0x80]
[trap] num=6 (0x6) pc=0x180116750 args=[0x3,0x1801b6cb4,0x27fef50,0x0,0x27fe140,0x72,0x0,0x80]
[trap] num=6 (0x6) pc=0x180116750 args=[0x5,0x1801b6cf2,0x27fef50,0x0,0x27fe140,0x72,0x0,0x80]
[trap] num=6 (0x6) pc=0x180116750 args=[0x4,0x1801b6d1f,0x27fef50,0x0,0x27fe140,0x72,0x0,0x80]
[trap] num=6 (0x6) pc=0x180116750 args=[0x6,0x1801b6d4a,0x27fef50,0x0,0x27fe140,0x72,0x0,0x80]
[trap] num=381 (0x17d) pc=0x180119ecc args=[0x1801b7eb4,0x2,0x27fedd0,0xa,0x73,0x69,0x0,0x80]
[trap] num=294 (0x126) pc=0x18011a2f8 args=[0x27fee18,0x27feee8,0x27feee8,0x27fef14,0x73,0x69,0x0,0x80]
[trap] num=-14 (0xfffffffffffffff2) pc=0x1801155b8 args=[0x203,0x1ec444000,0x24000,0x0,0x3,0x0,0x0,0x5c0]
[trap] num=427 (0x1ab) pc=0x18011a5b8 args=[0x27fef80,0x400,0x27fef04,0x748e8,0x3,0x0,0x0,0x5c0]
[trap] num=92 (0x5c) pc=0x1801180d8 args=[0x8,0x32,0x27fef80,0x1ec445222,0xfffffffe163b9d70,0x10,0x0,0x5c0]
[trap] num=6 (0x6) pc=0x180116750 args=[0x8,0x1801b6a74,0x4,0x180115e30,0x1,0x10,0x0,0x5c0]
[trap] num=6 (0x6) pc=0x180116750 args=[0x7,0x1801b6a98,0x4,0x180115e30,0x1,0x10,0x0,0x5c0]
[trap] num=338 (0x152) pc=0x180116c48 args=[0x1ec4451d0,0x27feaa0,0x1ec4451d0,0x27feb98,0x27febc0,0x27feba0,0x0,0x27febc8]
[trap] num=5 (0x5) pc=0x180119f50 args=[0x1ec4451d0,0x0,0x0,0x27feb98,0x27febc0,0x27feba0,0x0,0x27febc8]
[trap] num=197 (0xc5) pc=0x180119190 args=[0x0,0x10b20,0x1,0x40002,0x3,0x0,0x0,0x27febc8]
[trap] num=92 (0x5c) pc=0x1801180d8 args=[0x3,0x32,0x27febc8,0x40002,0x3,0x0,0x0,0x27febc8]
[trap] num=73 (0x49) pc=0x18011823c args=[0xa00000000,0x10b20,0x10b20,0x0,0x27feba0,0x27febc8,0x3,0x27febc8]
[trap] num=6 (0x6) pc=0x180116750 args=[0x3,0x10b20,0x10b20,0x0,0x27feba0,0x27febc8,0x3,0x27febc8]
[trap] num=338 (0x152) pc=0x180116c48 args=[0x1ec4451d0,0x27ff020,0x27ff0e0,0x0,0x27feba0,0x27febc8,0x3,0x27febc8]
[trap] num=5 (0x5) pc=0x180119f50 args=[0x100000350,0x0,0x0,0x100000350,0x40,0x2f,0x27fef2f,0x6d0]
[trap] num=5 (0x5) pc=0x180119f50 args=[0x27fdf98,0x100000,0x0,0x27fdfb1,0x40,0x2f,0x0,0x6d0]
[trap] num=338 (0x152) pc=0x180116c48 args=[0x27fe110,0x27fde10,0x27fdf10,0x27fdef8,0x27fe11a,0x1801ac864,0x0,0x160]
[trap] num=-10 (0xfffffffffffffff6) pc=0x180115588 args=[0x203,0x27fddd0,0x4000,0x3c000001,0x27fe11a,0x1801ac864,0x0,0x160]
[trap] num=338 (0x152) pc=0x180116c48 args=[0x27fe110,0x27fde10,0x27fdf10,0x27fdef8,0x27fe11a,0x1801ac864,0x0,0x160]
[trap] num=338 (0x152) pc=0x180116c48 args=[0x27fe110,0x27fd720,0x27fe110,0x27fd8b4,0x27fd8a8,0x27fd880,0x0,0x27fd9f0]
[trap] num=5 (0x5) pc=0x180119f50 args=[0x27fe110,0x0,0x0,0x27fd8b4,0x27fd8a8,0x27fd880,0x0,0x27fd9f0]
[trap] num=197 (0xc5) pc=0x180119190 args=[0x0,0x3ea9050,0x1,0x40002,0x3,0x0,0x0,0x27fd9f0]
[trap] num=92 (0x5c) pc=0x1801180d8 args=[0x3,0x32,0x27fd9f0,0x40002,0x3,0x0,0x0,0x27fd9f0]
[trap] num=92 (0x5c) pc=0x1801180d8 args=[0x3,0x61,0x27fd770,0x0,0x0,0x0,0x0,0x23b70]
[trap] num=73 (0x49) pc=0x18011823c args=[0xa00018000,0x3ea9050,0x3ea9050,0x0,0x0,0x0,0x0,0x0]
[trap] num=197 (0xc5) pc=0x180119190 args=[0x0,0x3ea9050,0x1,0x40002,0x3,0x0,0x0,0x0]
[trap] num=339 (0x153) pc=0x1801195b8 args=[0x3,0x27fcff0,0x27fcff0,0x27fd9f0,0x27fd98c,0x27fd920,0x0,0x27fd7c0]
[trap] num=153 (0x99) pc=0x180117f04 args=[0x3,0x27fd05c,0x1c,0x0,0x0,0x27fd920,0x0,0x27fd7c0]
[trap] num=153 (0x99) pc=0x180117f04 args=[0x3,0x27fc150,0xef8,0x0,0x0,0x27fd920,0x0,0x27fd7c0]
[trap] num=92 (0x5c) pc=0x1801180d8 args=[0x3,0x61,0x27fd040,0x0,0x0,0x0,0x0,0x23b70]
[trap] num=92 (0x5c) pc=0x1801180d8 args=[0x3,0x62,0x27fd168,0x27fd168,0x0,0x0,0x0,0x0]
[trap] num=-10 (0xfffffffffffffff6) pc=0x180115588 args=[0x203,0x27fd060,0x3edc000,0x1,0x0,0x0,0x0,0x0]
[trap] num=197 (0xc5) pc=0x180119190 args=[0xa07d70000,0x1f78000,0x5,0x40012,0x3,0x0,0x0,0x0]
[trap] num=197 (0xc5) pc=0x180119190 args=[0xa09ce8000,0xe8000,0x3,0x40012,0x3,0x1f78000,0x1f78000,0x0]
[trap] num=197 (0xc5) pc=0x180119190 args=[0xa09dd0000,0x24000,0x3,0x40012,0x3,0x2060000,0x2060000,0x0]
[trap] num=197 (0xc5) pc=0x180119190 args=[0xa09e24000,0x1e28000,0x1,0x40012,0x3,0x2084000,0x2084000,0x0]
[trap] num=73 (0x49) pc=0x18011823c args=[0xa03ec4000,0x3ea9050,0x3ea9050,0xfffffffffffffffa,0x6f,0x75,0x0,0x600]
[trap] num=6 (0x6) pc=0x180116750 args=[0x3,0x3ea9050,0x3ea9050,0xfffffffffffffffa,0x6f,0x75,0x0,0x600]
[trap] num=-12 (0xfffffffffffffff4) pc=0x1801155a0 args=[0x203,0xa00014000,0x4000,0xfffffffffffffffa,0x6f,0x75,0x0,0x600]
[trap] num=338 (0x152) pc=0x180116c48 args=[0x100000388,0x27fdf20,0x27fe020,0x27fe008,0x75,0x6f,0x27fe768,0x900]
[trap] num=-10 (0xfffffffffffffff6) pc=0x180115588 args=[0x203,0x27fdee0,0x4000,0x3c000001,0x75,0x6f,0x27fe768,0x900]
[trap] num=338 (0x152) pc=0x180116c48 args=[0x27fe540,0x27fded0,0x27fdfd0,0x27fdfb8,0x27fe554,0x1ec445294,0x0,0x900]
[trap] num=-12 (0xfffffffffffffff4) pc=0x1801155a0 args=[0x203,0xa0bc4c000,0x4000,0x1a0500,0x0,0x0,0x0,0xbc0]
[trap] num=5 (0x5) pc=0x180119f50 args=[0x1000003b8,0x0,0x0,0x1000003b8,0x2f,0x40,0x27fef2f,0x770]
[trap] num=92 (0x5c) pc=0x1801180d8 args=[0x3,0x32,0x27fe3e8,0x1000003b8,0x2f,0x40,0x27fef2f,0x770]
[trap] num=6 (0x6) pc=0x180116750 args=[0x3,0x32,0x27fe3e8,0x1000003b8,0x2f,0x40,0x27fef2f,0x770]
[trap] num=338 (0x152) pc=0x180116c48 args=[0x1000003b8,0x27fdf20,0x27fe020,0x27fe008,0x1000003c2,0x1801ac864,0x27fe768,0x770]
[trap] num=338 (0x152) pc=0x180116c48 args=[0x1000003b8,0x27fd830,0x1000003b8,0x27fd9c4,0x27fd9b8,0x27fd990,0x0,0x27fdb00]
[trap] num=5 (0x5) pc=0x180119f50 args=[0x1000003b8,0x0,0x0,0x27fd9c4,0x27fd9b8,0x27fd990,0x0,0x27fdb00]
[trap] num=197 (0xc5) pc=0x180119190 args=[0x0,0x17320,0x1,0x40002,0x3,0x0,0x0,0x27fdb00]
[trap] num=92 (0x5c) pc=0x1801180d8 args=[0x3,0x32,0x27fdb00,0x40002,0x3,0x0,0x0,0x27fdb00]
[trap] num=92 (0x5c) pc=0x1801180d8 args=[0x3,0x61,0x27fd880,0x0,0x0,0x0,0x0,0x47d0]
[trap] num=73 (0x49) pc=0x18011823c args=[0xa0bc50000,0x17320,0x17320,0x0,0x0,0x0,0x0,0x0]
[trap] num=197 (0xc5) pc=0x180119190 args=[0x0,0x17320,0x1,0x40002,0x3,0x0,0x0,0x0]
[trap] num=339 (0x153) pc=0x1801195b8 args=[0x3,0x27fd120,0x27fd120,0x27fdb00,0x27fda9c,0x27fda30,0x0,0x27fd8d0]
[trap] num=153 (0x99) pc=0x180117f04 args=[0x3,0x27fd18c,0x1c,0x0,0x0,0x27fda30,0x0,0x27fd8d0]
[trap] num=153 (0x99) pc=0x180117f04 args=[0x3,0x27fccd0,0x4b0,0x0,0x0,0x27fda30,0x0,0x27fd8d0]
[trap] num=92 (0x5c) pc=0x1801180d8 args=[0x3,0x61,0x27fd170,0x0,0x0,0x0,0x0,0x47d0]
[trap] num=92 (0x5c) pc=0x1801180d8 args=[0x3,0x62,0x27fd298,0x27fd298,0x0,0x0,0x0,0x0]
[trap] num=-10 (0xfffffffffffffff6) pc=0x180115588 args=[0x203,0x27fd190,0x18000,0x1,0x0,0x0,0x0,0x0]
[trap] num=197 (0xc5) pc=0x180119190 args=[0xa0bc80000,0xc000,0x5,0x40012,0x3,0x0,0x0,0x0]
[trap] num=197 (0xc5) pc=0x180119190 args=[0xa0bc8c000,0x4000,0x3,0x40012,0x3,0xc000,0xc000,0x0]
[trap] num=197 (0xc5) pc=0x180119190 args=[0xa0bc90000,0x8000,0x1,0x40012,0x3,0x10000,0x10000,0x0]
[trap] num=73 (0x49) pc=0x18011823c args=[0xa0bc68000,0x17320,0x17320,0xfffffffffffffff1,0x6f,0x75,0x0,0x940]
[trap] num=6 (0x6) pc=0x180116750 args=[0x3,0x17320,0x17320,0xfffffffffffffff1,0x6f,0x75,0x0,0x940]
[trap] num=5 (0x5) pc=0x180119f50 args=[0x100000408,0x0,0x0,0x100000408,0x2f,0x40,0x27fef2f,0xcb0]
[trap] num=92 (0x5c) pc=0x1801180d8 args=[0x3,0x32,0x27fe3e8,0x100000408,0x2f,0x40,0x27fef2f,0xcb0]
[trap] num=6 (0x6) pc=0x180116750 args=[0x3,0x32,0x27fe3e8,0x100000408,0x2f,0x40,0x27fef2f,0xcb0]
[trap] num=338 (0x152) pc=0x180116c48 args=[0x100000408,0x27fdf20,0x27fe020,0x27fe008,0x100000412,0x1801ac864,0x27fe768,0xcb0]
[trap] num=338 (0x152) pc=0x180116c48 args=[0x100000408,0x27fd830,0x100000408,0x27fd9c4,0x27fd9b8,0x27fd990,0x0,0x27fdb00]
[trap] num=5 (0x5) pc=0x180119f50 args=[0x100000408,0x0,0x0,0x27fd9c4,0x27fd9b8,0x27fd990,0x0,0x27fdb00]
[trap] num=197 (0xc5) pc=0x180119190 args=[0x0,0x325f0,0x1,0x40002,0x3,0x0,0x0,0x27fdb00]
[trap] num=92 (0x5c) pc=0x1801180d8 args=[0x3,0x32,0x27fdb00,0x40002,0x3,0x0,0x0,0x27fdb00]
[trap] num=92 (0x5c) pc=0x1801180d8 args=[0x3,0x61,0x27fd880,0x0,0x0,0x0,0x0,0x48b0]
[trap] num=73 (0x49) pc=0x18011823c args=[0xa0bc98000,0x325f0,0x325f0,0x0,0x0,0x0,0x0,0x0]
[trap] num=197 (0xc5) pc=0x180119190 args=[0x0,0x325f0,0x1,0x40002,0x3,0x0,0x0,0x0]
[trap] num=339 (0x153) pc=0x1801195b8 args=[0x3,0x27fd100,0x27fd100,0x27fdb00,0x27fda9c,0x27fda30,0x0,0x27fd8d0]
[trap] num=153 (0x99) pc=0x180117f04 args=[0x3,0x27fd16c,0x1c,0x0,0x0,0x27fda30,0x0,0x27fd8d0]
[trap] num=153 (0x99) pc=0x180117f04 args=[0x3,0x27fcb80,0x5e0,0x0,0x0,0x27fda30,0x0,0x27fd8d0]
[trap] num=92 (0x5c) pc=0x1801180d8 args=[0x3,0x61,0x27fd150,0x0,0x0,0x0,0x0,0x48b0]
[trap] num=92 (0x5c) pc=0x1801180d8 args=[0x3,0x62,0x27fd278,0x27fd278,0x0,0x0,0x0,0x0]
[trap] num=-10 (0xfffffffffffffff6) pc=0x180115588 args=[0x203,0x27fd170,0x34000,0x1,0x0,0x0,0x0,0x0]
[trap] num=197 (0xc5) pc=0x180119190 args=[0xa0bd00000,0x1c000,0x5,0x40012,0x3,0x0,0x0,0x0]
[trap] num=197 (0xc5) pc=0x180119190 args=[0xa0bd1c000,0x4000,0x3,0x40012,0x3,0x1c000,0x1c000,0x0]
[trap] num=197 (0xc5) pc=0x180119190 args=[0xa0bd20000,0x4000,0x3,0x40012,0x3,0x20000,0x20000,0x0]
[trap] num=197 (0xc5) pc=0x180119190 args=[0xa0bd24000,0x10000,0x1,0x40012,0x3,0x24000,0x24000,0x0]
[trap] num=73 (0x49) pc=0x18011823c args=[0xa0bccc000,0x325f0,0x325f0,0xfffffffffffffffa,0x6f,0x75,0x62696c79642e30,0x4f0]
[trap] num=6 (0x6) pc=0x180116750 args=[0x3,0x325f0,0x325f0,0xfffffffffffffffa,0x6f,0x75,0x62696c79642e30,0x4f0]
[trap] num=5 (0x5) pc=0x180119f50 args=[0x100000450,0x0,0x0,0x100000450,0x2f,0x40,0x27fef2f,0x6d0]
[trap] num=92 (0x5c) pc=0x1801180d8 args=[0x3,0x32,0x27fe3e8,0x100000450,0x2f,0x40,0x27fef2f,0x6d0]
[trap] num=6 (0x6) pc=0x180116750 args=[0x3,0x32,0x27fe3e8,0x100000450,0x2f,0x40,0x27fef2f,0x6d0]
[trap] num=338 (0x152) pc=0x180116c48 args=[0x100000450,0x27fdf20,0x27fe020,0x27fe008,0x10000045a,0x1801ac864,0x27fe768,0xb70]
[trap] num=338 (0x152) pc=0x180116c48 args=[0x100000450,0x27fd830,0x100000450,0x27fd9c4,0x27fd9b8,0x27fd990,0x0,0x27fdb00]
[trap] num=5 (0x5) pc=0x180119f50 args=[0x100000450,0x0,0x0,0x27fd9c4,0x27fd9b8,0x27fd990,0x0,0x27fdb00]
[trap] num=197 (0xc5) pc=0x180119190 args=[0x0,0x91b70,0x1,0x40002,0x3,0x0,0x0,0x27fdb00]
[trap] num=92 (0x5c) pc=0x1801180d8 args=[0x3,0x32,0x27fdb00,0x40002,0x3,0x0,0x0,0x27fdb00]
[trap] num=92 (0x5c) pc=0x1801180d8 args=[0x3,0x61,0x27fd880,0x0,0x0,0x0,0x0,0x4bb0]
[trap] num=73 (0x49) pc=0x18011823c args=[0xa0bd34000,0x91b70,0x91b70,0x0,0x0,0x0,0x0,0x0]
[trap] num=197 (0xc5) pc=0x180119190 args=[0x0,0x91b70,0x1,0x40002,0x3,0x0,0x0,0x0]
[trap] num=339 (0x153) pc=0x1801195b8 args=[0x3,0x27fd100,0x27fd100,0x27fdb00,0x27fda9c,0x27fda30,0x0,0x27fd8d0]
[trap] num=153 (0x99) pc=0x180117f04 args=[0x3,0x27fd16c,0x1c,0x0,0x0,0x27fda30,0x0,0x27fd8d0]
[trap] num=153 (0x99) pc=0x180117f04 args=[0x3,0x27fca90,0x6d0,0x0,0x0,0x27fda30,0x0,0x27fd8d0]
[trap] num=92 (0x5c) pc=0x1801180d8 args=[0x3,0x61,0x27fd150,0x0,0x0,0x0,0x0,0x4bb0]
[trap] num=92 (0x5c) pc=0x1801180d8 args=[0x3,0x62,0x27fd278,0x27fd278,0x0,0x0,0x0,0x0]
[trap] num=-10 (0xfffffffffffffff6) pc=0x180115588 args=[0x203,0x27fd170,0x94000,0x1,0x0,0x0,0x0,0x0]
[trap] num=197 (0xc5) pc=0x180119190 args=[0xa0be5c000,0x74000,0x5,0x40012,0x3,0x0,0x0,0x0]
[trap] num=197 (0xc5) pc=0x180119190 args=[0xa0bed0000,0x4000,0x3,0x40012,0x3,0x74000,0x74000,0x0]
[trap] num=197 (0xc5) pc=0x180119190 args=[0xa0bed4000,0x4000,0x3,0x40012,0x3,0x78000,0x78000,0x0]
[trap] num=197 (0xc5) pc=0x180119190 args=[0xa0bed8000,0x18000,0x1,0x40012,0x3,0x7c000,0x7c000,0x0]
[trap] num=73 (0x49) pc=0x18011823c args=[0xa0bdc8000,0x91b70,0x91b70,0xfffffffffffffffa,0x6f,0x75,0x0,0x4f0]
[trap] num=6 (0x6) pc=0x180116750 args=[0x3,0x91b70,0x91b70,0xfffffffffffffffa,0x6f,0x75,0x0,0x4f0]
[trap] num=5 (0x5) pc=0x180119f50 args=[0x100000498,0x0,0x0,0x100000498,0x2f,0x40,0x27fef2f,0xe30]
[trap] num=92 (0x5c) pc=0x1801180d8 args=[0x3,0x32,0x27fe3e8,0x100000498,0x2f,0x40,0x27fef2f,0xe30]
[trap] num=6 (0x6) pc=0x180116750 args=[0x3,0x32,0x27fe3e8,0x100000498,0x2f,0x40,0x27fef2f,0xe30]
[trap] num=338 (0x152) pc=0x180116c48 args=[0x100000498,0x27fdf20,0x27fe020,0x27fe008,0x1000004a2,0x1801ac864,0x27fe768,0xe30]
[trap] num=338 (0x152) pc=0x180116c48 args=[0x100000498,0x27fd830,0x100000498,0x27fd9c4,0x27fd9b8,0x27fd990,0x0,0x27fdb00]
[trap] num=5 (0x5) pc=0x180119f50 args=[0x100000498,0x0,0x0,0x27fd9c4,0x27fd9b8,0x27fd990,0x0,0x27fdb00]
[trap] num=197 (0xc5) pc=0x180119190 args=[0x0,0x1b740,0x1,0x40002,0x3,0x0,0x0,0x27fdb00]
[trap] num=92 (0x5c) pc=0x1801180d8 args=[0x3,0x32,0x27fdb00,0x40002,0x3,0x0,0x0,0x27fdb00]
[trap] num=92 (0x5c) pc=0x1801180d8 args=[0x3,0x61,0x27fd880,0x0,0x0,0x0,0x0,0x47f0]
[trap] num=73 (0x49) pc=0x18011823c args=[0xa0bef0000,0x1b740,0x1b740,0x0,0x0,0x0,0x0,0x0]
[trap] num=197 (0xc5) pc=0x180119190 args=[0x0,0x1b740,0x1,0x40002,0x3,0x0,0x0,0x0]
[trap] num=339 (0x153) pc=0x1801195b8 args=[0x3,0x27fd100,0x27fd100,0x27fdb00,0x27fda9c,0x27fda30,0x0,0x27fd8d0]
[trap] num=153 (0x99) pc=0x180117f04 args=[0x3,0x27fd16c,0x1c,0x0,0x0,0x27fda30,0x0,0x27fd8d0]
[trap] num=153 (0x99) pc=0x180117f04 args=[0x3,0x27fcb90,0x5c8,0x0,0x0,0x27fda30,0x0,0x27fd8d0]
[trap] num=92 (0x5c) pc=0x1801180d8 args=[0x3,0x61,0x27fd150,0x0,0x0,0x0,0x0,0x47f0]
[trap] num=92 (0x5c) pc=0x1801180d8 args=[0x3,0x62,0x27fd278,0x27fd278,0x0,0x0,0x0,0x0]
[trap] num=-10 (0xfffffffffffffff6) pc=0x180115588 args=[0x203,0x27fd170,0x20000,0x1,0x0,0x0,0x0,0x0]
[trap] num=197 (0xc5) pc=0x180119190 args=[0xa0bf28000,0x10000,0x5,0x40012,0x3,0x0,0x0,0x0]
[trap] num=197 (0xc5) pc=0x180119190 args=[0xa0bf38000,0x4000,0x3,0x40012,0x3,0x10000,0x10000,0x0]
[trap] num=197 (0xc5) pc=0x180119190 args=[0xa0bf40000,0x8000,0x1,0x40012,0x3,0x14000,0x14000,0x0]
[trap] num=73 (0x49) pc=0x18011823c args=[0xa0bf0c000,0x1b740,0x1b740,0xfffffffffffffffa,0x6f,0x75,0x27fd51f,0x4f0]
[trap] num=6 (0x6) pc=0x180116750 args=[0x3,0x1b740,0x1b740,0xfffffffffffffffa,0x6f,0x75,0x27fd51f,0x4f0]
[trap] num=5 (0x5) pc=0x180119f50 args=[0x1000004e8,0x0,0x0,0x1000004e8,0x2f,0x40,0x27fef2f,0xc00]
[trap] num=92 (0x5c) pc=0x1801180d8 args=[0x3,0x32,0x27fe3e8,0x1000004e8,0x2f,0x40,0x27fef2f,0xc00]
[trap] num=6 (0x6) pc=0x180116750 args=[0x3,0x32,0x27fe3e8,0x1000004e8,0x2f,0x40,0x27fef2f,0xc00]
[trap] num=338 (0x152) pc=0x180116c48 args=[0x1000004e8,0x27fdf20,0x27fe020,0x27fe008,0x1000004f2,0x1801ac864,0x27fe768,0xc00]
[trap] num=338 (0x152) pc=0x180116c48 args=[0x1000004e8,0x27fd830,0x1000004e8,0x27fd9c4,0x27fd9b8,0x27fd990,0x0,0x27fdb00]
[trap] num=5 (0x5) pc=0x180119f50 args=[0x1000004e8,0x0,0x0,0x27fd9c4,0x27fd9b8,0x27fd990,0x0,0x27fdb00]
[trap] num=197 (0xc5) pc=0x180119190 args=[0x0,0x156b0,0x1,0x40002,0x3,0x0,0x0,0x27fdb00]
[trap] num=92 (0x5c) pc=0x1801180d8 args=[0x3,0x32,0x27fdb00,0x40002,0x3,0x0,0x0,0x27fdb00]
[trap] num=92 (0x5c) pc=0x1801180d8 args=[0x3,0x61,0x27fd880,0x0,0x0,0x0,0x0,0x47d0]
[trap] num=73 (0x49) pc=0x18011823c args=[0xa0bf48000,0x156b0,0x156b0,0x0,0x0,0x0,0x0,0x0]
[trap] num=197 (0xc5) pc=0x180119190 args=[0x0,0x156b0,0x1,0x40002,0x3,0x0,0x0,0x0]
[trap] num=339 (0x153) pc=0x1801195b8 args=[0x3,0x27fd120,0x27fd120,0x27fdb00,0x27fda9c,0x27fda30,0x0,0x27fd8d0]
[trap] num=153 (0x99) pc=0x180117f04 args=[0x3,0x27fd18c,0x1c,0x0,0x0,0x27fda30,0x0,0x27fd8d0]
[trap] num=153 (0x99) pc=0x180117f04 args=[0x3,0x27fcc70,0x508,0x0,0x0,0x27fda30,0x0,0x27fd8d0]
[trap] num=92 (0x5c) pc=0x1801180d8 args=[0x3,0x61,0x27fd170,0x0,0x0,0x0,0x0,0x47d0]
[trap] num=92 (0x5c) pc=0x1801180d8 args=[0x3,0x62,0x27fd298,0x27fd298,0x0,0x0,0x0,0x0]
[trap] num=-10 (0xfffffffffffffff6) pc=0x180115588 args=[0x203,0x27fd190,0x18000,0x1,0x0,0x0,0x0,0x0]
[trap] num=197 (0xc5) pc=0x180119190 args=[0xa0bf78000,0xc000,0x5,0x40012,0x3,0x0,0x0,0x0]
[trap] num=197 (0xc5) pc=0x180119190 args=[0xa0bf84000,0x4000,0x3,0x40012,0x3,0xc000,0xc000,0x0]
[trap] num=197 (0xc5) pc=0x180119190 args=[0xa0bf88000,0x8000,0x1,0x40012,0x3,0x10000,0x10000,0x0]
[trap] num=73 (0x49) pc=0x18011823c args=[0xa0bf60000,0x156b0,0x156b0,0xfffffffffffffff1,0x6f,0x75,0x0,0x940]
[trap] num=6 (0x6) pc=0x180116750 args=[0x3,0x156b0,0x156b0,0xfffffffffffffff1,0x6f,0x75,0x0,0x940]
[trap] num=5 (0x5) pc=0x180119f50 args=[0x100000538,0x0,0x0,0x100000538,0x2f,0x40,0x27fef2f,0xca0]
[trap] num=92 (0x5c) pc=0x1801180d8 args=[0x3,0x32,0x27fe3e8,0x100000538,0x2f,0x40,0x27fef2f,0xca0]
[trap] num=6 (0x6) pc=0x180116750 args=[0x3,0x32,0x27fe3e8,0x100000538,0x2f,0x40,0x27fef2f,0xca0]
[trap] num=338 (0x152) pc=0x180116c48 args=[0x100000538,0x27fdf20,0x27fe020,0x27fe008,0x100000542,0x1801ac864,0x27fe768,0xca0]
[trap] num=338 (0x152) pc=0x180116c48 args=[0x100000538,0x27fd830,0x100000538,0x27fd9c4,0x27fd9b8,0x27fd990,0x0,0x27fdb00]
[trap] num=5 (0x5) pc=0x180119f50 args=[0x100000538,0x0,0x0,0x27fd9c4,0x27fd9b8,0x27fd990,0x0,0x27fdb00]
[trap] num=197 (0xc5) pc=0x180119190 args=[0x0,0x9f810,0x1,0x40002,0x3,0x0,0x0,0x27fdb00]
[trap] num=92 (0x5c) pc=0x1801180d8 args=[0x3,0x32,0x27fdb00,0x40002,0x3,0x0,0x0,0x27fdb00]
[trap] num=92 (0x5c) pc=0x1801180d8 args=[0x3,0x61,0x27fd880,0x0,0x0,0x0,0x0,0x4c10]
[trap] num=73 (0x49) pc=0x18011823c args=[0xa0bf90000,0x9f810,0x9f810,0x0,0x0,0x0,0x0,0x0]
[trap] num=197 (0xc5) pc=0x180119190 args=[0x0,0x9f810,0x1,0x40002,0x3,0x0,0x0,0x0]
[trap] num=339 (0x153) pc=0x1801195b8 args=[0x3,0x27fd100,0x27fd100,0x27fdb00,0x27fda9c,0x27fda30,0x0,0x27fd8d0]
[trap] num=153 (0x99) pc=0x180117f04 args=[0x3,0x27fd16c,0x1c,0x0,0x0,0x27fda30,0x0,0x27fd8d0]
[trap] num=153 (0x99) pc=0x180117f04 args=[0x3,0x27fcc10,0x550,0x0,0x0,0x27fda30,0x0,0x27fd8d0]
[trap] num=92 (0x5c) pc=0x1801180d8 args=[0x3,0x61,0x27fd150,0x0,0x0,0x0,0x0,0x4c10]
[trap] num=92 (0x5c) pc=0x1801180d8 args=[0x3,0x62,0x27fd278,0x27fd278,0x0,0x0,0x0,0x0]
[trap] num=-10 (0xfffffffffffffff6) pc=0x180115588 args=[0x203,0x27fd170,0xa0000,0x1,0x0,0x0,0x0,0x0]
[trap] num=197 (0xc5) pc=0x180119190 args=[0xa0c0d0000,0x90000,0x5,0x40012,0x3,0x0,0x0,0x0]
[trap] num=197 (0xc5) pc=0x180119190 args=[0xa0c160000,0x4000,0x3,0x40012,0x3,0x90000,0x90000,0x0]
[trap] num=197 (0xc5) pc=0x180119190 args=[0xa0c164000,0x4000,0x3,0x40012,0x3,0x94000,0x94000,0x0]
[trap] num=197 (0xc5) pc=0x180119190 args=[0xa0c168000,0x8000,0x1,0x40012,0x3,0x98000,0x98000,0x0]
[trap] num=73 (0x49) pc=0x18011823c args=[0xa0c030000,0x9f810,0x9f810,0xfffffffffffffffa,0x6f,0x75,0x0,0x4f0]
[trap] num=6 (0x6) pc=0x180116750 args=[0x3,0x9f810,0x9f810,0xfffffffffffffffa,0x6f,0x75,0x0,0x4f0]
[trap] num=5 (0x5) pc=0x180119f50 args=[0x100000588,0x0,0x0,0x100000588,0x2f,0x40,0x27fef2f,0x790]
[trap] num=92 (0x5c) pc=0x1801180d8 args=[0x3,0x32,0x27fe3e8,0x100000588,0x2f,0x40,0x27fef2f,0x790]
[trap] num=6 (0x6) pc=0x180116750 args=[0x3,0x32,0x27fe3e8,0x100000588,0x2f,0x40,0x27fef2f,0x790]
[trap] num=338 (0x152) pc=0x180116c48 args=[0x100000588,0x27fdf20,0x27fe020,0x27fe008,0x100000592,0x1801ac864,0x27fe768,0x790]
[trap] num=338 (0x152) pc=0x180116c48 args=[0x100000588,0x27fd830,0x100000588,0x27fd9c4,0x27fd9b8,0x27fd990,0x0,0x27fdb00]
[trap] num=5 (0x5) pc=0x180119f50 args=[0x100000588,0x0,0x0,0x27fd9c4,0x27fd9b8,0x27fd990,0x0,0x27fdb00]
[trap] num=197 (0xc5) pc=0x180119190 args=[0x0,0x3b700,0x1,0x40002,0x3,0x0,0x0,0x27fdb00]
[trap] num=92 (0x5c) pc=0x1801180d8 args=[0x3,0x32,0x27fdb00,0x40002,0x3,0x0,0x0,0x27fdb00]
[trap] num=92 (0x5c) pc=0x1801180d8 args=[0x3,0x61,0x27fd880,0x0,0x0,0x0,0x0,0x48f0]
[trap] num=73 (0x49) pc=0x18011823c args=[0xa0c170000,0x3b700,0x3b700,0x0,0x0,0x0,0x0,0x0]
[trap] num=197 (0xc5) pc=0x180119190 args=[0x0,0x3b700,0x1,0x40002,0x3,0x0,0x0,0x0]
[trap] num=339 (0x153) pc=0x1801195b8 args=[0x3,0x27fd100,0x27fd100,0x27fdb00,0x27fda9c,0x27fda30,0x0,0x27fd8d0]
[trap] num=153 (0x99) pc=0x180117f04 args=[0x3,0x27fd16c,0x1c,0x0,0x0,0x27fda30,0x0,0x27fd8d0]
[trap] num=153 (0x99) pc=0x180117f04 args=[0x3,0x27fcb70,0x5e8,0x0,0x0,0x27fda30,0x0,0x27fd8d0]
[trap] num=92 (0x5c) pc=0x1801180d8 args=[0x3,0x61,0x27fd150,0x0,0x0,0x0,0x0,0x48f0]
[trap] num=92 (0x5c) pc=0x1801180d8 args=[0x3,0x62,0x27fd278,0x27fd278,0x0,0x0,0x0,0x0]
[trap] num=-10 (0xfffffffffffffff6) pc=0x180115588 args=[0x203,0x27fd170,0x3c000,0x1,0x0,0x0,0x0,0x0]
[trap] num=197 (0xc5) pc=0x180119190 args=[0xa0c1e8000,0x24000,0x5,0x40012,0x3,0x0,0x0,0x0]
[trap] num=197 (0xc5) pc=0x180119190 args=[0xa0c20c000,0x4000,0x3,0x40012,0x3,0x24000,0x24000,0x0]
[trap] num=197 (0xc5) pc=0x180119190 args=[0xa0c210000,0x4000,0x3,0x40012,0x3,0x28000,0x28000,0x0]
[trap] num=197 (0xc5) pc=0x180119190 args=[0xa0c214000,0x10000,0x1,0x40012,0x3,0x2c000,0x2c000,0x0]
[trap] num=73 (0x49) pc=0x18011823c args=[0xa0c1ac000,0x3b700,0x3b700,0xfffffffffffffffa,0x6f,0x75,0x0,0x4f0]
[trap] num=6 (0x6) pc=0x180116750 args=[0x3,0x3b700,0x3b700,0xfffffffffffffffa,0x6f,0x75,0x0,0x4f0]
[trap] num=5 (0x5) pc=0x180119f50 args=[0x1000005d0,0x0,0x0,0x1000005d0,0x2f,0x40,0x27fef2f,0x6d0]
[trap] num=92 (0x5c) pc=0x1801180d8 args=[0x3,0x32,0x27fe3e8,0x1000005d0,0x2f,0x40,0x27fef2f,0x6d0]
[trap] num=6 (0x6) pc=0x180116750 args=[0x3,0x32,0x27fe3e8,0x1000005d0,0x2f,0x40,0x27fef2f,0x6d0]
[trap] num=338 (0x152) pc=0x180116c48 args=[0x1000005d0,0x27fdf20,0x27fe020,0x27fe008,0x1000005da,0x1801ac864,0x27fe768,0xbc0]
[trap] num=338 (0x152) pc=0x180116c48 args=[0x1000005d0,0x27fd830,0x1000005d0,0x27fd9c4,0x27fd9b8,0x27fd990,0x0,0x27fdb00]
[trap] num=5 (0x5) pc=0x180119f50 args=[0x1000005d0,0x0,0x0,0x27fd9c4,0x27fd9b8,0x27fd990,0x0,0x27fdb00]
[trap] num=197 (0xc5) pc=0x180119190 args=[0x0,0x12750,0x1,0x40002,0x3,0x0,0x0,0x27fdb00]
[trap] num=92 (0x5c) pc=0x1801180d8 args=[0x3,0x32,0x27fdb00,0x40002,0x3,0x0,0x0,0x27fdb00]
[trap] num=92 (0x5c) pc=0x1801180d8 args=[0x3,0x61,0x27fd880,0x0,0x0,0x0,0x0,0x47c0]
[trap] num=73 (0x49) pc=0x18011823c args=[0xa0c224000,0x12750,0x12750,0x0,0x0,0x0,0x0,0x0]
[trap] num=197 (0xc5) pc=0x180119190 args=[0x0,0x12750,0x1,0x40002,0x3,0x0,0x0,0x0]
[trap] num=339 (0x153) pc=0x1801195b8 args=[0x3,0x27fd120,0x27fd120,0x27fdb00,0x27fda9c,0x27fda30,0x0,0x27fd8d0]
[trap] num=153 (0x99) pc=0x180117f04 args=[0x3,0x27fd18c,0x1c,0x0,0x0,0x27fda30,0x0,0x27fd8d0]
[trap] num=153 (0x99) pc=0x180117f04 args=[0x3,0x27fcc90,0x4e8,0x0,0x0,0x27fda30,0x0,0x27fd8d0]
[trap] num=92 (0x5c) pc=0x1801180d8 args=[0x3,0x61,0x27fd170,0x0,0x0,0x0,0x0,0x47c0]
[trap] num=92 (0x5c) pc=0x1801180d8 args=[0x3,0x62,0x27fd298,0x27fd298,0x0,0x0,0x0,0x0]
[trap] num=-10 (0xfffffffffffffff6) pc=0x180115588 args=[0x203,0x27fd190,0x14000,0x1,0x0,0x0,0x0,0x0]
[trap] num=197 (0xc5) pc=0x180119190 args=[0xa0c24c000,0x8000,0x5,0x40012,0x3,0x0,0x0,0x0]
[trap] num=197 (0xc5) pc=0x180119190 args=[0xa0c254000,0x4000,0x3,0x40012,0x3,0x8000,0x8000,0x0]
[trap] num=197 (0xc5) pc=0x180119190 args=[0xa0c258000,0x8000,0x1,0x40012,0x3,0xc000,0xc000,0x0]
[trap] num=73 (0x49) pc=0x18011823c args=[0xa0c238000,0x12750,0x12750,0xfffffffffffffff1,0x6f,0x75,0x27fd53f,0x940]
[trap] num=6 (0x6) pc=0x180116750 args=[0x3,0x12750,0x12750,0xfffffffffffffff1,0x6f,0x75,0x27fd53f,0x940]
[trap] num=5 (0x5) pc=0x180119f50 args=[0x100000628,0x0,0x0,0x100000628,0x2f,0x40,0x27fef2f,0xcb0]
[trap] num=92 (0x5c) pc=0x1801180d8 args=[0x3,0x32,0x27fe3e8,0x100000628,0x2f,0x40,0x27fef2f,0xcb0]
[trap] num=6 (0x6) pc=0x180116750 args=[0x3,0x32,0x27fe3e8,0x100000628,0x2f,0x40,0x27fef2f,0xcb0]
[trap] num=338 (0x152) pc=0x180116c48 args=[0x100000628,0x27fdf20,0x27fe020,0x27fe008,0x100000632,0x1801ac864,0x27fe768,0xcb0]
[trap] num=338 (0x152) pc=0x180116c48 args=[0x100000628,0x27fd830,0x100000628,0x27fd9c4,0x27fd9b8,0x27fd990,0x0,0x27fdb00]
[trap] num=5 (0x5) pc=0x180119f50 args=[0x100000628,0x0,0x0,0x27fd9c4,0x27fd9b8,0x27fd990,0x0,0x27fdb00]
[trap] num=197 (0xc5) pc=0x180119190 args=[0x0,0x31140,0x1,0x40002,0x3,0x0,0x0,0x27fdb00]
[trap] num=92 (0x5c) pc=0x1801180d8 args=[0x3,0x32,0x27fdb00,0x40002,0x3,0x0,0x0,0x27fdb00]
[trap] num=92 (0x5c) pc=0x1801180d8 args=[0x3,0x61,0x27fd880,0x0,0x0,0x0,0x0,0x48e0]
[trap] num=73 (0x49) pc=0x18011823c args=[0xa0c260000,0x31140,0x31140,0x0,0x0,0x0,0x0,0x0]
[trap] num=197 (0xc5) pc=0x180119190 args=[0x0,0x31140,0x1,0x40002,0x3,0x0,0x0,0x0]
[trap] num=339 (0x153) pc=0x1801195b8 args=[0x3,0x27fd100,0x27fd100,0x27fdb00,0x27fda9c,0x27fda30,0x0,0x27fd8d0]
[trap] num=153 (0x99) pc=0x180117f04 args=[0x3,0x27fd16c,0x1c,0x0,0x0,0x27fda30,0x0,0x27fd8d0]
[trap] num=153 (0x99) pc=0x180117f04 args=[0x3,0x27fcbc0,0x598,0x0,0x0,0x27fda30,0x0,0x27fd8d0]
[trap] num=92 (0x5c) pc=0x1801180d8 args=[0x3,0x61,0x27fd150,0x0,0x0,0x0,0x0,0x48e0]
[trap] num=92 (0x5c) pc=0x1801180d8 args=[0x3,0x62,0x27fd278,0x27fd278,0x0,0x0,0x0,0x0]
[trap] num=-10 (0xfffffffffffffff6) pc=0x180115588 args=[0x203,0x27fd170,0x34000,0x1,0x0,0x0,0x0,0x0]
[trap] num=197 (0xc5) pc=0x180119190 args=[0xa0c2c8000,0x1c000,0x5,0x40012,0x3,0x0,0x0,0x0]
[trap] num=197 (0xc5) pc=0x180119190 args=[0xa0c2e4000,0x4000,0x3,0x40012,0x3,0x1c000,0x1c000,0x0]
[trap] num=197 (0xc5) pc=0x180119190 args=[0xa0c2e8000,0x4000,0x3,0x40012,0x3,0x20000,0x20000,0x0]
[trap] num=197 (0xc5) pc=0x180119190 args=[0xa0c2ec000,0x10000,0x1,0x40012,0x3,0x24000,0x24000,0x0]
[trap] num=73 (0x49) pc=0x18011823c args=[0xa0c294000,0x31140,0x31140,0xfffffffffffffffa,0x6f,0x75,0x0,0x4f0]
[trap] num=6 (0x6) pc=0x180116750 args=[0x3,0x31140,0x31140,0xfffffffffffffffa,0x6f,0x75,0x0,0x4f0]
[trap] num=5 (0x5) pc=0x180119f50 args=[0x100000678,0x0,0x0,0x100000678,0x2f,0x40,0x27fef2f,0xcb0]
[trap] num=92 (0x5c) pc=0x1801180d8 args=[0x3,0x32,0x27fe3e8,0x100000678,0x2f,0x40,0x27fef2f,0xcb0]
[trap] num=6 (0x6) pc=0x180116750 args=[0x3,0x32,0x27fe3e8,0x100000678,0x2f,0x40,0x27fef2f,0xcb0]
[trap] num=338 (0x152) pc=0x180116c48 args=[0x100000678,0x27fdf20,0x27fe020,0x27fe008,0x100000682,0x1801ac864,0x27fe768,0xcb0]
[trap] num=338 (0x152) pc=0x180116c48 args=[0x100000678,0x27fd830,0x100000678,0x27fd9c4,0x27fd9b8,0x27fd990,0x0,0x27fdb00]
[trap] num=5 (0x5) pc=0x180119f50 args=[0x100000678,0x0,0x0,0x27fd9c4,0x27fd9b8,0x27fd990,0x0,0x27fdb00]
[trap] num=197 (0xc5) pc=0x180119190 args=[0x0,0x30c80,0x1,0x40002,0x3,0x0,0x0,0x27fdb00]
[trap] num=92 (0x5c) pc=0x1801180d8 args=[0x3,0x32,0x27fdb00,0x40002,0x3,0x0,0x0,0x27fdb00]
[trap] num=92 (0x5c) pc=0x1801180d8 args=[0x3,0x61,0x27fd880,0x0,0x0,0x0,0x0,0x48e0]
[trap] num=73 (0x49) pc=0x18011823c args=[0xa0c2fc000,0x30c80,0x30c80,0x0,0x0,0x0,0x0,0x0]
[trap] num=197 (0xc5) pc=0x180119190 args=[0x0,0x30c80,0x1,0x40002,0x3,0x0,0x0,0x0]
[trap] num=339 (0x153) pc=0x1801195b8 args=[0x3,0x27fd100,0x27fd100,0x27fdb00,0x27fda9c,0x27fda30,0x0,0x27fd8d0]
[trap] num=153 (0x99) pc=0x180117f04 args=[0x3,0x27fd16c,0x1c,0x0,0x0,0x27fda30,0x0,0x27fd8d0]
[trap] num=153 (0x99) pc=0x180117f04 args=[0x3,0x27fcc10,0x548,0x0,0x0,0x27fda30,0x0,0x27fd8d0]
[trap] num=92 (0x5c) pc=0x1801180d8 args=[0x3,0x61,0x27fd150,0x0,0x0,0x0,0x0,0x48e0]
[trap] num=92 (0x5c) pc=0x1801180d8 args=[0x3,0x62,0x27fd278,0x27fd278,0x0,0x0,0x0,0x0]
[trap] num=-10 (0xfffffffffffffff6) pc=0x180115588 args=[0x203,0x27fd170,0x34000,0x1,0x0,0x0,0x0,0x0]
[trap] num=197 (0xc5) pc=0x180119190 args=[0xa0c364000,0x1c000,0x5,0x40012,0x3,0x0,0x0,0x0]
[trap] num=197 (0xc5) pc=0x180119190 args=[0xa0c380000,0x4000,0x3,0x40012,0x3,0x1c000,0x1c000,0x0]
[trap] num=197 (0xc5) pc=0x180119190 args=[0xa0c384000,0x4000,0x3,0x40012,0x3,0x20000,0x20000,0x0]
[trap] num=197 (0xc5) pc=0x180119190 args=[0xa0c388000,0x10000,0x1,0x40012,0x3,0x24000,0x24000,0x0]
[trap] num=73 (0x49) pc=0x18011823c args=[0xa0c330000,0x30c80,0x30c80,0xfffffffffffffffa,0x6f,0x75,0x27fd51f,0x4f0]
[trap] num=6 (0x6) pc=0x180116750 args=[0x3,0x30c80,0x30c80,0xfffffffffffffffa,0x6f,0x75,0x27fd51f,0x4f0]
[trap] num=5 (0x5) pc=0x180119f50 args=[0x1000006c8,0x0,0x0,0x1000006c8,0x2f,0x40,0x27fef2f,0xcb0]
[trap] num=92 (0x5c) pc=0x1801180d8 args=[0x3,0x32,0x27fe3e8,0x1000006c8,0x2f,0x40,0x27fef2f,0xcb0]
[trap] num=6 (0x6) pc=0x180116750 args=[0x3,0x32,0x27fe3e8,0x1000006c8,0x2f,0x40,0x27fef2f,0xcb0]
[trap] num=338 (0x152) pc=0x180116c48 args=[0x1000006c8,0x27fdf20,0x27fe020,0x27fe008,0x1000006d2,0x1801ac864,0x27fe768,0xcb0]
[trap] num=338 (0x152) pc=0x180116c48 args=[0x1000006c8,0x27fd830,0x1000006c8,0x27fd9c4,0x27fd9b8,0x27fd990,0x0,0x27fdb00]
[trap] num=5 (0x5) pc=0x180119f50 args=[0x1000006c8,0x0,0x0,0x27fd9c4,0x27fd9b8,0x27fd990,0x0,0x27fdb00]
[trap] num=197 (0xc5) pc=0x180119190 args=[0x0,0x54570,0x1,0x40002,0x3,0x0,0x0,0x27fdb00]
[trap] num=92 (0x5c) pc=0x1801180d8 args=[0x3,0x32,0x27fdb00,0x40002,0x3,0x0,0x0,0x27fdb00]
[trap] num=92 (0x5c) pc=0x1801180d8 args=[0x3,0x61,0x27fd880,0x0,0x0,0x0,0x0,0x49e0]
[trap] num=73 (0x49) pc=0x18011823c args=[0xa0c398000,0x54570,0x54570,0x0,0x0,0x0,0x0,0x0]
[trap] num=197 (0xc5) pc=0x180119190 args=[0x0,0x54570,0x1,0x40002,0x3,0x0,0x0,0x0]
[trap] num=339 (0x153) pc=0x1801195b8 args=[0x3,0x27fd100,0x27fd100,0x27fdb00,0x27fda9c,0x27fda30,0x0,0x27fd8d0]
[trap] num=153 (0x99) pc=0x180117f04 args=[0x3,0x27fd16c,0x1c,0x0,0x0,0x27fda30,0x0,0x27fd8d0]
[trap] num=153 (0x99) pc=0x180117f04 args=[0x3,0x27fcbc0,0x598,0x0,0x0,0x27fda30,0x0,0x27fd8d0]
[trap] num=92 (0x5c) pc=0x1801180d8 args=[0x3,0x61,0x27fd150,0x0,0x0,0x0,0x0,0x49e0]
[trap] num=92 (0x5c) pc=0x1801180d8 args=[0x3,0x62,0x27fd278,0x27fd278,0x0,0x0,0x0,0x0]
[trap] num=-10 (0xfffffffffffffff6) pc=0x180115588 args=[0x203,0x27fd170,0x58000,0x1,0x0,0x0,0x0,0x0]
[trap] num=197 (0xc5) pc=0x180119190 args=[0xa0c448000,0x38000,0x5,0x40012,0x3,0x0,0x0,0x0]
[trap] num=197 (0xc5) pc=0x180119190 args=[0xa0c480000,0x4000,0x3,0x40012,0x3,0x38000,0x38000,0x0]
[trap] num=197 (0xc5) pc=0x180119190 args=[0xa0c484000,0x4000,0x3,0x40012,0x3,0x3c000,0x3c000,0x0]
[trap] num=197 (0xc5) pc=0x180119190 args=[0xa0c488000,0x18000,0x1,0x40012,0x3,0x40000,0x40000,0x0]
[trap] num=73 (0x49) pc=0x18011823c args=[0xa0c3f0000,0x54570,0x54570,0xfffffffffffffffa,0x6f,0x75,0x0,0x4f0]
[trap] num=6 (0x6) pc=0x180116750 args=[0x3,0x54570,0x54570,0xfffffffffffffffa,0x6f,0x75,0x0,0x4f0]
[trap] num=5 (0x5) pc=0x180119f50 args=[0x100000718,0x0,0x0,0x100000718,0x2f,0x40,0x27fef2f,0xcb0]
[trap] num=92 (0x5c) pc=0x1801180d8 args=[0x3,0x32,0x27fe3e8,0x100000718,0x2f,0x40,0x27fef2f,0xcb0]
[trap] num=6 (0x6) pc=0x180116750 args=[0x3,0x32,0x27fe3e8,0x100000718,0x2f,0x40,0x27fef2f,0xcb0]
[trap] num=338 (0x152) pc=0x180116c48 args=[0x100000718,0x27fdf20,0x27fe020,0x27fe008,0x100000722,0x1801ac864,0x27fe768,0xcb0]
[trap] num=338 (0x152) pc=0x180116c48 args=[0x100000718,0x27fd830,0x100000718,0x27fd9c4,0x27fd9b8,0x27fd990,0x0,0x27fdb00]
[trap] num=5 (0x5) pc=0x180119f50 args=[0x100000718,0x0,0x0,0x27fd9c4,0x27fd9b8,0x27fd990,0x0,0x27fdb00]
[trap] num=197 (0xc5) pc=0x180119190 args=[0x0,0x1379a0,0x1,0x40002,0x3,0x0,0x0,0x27fdb00]
[trap] num=92 (0x5c) pc=0x1801180d8 args=[0x3,0x32,0x27fdb00,0x40002,0x3,0x0,0x0,0x27fdb00]
[trap] num=92 (0x5c) pc=0x1801180d8 args=[0x3,0x61,0x27fd880,0x0,0x0,0x0,0x0,0x27b0]
[trap] num=73 (0x49) pc=0x18011823c args=[0xa0c4a0000,0x1379a0,0x1379a0,0x0,0x0,0x0,0x0,0x0]
[trap] num=197 (0xc5) pc=0x180119190 args=[0x0,0x1379a0,0x1,0x40002,0x3,0x0,0x0,0x0]
[trap] num=339 (0x153) pc=0x1801195b8 args=[0x3,0x27fd100,0x27fd100,0x27fdb00,0x27fda9c,0x27fda30,0x0,0x27fd8d0]
[trap] num=153 (0x99) pc=0x180117f04 args=[0x3,0x27fd16c,0x1c,0x0,0x0,0x27fda30,0x0,0x27fd8d0]
[trap] num=153 (0x99) pc=0x180117f04 args=[0x3,0x27fcb10,0x648,0x0,0x0,0x27fda30,0x0,0x27fd8d0]
[trap] num=92 (0x5c) pc=0x1801180d8 args=[0x3,0x61,0x27fd150,0x0,0x0,0x0,0x0,0x27b0]
[trap] num=92 (0x5c) pc=0x1801180d8 args=[0x3,0x62,0x27fd278,0x27fd278,0x0,0x0,0x0,0x0]
[trap] num=-10 (0xfffffffffffffff6) pc=0x180115588 args=[0x203,0x27fd170,0x138000,0x1,0x0,0x0,0x0,0x0]
[trap] num=197 (0xc5) pc=0x180119190 args=[0xa0c710000,0x10c000,0x5,0x40012,0x3,0x0,0x0,0x0]
[trap] num=197 (0xc5) pc=0x180119190 args=[0xa0c81c000,0x4000,0x3,0x40012,0x3,0x10c000,0x10c000,0x0]
[trap] num=197 (0xc5) pc=0x180119190 args=[0xa0c820000,0x8000,0x3,0x40012,0x3,0x110000,0x110000,0x0]
[trap] num=197 (0xc5) pc=0x180119190 args=[0xa0c828000,0x20000,0x1,0x40012,0x3,0x118000,0x118000,0x0]
[trap] num=73 (0x49) pc=0x18011823c args=[0xa0c5d8000,0x1379a0,0x1379a0,0xfffffffffffffffa,0x6f,0x75,0x0,0x4f0]
[trap] num=6 (0x6) pc=0x180116750 args=[0x3,0x1379a0,0x1379a0,0xfffffffffffffffa,0x6f,0x75,0x0,0x4f0]
[trap] num=5 (0x5) pc=0x180119f50 args=[0x100000760,0x0,0x0,0x100000760,0x2f,0x40,0x27fef2f,0x6d0]
[trap] num=92 (0x5c) pc=0x1801180d8 args=[0x3,0x32,0x27fe3e8,0x100000760,0x2f,0x40,0x27fef2f,0x6d0]
[trap] num=6 (0x6) pc=0x180116750 args=[0x3,0x32,0x27fe3e8,0x100000760,0x2f,0x40,0x27fef2f,0x6d0]
[trap] num=338 (0x152) pc=0x180116c48 args=[0x100000760,0x27fdf20,0x27fe020,0x27fe008,0x10000076a,0x1801ac864,0x27fe768,0xb70]
[trap] num=338 (0x152) pc=0x180116c48 args=[0x100000760,0x27fd830,0x100000760,0x27fd9c4,0x27fd9b8,0x27fd990,0x0,0x27fdb00]
[trap] num=5 (0x5) pc=0x180119f50 args=[0x100000760,0x0,0x0,0x27fd9c4,0x27fd9b8,0x27fd990,0x0,0x27fdb00]
[trap] num=197 (0xc5) pc=0x180119190 args=[0x0,0x14520,0x1,0x40002,0x3,0x0,0x0,0x27fdb00]
[trap] num=92 (0x5c) pc=0x1801180d8 args=[0x3,0x32,0x27fdb00,0x40002,0x3,0x0,0x0,0x27fdb00]
[trap] num=92 (0x5c) pc=0x1801180d8 args=[0x3,0x61,0x27fd880,0x0,0x0,0x0,0x0,0x47e0]
[trap] num=73 (0x49) pc=0x18011823c args=[0xa0c848000,0x14520,0x14520,0x0,0x0,0x0,0x0,0x0]
[trap] num=197 (0xc5) pc=0x180119190 args=[0x0,0x14520,0x1,0x40002,0x3,0x0,0x0,0x0]
[trap] num=339 (0x153) pc=0x1801195b8 args=[0x3,0x27fd120,0x27fd120,0x27fdb00,0x27fda9c,0x27fda30,0x0,0x27fd8d0]
[trap] num=153 (0x99) pc=0x180117f04 args=[0x3,0x27fd18c,0x1c,0x0,0x0,0x27fda30,0x0,0x27fd8d0]
[trap] num=153 (0x99) pc=0x180117f04 args=[0x3,0x27fcc90,0x4f0,0x0,0x0,0x27fda30,0x0,0x27fd8d0]
[trap] num=92 (0x5c) pc=0x1801180d8 args=[0x3,0x61,0x27fd170,0x0,0x0,0x0,0x0,0x47e0]
[trap] num=92 (0x5c) pc=0x1801180d8 args=[0x3,0x62,0x27fd298,0x27fd298,0x0,0x0,0x0,0x0]
[trap] num=-10 (0xfffffffffffffff6) pc=0x180115588 args=[0x203,0x27fd190,0x18000,0x1,0x0,0x0,0x0,0x0]
[trap] num=197 (0xc5) pc=0x180119190 args=[0xa0c878000,0x8000,0x5,0x40012,0x3,0x0,0x0,0x0]
[trap] num=197 (0xc5) pc=0x180119190 args=[0xa0c880000,0x4000,0x3,0x40012,0x3,0x8000,0x8000,0x0]
[trap] num=197 (0xc5) pc=0x180119190 args=[0xa0c884000,0xc000,0x1,0x40012,0x3,0xc000,0xc000,0x0]
[trap] num=73 (0x49) pc=0x18011823c args=[0xa0c860000,0x14520,0x14520,0xfffffffffffffff1,0x6f,0x75,0x0,0x940]
[trap] num=6 (0x6) pc=0x180116750 args=[0x3,0x14520,0x14520,0xfffffffffffffff1,0x6f,0x75,0x0,0x940]
[trap] num=5 (0x5) pc=0x180119f50 args=[0x1000007a8,0x0,0x0,0x1000007a8,0x2f,0x40,0x27fef2f,0xcb0]
[trap] num=92 (0x5c) pc=0x1801180d8 args=[0x3,0x32,0x27fe3e8,0x1000007a8,0x2f,0x40,0x27fef2f,0xcb0]
[trap] num=6 (0x6) pc=0x180116750 args=[0x3,0x32,0x27fe3e8,0x1000007a8,0x2f,0x40,0x27fef2f,0xcb0]
[trap] num=338 (0x152) pc=0x180116c48 args=[0x1000007a8,0x27fdf20,0x27fe020,0x27fe008,0x1000007b2,0x1801ac864,0x27fe768,0xcb0]
[trap] num=338 (0x152) pc=0x180116c48 args=[0x1000007a8,0x27fd830,0x1000007a8,0x27fd9c4,0x27fd9b8,0x27fd990,0x0,0x27fdb00]
[trap] num=5 (0x5) pc=0x180119f50 args=[0x1000007a8,0x0,0x0,0x27fd9c4,0x27fd9b8,0x27fd990,0x0,0x27fdb00]
[trap] num=197 (0xc5) pc=0x180119190 args=[0x0,0x9e9b0,0x1,0x40002,0x3,0x0,0x0,0x27fdb00]
[trap] num=92 (0x5c) pc=0x1801180d8 args=[0x3,0x32,0x27fdb00,0x40002,0x3,0x0,0x0,0x27fdb00]
[trap] num=92 (0x5c) pc=0x1801180d8 args=[0x3,0x61,0x27fd880,0x0,0x0,0x0,0x0,0x4c10]
[trap] num=73 (0x49) pc=0x18011823c args=[0xa0c890000,0x9e9b0,0x9e9b0,0x0,0x0,0x0,0x0,0x0]
[trap] num=197 (0xc5) pc=0x180119190 args=[0x0,0x9e9b0,0x1,0x40002,0x3,0x0,0x0,0x0]
[trap] num=339 (0x153) pc=0x1801195b8 args=[0x3,0x27fd100,0x27fd100,0x27fdb00,0x27fda9c,0x27fda30,0x0,0x27fd8d0]
[trap] num=153 (0x99) pc=0x180117f04 args=[0x3,0x27fd16c,0x1c,0x0,0x0,0x27fda30,0x0,0x27fd8d0]
[trap] num=153 (0x99) pc=0x180117f04 args=[0x3,0x27fcb60,0x600,0x0,0x0,0x27fda30,0x0,0x27fd8d0]
[trap] num=92 (0x5c) pc=0x1801180d8 args=[0x3,0x61,0x27fd150,0x0,0x0,0x0,0x0,0x4c10]
[trap] num=92 (0x5c) pc=0x1801180d8 args=[0x3,0x62,0x27fd278,0x27fd278,0x0,0x0,0x0,0x0]
[trap] num=-10 (0xfffffffffffffff6) pc=0x180115588 args=[0x203,0x27fd170,0xa4000,0x1,0x0,0x0,0x0,0x0]
[trap] num=197 (0xc5) pc=0x180119190 args=[0xa0c9d0000,0x88000,0x5,0x40012,0x3,0x0,0x0,0x0]
[trap] num=197 (0xc5) pc=0x180119190 args=[0xa0ca58000,0x4000,0x3,0x40012,0x3,0x88000,0x88000,0x0]
[trap] num=197 (0xc5) pc=0x180119190 args=[0xa0ca60000,0x14000,0x1,0x40012,0x3,0x8c000,0x8c000,0x0]
[trap] num=73 (0x49) pc=0x18011823c args=[0xa0c930000,0x9e9b0,0x9e9b0,0xfffffffffffffffa,0x6f,0x75,0x0,0x4f0]
[trap] num=6 (0x6) pc=0x180116750 args=[0x3,0x9e9b0,0x9e9b0,0xfffffffffffffffa,0x6f,0x75,0x0,0x4f0]
[trap] num=5 (0x5) pc=0x180119f50 args=[0x1000007f0,0x0,0x0,0x1000007f0,0x2f,0x40,0x27fef2f,0x6d0]
[trap] num=92 (0x5c) pc=0x1801180d8 args=[0x3,0x32,0x27fe3e8,0x1000007f0,0x2f,0x40,0x27fef2f,0x6d0]
[trap] num=6 (0x6) pc=0x180116750 args=[0x3,0x32,0x27fe3e8,0x1000007f0,0x2f,0x40,0x27fef2f,0x6d0]
[trap] num=338 (0x152) pc=0x180116c48 args=[0x1000007f0,0x27fdf20,0x27fe020,0x27fe008,0x1000007fa,0x1801ac864,0x27fe768,0xb70]
[trap] num=338 (0x152) pc=0x180116c48 args=[0x1000007f0,0x27fd830,0x1000007f0,0x27fd9c4,0x27fd9b8,0x27fd990,0x0,0x27fdb00]
[trap] num=5 (0x5) pc=0x180119f50 args=[0x1000007f0,0x0,0x0,0x27fd9c4,0x27fd9b8,0x27fd990,0x0,0x27fdb00]
[trap] num=197 (0xc5) pc=0x180119190 args=[0x0,0x4a19c0,0x1,0x40002,0x3,0x0,0x0,0x27fdb00]
[trap] num=92 (0x5c) pc=0x1801180d8 args=[0x3,0x32,0x27fdb00,0x40002,0x3,0x0,0x0,0x27fdb00]
[trap] num=92 (0x5c) pc=0x1801180d8 args=[0x3,0x61,0x27fd880,0x0,0x0,0x0,0x0,0x9400]
[trap] num=73 (0x49) pc=0x18011823c args=[0xa0ca74000,0x4a19c0,0x4a19c0,0x0,0x0,0x0,0x0,0x0]
[trap] num=197 (0xc5) pc=0x180119190 args=[0x0,0x4a19c0,0x1,0x40002,0x3,0x0,0x0,0x0]
[trap] num=339 (0x153) pc=0x1801195b8 args=[0x3,0x27fd100,0x27fd100,0x27fdb00,0x27fda9c,0x27fda30,0x0,0x27fd8d0]
[trap] num=153 (0x99) pc=0x180117f04 args=[0x3,0x27fd16c,0x1c,0x0,0x0,0x27fda30,0x0,0x27fd8d0]
[trap] num=153 (0x99) pc=0x180117f04 args=[0x3,0x27fcad0,0x688,0x0,0x0,0x27fda30,0x0,0x27fd8d0]
[trap] num=92 (0x5c) pc=0x1801180d8 args=[0x3,0x61,0x27fd150,0x0,0x0,0x0,0x0,0x9400]
[trap] num=92 (0x5c) pc=0x1801180d8 args=[0x3,0x62,0x27fd278,0x27fd278,0x0,0x0,0x0,0x0]
[trap] num=-10 (0xfffffffffffffff6) pc=0x180115588 args=[0x203,0x27fd170,0x4a4000,0x1,0x0,0x0,0x0,0x0]
[trap] num=197 (0xc5) pc=0x180119190 args=[0xa0d3bc000,0x340000,0x5,0x40012,0x3,0x0,0x0,0x0]
[trap] num=197 (0xc5) pc=0x180119190 args=[0xa0d6fc000,0x78000,0x3,0x40012,0x3,0x340000,0x340000,0x0]
[trap] num=197 (0xc5) pc=0x180119190 args=[0xa0d774000,0x4000,0x3,0x40012,0x3,0x3b8000,0x3b8000,0x0]
[trap] num=197 (0xc5) pc=0x180119190 args=[0xa0d778000,0xe8000,0x1,0x40012,0x3,0x3bc000,0x3bc000,0x0]
[trap] num=73 (0x49) pc=0x18011823c args=[0xa0cf18000,0x4a19c0,0x4a19c0,0xfffffffffffffffa,0x6f,0x75,0x0,0x4f0]
[trap] num=6 (0x6) pc=0x180116750 args=[0x3,0x4a19c0,0x4a19c0,0xfffffffffffffffa,0x6f,0x75,0x0,0x4f0]
[trap] num=5 (0x5) pc=0x180119f50 args=[0x100000840,0x0,0x0,0x100000840,0x2f,0x40,0x27fef2f,0x6d0]
[trap] num=92 (0x5c) pc=0x1801180d8 args=[0x3,0x32,0x27fe3e8,0x100000840,0x2f,0x40,0x27fef2f,0x6d0]
[trap] num=6 (0x6) pc=0x180116750 args=[0x3,0x32,0x27fe3e8,0x100000840,0x2f,0x40,0x27fef2f,0x6d0]
[trap] num=338 (0x152) pc=0x180116c48 args=[0x100000840,0x27fdf20,0x27fe020,0x27fe008,0x10000084a,0x1801ac864,0x27fe768,0xac0]
[trap] num=338 (0x152) pc=0x180116c48 args=[0x100000840,0x27fd830,0x100000840,0x27fd9c4,0x27fd9b8,0x27fd990,0x0,0x27fdb00]
[trap] num=5 (0x5) pc=0x180119f50 args=[0x100000840,0x0,0x0,0x27fd9c4,0x27fd9b8,0x27fd990,0x0,0x27fdb00]
[trap] num=197 (0xc5) pc=0x180119190 args=[0x0,0xd4e90,0x1,0x40002,0x3,0x0,0x0,0x27fdb00]
[trap] num=92 (0x5c) pc=0x1801180d8 args=[0x3,0x32,0x27fdb00,0x40002,0x3,0x0,0x0,0x27fdb00]
[trap] num=92 (0x5c) pc=0x1801180d8 args=[0x3,0x61,0x27fd880,0x0,0x0,0x0,0x0,0x1b60]
[trap] num=73 (0x49) pc=0x18011823c args=[0xa0d860000,0xd4e90,0xd4e90,0x0,0x0,0x0,0x0,0x0]
[trap] num=197 (0xc5) pc=0x180119190 args=[0x0,0xd4e90,0x1,0x40002,0x3,0x0,0x0,0x0]
[trap] num=339 (0x153) pc=0x1801195b8 args=[0x3,0x27fd100,0x27fd100,0x27fdb00,0x27fda9c,0x27fda30,0x0,0x27fd8d0]
[trap] num=153 (0x99) pc=0x180117f04 args=[0x3,0x27fd16c,0x1c,0x0,0x0,0x27fda30,0x0,0x27fd8d0]
[trap] num=153 (0x99) pc=0x180117f04 args=[0x3,0x27fcb70,0x5e8,0x0,0x0,0x27fda30,0x0,0x27fd8d0]
[trap] num=92 (0x5c) pc=0x1801180d8 args=[0x3,0x61,0x27fd150,0x0,0x0,0x0,0x0,0x1b60]
[trap] num=92 (0x5c) pc=0x1801180d8 args=[0x3,0x62,0x27fd278,0x27fd278,0x0,0x0,0x0,0x0]
[trap] num=-10 (0xfffffffffffffff6) pc=0x180115588 args=[0x203,0x27fd170,0xdc000,0x1,0x0,0x0,0x0,0x0]
[trap] num=197 (0xc5) pc=0x180119190 args=[0xa0da10000,0x90000,0x5,0x40012,0x3,0x0,0x0,0x0]
[trap] num=197 (0xc5) pc=0x180119190 args=[0xa0daa0000,0xc000,0x3,0x40012,0x3,0x90000,0x90000,0x0]
[trap] num=197 (0xc5) pc=0x180119190 args=[0xa0daac000,0x4000,0x3,0x40012,0x3,0x9c000,0x9c000,0x0]
[trap] num=197 (0xc5) pc=0x180119190 args=[0xa0dab0000,0x3c000,0x1,0x40012,0x3,0xa0000,0xa0000,0x0]
[trap] num=73 (0x49) pc=0x18011823c args=[0xa0d938000,0xd4e90,0xd4e90,0xfffffffffffffffa,0x6f,0x75,0x62696c79642e33,0x4f0]
[trap] num=6 (0x6) pc=0x180116750 args=[0x3,0xd4e90,0xd4e90,0xfffffffffffffffa,0x6f,0x75,0x62696c79642e33,0x4f0]
[trap] num=5 (0x5) pc=0x180119f50 args=[0x100000888,0x0,0x0,0x100000888,0x2f,0x40,0x27fef2f,0x1a0]
[trap] num=92 (0x5c) pc=0x1801180d8 args=[0x3,0x32,0x27fe3e8,0x100000888,0x2f,0x40,0x27fef2f,0x1a0]
[trap] num=6 (0x6) pc=0x180116750 args=[0x3,0x32,0x27fe3e8,0x100000888,0x2f,0x40,0x27fef2f,0x1a0]
[trap] num=338 (0x152) pc=0x180116c48 args=[0x100000888,0x27fdf20,0x27fe020,0x27fe008,0x100000892,0x1801ac864,0x27fe768,0x1a0]
[trap] num=338 (0x152) pc=0x180116c48 args=[0x100000888,0x27fd830,0x100000888,0x27fd9c4,0x27fd9b8,0x27fd990,0x0,0x27fdb00]
[trap] num=5 (0x5) pc=0x180119f50 args=[0x100000888,0x0,0x0,0x27fd9c4,0x27fd9b8,0x27fd990,0x0,0x27fdb00]
[trap] num=197 (0xc5) pc=0x180119190 args=[0x0,0x305810,0x1,0x40002,0x3,0x0,0x0,0x27fdb00]
[trap] num=92 (0x5c) pc=0x1801180d8 args=[0x3,0x32,0x27fdb00,0x40002,0x3,0x0,0x0,0x27fdb00]
[trap] num=92 (0x5c) pc=0x1801180d8 args=[0x3,0x61,0x27fd880,0x0,0x0,0x0,0x0,0x5f30]
[trap] num=73 (0x49) pc=0x18011823c args=[0xa0daec000,0x305810,0x305810,0x0,0x0,0x0,0x0,0x0]
[trap] num=197 (0xc5) pc=0x180119190 args=[0x0,0x305810,0x1,0x40002,0x3,0x0,0x0,0x0]
[trap] num=339 (0x153) pc=0x1801195b8 args=[0x3,0x27fd100,0x27fd100,0x27fdb00,0x27fda9c,0x27fda30,0x0,0x27fd8d0]
[trap] num=153 (0x99) pc=0x180117f04 args=[0x3,0x27fd16c,0x1c,0x0,0x0,0x27fda30,0x0,0x27fd8d0]
[trap] num=153 (0x99) pc=0x180117f04 args=[0x3,0x27fca30,0x730,0x0,0x0,0x27fda30,0x0,0x27fd8d0]
[trap] num=92 (0x5c) pc=0x1801180d8 args=[0x3,0x61,0x27fd150,0x0,0x0,0x0,0x0,0x5f30]
[trap] num=92 (0x5c) pc=0x1801180d8 args=[0x3,0x62,0x27fd278,0x27fd278,0x0,0x0,0x0,0x0]
[trap] num=-10 (0xfffffffffffffff6) pc=0x180115588 args=[0x203,0x27fd170,0x308000,0x1,0x0,0x0,0x0,0x0]
[trap] num=197 (0xc5) pc=0x180119190 args=[0xa0e0fc000,0x1b4000,0x5,0x40012,0x3,0x0,0x0,0x0]
[trap] num=197 (0xc5) pc=0x180119190 args=[0xa0e2b0000,0x14000,0x3,0x40012,0x3,0x1b4000,0x1b4000,0x0]
[trap] num=197 (0xc5) pc=0x180119190 args=[0xa0e2c4000,0x4000,0x3,0x40012,0x3,0x1c8000,0x1c8000,0x0]
[trap] num=197 (0xc5) pc=0x180119190 args=[0xa0e2c8000,0x13c000,0x1,0x40012,0x3,0x1cc000,0x1cc000,0x0]
[trap] num=73 (0x49) pc=0x18011823c args=[0xa0ddf4000,0x305810,0x305810,0xfffffffffffffffa,0x6f,0x75,0x0,0x4f0]
[trap] num=6 (0x6) pc=0x180116750 args=[0x3,0x305810,0x305810,0xfffffffffffffffa,0x6f,0x75,0x0,0x4f0]
[trap] num=5 (0x5) pc=0x180119f50 args=[0x1000008d8,0x0,0x0,0x1000008d8,0x2f,0x40,0x27fef2f,0xf60]
[trap] num=92 (0x5c) pc=0x1801180d8 args=[0x3,0x32,0x27fe3e8,0x1000008d8,0x2f,0x40,0x27fef2f,0xf60]
[trap] num=6 (0x6) pc=0x180116750 args=[0x3,0x32,0x27fe3e8,0x1000008d8,0x2f,0x40,0x27fef2f,0xf60]
[trap] num=338 (0x152) pc=0x180116c48 args=[0x1000008d8,0x27fdf20,0x27fe020,0x27fe008,0x1000008e2,0x1801ac864,0x27fe768,0xf60]
[trap] num=338 (0x152) pc=0x180116c48 args=[0x1000008d8,0x27fd830,0x1000008d8,0x27fd9c4,0x27fd9b8,0x27fd990,0x0,0x27fdb00]
[trap] num=5 (0x5) pc=0x180119f50 args=[0x1000008d8,0x0,0x0,0x27fd9c4,0x27fd9b8,0x27fd990,0x0,0x27fdb00]
[trap] num=197 (0xc5) pc=0x180119190 args=[0x0,0x1c7b60,0x1,0x40002,0x3,0x0,0x0,0x27fdb00]
[trap] num=92 (0x5c) pc=0x1801180d8 args=[0x3,0x32,0x27fdb00,0x40002,0x3,0x0,0x0,0x27fdb00]
[trap] num=92 (0x5c) pc=0x1801180d8 args=[0x3,0x61,0x27fd880,0x0,0x0,0x0,0x0,0x5550]
[trap] num=73 (0x49) pc=0x18011823c args=[0xa0e404000,0x1c7b60,0x1c7b60,0x0,0x0,0x0,0x0,0x0]
[trap] num=197 (0xc5) pc=0x180119190 args=[0x0,0x1c7b60,0x1,0x40002,0x3,0x0,0x0,0x0]
[trap] num=339 (0x153) pc=0x1801195b8 args=[0x3,0x27fd100,0x27fd100,0x27fdb00,0x27fda9c,0x27fda30,0x0,0x27fd8d0]
[trap] num=153 (0x99) pc=0x180117f04 args=[0x3,0x27fd16c,0x1c,0x0,0x0,0x27fda30,0x0,0x27fd8d0]
[trap] num=153 (0x99) pc=0x180117f04 args=[0x3,0x27fca60,0x6f8,0x0,0x0,0x27fda30,0x0,0x27fd8d0]
[trap] num=92 (0x5c) pc=0x1801180d8 args=[0x3,0x61,0x27fd150,0x0,0x0,0x0,0x0,0x5550]
[trap] num=92 (0x5c) pc=0x1801180d8 args=[0x3,0x62,0x27fd278,0x27fd278,0x0,0x0,0x0,0x0]
[trap] num=-10 (0xfffffffffffffff6) pc=0x180115588 args=[0x203,0x27fd170,0x1cc000,0x1,0x0,0x0,0x0,0x0]
[trap] num=197 (0xc5) pc=0x180119190 args=[0xa0e794000,0x140000,0x5,0x40012,0x3,0x0,0x0,0x0]
[trap] num=197 (0xc5) pc=0x180119190 args=[0xa0e8d4000,0x14000,0x3,0x40012,0x3,0x140000,0x140000,0x0]
[trap] num=197 (0xc5) pc=0x180119190 args=[0xa0e8ec000,0x74000,0x1,0x40012,0x3,0x154000,0x154000,0x0]
[trap] num=73 (0x49) pc=0x18011823c args=[0xa0e5cc000,0x1c7b60,0x1c7b60,0xfffffffffffffffa,0x6f,0x75,0x0,0x4f0]
[trap] num=6 (0x6) pc=0x180116750 args=[0x3,0x1c7b60,0x1c7b60,0xfffffffffffffffa,0x6f,0x75,0x0,0x4f0]
[trap] num=338 (0x152) pc=0x180116c48 args=[0x100000928,0x27fdf20,0x27fe020,0x27fe008,0x100000932,0x1801ac864,0x6e,0x690]
[trap] num=-10 (0xfffffffffffffff6) pc=0x180115588 args=[0x203,0x27fdee0,0x4000,0x3c000001,0x100000932,0x1801ac864,0x6e,0x690]
[trap] num=338 (0x152) pc=0x180116c48 args=[0x27fe510,0x27fdea0,0x27fdfa0,0x27fdf88,0x27fe53e,0x1801ac864,0x0,0xae0]
[trap] num=-12 (0xfffffffffffffff4) pc=0x1801155a0 args=[0x203,0xa0e960000,0x4000,0x1a0500,0x0,0x0,0x0,0x140]
[trap] num=338 (0x152) pc=0x180116c48 args=[0x100000990,0x27fdf20,0x27fe020,0x27fe008,0x10000099a,0x1801ac864,0x7974697275636553,0xae0]
[trap] num=-10 (0xfffffffffffffff6) pc=0x180115588 args=[0x203,0x27fdee0,0x4000,0x3c000001,0x10000099a,0x1801ac864,0x7974697275636553,0xae0]
[trap] num=338 (0x152) pc=0x180116c48 args=[0x27fe520,0x27fdeb0,0x27fdfb0,0x27fdf98,0x27fe54e,0x1801ac864,0x0,0xae0]
[trap] num=-12 (0xfffffffffffffff4) pc=0x1801155a0 args=[0x203,0xa0e964000,0x4000,0x1a0500,0x0,0x0,0x0,0xbc0]
[trap] num=338 (0x152) pc=0x180116c48 args=[0x1000009f0,0x27fdf20,0x27fe020,0x27fe008,0x75,0x6f,0x27fe768,0xae0]
[trap] num=-10 (0xfffffffffffffff6) pc=0x180115588 args=[0x203,0x27fdee0,0x4000,0x3c000001,0x75,0x6f,0x27fe768,0xae0]
[trap] num=338 (0x152) pc=0x180116c48 args=[0x27fe540,0x27fded0,0x27fdfd0,0x27fdfb8,0x27fe554,0x1ec445294,0x62696c79642e31,0xae0]
[trap] num=-12 (0xfffffffffffffff4) pc=0x1801155a0 args=[0x203,0xa0e968000,0x4000,0x1a0500,0x0,0x0,0x62696c79642e31,0xbc0]
[trap] num=338 (0x152) pc=0x180116c48 args=[0x100000a20,0x27fdf20,0x27fe020,0x27fe008,0x100000a2a,0x1801ac864,0x27fe768,0xae0]
[trap] num=-10 (0xfffffffffffffff6) pc=0x180115588 args=[0x203,0x27fdee0,0x4000,0x3c000001,0x100000a2a,0x1801ac864,0x27fe768,0xae0]
[trap] num=338 (0x152) pc=0x180116c48 args=[0x27fe540,0x27fded0,0x27fdfd0,0x27fdfb8,0x27fe56e,0x1801ac864,0x0,0xae0]
[trap] num=-12 (0xfffffffffffffff4) pc=0x1801155a0 args=[0x203,0xa0e96c000,0x4000,0x1a0500,0x0,0x0,0x0,0xbc0]
[trap] num=338 (0x152) pc=0x180116c48 args=[0xa07d70810,0x27fde50,0x27fdf50,0x27fdf38,0xa07d7081a,0x1801ac864,0x6e,0xae0]
[M28 BANDSHRINK] syscall 338 band past ipa 0xa07d70810 len 65536 shrunk 64 -> 0 by an overlapping window of the same call
[trap] num=-10 (0xfffffffffffffff6) pc=0x180115588 args=[0x203,0x27fde10,0x4000,0x3c000001,0xa07d7081a,0x1801ac864,0x6e,0xae0]
[trap] num=338 (0x152) pc=0x180116c48 args=[0x27fe440,0x27fddd0,0x27fded0,0x27fdeb8,0x27fe46e,0x1801ac864,0x0,0xae0]
[trap] num=-12 (0xfffffffffffffff4) pc=0x1801155a0 args=[0x203,0xa0e970000,0x4000,0x1a0500,0x0,0x0,0x0,0xbc0]
[trap] num=338 (0x152) pc=0x180116c48 args=[0xa07d70878,0x27fde50,0x27fdf50,0x27fdf38,0x75,0x6f,0x27fe698,0x900]
[trap] num=-10 (0xfffffffffffffff6) pc=0x180115588 args=[0x203,0x27fde10,0x4000,0x3c000001,0x75,0x6f,0x27fe698,0x900]
[trap] num=338 (0x152) pc=0x180116c48 args=[0x27fe470,0x27fde00,0x27fdf00,0x27fdee8,0x27fe484,0x1ec445294,0x0,0xae0]
[trap] num=-12 (0xfffffffffffffff4) pc=0x1801155a0 args=[0x203,0xa0e974000,0x4000,0x1a0500,0x0,0x0,0x0,0xbc0]
[trap] num=338 (0x152) pc=0x180116c48 args=[0xa07d70e18,0x27fde50,0x27fdf50,0x27fdf38,0xa07d70e22,0x1801ac864,0x7974697275636553,0x1a0]
[M28 BANDSHRINK] syscall 338 band past ipa 0xa07d70e18 len 65536 shrunk 64 -> 0 by an overlapping window of the same call
[trap] num=-10 (0xfffffffffffffff6) pc=0x180115588 args=[0x203,0x27fde10,0x4000,0x3c000001,0xa07d70e22,0x1801ac864,0x7974697275636553,0x1a0]
[trap] num=338 (0x152) pc=0x180116c48 args=[0x27fe450,0x27fdde0,0x27fdee0,0x27fdec8,0x27fe47e,0x1801ac864,0x0,0xae0]
[trap] num=-12 (0xfffffffffffffff4) pc=0x1801155a0 args=[0x203,0xa0e978000,0x4000,0x1a0500,0x0,0x0,0x0,0x140]
[trap] num=338 (0x152) pc=0x180116c48 args=[0xa07d70e78,0x27fde50,0x27fdf50,0x27fdf38,0x75,0x6f,0x27fe698,0x900]
[trap] num=-10 (0xfffffffffffffff6) pc=0x180115588 args=[0x203,0x27fde10,0x4000,0x3c000001,0x75,0x6f,0x27fe698,0x900]
[trap] num=338 (0x152) pc=0x180116c48 args=[0x27fe470,0x27fde00,0x27fdf00,0x27fdee8,0x27fe484,0x1ec445294,0x62696c79642e31,0xae0]
[trap] num=-12 (0xfffffffffffffff4) pc=0x1801155a0 args=[0x203,0xa0e97c000,0x4000,0x1a0500,0x0,0x0,0x62696c79642e31,0xbc0]
[trap] num=338 (0x152) pc=0x180116c48 args=[0xa07d70ea8,0x27fde50,0x27fdf50,0x27fdf38,0xa07d70eb2,0x1801ac864,0x27fe698,0x900]
[M28 BANDSHRINK] syscall 338 band past ipa 0xa07d70ea8 len 65536 shrunk 64 -> 0 by an overlapping window of the same call
[trap] num=-10 (0xfffffffffffffff6) pc=0x180115588 args=[0x203,0x27fde10,0x4000,0x3c000001,0xa07d70eb2,0x1801ac864,0x27fe698,0x900]
[trap] num=338 (0x152) pc=0x180116c48 args=[0x27fe470,0x27fde00,0x27fdf00,0x27fdee8,0x27fe49e,0x1801ac864,0x0,0xae0]
[trap] num=-12 (0xfffffffffffffff4) pc=0x1801155a0 args=[0x203,0xa0e980000,0x4000,0x1a0500,0x0,0x0,0x0,0xbc0]
[trap] num=5 (0x5) pc=0x180119f50 args=[0xa0bf78498,0x0,0x0,0xa0bf78498,0x40,0x2f,0x27fed8f,0x670]
[trap] num=5 (0x5) pc=0x180119f50 args=[0x27fddf8,0x100000,0x0,0x27fde17,0x40,0x2f,0x0,0x670]
[trap] num=338 (0x152) pc=0x180116c48 args=[0x27fdf70,0x27fdc70,0x27fdd70,0x27fdd58,0x27fdf7a,0x1801ac864,0x0,0x780]
[trap] num=338 (0x152) pc=0x180116c48 args=[0x27fdf70,0x27fd580,0x27fdf70,0x27fd714,0x27fd708,0x27fd6e0,0x0,0x27fd850]
[trap] num=5 (0x5) pc=0x180119f50 args=[0x27fdf70,0x0,0x0,0x27fd714,0x27fd708,0x27fd6e0,0x0,0x27fd850]
[trap] num=197 (0xc5) pc=0x180119190 args=[0x0,0x28d60,0x1,0x40002,0x3,0x0,0x0,0x27fd850]
[trap] num=92 (0x5c) pc=0x1801180d8 args=[0x3,0x32,0x27fd850,0x40002,0x3,0x0,0x0,0x27fd850]
[trap] num=92 (0x5c) pc=0x1801180d8 args=[0x3,0x61,0x27fd5d0,0x0,0x0,0x0,0x0,0x4880]
[trap] num=73 (0x49) pc=0x18011823c args=[0xa0e984000,0x28d60,0x28d60,0x0,0x0,0x0,0x0,0x0]
[trap] num=197 (0xc5) pc=0x180119190 args=[0x0,0x28d60,0x1,0x40002,0x3,0x0,0x0,0x0]
[trap] num=339 (0x153) pc=0x1801195b8 args=[0x3,0x27fce70,0x27fce70,0x27fd850,0x27fd7ec,0x27fd780,0x0,0x27fd620]
[trap] num=153 (0x99) pc=0x180117f04 args=[0x3,0x27fcedc,0x1c,0x0,0x0,0x27fd780,0x0,0x27fd620]
[trap] num=153 (0x99) pc=0x180117f04 args=[0x3,0x27fca50,0x480,0x0,0x0,0x27fd780,0x0,0x27fd620]
[trap] num=92 (0x5c) pc=0x1801180d8 args=[0x3,0x61,0x27fcec0,0x0,0x0,0x0,0x0,0x4880]
[trap] num=92 (0x5c) pc=0x1801180d8 args=[0x3,0x62,0x27fcfe8,0x27fcfe8,0x0,0x0,0x0,0x0]
[trap] num=-10 (0xfffffffffffffff6) pc=0x180115588 args=[0x203,0x27fcee0,0x2c000,0x1,0x0,0x0,0x0,0x0]
[trap] num=197 (0xc5) pc=0x180119190 args=[0xa0e9dc000,0x20000,0x5,0x40012,0x3,0x0,0x0,0x0]
[trap] num=197 (0xc5) pc=0x180119190 args=[0xa0e9fc000,0x4000,0x3,0x40012,0x3,0x20000,0x20000,0x0]
[trap] num=197 (0xc5) pc=0x180119190 args=[0xa0ea00000,0x8000,0x1,0x40012,0x3,0x24000,0x24000,0x0]
[trap] num=73 (0x49) pc=0x18011823c args=[0xa0e9b0000,0x28d60,0x28d60,0x1ec4467ba,0xfffffffe163b7098,0x8,0x27fd28f,0xba0]
[trap] num=6 (0x6) pc=0x180116750 args=[0x3,0x28d60,0x28d60,0x1ec4467ba,0xfffffffe163b7098,0x8,0x27fd28f,0xba0]
[trap] num=5 (0x5) pc=0x180119f50 args=[0xa0c0d04e0,0x0,0x0,0xa0c0d04e0,0x40,0x2f,0x27fed8f,0x840]
[trap] num=5 (0x5) pc=0x180119f50 args=[0x27fddf8,0x100000,0x0,0x27fde17,0x40,0x2f,0x0,0x840]
[trap] num=338 (0x152) pc=0x180116c48 args=[0x27fdf70,0x27fdc70,0x27fdd70,0x27fdd58,0x27fdf7a,0x1801ac864,0x0,0x820]
[trap] num=5 (0x5) pc=0x180119f50 args=[0xa0e0fc638,0x0,0x0,0xa0e0fc638,0x6c,0x72,0x27fed8f,0x7b0]
[trap] num=5 (0x5) pc=0x180119f50 args=[0x27fddf8,0x100000,0x0,0x27fde17,0x6c,0x72,0x0,0x7b0]
[trap] num=338 (0x152) pc=0x180116c48 args=[0x27fdf70,0x27fdd80,0x27fde80,0x27fde68,0x27fdf7a,0x1801ac864,0x0,0x830]
[trap] num=5 (0x5) pc=0x180119f50 args=[0xa0e0fc670,0x0,0x0,0xa0e0fc670,0x6c,0x72,0x27fed8f,0x6d0]
[trap] num=5 (0x5) pc=0x180119f50 args=[0x27fddf8,0x100000,0x0,0x27fde19,0x6c,0x72,0x0,0x6d0]
[trap] num=338 (0x152) pc=0x180116c48 args=[0x27fdf70,0x27fdd80,0x27fde80,0x27fde68,0x27fdf7a,0x1801ac864,0x0,0x830]
[trap] num=338 (0x152) pc=0x180116c48 args=[0x27fdf70,0x27fd690,0x27fdf70,0x27fd824,0x27fd818,0x27fd7f0,0x0,0x27fd960]
[trap] num=5 (0x5) pc=0x180119f50 args=[0x27fdf70,0x0,0x0,0x27fd824,0x27fd818,0x27fd7f0,0x0,0x27fd960]
[trap] num=197 (0xc5) pc=0x180119190 args=[0x0,0x1fa8470,0x1,0x40002,0x3,0x0,0x0,0x27fd960]
[trap] num=92 (0x5c) pc=0x1801180d8 args=[0x3,0x32,0x27fd960,0x40002,0x3,0x0,0x0,0x27fd960]
[trap] num=92 (0x5c) pc=0x1801180d8 args=[0x3,0x61,0x27fd6e0,0x0,0x0,0x0,0x0,0x143f0]
[trap] num=73 (0x49) pc=0x18011823c args=[0xa0ea08000,0x1fa8470,0x1fa8470,0x0,0x0,0x0,0x0,0x0]
[trap] num=197 (0xc5) pc=0x180119190 args=[0x0,0x1fa8470,0x1,0x40002,0x3,0x0,0x0,0x0]
[trap] num=339 (0x153) pc=0x1801195b8 args=[0x3,0x27fcf80,0x27fcf80,0x27fd960,0x27fd8fc,0x27fd890,0x0,0x27fd730]
[trap] num=153 (0x99) pc=0x180117f04 args=[0x3,0x27fcfec,0x1c,0x0,0x0,0x27fd890,0x0,0x27fd730]
[trap] num=153 (0x99) pc=0x180117f04 args=[0x3,0x27fcc70,0x370,0x0,0x0,0x27fd890,0x0,0x27fd730]
[trap] num=92 (0x5c) pc=0x1801180d8 args=[0x3,0x61,0x27fcfd0,0x0,0x0,0x0,0x0,0x143f0]
[trap] num=92 (0x5c) pc=0x1801180d8 args=[0x3,0x62,0x27fd0f8,0x27fd0f8,0x0,0x0,0x0,0x0]
[trap] num=-10 (0xfffffffffffffff6) pc=0x180115588 args=[0x203,0x27fcff0,0x1fac000,0x1,0x0,0x0,0x0,0x0]
[trap] num=197 (0xc5) pc=0x180119190 args=[0xa12960000,0x1f94000,0x5,0x40012,0x3,0x0,0x0,0x0]
[trap] num=197 (0xc5) pc=0x180119190 args=[0xa148f4000,0x18000,0x1,0x40012,0x3,0x1f94000,0x1f94000,0x0]
[trap] num=73 (0x49) pc=0x18011823c args=[0xa109b4000,0x1fa8470,0x1fa8470,0x1ec446a25,0x8,0x41,0x0,0xba0]
[trap] num=6 (0x6) pc=0x180116750 args=[0x3,0x1fa8470,0x1fa8470,0x1ec446a25,0x8,0x41,0x0,0xba0]
[trap] num=5 (0x5) pc=0x180119f50 args=[0xa0e794638,0x0,0x0,0xa0e794638,0x6c,0x72,0x27fecbf,0xf20]
[trap] num=5 (0x5) pc=0x180119f50 args=[0x27fdd28,0x100000,0x0,0x27fdd49,0x6c,0x72,0x0,0xf20]
[trap] num=338 (0x152) pc=0x180116c48 args=[0x27fdea0,0x27fdcb0,0x27fddb0,0x27fdd98,0x27fdeaa,0x1801ac864,0x0,0x5e0]
[trap] num=5 (0x5) pc=0x180119f50 args=[0x1ec447880,0x0,0x0,0x0,0x0,0x27fcba8,0x1,0x27fcb08]
[trap] num=381 (0x17d) pc=0x180119ecc args=[0x1801b7eb4,0x2,0x27fbe00,0xa,0x73,0x69,0x1,0x27fcb08]
[trap] num=550 (0x226) pc=0x180119ef8 args=[0x27fbd40,0x1,0x27fbd70,0x50,0x27fbdc0,0x0,0x100000000,0x27fcba8]
[trap] num=6 (0x6) pc=0x180116750 args=[0x3,0x3,0x27fbda0,0x0,0x1,0x0,0x100000000,0x27fcba8]
[trap] num=74 (0x4a) pc=0x180119f24 args=[0x100008000,0x4000,0x1,0x1,0x8,0x0,0x100000000,0x27fcba8]
[trap] num=-10 (0xfffffffffffffff6) pc=0x180115588 args=[0x203,0x27fc010,0x4000,0x3c000001,0x0,0x1,0x27fbd80,0x27fbdb0]
[trap] num=-10 (0xfffffffffffffff6) pc=0x180115588 args=[0x203,0x27fc010,0x8000,0x3c000001,0x1,0x1,0x27fbbd8,0x0]
[trap] num=-12 (0xfffffffffffffff4) pc=0x1801155a0 args=[0x203,0xa1490c000,0x4000,0xa14913fc0,0xffffffffffffc000,0x20,0x27fbbd8,0x0]
[trap] num=-14 (0xfffffffffffffff2) pc=0x1801155b8 args=[0x203,0x1e5908000,0x2324000,0x0,0x13,0x13,0x4,0x4000]
[trap] num=-14 (0xfffffffffffffff2) pc=0x1801155b8 args=[0x203,0x1edc84000,0x7b90000,0x0,0x13,0x13,0x5,0x6380000]
[trap] num=-14 (0xfffffffffffffff2) pc=0x1801155b8 args=[0x203,0x28f64c000,0x2c2c000,0x0,0x13,0x13,0x4,0x4000]
[trap] num=-14 (0xfffffffffffffff2) pc=0x1801155b8 args=[0x203,0x29a1cc000,0x5678000,0x0,0x13,0x13,0x5,0x8b84000]
[trap] num=-14 (0xfffffffffffffff2) pc=0x1801155b8 args=[0x203,0x2d0bac000,0x2a4000,0x0,0x13,0x13,0x4,0x4000]
[trap] num=-14 (0xfffffffffffffff2) pc=0x1801155b8 args=[0x203,0x2d361c000,0xac8000,0x0,0x13,0x13,0x5,0xa74000]
[trap] num=5 (0x5) pc=0x180119f50 args=[0x1ec447b48,0x0,0x0,0x0,0x0,0x27fcba8,0x1,0x27fcb08]
[trap] num=381 (0x17d) pc=0x180119ecc args=[0x1801b7eb4,0x2,0x27fbe00,0xa,0x73,0x69,0x1,0x27fcb08]
[trap] num=550 (0x226) pc=0x180119ef8 args=[0x27f48f0,0x2,0x27f4940,0x7480,0xa0762f6c4,0xc,0x18000000000008,0x27fcba8]
[trap] num=6 (0x6) pc=0x180116750 args=[0x3,0x3,0x27f49fe,0x8,0x1,0xc,0x18000000000008,0x27fcba8]
[trap] num=74 (0x4a) pc=0x180119f24 args=[0xa09ce8000,0xe8000,0x1,0x1,0x0,0xc,0x18000000000008,0x27fcba8]
[trap] num=-12 (0xfffffffffffffff4) pc=0x1801155a0 args=[0x203,0xa14910000,0x8000,0xa,0x0,0xc,0x18000000000008,0x27fcba8]
[trap] num=5 (0x5) pc=0x180119f50 args=[0x1ec447d68,0x0,0x0,0x0,0x0,0x27fcba8,0x1,0x27fcb08]
[trap] num=381 (0x17d) pc=0x180119ecc args=[0x1801b7eb4,0x2,0x27fbe00,0xa,0x73,0x69,0x1,0x27fcb08]
[trap] num=550 (0x226) pc=0x180119ef8 args=[0x27fbd30,0x1,0x27fbd60,0x60,0x27fbdc0,0x0,0x100000000,0x27fcba8]
[trap] num=6 (0x6) pc=0x180116750 args=[0x3,0x3,0x27fbd90,0x0,0x1,0x0,0x100000000,0x27fcba8]
[trap] num=74 (0x4a) pc=0x180119f24 args=[0xa0bc8c000,0x4000,0x1,0x1,0x0,0x0,0x100000000,0x27fcba8]
[trap] num=5 (0x5) pc=0x180119f50 args=[0x1ec447f98,0x0,0x0,0x0,0x0,0x27fcba8,0x1,0x27fcb08]
[trap] num=381 (0x17d) pc=0x180119ecc args=[0x1801b7eb4,0x2,0x27fbe00,0xa,0x73,0x69,0x1,0x27fcb08]
[trap] num=550 (0x226) pc=0x180119ef8 args=[0x27fb650,0x1,0x27fb680,0x738,0x1688,0x18,0x100000000,0x27fcba8]
[trap] num=6 (0x6) pc=0x180116750 args=[0x3,0x3,0x27fb6b0,0x0,0x1,0x18,0x10000100000000,0x27fcba8]
[trap] num=74 (0x4a) pc=0x180119f24 args=[0xa0bd1c000,0x4000,0x1,0x1,0x0,0x18,0x10000100000000,0x27fcba8]
[trap] num=5 (0x5) pc=0x180119f50 args=[0x1ec4481c0,0x0,0x0,0x0,0x0,0x27fcba8,0x1,0x27fcb08]
[trap] num=381 (0x17d) pc=0x180119ecc args=[0x1801b7eb4,0x2,0x27fbe00,0xa,0x73,0x69,0x1,0x27fcb08]
[trap] num=550 (0x226) pc=0x180119ef8 args=[0x27fbab0,0x1,0x27fbae0,0x2d8,0x1228,0x18,0x100000000,0x27fcba8]
[trap] num=6 (0x6) pc=0x180116750 args=[0x3,0x3,0x27fbb10,0x0,0x1,0x18,0x100000000,0x27fcba8]
[trap] num=74 (0x4a) pc=0x180119f24 args=[0xa0bed0000,0x4000,0x1,0x1,0x0,0x18,0x100000000,0x27fcba8]
[trap] num=5 (0x5) pc=0x180119f50 args=[0x1ec4483f0,0x0,0x0,0x0,0x0,0x27fcba8,0x1,0x27fcb08]
[trap] num=381 (0x17d) pc=0x180119ecc args=[0x1801b7eb4,0x2,0x27fbe00,0xa,0x73,0x69,0x1,0x27fcb08]
[trap] num=550 (0x226) pc=0x180119ef8 args=[0x27fbc50,0x1,0x27fbc80,0x138,0x1088,0x18,0x100000000,0x27fcba8]
[trap] num=6 (0x6) pc=0x180116750 args=[0x3,0x3,0x27fbcb0,0x0,0x1,0x18,0x100000000,0x27fcba8]
[trap] num=74 (0x4a) pc=0x180119f24 args=[0xa0bf38000,0x4000,0x1,0x1,0x0,0x18,0x100000000,0x27fcba8]
[trap] num=5 (0x5) pc=0x180119f50 args=[0x1ec448630,0x0,0x0,0x0,0x0,0x27fcba8,0x1,0x27fcb08]
[trap] num=381 (0x17d) pc=0x180119ecc args=[0x1801b7eb4,0x2,0x27fbe00,0xa,0x73,0x69,0x1,0x27fcb08]
[trap] num=550 (0x226) pc=0x180119ef8 args=[0x27fbcc0,0x1,0x27fbcf0,0xc8,0x1018,0x8,0x100000000,0x27fcba8]
[trap] num=6 (0x6) pc=0x180116750 args=[0x3,0x3,0x27fbd20,0x0,0x1,0x8,0x100000000,0x27fcba8]
[trap] num=74 (0x4a) pc=0x180119f24 args=[0xa0bf84000,0x4000,0x1,0x1,0x0,0x8,0x100000000,0x27fcba8]
[trap] num=5 (0x5) pc=0x180119f50 args=[0x1ec448860,0x0,0x0,0x0,0x0,0x27fcba8,0x1,0x27fcb08]
[trap] num=381 (0x17d) pc=0x180119ecc args=[0x1801b7eb4,0x2,0x27fbe00,0xa,0x73,0x69,0x1,0x27fcb08]
[trap] num=550 (0x226) pc=0x180119ef8 args=[0x27fbcc0,0x1,0x27fbcf0,0xd0,0x1018,0x8,0x100000000,0x27fcba8]
[trap] num=6 (0x6) pc=0x180116750 args=[0x3,0x3,0x27fbd20,0x0,0x1,0x8,0x100000000,0x27fcba8]
[trap] num=74 (0x4a) pc=0x180119f24 args=[0xa0c160000,0x4000,0x1,0x1,0x0,0x8,0x100000000,0x27fcba8]
[trap] num=5 (0x5) pc=0x180119f50 args=[0x1ec448a90,0x0,0x0,0x0,0x0,0x27fcba8,0x1,0x27fcb08]
[trap] num=381 (0x17d) pc=0x180119ecc args=[0x1801b7eb4,0x2,0x27fbe00,0xa,0x73,0x69,0x1,0x27fcb08]
[trap] num=550 (0x226) pc=0x180119ef8 args=[0x27fbaa0,0x1,0x27fbad0,0x2f0,0x1238,0x8,0x100000000,0x27fcba8]
[trap] num=6 (0x6) pc=0x180116750 args=[0x3,0x3,0x27fbb00,0x0,0x1,0x8,0x100000000,0x27fcba8]
[trap] num=74 (0x4a) pc=0x180119f24 args=[0xa0c20c000,0x4000,0x1,0x1,0x0,0x8,0x100000000,0x27fcba8]
[trap] num=5 (0x5) pc=0x180119f50 args=[0x1ec448cc0,0x0,0x0,0x0,0x0,0x27fcba8,0x1,0x27fcb08]
[trap] num=381 (0x17d) pc=0x180119ecc args=[0x1801b7eb4,0x2,0x27fbe00,0xa,0x73,0x69,0x1,0x27fcb08]
[trap] num=550 (0x226) pc=0x180119ef8 args=[0x27fbc30,0x1,0x27fbc60,0x160,0x10a8,0x18,0x100000000,0x27fcba8]
[trap] num=6 (0x6) pc=0x180116750 args=[0x3,0x3,0x27fbc90,0x0,0x1,0x18,0x100000000,0x27fcba8]
[trap] num=74 (0x4a) pc=0x180119f24 args=[0xa0c254000,0x4000,0x1,0x1,0x0,0x18,0x100000000,0x27fcba8]
[trap] num=5 (0x5) pc=0x180119f50 args=[0x1ec448ef8,0x0,0x0,0x0,0x0,0x27fcba8,0x1,0x27fcb08]
[trap] num=381 (0x17d) pc=0x180119ecc args=[0x1801b7eb4,0x2,0x27fbe00,0xa,0x73,0x69,0x1,0x27fcb08]
[trap] num=550 (0x226) pc=0x180119ef8 args=[0x27fbcb0,0x1,0x27fbce0,0xe0,0x1028,0x18,0x100000000,0x27fcba8]
[trap] num=6 (0x6) pc=0x180116750 args=[0x3,0x3,0x27fbd10,0x0,0x1,0x18,0x10000100000000,0x27fcba8]
[trap] num=74 (0x4a) pc=0x180119f24 args=[0xa0c2e4000,0x4000,0x1,0x1,0x0,0x18,0x10000100000000,0x27fcba8]
[trap] num=5 (0x5) pc=0x180119f50 args=[0x1ec449128,0x0,0x0,0x0,0x0,0x27fcba8,0x1,0x27fcb08]
[trap] num=381 (0x17d) pc=0x180119ecc args=[0x1801b7eb4,0x2,0x27fbe00,0xa,0x73,0x69,0x1,0x27fcb08]
[trap] num=550 (0x226) pc=0x180119ef8 args=[0x27fbcb0,0x1,0x27fbce0,0xe0,0x1028,0x18,0x100000000,0x27fcba8]
[trap] num=6 (0x6) pc=0x180116750 args=[0x3,0x3,0x27fbd10,0x0,0x1,0x18,0x8000100000000,0x27fcba8]
[trap] num=74 (0x4a) pc=0x180119f24 args=[0xa0c380000,0x4000,0x1,0x1,0x0,0x18,0x8000100000000,0x27fcba8]
[trap] num=5 (0x5) pc=0x180119f50 args=[0x1ec449358,0x0,0x0,0x0,0x0,0x27fcba8,0x1,0x27fcb08]
[trap] num=381 (0x17d) pc=0x180119ecc args=[0x1801b7eb4,0x2,0x27fbe00,0xa,0x73,0x69,0x1,0x27fcb08]
[trap] num=550 (0x226) pc=0x180119ef8 args=[0x27fbca0,0x1,0x27fbcd0,0xf0,0x1038,0x8,0x100000000,0x27fcba8]
[trap] num=6 (0x6) pc=0x180116750 args=[0x3,0x3,0x27fbd00,0x0,0x1,0x8,0x18000100000000,0x27fcba8]
[trap] num=74 (0x4a) pc=0x180119f24 args=[0xa0c480000,0x4000,0x1,0x1,0x0,0x8,0x18000100000000,0x27fcba8]
[trap] num=5 (0x5) pc=0x180119f50 args=[0x1ec449590,0x0,0x0,0x0,0x0,0x27fcba8,0x1,0x27fcb08]
[trap] num=381 (0x17d) pc=0x180119ecc args=[0x1801b7eb4,0x2,0x27fbe00,0xa,0x73,0x69,0x1,0x27fcb08]
[trap] num=550 (0x226) pc=0x180119ef8 args=[0x27fb990,0x2,0x27fb9e0,0x3d8,0x1308,0x18,0x0,0x27fcba8]
[trap] num=6 (0x6) pc=0x180116750 args=[0x3,0x3,0x27fba2c,0x1,0x1,0x18,0x0,0x27fcba8]
[trap] num=74 (0x4a) pc=0x180119f24 args=[0xa0c81c000,0x4000,0x1,0x1,0x0,0x18,0x0,0x27fcba8]
[trap] num=5 (0x5) pc=0x180119f50 args=[0x1ec4497c0,0x0,0x0,0x0,0x0,0x27fcba8,0x1,0x27fcb08]
[trap] num=381 (0x17d) pc=0x180119ecc args=[0x1801b7eb4,0x2,0x27fbe00,0xa,0x73,0x69,0x1,0x27fcb08]
[trap] num=550 (0x226) pc=0x180119ef8 args=[0x27fbaa0,0x1,0x27fbad0,0x2f0,0x1238,0x8,0x100000000,0x27fcba8]
[trap] num=6 (0x6) pc=0x180116750 args=[0x3,0x3,0x27fbb00,0x0,0x1,0x8,0x100000000,0x27fcba8]
[trap] num=74 (0x4a) pc=0x180119f24 args=[0xa0c880000,0x4000,0x1,0x1,0x0,0x8,0x100000000,0x27fcba8]
[trap] num=5 (0x5) pc=0x180119f50 args=[0x1ec4499e8,0x0,0x0,0x0,0x0,0x27fcba8,0x1,0x27fcb08]
[trap] num=381 (0x17d) pc=0x180119ecc args=[0x1801b7eb4,0x2,0x27fbe00,0xa,0x73,0x69,0x1,0x27fcb08]
[trap] num=550 (0x226) pc=0x180119ef8 args=[0x27fbc50,0x1,0x27fbc80,0x140,0x1088,0x18,0x100000000,0x27fcba8]
[trap] num=6 (0x6) pc=0x180116750 args=[0x3,0x3,0x27fbcb0,0x0,0x1,0x18,0x100000000,0x27fcba8]
[trap] num=74 (0x4a) pc=0x180119f24 args=[0xa0ca58000,0x4000,0x1,0x1,0x0,0x18,0x100000000,0x27fcba8]
[trap] num=5 (0x5) pc=0x180119f50 args=[0x1ec449c18,0x0,0x0,0x0,0x0,0x27fcba8,0x1,0x27fcb08]
[trap] num=381 (0x17d) pc=0x180119ecc args=[0x1801b7eb4,0x2,0x27fbe00,0xa,0x73,0x69,0x1,0x27fcb08]
[trap] num=550 (0x226) pc=0x180119ef8 args=[0x27fb810,0x1,0x27fb840,0x580,0xa0af7c7c8,0x10,0x27fc018,0x27fcba8]
[trap] num=6 (0x6) pc=0x180116750 args=[0x3,0x3,0x27fb8b0,0x0,0x1,0x18,0x8000100000000,0x27fcba8]
[trap] num=74 (0x4a) pc=0x180119f24 args=[0xa0d6fc000,0x78000,0x1,0x1,0x0,0x18,0x8000100000000,0x27fcba8]
[trap] num=-10 (0xfffffffffffffff6) pc=0x180115588 args=[0x203,0x27fc010,0x4000,0x3c000001,0x0,0x1,0x27fbd80,0x27fbdb0]
[trap] num=5 (0x5) pc=0x180119f50 args=[0x1ec449e50,0x0,0x0,0x0,0x0,0x27fcba8,0x1,0x27fcb08]
[trap] num=381 (0x17d) pc=0x180119ecc args=[0x1801b7eb4,0x2,0x27fbe00,0xa,0x73,0x69,0x1,0x27fcb08]
[trap] num=550 (0x226) pc=0x180119ef8 args=[0x27faa10,0x1,0x27faa40,0x1378,0xa1211d570,0x10,0x0,0x27fcba8]
[trap] num=6 (0x6) pc=0x180116750 args=[0x3,0x3,0x27faa80,0x0,0x1,0x8,0x8000100000000,0x27fcba8]
[trap] num=74 (0x4a) pc=0x180119f24 args=[0xa0daa0000,0xc000,0x1,0x1,0x0,0x8,0x8000100000000,0x27fcba8]
[trap] num=-12 (0xfffffffffffffff4) pc=0x1801155a0 args=[0x203,0xa14918000,0x4000,0xa,0x0,0x8,0x8000100000000,0x27fcba8]
[trap] num=-10 (0xfffffffffffffff6) pc=0x180115588 args=[0x203,0x27fc010,0x4000,0x3c000001,0x0,0x1,0x27fbd80,0x27fbdb0]
[trap] num=5 (0x5) pc=0x180119f50 args=[0x1ec44a090,0x0,0x0,0x0,0x0,0x27fcba8,0x1,0x27fcb08]
[trap] num=381 (0x17d) pc=0x180119ecc args=[0x1801b7eb4,0x2,0x27fbe00,0xa,0x73,0x69,0x1,0x27fcb08]
[trap] num=550 (0x226) pc=0x180119ef8 args=[0x27fa570,0x1,0x27fa5a0,0x1818,0xa12121a10,0x10,0x8,0x27fcba8]
[trap] num=6 (0x6) pc=0x180116750 args=[0x3,0x3,0x27fa5d0,0x4,0x1,0x10,0x8,0x27fcba8]
[trap] num=74 (0x4a) pc=0x180119f24 args=[0xa0e2b0000,0x14000,0x1,0x1,0x0,0x10,0x8,0x27fcba8]
[trap] num=-12 (0xfffffffffffffff4) pc=0x1801155a0 args=[0x203,0xa1491c000,0x4000,0xa,0x0,0x10,0x8,0x27fcba8]
[trap] num=5 (0x5) pc=0x180119f50 args=[0x1ec44a2c8,0x0,0x0,0x0,0x0,0x27fcba8,0x1,0x27fcb08]
[trap] num=381 (0x17d) pc=0x180119ecc args=[0x1801b7eb4,0x2,0x27fbe00,0xa,0x73,0x69,0x1,0x27fcb08]
[trap] num=550 (0x226) pc=0x180119ef8 args=[0x27fbaa0,0x1,0x27fbad0,0x2f0,0x1230,0x20,0xc80000,0x27fcba8]
[trap] num=6 (0x6) pc=0x180116750 args=[0x3,0x3,0x27fbb00,0x4,0x1,0x20,0xc80000,0x27fcba8]
[trap] num=74 (0x4a) pc=0x180119f24 args=[0xa0e8d4000,0x14000,0x1,0x1,0x0,0x20,0xc80000,0x27fcba8]
[trap] num=5 (0x5) pc=0x180119f50 args=[0x1ec4467b8,0x0,0x0,0x0,0x0,0x27fcba8,0x1,0x27fcb08]
[trap] num=381 (0x17d) pc=0x180119ecc args=[0x1801b7eb4,0x2,0x27fbe00,0xa,0x73,0x69,0x1,0x27fcb08]
[trap] num=550 (0x226) pc=0x180119ef8 args=[0x27fbd30,0x1,0x27fbd60,0x60,0x27fbdc0,0x0,0x100000000,0x27fcba8]
[trap] num=6 (0x6) pc=0x180116750 args=[0x3,0x3,0x27fbd90,0x0,0x1,0x0,0x100000000,0x27fcba8]
[trap] num=74 (0x4a) pc=0x180119f24 args=[0xa0e9fc000,0x4000,0x1,0x1,0x0,0x0,0x100000000,0x27fcba8]
[trap] num=5 (0x5) pc=0x180119f50 args=[0x1ec4469e8,0x0,0x0,0x0,0x0,0x27fcba8,0x1,0x27fcb08]
[trap] num=381 (0x17d) pc=0x180119ecc args=[0x1801b7eb4,0x2,0x27fbe00,0xa,0x73,0x69,0x1,0x27fcb08]
[trap] num=6 (0x6) pc=0x180116750 args=[0x3,0x3,0x27fbd8f,0x2,0x8,0x69,0x1,0x27fcb08]
[trap] num=-14 (0xfffffffffffffff2) pc=0x1801155b8 args=[0x203,0x1e5908000,0x2324000,0x0,0x1,0x1,0x4,0x4000]
[trap] num=-14 (0xfffffffffffffff2) pc=0x1801155b8 args=[0x203,0x1edc84000,0x7b90000,0x0,0x1,0x1,0x5,0x6380000]
[trap] num=-14 (0xfffffffffffffff2) pc=0x1801155b8 args=[0x203,0x28f64c000,0x2c2c000,0x0,0x1,0x1,0x4,0x4000]
[trap] num=-14 (0xfffffffffffffff2) pc=0x1801155b8 args=[0x203,0x29a1cc000,0x5678000,0x0,0x1,0x1,0x5,0x8b84000]
[trap] num=-14 (0xfffffffffffffff2) pc=0x1801155b8 args=[0x203,0x2d0bac000,0x2a4000,0x0,0x1,0x1,0x4,0x4000]
[trap] num=-14 (0xfffffffffffffff2) pc=0x1801155b8 args=[0x203,0x2d361c000,0xac8000,0x0,0x1,0x1,0x5,0xa74000]
[trap] num=-14 (0xfffffffffffffff2) pc=0x1801155b8 args=[0x203,0x1e5908000,0x2324000,0x0,0x13,0x13,0x4,0x4000]
[trap] num=-14 (0xfffffffffffffff2) pc=0x1801155b8 args=[0x203,0x1edc84000,0x7b90000,0x0,0x13,0x13,0x5,0x6380000]
[trap] num=-14 (0xfffffffffffffff2) pc=0x1801155b8 args=[0x203,0x28f64c000,0x2c2c000,0x0,0x13,0x13,0x4,0x4000]
[trap] num=-14 (0xfffffffffffffff2) pc=0x1801155b8 args=[0x203,0x29a1cc000,0x5678000,0x0,0x13,0x13,0x5,0x8b84000]
[trap] num=-14 (0xfffffffffffffff2) pc=0x1801155b8 args=[0x203,0x2d0bac000,0x2a4000,0x0,0x13,0x13,0x4,0x4000]
[trap] num=-14 (0xfffffffffffffff2) pc=0x1801155b8 args=[0x203,0x2d361c000,0xac8000,0x0,0x13,0x13,0x5,0xa74000]
[trap] num=-14 (0xfffffffffffffff2) pc=0x1801155b8 args=[0x203,0x1e5908000,0x2324000,0x0,0x1,0x1,0x4,0x4000]
[trap] num=-14 (0xfffffffffffffff2) pc=0x1801155b8 args=[0x203,0x1edc84000,0x7b90000,0x0,0x1,0x1,0x5,0x6380000]
[trap] num=-14 (0xfffffffffffffff2) pc=0x1801155b8 args=[0x203,0x28f64c000,0x2c2c000,0x0,0x1,0x1,0x4,0x4000]
[trap] num=-14 (0xfffffffffffffff2) pc=0x1801155b8 args=[0x203,0x29a1cc000,0x5678000,0x0,0x1,0x1,0x5,0x8b84000]
[trap] num=-14 (0xfffffffffffffff2) pc=0x1801155b8 args=[0x203,0x2d0bac000,0x2a4000,0x0,0x1,0x1,0x4,0x4000]
[trap] num=-14 (0xfffffffffffffff2) pc=0x1801155b8 args=[0x203,0x2d361c000,0xac8000,0x0,0x1,0x1,0x5,0xa74000]
[trap] num=-15 (0xfffffffffffffff1) pc=0x1801155c4 args=[0x203,0x27f7ab0,0x20000,0x3fff,0x3c000001,0x3,0x0,0x0]
[trap] num=347 (0x15b) pc=0x18011a6ec args=[0x0,0x0,0x2,0x2,0x1,0x27f7640,0xa0,0x0]
[trap] num=-15 (0xfffffffffffffff1) pc=0x1801155c4 args=[0x203,0x27f70d0,0x20000,0x3fff,0x3c000001,0x3,0x0,0x0]
[trap] num=347 (0x15b) pc=0x18011a6ec args=[0x100034060,0x6e18,0x2,0x2,0x1,0x100034000,0x20000,0x0]
[M28 BANDSHRINK] syscall 347 band past ipa 0x100034000 len 65536 shrunk 64 -> 0 by an overlapping window of the same call
[trap] num=220 (0xdc) pc=0x180116e90 args=[0x1000340b8,0x27f75b8,0x27f7700,0x40,0x0,0x0,0x20000,0x0]
[trap] num=-12 (0xfffffffffffffff4) pc=0x1801155a0 args=[0x203,0x100034000,0x20000,0x85,0x2,0x5b6e05f,0xffffffffffffffff,0x0]
[trap] num=-15 (0xfffffffffffffff1) pc=0x1801155c4 args=[0x203,0x27f7820,0x20000,0x3fff,0x3c000001,0x3,0x0,0x0]
[trap] num=-15 (0xfffffffffffffff1) pc=0x1801155c4 args=[0x203,0x27f7840,0x20000,0x3fff,0x3c000001,0x3,0x0,0x0]
[trap] num=-12 (0xfffffffffffffff4) pc=0x1801155a0 args=[0x203,0x100054000,0x20000,0x0,0x0,0x0,0x0,0x0]
[trap] num=-12 (0xfffffffffffffff4) pc=0x1801155a0 args=[0x203,0x100034000,0x20000,0x0,0x0,0x0,0x0,0x0]
[trap] num=-12 (0xfffffffffffffff4) pc=0x1801155a0 args=[0x203,0x100014000,0x20000,0x0,0x0,0x0,0x0,0x0]
[trap] num=5 (0x5) pc=0x180119f50 args=[0x1801ab41a,0x2,0x0,0x2,0x8,0x0,0x0,0x0]
[trap] num=54 (0x36) pc=0x180116724 args=[0x3,0x80086804,0x27f4448,0x2,0x8,0x0,0x0,0x0]
[trap] num=6 (0x6) pc=0x180116750 args=[0x3,0xffffffffffffffff,0x27f4448,0x2,0x8,0x0,0x0,0x0]
[trap] num=294 (0x126) pc=0x18011a2f8 args=[0xffffffffffffffff,0x1f070030,0x0,0x0,0x0,0x0,0x0,0x0]
[trap] num=-14 (0xfffffffffffffff2) pc=0x1801155b8 args=[0x203,0x1ec444000,0x24000,0x0,0x1,0x0,0x0,0x0]
[trap] num=-28 (0xffffffffffffffe4) pc=0x1804adb5c args=[0x0,0x1804e2db8,0x27ffee8,0x1ec445338,0x1ec445338,0x0,0x0,0x0]
[trap] num=-26 (0xffffffffffffffe6) pc=0x1804adb44 args=[0x203,0x1804e2db8,0x27ffee8,0x1ec445338,0x1ec445338,0x0,0x0,0x0]
[trap] num=33 (0x21) pc=0x1804ae668 args=[0x1804e2dda,0x0,0x27ffee8,0x1ec445338,0x1ec445338,0x0,0x0,0x0]
[trap] num=-15 (0xfffffffffffffff1) pc=0x1804adacc args=[0x203,0x27fb5a8,0x8000,0x0,0x49000001,0x3,0x0,0x0]
[trap] num=-29 (0xffffffffffffffe3) pc=0x1804adb68 args=[0x1eec6fd98,0x27ffee0,0x27ffee8,0x1ec445338,0x49000001,0x3,0x0,0x0]
[trap] num=-24 (0xffffffffffffffe8) pc=0x1804adb2c args=[0x203,0x27fb450,0x0,0x27fb46c,0x49000001,0x3,0x0,0x0]
[trap] num=-47 (0xffffffffffffffd1) pc=0x1804adc34 args=[0x27fb490,0x200000003,0x2800001513,0x100300001c03,0xc800000000,0x100300000000,0x140,0x0]
[mach_msg2] msgh_id=200 dest=0x1c03 reply=0x1003 options=0x200000003 bits=0x1513 send_size=40 rcv_size=320
  send+000: 13 15 00 00 28 00 00 00 03 1c 00 00 03 10 00 00
  send+010: 00 00 00 00 c8 00 00 00 00 00 00 00 01 00 00 00
  send+020: 05 00 00 00 08 00 00 00
[retrace] forwarding mach_msg2 host_info (msgh_id 200) to host (decided allowlist)
[mach_msg2] host ret=0x0 err=false
  reply@0x27fb490+000: 00 12 00 00 48 00 00 00 00 00 00 00 03 10 00 00
  reply@0x27fb490+010: 00 00 00 00 2c 01 00 00 00 00 00 00 01 00 00 00
  reply@0x27fb490+020: 00 00 00 00 08 00 00 00 50 00 00 00 50 00 00 00
  reply@0x27fb490+030: 40 00 00 00 1f 00 00 00 00 00 00 00 00 00 00 00
  reply@0x27fb490+040: 00 00 00 00 4f 00 00 00 00 00 00 00 08 00 00 00
  reply@0x27fb490+050: 00 00 00 00 00 00 00 00 00 00 00 00 00 00 00 00
  reply@0x27fb490+060: 00 00 00 00 00 00 00 00 00 00 00 00 00 00 00 00
  reply@0x27fb490+070: 00 00 00 00 00 00 00 00 00 00 00 00 00 00 00 00
  reply@0x27fb490+080: 00 00 00 00 00 00 00 00 00 00 00 00 00 00 00 00
  reply@0x27fb490+090: 00 00 00 00 00 00 00 00 00 00 00 00 00 00 00 00
  reply@0x27fb490+0a0: 00 00 00 00 00 00 00 00 00 00 00 00 00 00 00 00
  reply@0x27fb490+0b0: 00 00 00 00 00 00 00 00 00 00 00 00 00 00 00 00
  reply@0x27fb490+0c0: 00 00 00 00 00 00 00 00 00 00 00 00 00 00 00 00
  reply@0x27fb490+0d0: 00 00 00 00 00 00 00 00 00 00 00 00 00 00 00 00
  reply@0x27fb490+0e0: 00 00 00 00 00 00 00 00 00 00 00 00 00 00 00 00
  reply@0x27fb490+0f0: 00 00 00 00 00 00 00 00 00 00 00 00 00 00 00 00
[trap] num=-18 (0xffffffffffffffee) pc=0x1804adae4 args=[0x203,0x1c03,0x0,0x27fb680,0xc800000000,0x100300000000,0x4f00000000,0x0]
[trap] num=202 (0xca) pc=0x1804af460 args=[0x27fb688,0x2,0x27fb658,0x27fb620,0x0,0x0,0x4f00000000,0x0]
[trap] num=-27 (0xffffffffffffffe5) pc=0x1804adb50 args=[0x2ff20,0x0,0xd,0x1804f8a04,0x0,0x0,0x4f00000000,0x0]
[trap] num=-24 (0xffffffffffffffe8) pc=0x1804adb2c args=[0x203,0x27fb5d0,0x0,0x27fb5ec,0x0,0x0,0x4f00000000,0x0]
[trap] num=366 (0x16e) pc=0x1804b3d2c args=[0x1804ecc14,0x1804ecc08,0x4000,0x27fb620,0x38,0xa0,0x4f00000000,0x0]
[trap] num=-29 (0xffffffffffffffe3) pc=0x1804adb68 args=[0x10030,0x103,0x1804f8cd8,0x103,0x38,0xa0,0x4f00000000,0x0]
[trap] num=-47 (0xffffffffffffffd1) pc=0x1804adc34 args=[0x27fb660,0x200000003,0x2400001513,0x170300001c03,0xce00000000,0x170300000000,0x30,0x0]
[mach_msg2] msgh_id=206 dest=0x1c03 reply=0x1703 options=0x200000003 bits=0x1513 send_size=36 rcv_size=48
  send+000: 13 15 00 00 24 00 00 00 03 1c 00 00 03 17 00 00
  send+010: 00 00 00 00 ce 00 00 00 00 00 00 00 01 00 00 00
  send+020: 00 00 00 00
[retrace] forwarding mach_msg2 host_get_clock_service (msgh_id 206) to host (decided allowlist)
[mach_msg2] host ret=0x0 err=false
  reply@0x27fb660+000: 00 12 00 80 28 00 00 00 00 00 00 00 03 17 00 00
  reply@0x27fb660+010: 00 00 00 00 32 01 00 00 01 00 00 00 03 09 00 00
  reply@0x27fb660+020: 00 00 00 00 00 00 11 00 00 00 00 00 08 00 00 00
  reply@0x27fb660+030: b8 fd c6 ee 01 00 00 00 03 1c 00 00 00 00 00 00
  reply@0x27fb660+040: c0 b6 7f 02 00 00 00 00 14 e8 39 80 01 00 00 00
  reply@0x27fb660+050: b8 fd c6 ee 01 00 00 00 e8 fe 7f 02 00 00 00 00
  reply@0x27fb660+060: e0 b6 7f 02 00 00 00 00 a0 e6 39 80 01 00 00 00
  reply@0x27fb660+070: 38 53 44 ec 01 00 00 00 e8 fe 7f 02 00 00 00 00
  reply@0x27fb660+080: 50 b7 7f 02 00 00 00 00 04 13 34 90 01 00 00 00
  reply@0x27fb660+090: 48 02 34 90 01 00 00 00 a0 00 00 00 00 00 00 00
  reply@0x27fb660+0a0: 06 00 00 00 00 00 00 00 18 01 34 90 01 00 00 00
  reply@0x27fb660+0b0: c0 1b 34 90 01 00 00 00 c0 52 44 ec 01 00 00 00
  reply@0x27fb660+0c0: 5c 12 34 90 01 00 00 00 70 b7 7f 02 00 00 00 00
  reply@0x27fb660+0d0: c0 1b 34 90 01 00 00 00 c0 52 44 ec 01 00 00 00
  reply@0x27fb660+0e0: 5c 12 34 90 01 00 00 00 78 bc 7f 02 00 00 00 00
  reply@0x27fb660+0f0: 00 b8 7f 02 00 00 00 00 30 0e 16 80 01 00 00 00
[trap] num=-47 (0xffffffffffffffd1) pc=0x1804adc34 args=[0x27fb660,0x200000003,0x2800001513,0x170300000203,0xd5a00000000,0x170300000000,0x30,0x0]
[mach_msg2] msgh_id=3418 dest=0x203 reply=0x1703 options=0x200000003 bits=0x1513 send_size=40 rcv_size=48
  send+000: 13 15 00 00 28 00 00 00 03 02 00 00 03 17 00 00
  send+010: 00 00 00 00 5a 0d 00 00 00 00 00 00 01 00 00 00
  send+020: 00 00 00 00 00 00 00 00
[retrace] forwarding mach_msg2 semaphore_create (msgh_id 3418) to host (decided allowlist)
[mach_msg2] host ret=0x0 err=false
  reply@0x27fb660+000: 00 12 00 80 28 00 00 00 00 00 00 00 03 17 00 00
  reply@0x27fb660+010: 00 00 00 00 be 0d 00 00 01 00 00 00 03 11 00 00
  reply@0x27fb660+020: 00 00 00 00 00 00 11 00 00 00 00 00 08 00 00 00
  reply@0x27fb660+030: d8 5d 70 ec 01 00 00 00 03 1c 00 00 00 00 00 00
  reply@0x27fb660+040: c0 b6 7f 02 00 00 00 00 38 e8 39 80 01 00 00 00
  reply@0x27fb660+050: b8 fd c6 ee 01 00 00 00 e8 fe 7f 02 00 00 00 00
  reply@0x27fb660+060: e0 b6 7f 02 00 00 00 00 a0 e6 39 80 01 00 00 00
  reply@0x27fb660+070: 38 53 44 ec 01 00 00 00 e8 fe 7f 02 00 00 00 00
  reply@0x27fb660+080: 50 b7 7f 02 00 00 00 00 04 13 34 90 01 00 00 00
  reply@0x27fb660+090: 48 02 34 90 01 00 00 00 a0 00 00 00 00 00 00 00
  reply@0x27fb660+0a0: 06 00 00 00 00 00 00 00 18 01 34 90 01 00 00 00
  reply@0x27fb660+0b0: c0 1b 34 90 01 00 00 00 c0 52 44 ec 01 00 00 00
  reply@0x27fb660+0c0: 5c 12 34 90 01 00 00 00 70 b7 7f 02 00 00 00 00
  reply@0x27fb660+0d0: c0 1b 34 90 01 00 00 00 c0 52 44 ec 01 00 00 00
  reply@0x27fb660+0e0: 5c 12 34 90 01 00 00 00 78 bc 7f 02 00 00 00 00
  reply@0x27fb660+0f0: 00 b8 7f 02 00 00 00 00 30 0e 16 80 01 00 00 00
[trap] num=-18 (0xffffffffffffffee) pc=0x1804adae4 args=[0x203,0x1c03,0x2800001513,0x170300000203,0xd5a00000000,0x170300000000,0x30,0x0]
[trap] num=20 (0x14) pc=0x1804ae198 args=[0x0,0x0,0x0,0x27fb540,0x27fb200,0x74,0x0,0xc80]
[trap] num=266 (0x10a) pc=0x1804af558 args=[0x18037ff36,0x0,0x1,0x103,0x27fb200,0x74,0x0,0xc80]
[trap] num=339 (0x153) pc=0x1804bc288 args=[0x3,0x27fafd0,0x1,0x103,0x27fb200,0x74,0x0,0xc80]
[trap] num=197 (0xc5) pc=0x1804aea18 args=[0x0,0x8000,0x1,0x40001,0x3,0x0,0x0,0xc80]
[trap] num=6 (0x6) pc=0x1804ae8f0 args=[0x3,0x8000,0x1,0x40001,0x3,0x0,0x0,0xc80]
[trap] num=169 (0xa9) pc=0x1804af8dc args=[0x8833,0x0,0x27fb12c,0x4,0x3,0x0,0x0,0xc80]
[trap] num=500 (0x1f4) pc=0x1804ae144 args=[0x1ec6fd858,0x10,0x4,0x1804f8a0c,0x6c,0x6c,0x38,0x830]
[trap] num=54 (0x36) pc=0x1804b2338 args=[0x2,0x4004667a,0x27fb09c,0x103,0x6c,0x6c,0x38,0x830]
[trap] num=54 (0x36) pc=0x1804b2338 args=[0x2,0x40487413,0x27fb0a0,0x103,0x6c,0x6c,0x38,0x830]
[trap] num=116 (0x74) pc=0x1804b1b60 args=[0x27fae10,0x0,0x0,0xfffffc088,0x6e,0x6d,0x38,0xae0]
[trap] num=500 (0x1f4) pc=0x1804ae144 args=[0x27faf48,0x20,0x27faf48,0x1c725a0a,0x180267bdc,0x6d,0x38,0xae0]
[trap] num=116 (0x74) pc=0x1804b1b60 args=[0x27fae30,0x0,0x0,0xfffffc088,0x180267bdc,0x6d,0x38,0xae0]
[trap] num=116 (0x74) pc=0x1804b1b60 args=[0x27fae50,0x0,0x0,0xfffffc088,0x1ec6fcf70,0x1ec6fcfa8,0x1000,0x20]
[trap] num=116 (0x74) pc=0x1804b1b60 args=[0x27fae50,0x0,0x0,0xfffffc088,0x27fadc0,0x1802361b0,0x2998e60a5243ef3a,0x27fae70]
[trap] num=-47 (0xffffffffffffffd1) pc=0x1804adc34 args=[0x27fafe8,0x200000003,0x6480001513,0x170300000203,0x12cb00000000,0x170300000001,0x34,0x0]
[mach_msg2] msgh_id=4811 dest=0x203 reply=0x1703 options=0x200000003 bits=0x80001513 send_size=100 rcv_size=52
  send+000: 13 15 00 80 64 00 00 00 03 02 00 00 03 17 00 00
  send+010: 00 00 00 00 cb 12 00 00 01 00 00 00 00 00 00 00
  send+020: 00 00 00 00 00 00 13 00 00 00 00 00 01 00 00 00
  send+030: 00 00 00 00 00 00 00 00 00 80 4e 00 00 00 00 00
  send+040: 00 00 00 00 00 00 00 00 01 00 00 01 00 00 00 00
  send+050: 00 00 00 00 00 00 00 00 00 00 00 00 00 00 00 00
  send+060: 01 00 00 00
[trap] num=-12 (0xfffffffffffffff4) pc=0x1804adaa8 args=[0x203,0xa14a80000,0x100000,0x170300000203,0x12cb00000000,0x170300000001,0x34,0x0]
[trap] num=116 (0x74) pc=0x1804b1b60 args=[0x27fab30,0x0,0x0,0xfffffc088,0x12cb00000000,0x170300000001,0x34,0x0]
[trap] num=-15 (0xfffffffffffffff1) pc=0x1804adacc args=[0x203,0x27fabf8,0x408000,0x0,0x1000001,0x3,0x0,0x0]
[trap] num=74 (0x4a) pc=0x1804b1b04 args=[0x4c000,0x4000,0x0,0x40000000,0x0,0x3,0x0,0x0]
[trap] num=74 (0x4a) pc=0x1804b1b04 args=[0x450000,0x4000,0x0,0x40000000,0x0,0x3,0x0,0x0]
[trap] num=-15 (0xfffffffffffffff1) pc=0x1804adacc args=[0x203,0x27fac78,0x400000,0x0,0x7004000,0x3,0x0,0x0]
[trap] num=-89 (0xffffffffffffffa7) pc=0x1804add00 args=[0x1ec705d78,0x180327210,0x0,0x1804f8a08,0x7004000,0x3,0x0,0x0]
[trap] num=-15 (0xfffffffffffffff1) pc=0x1804adacc args=[0x203,0x27fac68,0x3e000,0x0,0x1000001,0x3,0x0,0x0]
[trap] num=-47 (0xffffffffffffffd1) pc=0x1804adc34 args=[0x27fabc0,0x200000003,0x2800001513,0x170300000203,0x12d600000000,0x170300000000,0x3c,0x0]
[mach_msg2] msgh_id=4822 dest=0x203 reply=0x1703 options=0x200000003 bits=0x1513 send_size=40 rcv_size=60
  send+000: 13 15 00 00 28 00 00 00 03 02 00 00 03 17 00 00
  send+010: 00 00 00 00 d6 12 00 00 00 00 00 00 01 00 00 00
  send+020: f8 03 00 00 f8 03 40 00
[trap] num=-10 (0xfffffffffffffff6) pc=0x1804ada90 args=[0x203,0x27fa5b8,0x4000,0x1,0x180327599,0x27fac70,0x3c,0x0]
[trap] num=336 (0x150) pc=0x1804af110 args=[0x2,0x8833,0x11,0x0,0x27fa598,0x38,0x180327461,0x300000028]
[trap] num=97 (0x61) pc=0x1804b1fa0 args=[0x1,0x2,0x0,0x103,0x27fa598,0x38,0x0,0x300000028]
[trap] num=92 (0x5c) pc=0x1804ae8c4 args=[0x3,0x2,0x1,0x103,0x27fa598,0x38,0x0,0x300000028]
[trap] num=98 (0x62) pc=0x1804b2364 args=[0x3,0x27f9bc6,0x6a,0x27f9bd8,0x27fa598,0x38,0x676f6c7379732f,0x300000028]
[trap] num=133 (0x85) pc=0x1804b2390 args=[0x3,0x27f9cd0,0xfb,0x0,0x0,0x0,0x0,0x300000028]
[trap] num=-12 (0xfffffffffffffff4) pc=0x1804adaa8 args=[0x203,0x300000000,0x4000,0x0,0x0,0x0,0x0,0x300000028]
[trap] num=-47 (0xffffffffffffffd1) pc=0x1804adc34 args=[0x27fab58,0x200000003,0x6480001513,0x170300000203,0x12cb00000000,0x170300000001,0x34,0x0]
[mach_msg2] msgh_id=4811 dest=0x203 reply=0x1703 options=0x200000003 bits=0x80001513 send_size=100 rcv_size=52
  send+000: 13 15 00 80 64 00 00 00 03 02 00 00 03 17 00 00
  send+010: 00 00 00 00 cb 12 00 00 01 00 00 00 00 00 00 00
  send+020: 00 00 00 00 00 00 13 00 00 00 00 00 01 00 00 00
  send+030: 00 00 00 00 04 00 00 00 00 00 00 00 06 00 00 00
  send+040: 00 00 00 00 00 00 00 00 00 00 00 00 00 00 00 00
  send+050: 00 00 00 00 00 00 00 00 00 00 00 00 00 00 00 00
  send+060: 01 00 00 00
[trap] num=116 (0x74) pc=0x1804b1b60 args=[0x27faa40,0x0,0x0,0xfffffc088,0x0,0x700,0xa14aab378,0x0]
[trap] num=-15 (0xfffffffffffffff1) pc=0x1804adacc args=[0x203,0x27fb098,0x4000,0x0,0x1000001,0x3,0x0,0x0]
[trap] num=74 (0x4a) pc=0x1804b1b04 args=[0xa14ac0000,0x4000,0x1,0xa14ac0008,0x1000001,0x3,0x0,0x0]
[trap] num=-14 (0xfffffffffffffff2) pc=0x1801155b8 args=[0x203,0x1ec444000,0x24000,0x0,0x3,0x3,0x0,0x0]
[trap] num=-14 (0xfffffffffffffff2) pc=0x1801155b8 args=[0x203,0x1ec444000,0x24000,0x0,0x1,0x3,0x0,0x0]
[trap] num=327 (0x147) pc=0x1804ad92c args=[0x8833,0x3,0x103,0x103,0x1,0x3,0x0,0x0]
[trap] num=-47 (0xffffffffffffffd1) pc=0x1804adc34 args=[0x27fb19c,0x200000003,0x7400001513,0x170300000203,0x1f4000000000,0x170300000000,0x2c,0x0]
[mach_msg2] msgh_id=8000 dest=0x203 reply=0x1703 options=0x200000003 bits=0x1513 send_size=116 rcv_size=44
  send+000: 13 15 00 00 74 00 00 00 03 02 00 00 03 17 00 00
  send+010: 00 00 00 00 40 1f 00 00 00 00 00 00 01 00 00 00
  send+020: 05 00 00 00 88 5c 09 80 01 00 00 00 78 00 78 00
  send+030: 00 00 00 00 20 58 09 80 01 00 00 00 5c 00 5c 00
  send+040: 00 00 00 00 38 5a 09 80 01 00 00 00 5c 00 5c 00
  send+050: 00 00 00 00 00 59 09 80 01 00 00 00 78 00 78 00
  send+060: 00 00 00 00 b8 5a 09 80 01 00 00 00 78 00 78 00
  send+070: 00 00 00 00
[trap] num=-47 (0xffffffffffffffd1) pc=0x1804adc34 args=[0x27fb5a0,0x200000003,0x1800001513,0x170300000203,0x1f4100000000,0x170300000000,0x2c,0x0]
[mach_msg2] msgh_id=8001 dest=0x203 reply=0x1703 options=0x200000003 bits=0x1513 send_size=24 rcv_size=44
  send+000: 13 15 00 00 18 00 00 00 03 02 00 00 03 17 00 00
  send+010: 00 00 00 00 41 1f 00 00
[trap] num=-14 (0xfffffffffffffff2) pc=0x1801155b8 args=[0x203,0x1ec444000,0x24000,0x0,0x3,0x53,0x2c,0x0]
[trap] num=-15 (0xfffffffffffffff1) pc=0x1804adacc args=[0x203,0x27f4ad8,0x8000,0x0,0x1000001,0x3,0x0,0x0]
[trap] num=-15 (0xfffffffffffffff1) pc=0x1804adacc args=[0x203,0x27f4b38,0x8000,0x0,0xb004000,0x3,0x0,0x0]
[trap] num=116 (0x74) pc=0x1804b1b60 args=[0x27f4a20,0x0,0x0,0xfffffc088,0x8,0x41,0x0,0xb40]
[trap] num=116 (0x74) pc=0x1804b1b60 args=[0x27f4970,0x0,0x0,0xfffffc088,0x8,0x41,0x24aa2ddb87212b0b,0xb40]
[trap] num=116 (0x74) pc=0x1804b1b60 args=[0x27f4970,0x0,0x0,0xfffffc088,0x8,0x41,0xa7274c1c42f51252,0xb40]
[trap] num=116 (0x74) pc=0x1804b1b60 args=[0x27f4970,0x0,0x0,0xfffffc088,0x8,0x41,0xe3093961fa2f0e34,0xb40]
[trap] num=116 (0x74) pc=0x1804b1b60 args=[0x27f4970,0x0,0x0,0xfffffc088,0x8,0x41,0xe7e9ca7d32ffad2b,0xb40]
[trap] num=116 (0x74) pc=0x1804b1b60 args=[0x27f4970,0x0,0x0,0xfffffc088,0x8,0x41,0x17236a71e32f5ee1,0xb40]
[trap] num=116 (0x74) pc=0x1804b1b60 args=[0x27f4970,0x0,0x0,0xfffffc088,0x8,0x41,0xc0ce4ebd9d51ef6,0xb40]
[trap] num=116 (0x74) pc=0x1804b1b60 args=[0x27f4970,0x0,0x0,0xfffffc088,0x8,0x41,0x69193b95712c0c11,0xb40]
[trap] num=-15 (0xfffffffffffffff1) pc=0x1804adacc args=[0x203,0x27f4988,0x400000,0x0,0x2004000,0x3,0x0,0x0]
[trap] num=-15 (0xfffffffffffffff1) pc=0x1804adacc args=[0x203,0x27f48d8,0x80000,0x3fff,0x1000001,0x3,0x0,0x0]
[trap] num=-14 (0xfffffffffffffff2) pc=0x1801155b8 args=[0x203,0x1ec444000,0x24000,0x0,0x1,0x0,0xffffffffbfc007ff,0xfffff0003ffff800]
[trap] num=202 (0xca) pc=0x1804af460 args=[0x27fb590,0x2,0x27fb558,0x27fb550,0x180205f3c,0x15,0xffffffffbfc007ff,0xfffff0003ffff800]
[trap] num=202 (0xca) pc=0x1804af460 args=[0x27fb558,0x2,0x27fb610,0x27fb600,0x0,0x0,0xffffffffbfc007ff,0xfffff0003ffff800]
[trap] num=202 (0xca) pc=0x1804af460 args=[0x27fb590,0x2,0x27fb558,0x27fb550,0x180205f9b,0x16,0xffffffffbfc007ff,0xfffff0003ffff800]
[trap] num=202 (0xca) pc=0x1804af460 args=[0x27fb558,0x2,0x27fb610,0x27fb600,0x0,0x0,0xffffffffbfc007ff,0xfffff0003ffff800]
[trap] num=202 (0xca) pc=0x1804af460 args=[0x27fb590,0x2,0x27fb558,0x27fb550,0x180205f3c,0x15,0xffffffffbfc007ff,0xfffff0003ffff800]
[trap] num=202 (0xca) pc=0x1804af460 args=[0x27fb558,0x2,0x27fb610,0x27fb600,0x0,0x0,0xffffffffbfc007ff,0xfffff0003ffff800]
[trap] num=-47 (0xffffffffffffffd1) pc=0x1804adc34 args=[0x27fb630,0x200000003,0x2400001513,0x170300000203,0xd5100000000,0x170300000000,0x30,0x0]
[mach_msg2] msgh_id=3409 dest=0x203 reply=0x1703 options=0x200000003 bits=0x1513 send_size=36 rcv_size=48
  send+000: 13 15 00 00 24 00 00 00 03 02 00 00 03 17 00 00
  send+010: 00 00 00 00 51 0d 00 00 00 00 00 00 01 00 00 00
  send+020: 04 00 00 00
[trap] num=-19 (0xffffffffffffffed) pc=0x1804adaf0 args=[0x203,0x1603,0x0,0x1,0xd5100000000,0x170300000000,0x30,0x0]
[trap] num=-19 (0xffffffffffffffed) pc=0x1804adaf0 args=[0x203,0x1603,0x0,0x1,0xd5100000000,0x170300000000,0x30,0x0]
[trap] num=-19 (0xffffffffffffffed) pc=0x1804adaf0 args=[0x203,0x1603,0x0,0x1,0x0,0x170300000000,0x30,0x0]
[trap] num=-15 (0xfffffffffffffff1) pc=0x1804adacc args=[0x203,0x27f99a8,0x400000,0x0,0x2004000,0x3,0x0,0x0]
[trap] num=-14 (0xfffffffffffffff2) pc=0x1801155b8 args=[0x203,0x1ec444000,0x24000,0x0,0x3,0x27fb45f,0xffffffffbfc007ff,0x90]
[trap] num=-14 (0xfffffffffffffff2) pc=0x1801155b8 args=[0x203,0x1ec444000,0x24000,0x0,0x1,0x27fb45f,0xffffffffbfc007ff,0x90]
[trap] num=5 (0x5) pc=0x180119f50 args=[0x63ae0,0x0,0x0,0x63ae0,0x0,0x27fb45f,0x0,0x90]
[trap] num=92 (0x5c) pc=0x1801180d8 args=[0x4,0x32,0x27faf28,0x63ae0,0x0,0x27fb45f,0x0,0x90]
[trap] num=6 (0x6) pc=0x180116750 args=[0x4,0x32,0x27faf28,0x63ae0,0x0,0x27fb45f,0x0,0x90]
[trap] num=220 (0xdc) pc=0x1804ae63c args=[0x63ae0,0x27faf50,0x27faf6c,0x40c,0x0,0x27fb45f,0x0,0x90]
[trap] num=33 (0x21) pc=0x1804ae668 args=[0x63b40,0x4,0x639f0,0x63a80,0x0,0x56,0x0,0x470]
[M28 BANDSHRINK] syscall 33 band past ipa 0x639f0 len 65536 shrunk 64 -> 0 by an overlapping window of the same call
[M28 BANDSHRINK] syscall 33 band past ipa 0x63a80 len 65536 shrunk 64 -> 0 by an overlapping window of the same call
[trap] num=5 (0x5) pc=0x1804ae694 args=[0x63b40,0x0,0x0,0x63a80,0x0,0x56,0x0,0x470]
[M28 BANDSHRINK] syscall 5 band past ipa 0x63a80 len 65536 shrunk 64 -> 0 by an overlapping window of the same call
[trap] num=339 (0x153) pc=0x1804bc288 args=[0x4,0x639f0,0x0,0x63a80,0x0,0x56,0x0,0x470]
[M28 BANDSHRINK] syscall 339 band past ipa 0x639f0 len 65536 shrunk 64 -> 0 by an overlapping window of the same call
[trap] num=483 (0x1e3) pc=0x1804ae6f0 args=[0x0,0x27fb17c,0x4,0x63a80,0x0,0x56,0x0,0x470]
[trap] num=228 (0xe4) pc=0x1804b1694 args=[0x4,0x27fb240,0x27fb1a0,0x28,0x0,0x56,0x0,0x470]
[trap] num=381 (0x17d) pc=0x1804af730 args=[0x18df1ac55,0x2,0x27fb1a0,0x28,0x0,0x56,0x0,0x470]
[trap] num=92 (0x5c) pc=0x1804ae8c4 args=[0x4,0x32,0x27fae98,0x27fb258,0x27faf00,0x56,0x0,0x470]
[trap] num=6 (0x6) pc=0x1804ae8f0 args=[0x4,0x27faebd,0x0,0x63b95,0x0,0x56,0x0,0x470]
[trap] num=5 (0x5) pc=0x1804ae694 args=[0x63ba0,0x0,0x0,0x63bcf,0x18020b535,0x27fb360,0x74,0x470]
[M28 BANDSHRINK] syscall 5 band past ipa 0x63ba0 len 65536 shrunk 64 -> 0 by an overlapping window of the same call
[trap] num=336 (0x150) pc=0x1804af110 args=[0x2,0x8833,0xd,0x1,0x27fb5d0,0x40,0x74,0x470]
[trap] num=-24 (0xffffffffffffffe8) pc=0x1804adb2c args=[0x203,0x27fb690,0x71b75ace,0x27fb68c,0x0,0x5,0x0,0x0]
[trap] num=-47 (0xffffffffffffffd1) pc=0x1804adc34 args=[0x27fb628,0x200000003,0x3480001513,0x170300000203,0xd5200000000,0x170300000001,0x2c,0x0]
[mach_msg2] msgh_id=3410 dest=0x203 reply=0x1703 options=0x200000003 bits=0x80001513 send_size=52 rcv_size=44
  send+000: 13 15 00 80 34 00 00 00 03 02 00 00 03 17 00 00
  send+010: 00 00 00 00 52 0d 00 00 01 00 00 00 03 12 00 00
  send+020: 00 00 00 00 00 00 13 00 00 00 00 00 01 00 00 00
  send+030: 0a 00 00 00
[trap] num=-47 (0xffffffffffffffd1) pc=0x1804adc34 args=[0x27fb3a8,0x200000003,0x2800001513,0x170300000203,0xd4d00000000,0x170300000000,0x1a8,0x0]
[mach_msg2] msgh_id=3405 dest=0x203 reply=0x1703 options=0x200000003 bits=0x1513 send_size=40 rcv_size=424
  send+000: 13 15 00 00 28 00 00 00 03 02 00 00 03 17 00 00
  send+010: 00 00 00 00 4d 0d 00 00 00 00 00 00 01 00 00 00
  send+020: 0f 00 00 00 08 00 00 00
[retrace] forwarding mach_msg2 task_info (msgh_id 3405) to host (decided allowlist)
[mach_msg2] host ret=0x0 err=false
  reply@0x27fb3a8+000: 00 12 00 00 48 00 00 00 00 00 00 00 03 17 00 00
  reply@0x27fb3a8+010: 00 00 00 00 b1 0d 00 00 00 00 00 00 01 00 00 00
  reply@0x27fb3a8+020: 00 00 00 00 08 00 00 00 f5 01 00 00 f5 01 00 00
  reply@0x27fb3a8+030: 14 00 00 00 f5 01 00 00 14 00 00 00 33 88 00 00
  reply@0x27fb3a8+040: b9 86 01 00 f1 29 75 00 00 00 00 00 08 00 00 00
  reply@0x27fb3a8+050: 00 00 00 00 00 00 00 00 00 00 00 00 00 00 00 00
  reply@0x27fb3a8+060: 00 00 00 00 00 00 00 00 00 00 00 00 00 00 00 00
  reply@0x27fb3a8+070: 00 00 00 00 00 00 00 00 00 00 00 00 00 00 00 00
  reply@0x27fb3a8+080: 00 00 00 00 00 00 00 00 00 00 00 00 00 00 00 00
  reply@0x27fb3a8+090: 00 00 00 00 00 00 00 00 00 00 00 00 00 00 00 00
  reply@0x27fb3a8+0a0: 00 00 00 00 00 00 00 00 00 00 00 00 00 00 00 00
  reply@0x27fb3a8+0b0: 00 00 00 00 00 00 00 00 00 00 00 00 00 00 00 00
  reply@0x27fb3a8+0c0: 00 00 00 00 00 00 00 00 00 00 00 00 00 00 00 00
  reply@0x27fb3a8+0d0: 00 00 00 00 00 00 00 00 00 00 00 00 00 00 00 00
  reply@0x27fb3a8+0e0: 00 00 00 00 00 00 00 00 00 00 00 00 00 00 00 00
  reply@0x27fb3a8+0f0: 00 00 00 00 00 00 00 00 00 00 00 00 00 00 00 00
[trap] num=170 (0xaa) pc=0x1804ae5d0 args=[0x8833,0x10,0x27fb1c0,0x408,0x10478,0x170300000000,0x7529f1000186b9,0x0]
[trap] num=202 (0xca) pc=0x1804af460 args=[0x27fb5c0,0x2,0x27fb588,0x27fb580,0x1844cfba7,0x15,0x72,0x400]
[trap] num=202 (0xca) pc=0x1804af460 args=[0x27fb588,0x2,0x27fb618,0x27fb610,0x0,0x0,0x72,0x400]
[trap] num=-14 (0xfffffffffffffff2) pc=0x1801155b8 args=[0x203,0x1ec444000,0x24000,0x0,0x3,0x0,0x0,0x0]
[trap] num=-15 (0xfffffffffffffff1) pc=0x1801155c4 args=[0x203,0x27fb270,0x20000,0x3fff,0x3c000001,0x3,0x0,0x0]
[trap] num=-15 (0xfffffffffffffff1) pc=0x1801155c4 args=[0x203,0x27fb230,0x20000,0x3fff,0x3c000001,0x3,0x0,0x0]
[trap] num=-15 (0xfffffffffffffff1) pc=0x1801155c4 args=[0x203,0x27fb420,0x20000,0x3fff,0x3c000001,0x3,0x0,0x0]
[trap] num=-12 (0xfffffffffffffff4) pc=0x1801155a0 args=[0x203,0x100054000,0x20000,0x103,0xffffffff13c06f50,0x10,0x20000,0x0]
[trap] num=-12 (0xfffffffffffffff4) pc=0x1801155a0 args=[0x203,0x100034000,0x20000,0x103,0xffffffff13c06f50,0x10,0x20000,0x0]
[trap] num=-12 (0xfffffffffffffff4) pc=0x1801155a0 args=[0x203,0x100014000,0x20000,0x103,0xffffffff13c06f50,0x10,0x20000,0x0]
[trap] num=-14 (0xfffffffffffffff2) pc=0x1801155b8 args=[0x203,0x1ec444000,0x24000,0x0,0x1,0x0,0x0,0x0]
[trap] num=-14 (0xfffffffffffffff2) pc=0x1801155b8 args=[0x203,0x1ec444000,0x24000,0x0,0x3,0x0,0x0,0x0]
[trap] num=-14 (0xfffffffffffffff2) pc=0x1801155b8 args=[0x203,0x1ec444000,0x24000,0x0,0x1,0x0,0x0,0x0]
[trap] num=-14 (0xfffffffffffffff2) pc=0x1801155b8 args=[0x203,0x1ec444000,0x24000,0x0,0x3,0x0,0x0,0x0]
[trap] num=-14 (0xfffffffffffffff2) pc=0x1801155b8 args=[0x203,0x1ec444000,0x24000,0x0,0x1,0x0,0x0,0x0]
[trap] num=-14 (0xfffffffffffffff2) pc=0x1801155b8 args=[0x203,0x1ec444000,0x24000,0x0,0x3,0x0,0x0,0x0]
[trap] num=-14 (0xfffffffffffffff2) pc=0x1801155b8 args=[0x203,0x1ec444000,0x24000,0x0,0x1,0x0,0x0,0x0]
[trap] num=-14 (0xfffffffffffffff2) pc=0x1801155b8 args=[0x203,0x1ec444000,0x24000,0x0,0x3,0x0,0x0,0x0]
[trap] num=-14 (0xfffffffffffffff2) pc=0x1801155b8 args=[0x203,0x1ec444000,0x24000,0x0,0x1,0x0,0x0,0x0]
[trap] num=-14 (0xfffffffffffffff2) pc=0x1801155b8 args=[0x203,0x1ec444000,0x24000,0x0,0x3,0x0,0x0,0x0]
[trap] num=25 (0x19) pc=0x1804af050 args=[0x1edd8d978,0x180533098,0x180533098,0x103,0x1ec445338,0x0,0x0,0x0]
[trap] num=24 (0x18) pc=0x1804af858 args=[0x1f5,0x180533098,0x180533098,0x103,0x1ec445338,0x0,0x0,0x0]
[trap] num=202 (0xca) pc=0x1804af460 args=[0x27fa490,0x4,0x27fa4a0,0x27fa488,0x0,0x0,0x0,0x0]
[trap] num=286 (0x11e) pc=0x1804af884 args=[0x27fa740,0x27fa744,0x1805331c8,0x27fa488,0x0,0x0,0x0,0x0]
[trap] num=25 (0x19) pc=0x1804af050 args=[0xffffffffffffffff,0xffffffffffffffff,0x1805331c8,0x27fa488,0x0,0x0,0x0,0x0]
[trap] num=43 (0x2b) pc=0x1804af8b0 args=[0x1f5,0xffffffffffffffff,0x1805331c8,0x27fa488,0x0,0x0,0x0,0x0]
[trap] num=169 (0xa9) pc=0x1804af8dc args=[0x8833,0x10,0x27f9cc0,0x408,0x408,0x0,0x0,0x3f0]
[trap] num=169 (0xa9) pc=0x1804af8dc args=[0x8833,0x10,0x27f9de0,0x408,0x408,0x73,0x72,0x400]
[trap] num=-19 (0xffffffffffffffed) pc=0x1804adaf0 args=[0x203,0x1603,0x0,0x1,0x0,0x58,0x65,0x400]
[trap] num=-50 (0xffffffffffffffce) pc=0x1804adc58 args=[0x1ec6fbd20,0x103,0x103,0x0,0x6,0x0,0x73,0x400]
[trap] num=-29 (0xffffffffffffffe3) pc=0x1804adb68 args=[0x0,0x18035aad8,0x18035aad8,0x66368,0x0,0x13,0x0,0x400]
[trap] num=-47 (0xffffffffffffffd1) pc=0x1804adc34 args=[0x27f9dc0,0x200000003,0x2800001513,0x170300001c03,0x19c00000000,0x170300000000,0x30,0x0]
[mach_msg2] msgh_id=412 dest=0x1c03 reply=0x1703 options=0x200000003 bits=0x1513 send_size=40 rcv_size=48
  send+000: 13 15 00 00 28 00 00 00 03 1c 00 00 03 17 00 00
  send+010: 00 00 00 00 9c 01 00 00 00 00 00 00 01 00 00 00
  send+020: ff ff ff ff 01 00 00 00
[retrace] forwarding mach_msg2 host_get_special_port (msgh_id 412) to host (decided allowlist)
[mach_msg2] host ret=0x0 err=false
  reply@0x27f9dc0+000: 00 12 00 00 24 00 00 00 00 00 00 00 03 17 00 00
  reply@0x27f9dc0+010: 00 00 00 00 00 02 00 00 00 00 00 00 01 00 00 00
  reply@0x27f9dc0+020: 04 00 00 00 00 00 00 00 08 00 00 00 00 00 00 00
  reply@0x27f9dc0+030: 60 19 06 00 00 00 00 00 03 1c 00 00 00 00 00 00
  reply@0x27f9dc0+040: 30 9e 7f 02 00 00 00 00 08 ab 35 80 01 00 00 00
  reply@0x27f9dc0+050: 03 16 00 00 00 00 00 00 60 40 06 00 00 00 00 00
  reply@0x27f9dc0+060: 60 19 06 00 00 00 00 00 f0 fa 6f ec 01 00 00 00
  reply@0x27f9dc0+070: 40 9e 7f 02 00 00 00 00 b0 04 35 80 01 00 00 00
  reply@0x27f9dc0+080: 60 9e 7f 02 00 00 00 00 30 96 33 80 01 00 00 00
  reply@0x27f9dc0+090: 60 19 06 00 00 00 00 00 28 f9 6f ec 01 00 00 00
  reply@0x27f9dc0+0a0: 70 9e 7f 02 00 00 00 00 cc aa 35 80 01 00 00 00
  reply@0x27f9dc0+0b0: 90 9e 7f 02 00 00 00 00 34 c5 35 80 01 00 00 00
  reply@0x27f9dc0+0c0: 2e 00 00 00 00 00 00 00 6e 0a 2f a6 00 00 00 00
  reply@0x27f9dc0+0d0: a0 9e 7f 02 00 00 00 00 b0 04 35 80 01 00 00 00
  reply@0x27f9dc0+0e0: c0 9e 7f 02 00 00 00 00 30 96 33 80 01 00 00 00
  reply@0x27f9dc0+0f0: 60 19 06 00 00 00 00 00 68 63 06 00 00 00 00 00
[trap] num=-70 (0xffffffffffffffba) pc=0x1804adcc4 args=[0x1c03,0x180373fb0,0x10,0x27f9e8c,0x19c00000000,0x170300000000,0x30,0x0]
[trap] num=-47 (0xffffffffffffffd1) pc=0x1804adc34 args=[0x66368,0x403114207,0xf880131513,0x130300001603,0x400000cf00001b03,0x130300000001,0xf8,0x0]
[mach_msg2] msgh_id=1073742031 dest=0x1603 reply=0x1303 options=0x403114207 bits=0x80131513 send_size=248 rcv_size=248
  send+000: 13 15 13 80 f8 00 00 00 03 16 00 00 03 13 00 00
  send+010: 03 1b 00 00 cf 00 00 40 01 00 00 00 03 16 00 00
  send+020: 00 00 00 00 00 00 13 00 43 50 58 40 05 00 00 00
  send+030: 00 f0 00 00 c0 00 00 00 07 00 00 00 68 61 6e 64
  send+040: 6c 65 00 00 00 40 00 00 00 00 00 00 00 00 00 00
  send+050: 69 6e 73 74 61 6e 63 65 00 00 00 00 00 a0 00 00
  send+060: 00 00 00 00 00 00 00 00 00 00 00 00 00 00 00 00
  send+070: 66 6c 61 67 73 00 00 00 00 40 00 00 08 00 00 00
  send+080: 00 00 00 00 6e 61 6d 65 00 00 00 00 00 90 00 00
  send+090: 25 00 00 00 63 6f 6d 2e 61 70 70 6c 65 2e 73 79
  send+0a0: 73 74 65 6d 2e 6e 6f 74 69 66 69 63 61 74 69 6f
  send+0b0: 6e 5f 63 65 6e 74 65 72 00 00 00 00 74 79 70 65
  send+0c0: 00 00 00 00 00 40 00 00 07 00 00 00 00 00 00 00
  send+0d0: 74 61 72 67 65 74 70 69 64 00 00 00 00 30 00 00
  send+0e0: 00 00 00 00 00 00 00 00 64 6f 6d 61 69 6e 2d 70
  send+0f0: 6f 72 74 00 00 d0 00 00
[retrace] refusing mach_msg2 message-queue send (msgh_id 0x400000cf dest 0x1603 send_size 248): the box hosts no message-queue receivers
[trap] num=-18 (0xffffffffffffffee) pc=0x1804adae4 args=[0x203,0x1603,0x1801c8220,0x66190,0x66200,0x130300000001,0xf8,0x0]
[M28 BANDSHRINK] syscall -18 band past ipa 0x66190 len 65536 shrunk 64 -> 0 by an overlapping window of the same call
[trap] num=327 (0x147) pc=0x1804ad92c args=[0x0,0x103,0x103,0x103,0x0,0x0,0x0,0x0]
[trap] num=327 (0x147) pc=0x1804ad92c args=[0x0,0x103,0x103,0x103,0x2,0x63,0x0,0x0]
[trap] num=327 (0x147) pc=0x1804ad92c args=[0x0,0x0,0x0,0x103,0x2,0x63,0x0,0x0]
[trap] num=25 (0x19) pc=0x1804af050 args=[0x1ec7182a0,0x0,0x1f5,0x2,0x66180,0x0,0x65,0x400]
[trap] num=194 (0xc2) pc=0x1804b00c8 args=[0x1008,0x27fa578,0x1804edb6c,0x2,0x66180,0x0,0x65,0x400]
[trap] num=398 (0x18e) pc=0x1804ae948 args=[0x18052cc13,0x0,0x0,0x2,0x66180,0x0,0x65,0x400]
[trap] num=339 (0x153) pc=0x1804bc288 args=[0x4,0x27fa580,0x120a8,0x1ec7035c0,0x27fa6f8,0x27fa6f0,0x65,0x400]
[trap] num=339 (0x153) pc=0x1804bc288 args=[0x4,0x27f9470,0x27f9534,0x1ec7035c0,0x27fa6f8,0x27fa6f0,0x65,0x400]
[trap] num=396 (0x18c) pc=0x1804afcac args=[0x4,0x66180,0x1000,0x100,0x0,0x27fa6f0,0x65,0x400]
[trap] num=396 (0x18c) pc=0x1804afcac args=[0x4,0x66180,0x1000,0x27f9615,0x67200,0x0,0x65,0xfffff0003ffff800]
[M28 BANDSHRINK] syscall 396 band past ipa 0x66180 len 65536 shrunk 64 -> 0 by an overlapping window of the same call
[trap] num=396 (0x18c) pc=0x1804afcac args=[0x4,0x66180,0x1000,0x27f960a,0x70100c080,0x27fa3f7,0x61,0xfffff0007ffff800]
[trap] num=396 (0x18c) pc=0x1804afcac args=[0x4,0x66180,0x1000,0xa,0x701008080,0x27fa3f7,0x0,0xfffff0007ffff800]
[trap] num=399 (0x18f) pc=0x1804af584 args=[0x4,0x0,0x1804edb6c,0xa,0x701008080,0x27fa3f7,0x0,0xfffff0007ffff800]
[trap] num=169 (0xa9) pc=0x1804af8dc args=[0x8833,0x0,0x27fb4d4,0x4,0x700c01da0,0x0,0xffffffffbfc007ff,0xfffff0003ffff800]
[trap] num=327 (0x147) pc=0x1804ad92c args=[0x0,0x1edd85ee8,0x180503ca0,0x1f5,0x2,0x0,0x0,0xfffff0003ffff800]
[trap] num=25 (0x19) pc=0x1804af050 args=[0x1ec7182a0,0x0,0x1f5,0x2,0x66340,0x0,0x65,0x400]
[trap] num=194 (0xc2) pc=0x1804b00c8 args=[0x1008,0x27fa548,0x1804edb6c,0x2,0x66340,0x0,0x65,0x400]
[trap] num=398 (0x18e) pc=0x1804ae948 args=[0x18052cc13,0x0,0x0,0x2,0x66340,0x0,0x65,0x400]
[trap] num=339 (0x153) pc=0x1804bc288 args=[0x4,0x27fa550,0x120a8,0x1ec7035c0,0x27fa6c8,0x27fa6c0,0x65,0x400]
[trap] num=339 (0x153) pc=0x1804bc288 args=[0x4,0x27f9440,0x27f9504,0x1ec7035c0,0x27fa6c8,0x27fa6c0,0x65,0x400]
[trap] num=396 (0x18c) pc=0x1804afcac args=[0x4,0x700c18000,0x1000,0x1,0x0,0x1,0x0,0x0]
[trap] num=396 (0x18c) pc=0x1804afcac args=[0x4,0x700c18000,0x1000,0x27f95e5,0x70100c080,0x27fa3c7,0x65,0xfffff0007ffff800]
[trap] num=396 (0x18c) pc=0x1804afcac args=[0x4,0x700c18000,0x1000,0x27f95da,0x70100c080,0x27fa3c7,0x61,0xfffff0007ffff800]
[trap] num=396 (0x18c) pc=0x1804afcac args=[0x4,0x700c18000,0x1000,0xa,0x701008080,0x27fa3c7,0x0,0xfffff0007ffff800]
[trap] num=399 (0x18f) pc=0x1804af584 args=[0x4,0x0,0x1804edb6c,0xa,0x701008080,0x27fa3c7,0x0,0xfffff0007ffff800]
[trap] num=202 (0xca) pc=0x1804af460 args=[0x27fb4a0,0x2,0x27fb468,0x27fb460,0xa0d6cec45,0x1a,0x0,0x20]
[trap] num=202 (0xca) pc=0x1804af460 args=[0x27fb468,0x3,0x27fb4f0,0x27fb4f8,0x0,0x0,0x0,0x20]
[trap] num=202 (0xca) pc=0x1804af460 args=[0x27fb4a0,0x2,0x27fb468,0x27fb460,0xa0d6cec60,0x18,0x0,0x20]
[trap] num=202 (0xca) pc=0x1804af460 args=[0x27fb468,0x3,0x27fb4f0,0x27fb4f8,0x0,0x0,0x0,0x20]
[trap] num=202 (0xca) pc=0x1804af460 args=[0x27fb4a0,0x2,0x27fb468,0x27fb460,0xa0d6cec79,0x18,0x0,0x20]
[trap] num=202 (0xca) pc=0x1804af460 args=[0x27fb468,0x3,0x27fb4f8,0x27fb4f0,0x0,0x0,0x0,0x20]
[trap] num=327 (0x147) pc=0x1804ad92c args=[0x0,0x100,0x193c16a30,0x27ffee8,0x1ec445338,0x0,0x0,0x0]
[trap] num=169 (0xa9) pc=0x1804af8dc args=[0x8833,0x0,0x27fb3f8,0x4,0x1ec445338,0x0,0x0,0x0]
[trap] num=327 (0x147) pc=0x1804ad92c args=[0x1,0x194057bf0,0xf,0x1804f8a01,0x1ec445338,0x0,0x0,0x0]
[trap] num=169 (0xa9) pc=0x1804af8dc args=[0x8833,0x0,0x27fb3fc,0x4,0x1ec445338,0x0,0x0,0x0]
[trap] num=54 (0x36) pc=0x1804b2338 args=[0x1,0x4004667a,0x27fb37c,0x4,0x1ec445338,0x0,0x0,0x0]
[trap] num=54 (0x36) pc=0x1804b2338 args=[0x1,0x40487413,0x27fb380,0x4,0x1ec445338,0x0,0x0,0x0]
[trap] num=54 (0x36) pc=0x1804b2338 args=[0x1,0x4004667a,0x27fb37c,0x4,0x1ec445338,0x0,0x0,0x0]
[trap] num=54 (0x36) pc=0x1804b2338 args=[0x1,0x40487413,0x27fb380,0x4,0x1ec445338,0x0,0x0,0x0]
[trap] num=116 (0x74) pc=0x1804b1b60 args=[0x27fb250,0x0,0x0,0xfffffc088,0x1ec445338,0x0,0x0,0x0]
[trap] num=116 (0x74) pc=0x1804b1b60 args=[0x27fb250,0x0,0x0,0xfffffc088,0x1ec445338,0x0,0x19ebbe7a2d41b082,0x0]
[trap] num=116 (0x74) pc=0x1804b1b60 args=[0x27fb550,0x0,0x0,0xfffffc088,0x1ec445338,0x0,0x0,0x0]
[trap] num=-47 (0xffffffffffffffd1) pc=0x1804adc34 args=[0x27fb520,0x200000003,0x2800001513,0x170300000203,0xd5a00000000,0x170300000000,0x30,0x0]
[mach_msg2] msgh_id=3418 dest=0x203 reply=0x1703 options=0x200000003 bits=0x1513 send_size=40 rcv_size=48
  send+000: 13 15 00 00 28 00 00 00 03 02 00 00 03 17 00 00
  send+010: 00 00 00 00 5a 0d 00 00 00 00 00 00 01 00 00 00
  send+020: 00 00 00 00 00 00 00 00
[retrace] forwarding mach_msg2 semaphore_create (msgh_id 3418) to host (decided allowlist)
[mach_msg2] host ret=0x0 err=false
  reply@0x27fb520+000: 00 12 00 80 28 00 00 00 00 00 00 00 03 17 00 00
  reply@0x27fb520+010: 00 00 00 00 be 0d 00 00 01 00 00 00 03 15 00 00
  reply@0x27fb520+020: 00 00 00 00 00 00 11 00 00 00 00 00 08 00 00 00
  reply@0x27fb520+030: 84 58 0b 08 0a 00 00 00 58 00 e2 09 0a 00 00 00
  reply@0x27fb520+040: 70 b5 7f 02 00 00 00 00 0c 22 d1 0b 0a 00 00 00
  reply@0x27fb520+050: 90 b5 7f 02 00 00 00 00 b4 4f 0b 08 0a 00 00 00
  reply@0x27fb520+060: 84 58 0b 08 0a 00 00 00 58 00 e2 09 0a 00 00 00
  reply@0x27fb520+070: b0 b5 7f 02 00 00 00 00 a0 58 0b 08 0a 00 00 00
  reply@0x27fb520+080: 84 58 0b 08 0a 00 00 00 d8 ba 7f 02 00 00 00 00
  reply@0x27fb520+090: 60 b6 7f 02 00 00 00 00 30 0e 16 80 01 00 00 00
  reply@0x27fb520+0a0: 00 00 00 42 00 00 00 00 28 27 1a 80 01 00 00 00
  reply@0x27fb520+0b0: 00 00 07 1f 01 00 00 00 00 00 d7 07 0a 00 00 00
  reply@0x27fb520+0c0: 00 00 00 00 00 00 00 00 84 58 0b 08 0a 00 00 00
  reply@0x27fb520+0d0: 00 00 00 00 00 00 00 00 00 00 00 00 00 00 00 00
  reply@0x27fb520+0e0: 00 00 00 00 00 00 00 00 00 00 00 00 00 00 00 00
  reply@0x27fb520+0f0: 00 00 00 00 00 00 00 00 00 00 00 00 00 00 00 00
[trap] num=5 (0x5) pc=0x180119f50 args=[0x6e3e0,0x0,0x0,0x6e3e0,0x2f,0x40,0x0,0x6d0]
[trap] num=92 (0x5c) pc=0x1801180d8 args=[0x4,0x32,0x27fa3c8,0x6e3e0,0x2f,0x40,0x0,0x6d0]
[trap] num=6 (0x6) pc=0x180116750 args=[0x4,0x32,0x27fa3c8,0x6e3e0,0x2f,0x40,0x0,0x6d0]
[trap] num=483 (0x1e3) pc=0x1804ae6f0 args=[0x0,0x27fb44c,0x4,0x27ffee8,0x1ec445338,0x0,0x0,0x0]
[trap] num=-15 (0xfffffffffffffff1) pc=0x1801155c4 args=[0x203,0x27fb2f0,0x20000,0x3fff,0x3c000001,0x3,0x0,0x0]
[trap] num=-15 (0xfffffffffffffff1) pc=0x1801155c4 args=[0x203,0x27fb2b0,0x20000,0x3fff,0x3c000001,0x3,0x0,0x0]
[trap] num=-15 (0xfffffffffffffff1) pc=0x1801155c4 args=[0x203,0x27fb4a0,0x20000,0x3fff,0x3c000001,0x3,0x0,0x0]
[trap] num=-12 (0xfffffffffffffff4) pc=0x1801155a0 args=[0x203,0x100054000,0x20000,0x103,0xffffffff13c06f50,0x10,0x20000,0x0]
[trap] num=-12 (0xfffffffffffffff4) pc=0x1801155a0 args=[0x203,0x100034000,0x20000,0x103,0xffffffff13c06f50,0x10,0x20000,0x0]
[trap] num=-12 (0xfffffffffffffff4) pc=0x1801155a0 args=[0x203,0x100014000,0x20000,0x103,0xffffffff13c06f50,0x10,0x20000,0x0]
[trap] num=-14 (0xfffffffffffffff2) pc=0x1801155b8 args=[0x203,0x1ec444000,0x24000,0x0,0x1,0x10,0x20000,0x0]
[trap] num=24 (0x18) pc=0x1804af858 args=[0xa0919a7ae,0x27ff588,0x0,0x700c512ea,0x700c512c0,0x0,0x0,0xfffff0003ffff800]
[M28 BANDSHRINK] syscall 24 band past ipa 0x700c512c0 len 65536 shrunk 64 -> 0 by an overlapping window of the same call
[trap] num=25 (0x19) pc=0x1804af050 args=[0x1f5,0x27ff588,0x0,0x700c512ea,0x700c512c0,0x0,0x0,0xfffff0003ffff800]
[M28 BANDSHRINK] syscall 25 band past ipa 0x700c512c0 len 65536 shrunk 64 -> 0 by an overlapping window of the same call
[trap] num=47 (0x2f) pc=0x1804b1f48 args=[0x1f5,0x27ff588,0x0,0x700c512ea,0x700c512c0,0x0,0x0,0xfffff0003ffff800]
[M28 BANDSHRINK] syscall 47 band past ipa 0x700c512c0 len 65536 shrunk 64 -> 0 by an overlapping window of the same call
[trap] num=43 (0x2b) pc=0x1804af8b0 args=[0x14,0x27ff588,0x0,0x700c512ea,0x700c512c0,0x0,0x0,0xfffff0003ffff800]
[M28 BANDSHRINK] syscall 43 band past ipa 0x700c512c0 len 65536 shrunk 64 -> 0 by an overlapping window of the same call
[trap] num=339 (0x153) pc=0x1804bc288 args=[0x0,0xa09df4978,0x120a8,0x0,0xa07d70000,0x0,0xa07fd6f04,0x0]
[trap] num=339 (0x153) pc=0x1804bc288 args=[0x1,0xa09df4a58,0x120a8,0x0,0xa07d70000,0x0,0xa07fd6f04,0x0]
[trap] num=339 (0x153) pc=0x1804bc288 args=[0x2,0xa09df4b38,0x120a8,0x0,0xa07d70000,0x0,0xa07fd6f04,0x0]
[trap] num=329 (0x149) pc=0x1804b54f4 args=[0x3,0x27ff5e8,0x0,0x0,0xa07d70000,0x0,0xa07fd6f04,0x0]
[trap] num=46 (0x2e) pc=0x1804b4478 args=[0x1,0x0,0x27ff580,0x0,0xa07d70000,0x0,0xa07fd6f04,0x0]
[trap] num=46 (0x2e) pc=0x1804b4478 args=[0x2,0x0,0x27ff580,0x0,0xa07d70000,0x0,0xa07fd6f04,0x0]
[trap] num=46 (0x2e) pc=0x1804b4478 args=[0x3,0x0,0x27ff580,0x0,0xa07d70000,0x0,0xa07fd6f04,0x0]
[trap] num=46 (0x2e) pc=0x1804b4478 args=[0x4,0x0,0x27ff580,0x0,0xa07d70000,0x0,0xa07fd6f04,0x0]
[trap] num=46 (0x2e) pc=0x1804b4478 args=[0x5,0x0,0x27ff580,0x0,0xa07d70000,0x0,0xa07fd6f04,0x0]
[trap] num=46 (0x2e) pc=0x1804b4478 args=[0x6,0x0,0x27ff580,0x0,0xa07d70000,0x0,0xa07fd6f04,0x0]
[trap] num=46 (0x2e) pc=0x1804b4478 args=[0x7,0x0,0x27ff580,0x0,0xa07d70000,0x0,0xa07fd6f04,0x0]
[trap] num=46 (0x2e) pc=0x1804b4478 args=[0x8,0x0,0x27ff580,0x0,0xa07d70000,0x0,0xa07fd6f04,0x0]
[trap] num=46 (0x2e) pc=0x1804b4478 args=[0xa,0x0,0x27ff580,0x0,0xa07d70000,0x0,0xa07fd6f04,0x0]
[trap] num=46 (0x2e) pc=0x1804b4478 args=[0xb,0x0,0x27ff580,0x0,0xa07d70000,0x0,0xa07fd6f04,0x0]
[trap] num=46 (0x2e) pc=0x1804b4478 args=[0xc,0x0,0x27ff580,0x0,0xa07d70000,0x0,0xa07fd6f04,0x0]
[trap] num=46 (0x2e) pc=0x1804b4478 args=[0xd,0x27ff558,0x0,0x0,0xa07d70000,0x0,0xa07fd6f04,0x0]
[trap] num=46 (0x2e) pc=0x1804b4478 args=[0xe,0x0,0x27ff580,0x0,0xa07d70000,0x0,0xa07fd6f04,0x0]
[trap] num=46 (0x2e) pc=0x1804b4478 args=[0xf,0x0,0x27ff580,0x0,0xa07d70000,0x0,0xa07fd6f04,0x0]
[trap] num=46 (0x2e) pc=0x1804b4478 args=[0x10,0x0,0x27ff580,0x0,0xa07d70000,0x0,0xa07fd6f04,0x0]
[trap] num=46 (0x2e) pc=0x1804b4478 args=[0x12,0x0,0x27ff580,0x0,0xa07d70000,0x0,0xa07fd6f04,0x0]
[trap] num=46 (0x2e) pc=0x1804b4478 args=[0x13,0x0,0x27ff580,0x0,0xa07d70000,0x0,0xa07fd6f04,0x0]
[trap] num=46 (0x2e) pc=0x1804b4478 args=[0x14,0x0,0x27ff580,0x0,0xa07d70000,0x0,0xa07fd6f04,0x0]
[trap] num=46 (0x2e) pc=0x1804b4478 args=[0x15,0x0,0x27ff580,0x0,0xa07d70000,0x0,0xa07fd6f04,0x0]
[trap] num=46 (0x2e) pc=0x1804b4478 args=[0x16,0x0,0x27ff580,0x0,0xa07d70000,0x0,0xa07fd6f04,0x0]
[trap] num=46 (0x2e) pc=0x1804b4478 args=[0x17,0x0,0x27ff580,0x0,0xa07d70000,0x0,0xa07fd6f04,0x0]
[trap] num=46 (0x2e) pc=0x1804b4478 args=[0x18,0x0,0x27ff580,0x0,0xa07d70000,0x0,0xa07fd6f04,0x0]
[trap] num=46 (0x2e) pc=0x1804b4478 args=[0x19,0x27ff558,0x0,0x0,0xa07d70000,0x0,0xa07fd6f04,0x0]
[trap] num=46 (0x2e) pc=0x1804b4478 args=[0x1a,0x0,0x27ff580,0x0,0xa07d70000,0x0,0xa07fd6f04,0x0]
[trap] num=46 (0x2e) pc=0x1804b4478 args=[0x1b,0x0,0x27ff580,0x0,0xa07d70000,0x0,0xa07fd6f04,0x0]
[trap] num=46 (0x2e) pc=0x1804b4478 args=[0x1c,0x0,0x27ff580,0x0,0xa07d70000,0x0,0xa07fd6f04,0x0]
[trap] num=46 (0x2e) pc=0x1804b4478 args=[0x1d,0x0,0x27ff580,0x0,0xa07d70000,0x0,0xa07fd6f04,0x0]
[trap] num=46 (0x2e) pc=0x1804b4478 args=[0x1e,0x0,0x27ff580,0x0,0xa07d70000,0x0,0xa07fd6f04,0x0]
[trap] num=46 (0x2e) pc=0x1804b4478 args=[0x1f,0x0,0x27ff580,0x0,0xa07d70000,0x0,0xa07fd6f04,0x0]
[trap] num=92 (0x5c) pc=0x1804ae8c4 args=[0x0,0x3,0x27ff580,0x0,0xa07d70000,0x0,0xa07fd6f04,0x0]
[trap] num=54 (0x36) pc=0x1804b2338 args=[0x0,0x4004667a,0x27ff40c,0x0,0xa07d70000,0x0,0xa07fd6f04,0x0]
[trap] num=339 (0x153) pc=0x1804bc288 args=[0x0,0x27ff488,0x27ff40c,0x0,0xa07d70000,0x0,0xa07fd6f04,0x0]
[trap] num=92 (0x5c) pc=0x1804ae8c4 args=[0x1,0x3,0x27ff580,0x0,0xa07d70000,0x0,0xa07fd6f04,0x0]
[trap] num=54 (0x36) pc=0x1804b2338 args=[0x1,0x4004667a,0x27ff40c,0x0,0xa07d70000,0x0,0xa07fd6f04,0x0]
[trap] num=54 (0x36) pc=0x1804b2338 args=[0x1,0x40487413,0x27ff410,0x0,0xa07d70000,0x0,0xa07fd6f04,0x0]
[trap] num=339 (0x153) pc=0x1804bc288 args=[0x1,0x27ff488,0x27ff410,0x0,0xa07d70000,0x0,0xa07fd6f04,0x0]
[trap] num=92 (0x5c) pc=0x1804ae8c4 args=[0x2,0x3,0x27ff580,0x0,0xa07d70000,0x0,0xa07fd6f04,0x0]
[trap] num=54 (0x36) pc=0x1804b2338 args=[0x2,0x4004667a,0x27ff40c,0x0,0xa07d70000,0x0,0xa07fd6f04,0x0]
[trap] num=54 (0x36) pc=0x1804b2338 args=[0x2,0x40487413,0x27ff410,0x0,0xa07d70000,0x0,0xa07fd6f04,0x0]
[trap] num=339 (0x153) pc=0x1804bc288 args=[0x2,0x27ff488,0x27ff410,0x0,0xa07d70000,0x0,0xa07fd6f04,0x0]
[trap] num=46 (0x2e) pc=0x1804b4478 args=[0x2,0x27ff578,0x0,0x0,0xa07d70000,0x0,0xa07fd6f04,0x0]
[trap] num=46 (0x2e) pc=0x1804b4478 args=[0xf,0x27ff578,0x0,0x0,0xa07d70000,0x0,0xa07fd6f04,0x0]
[trap] num=194 (0xc2) pc=0x1804b00c8 args=[0x1008,0x27ff5e8,0x0,0x0,0xa07d70000,0x0,0xa07fd6f04,0x0]
[trap] num=195 (0xc3) pc=0x1804b0a10 args=[0x1008,0x27ff5e8,0x0,0x0,0xa07d70000,0x0,0xa07fd6f04,0x0]
[trap] num=92 (0x5c) pc=0x1804ae8c4 args=[0x0,0x2,0x1,0x0,0xa07d70000,0x0,0xa07fd6f04,0x0]
[trap] num=92 (0x5c) pc=0x1804ae8c4 args=[0x1,0x2,0x1,0x0,0xa07d70000,0x0,0xa07fd6f04,0x0]
[trap] num=92 (0x5c) pc=0x1804ae8c4 args=[0x2,0x2,0x1,0x0,0xa07d70000,0x0,0xa07fd6f04,0x0]
[trap] num=92 (0x5c) pc=0x1804ae8c4 args=[0x3,0x2,0x1,0x0,0xa07d70000,0x0,0xa07fd6f04,0x0]
[trap] num=92 (0x5c) pc=0x1804ae8c4 args=[0x4,0x2,0x1,0x0,0xa07d70000,0x0,0xa07fd6f04,0x0]
[trap] num=92 (0x5c) pc=0x1804ae8c4 args=[0x5,0x2,0x1,0x0,0xa07d70000,0x0,0xa07fd6f04,0x0]
[trap] num=92 (0x5c) pc=0x1804ae8c4 args=[0x6,0x2,0x1,0x0,0xa07d70000,0x0,0xa07fd6f04,0x0]
[trap] num=92 (0x5c) pc=0x1804ae8c4 args=[0x7,0x2,0x1,0x0,0xa07d70000,0x0,0xa07fd6f04,0x0]
[trap] num=92 (0x5c) pc=0x1804ae8c4 args=[0x8,0x2,0x1,0x0,0xa07d70000,0x0,0xa07fd6f04,0x0]
[trap] num=92 (0x5c) pc=0x1804ae8c4 args=[0x9,0x2,0x1,0x0,0xa07d70000,0x0,0xa07fd6f04,0x0]
[trap] num=92 (0x5c) pc=0x1804ae8c4 args=[0xa,0x2,0x1,0x0,0xa07d70000,0x0,0xa07fd6f04,0x0]
[trap] num=92 (0x5c) pc=0x1804ae8c4 args=[0xb,0x2,0x1,0x0,0xa07d70000,0x0,0xa07fd6f04,0x0]
[trap] num=92 (0x5c) pc=0x1804ae8c4 args=[0xc,0x2,0x1,0x0,0xa07d70000,0x0,0xa07fd6f04,0x0]
[trap] num=92 (0x5c) pc=0x1804ae8c4 args=[0xd,0x2,0x1,0x0,0xa07d70000,0x0,0xa07fd6f04,0x0]
[trap] num=92 (0x5c) pc=0x1804ae8c4 args=[0xe,0x2,0x1,0x0,0xa07d70000,0x0,0xa07fd6f04,0x0]
[trap] num=92 (0x5c) pc=0x1804ae8c4 args=[0xf,0x2,0x1,0x0,0xa07d70000,0x0,0xa07fd6f04,0x0]
[trap] num=92 (0x5c) pc=0x1804ae8c4 args=[0x10,0x2,0x1,0x0,0xa07d70000,0x0,0xa07fd6f04,0x0]
[trap] num=24 (0x18) pc=0x1804af858 args=[0xa091ae51d,0x27ff6e8,0x0,0xfffff0007fc00000,0x27ff08f,0x27ff08e,0xffffffffbfc007ff,0xfffff0003ffff800]
[trap] num=25 (0x19) pc=0x1804af050 args=[0x1f5,0x27ff6e8,0x0,0xfffff0007fc00000,0x27ff08f,0x27ff08e,0xffffffffbfc007ff,0xfffff0003ffff800]
[trap] num=47 (0x2f) pc=0x1804b1f48 args=[0x1f5,0x27ff6e8,0x0,0xfffff0007fc00000,0x27ff08f,0x27ff08e,0xffffffffbfc007ff,0xfffff0003ffff800]
[trap] num=43 (0x2b) pc=0x1804af8b0 args=[0x14,0x27ff6e8,0x0,0xfffff0007fc00000,0x27ff08f,0x27ff08e,0xffffffffbfc007ff,0xfffff0003ffff800]
[trap] num=24 (0x18) pc=0x1804af858 args=[0xa091cac7c,0x27ff4e8,0x0,0x103,0x27ff08f,0x27ff08e,0xffffffffbfc007ff,0xfffff0003ffff800]
[trap] num=25 (0x19) pc=0x1804af050 args=[0x1f5,0x27ff4e8,0x0,0x103,0x27ff08f,0x27ff08e,0xffffffffbfc007ff,0xfffff0003ffff800]
[trap] num=47 (0x2f) pc=0x1804b1f48 args=[0x1f5,0x27ff4e8,0x0,0x103,0x27ff08f,0x27ff08e,0xffffffffbfc007ff,0xfffff0003ffff800]
[trap] num=43 (0x2b) pc=0x1804af8b0 args=[0x14,0x27ff4e8,0x0,0x103,0x27ff08f,0x27ff08e,0xffffffffbfc007ff,0xfffff0003ffff800]
[trap] num=24 (0x18) pc=0x1804af858 args=[0xa091cac95,0x27ff4e8,0x0,0x1804f8a0b,0x27ff08f,0x27ff08e,0xffffffffbfc007ff,0xfffff0003ffff800]
[trap] num=25 (0x19) pc=0x1804af050 args=[0x1f5,0x27ff4e8,0x0,0x1804f8a0b,0x27ff08f,0x27ff08e,0xffffffffbfc007ff,0xfffff0003ffff800]
[trap] num=47 (0x2f) pc=0x1804b1f48 args=[0x1f5,0x27ff4e8,0x0,0x1804f8a0b,0x27ff08f,0x27ff08e,0xffffffffbfc007ff,0xfffff0003ffff800]
[trap] num=43 (0x2b) pc=0x1804af8b0 args=[0x14,0x27ff4e8,0x0,0x1804f8a0b,0x27ff08f,0x27ff08e,0xffffffffbfc007ff,0xfffff0003ffff800]
[trap] num=24 (0x18) pc=0x1804af858 args=[0xa091cacac,0x27ff4e8,0x0,0x1804f8a0b,0x27ff08f,0x27ff08e,0xffffffffbfc007ff,0xfffff0003ffff800]
[trap] num=25 (0x19) pc=0x1804af050 args=[0x1f5,0x27ff4e8,0x0,0x1804f8a0b,0x27ff08f,0x27ff08e,0xffffffffbfc007ff,0xfffff0003ffff800]
[trap] num=47 (0x2f) pc=0x1804b1f48 args=[0x1f5,0x27ff4e8,0x0,0x1804f8a0b,0x27ff08f,0x27ff08e,0xffffffffbfc007ff,0xfffff0003ffff800]
[trap] num=43 (0x2b) pc=0x1804af8b0 args=[0x14,0x27ff4e8,0x0,0x1804f8a0b,0x27ff08f,0x27ff08e,0xffffffffbfc007ff,0xfffff0003ffff800]
[trap] num=24 (0x18) pc=0x1804af858 args=[0xa091cacc8,0x27ff4e8,0x0,0x1804f8a0b,0x27ff08f,0x27ff08e,0xffffffffbfc007ff,0xfffff0003ffff800]
[trap] num=25 (0x19) pc=0x1804af050 args=[0x1f5,0x27ff4e8,0x0,0x1804f8a0b,0x27ff08f,0x27ff08e,0xffffffffbfc007ff,0xfffff0003ffff800]
[trap] num=47 (0x2f) pc=0x1804b1f48 args=[0x1f5,0x27ff4e8,0x0,0x1804f8a0b,0x27ff08f,0x27ff08e,0xffffffffbfc007ff,0xfffff0003ffff800]
[trap] num=43 (0x2b) pc=0x1804af8b0 args=[0x14,0x27ff4e8,0x0,0x1804f8a0b,0x27ff08f,0x27ff08e,0xffffffffbfc007ff,0xfffff0003ffff800]
[trap] num=24 (0x18) pc=0x1804af858 args=[0xa091cacdb,0x27ff4e8,0x0,0x1804f8a0b,0x27ff08f,0x27ff08e,0xffffffffbfc007ff,0xfffff0003ffff800]
[trap] num=25 (0x19) pc=0x1804af050 args=[0x1f5,0x27ff4e8,0x0,0x1804f8a0b,0x27ff08f,0x27ff08e,0xffffffffbfc007ff,0xfffff0003ffff800]
[trap] num=47 (0x2f) pc=0x1804b1f48 args=[0x1f5,0x27ff4e8,0x0,0x1804f8a0b,0x27ff08f,0x27ff08e,0xffffffffbfc007ff,0xfffff0003ffff800]
[trap] num=43 (0x2b) pc=0x1804af8b0 args=[0x14,0x27ff4e8,0x0,0x1804f8a0b,0x27ff08f,0x27ff08e,0xffffffffbfc007ff,0xfffff0003ffff800]
[trap] num=24 (0x18) pc=0x1804af858 args=[0xa091ae62b,0x27ff6c0,0x0,0xa091b397e,0x700c512d2,0xa091b3990,0xffffffffbfc007ff,0xfffff0003ffff800]
[M28 BANDSHRINK] syscall 24 band past ipa 0xa091ae62b len 65536 shrunk 64 -> 0 by an overlapping window of the same call
[M28 BANDSHRINK] syscall 24 band past ipa 0xa091b397e len 65536 shrunk 64 -> 0 by an overlapping window of the same call
[trap] num=25 (0x19) pc=0x1804af050 args=[0x1f5,0x27ff6c0,0x0,0xa091b397e,0x700c512d2,0xa091b3990,0xffffffffbfc007ff,0xfffff0003ffff800]
[M28 BANDSHRINK] syscall 25 band past ipa 0xa091b397e len 65536 shrunk 64 -> 0 by an overlapping window of the same call
[trap] num=47 (0x2f) pc=0x1804b1f48 args=[0x1f5,0x27ff6c0,0x0,0xa091b397e,0x700c512d2,0xa091b3990,0xffffffffbfc007ff,0xfffff0003ffff800]
[M28 BANDSHRINK] syscall 47 band past ipa 0xa091b397e len 65536 shrunk 64 -> 0 by an overlapping window of the same call
[trap] num=43 (0x2b) pc=0x1804af8b0 args=[0x14,0x27ff6c0,0x0,0xa091b397e,0x700c512d2,0xa091b3990,0xffffffffbfc007ff,0xfffff0003ffff800]
[M28 BANDSHRINK] syscall 43 band past ipa 0xa091b397e len 65536 shrunk 64 -> 0 by an overlapping window of the same call
[trap] num=24 (0x18) pc=0x1804af858 args=[0xa091ae696,0x667c0,0x0,0xfffff0007fc00000,0x700c1c140,0x27fefee,0xffffffffbfc007ff,0xfffff0003ffff800]
[trap] num=25 (0x19) pc=0x1804af050 args=[0x1f5,0x667c0,0x0,0xfffff0007fc00000,0x700c1c140,0x27fefee,0xffffffffbfc007ff,0xfffff0003ffff800]
[trap] num=47 (0x2f) pc=0x1804b1f48 args=[0x1f5,0x667c0,0x0,0xfffff0007fc00000,0x700c1c140,0x27fefee,0xffffffffbfc007ff,0xfffff0003ffff800]
[trap] num=43 (0x2b) pc=0x1804af8b0 args=[0x14,0x667c0,0x0,0xfffff0007fc00000,0x700c1c140,0x27fefee,0xffffffffbfc007ff,0xfffff0003ffff800]
[trap] num=24 (0x18) pc=0x1804af858 args=[0xa091ae1a6,0x27ff6e8,0x0,0x0,0x75740,0x0,0x30,0x27ff584]
[trap] num=25 (0x19) pc=0x1804af050 args=[0x1f5,0x27ff6e8,0x0,0x0,0x75740,0x0,0x30,0x27ff584]
[trap] num=47 (0x2f) pc=0x1804b1f48 args=[0x1f5,0x27ff6e8,0x0,0x0,0x75740,0x0,0x30,0x27ff584]
[trap] num=43 (0x2b) pc=0x1804af8b0 args=[0x14,0x27ff6e8,0x0,0x0,0x75740,0x0,0x30,0x27ff584]
[trap] num=-15 (0xfffffffffffffff1) pc=0x1804adacc args=[0x203,0x27ff0f8,0x400000,0x0,0x2004000,0x3,0x0,0x0]
[trap] num=24 (0x18) pc=0x1804af858 args=[0xa0d6c4457,0x2,0x27ff398,0x6e0d0,0xb1010000b183,0xb000,0xb1010000b1c0,0xb100]
[trap] num=25 (0x19) pc=0x1804af050 args=[0x1f5,0x2,0x27ff398,0x6e0d0,0xb1010000b183,0xb000,0xb1010000b1c0,0xb100]
[trap] num=47 (0x2f) pc=0x1804b1f48 args=[0x1f5,0x2,0x27ff398,0x6e0d0,0xb1010000b183,0xb000,0xb1010000b1c0,0xb100]
[trap] num=43 (0x2b) pc=0x1804af8b0 args=[0x14,0x2,0x27ff398,0x6e0d0,0xb1010000b183,0xb000,0xb1010000b1c0,0xb100]
[trap] num=194 (0xc2) pc=0x1804b00c8 args=[0x1008,0x27ff2d8,0x1804edb6c,0xa0d42cfa0,0x701020420,0x0,0xffffffffbfc007ff,0xfffff0003ffff800]
[trap] num=398 (0x18e) pc=0x1804ae948 args=[0x7010203f0,0x0,0x0,0xa0d42cfa0,0x701020420,0x0,0xffffffffbfc007ff,0xfffff0003ffff800]
[M28 BANDSHRINK] syscall 398 band past ipa 0x7010203f0 len 65536 shrunk 64 -> 0 by an overlapping window of the same call
[trap] num=339 (0x153) pc=0x1804bc288 args=[0x4,0x27ff120,0x27ff1e4,0x78850,0x78700,0x0,0xffffffffbfc007ff,0xfffff0003ffff800]
[M28 BANDSHRINK] syscall 339 band past ipa 0x78700 len 65536 shrunk 64 -> 0 by an overlapping window of the same call
[trap] num=396 (0x18c) pc=0x1804afcac args=[0x4,0x700c19000,0x1000,0xa14a871a0,0x700c19000,0x0,0xffffffffbfc007ff,0xfffff0003ffff800]
[trap] num=396 (0x18c) pc=0x1804afcac args=[0x4,0x700c19000,0x1000,0x786a8,0x700ba190f,0x10,0x657473696c206568,0xfffff0003ffff800]
[trap] num=396 (0x18c) pc=0x1804afcac args=[0x4,0x700c19000,0x1000,0x7869c,0x700ba18cc,0x10,0x6e,0xfffff0003ffff800]
[trap] num=396 (0x18c) pc=0x1804afcac args=[0x4,0x700c19000,0x1000,0x78693,0x700c67380,0x0,0x64,0xfffff0003ffff800]
[trap] num=396 (0x18c) pc=0x1804afcac args=[0x4,0x700c19000,0x1000,0xa14a85e00,0x700c673c0,0x0,0xffffffffbfc007ff,0xfffff0003ffff800]
[trap] num=399 (0x18f) pc=0x1804af584 args=[0x4,0x0,0x1804edb6c,0xfffff0007fc00000,0x78700,0x0,0xffffffffbfc007ff,0xfffff0003ffff800]
[trap] num=116 (0x74) pc=0x1804b1b60 args=[0x27fee60,0x0,0x0,0xfffffc088,0x701065d40,0x0,0xffffffffbfc007ff,0xfffff0003ffff800]
[trap] num=116 (0x74) pc=0x1804b1b60 args=[0x27ff1c0,0x0,0x0,0xfffffc088,0x0,0x0,0x1,0x0]
[trap] num=116 (0x74) pc=0x1804b1b60 args=[0x27ff0b0,0x0,0x0,0xfffffc088,0x0,0x27ff148,0x8,0xfffff0003ffff800]
[trap] num=116 (0x74) pc=0x1804b1b60 args=[0x27ff1b0,0x0,0x0,0xfffffc088,0x0,0x0,0x1,0x0]
[trap] num=202 (0xca) pc=0x1804af460 args=[0x27ff250,0x2,0x1ec7027b0,0x27ff248,0x0,0x0,0x0,0xfffff0003ffff800]
[trap] num=197 (0xc5) pc=0x1804aea18 args=[0x0,0x40000,0x3,0x41002,0xffffffff,0x0,0x0,0xfffff0003ffff800]
[trap] num=197 (0xc5) pc=0x1804aea18 args=[0x0,0x40000,0x3,0x41002,0xffffffff,0x0,0xffffffffbfc007ff,0xfffff0003ffff800]
[trap] num=197 (0xc5) pc=0x1804aea18 args=[0x0,0x140000,0x3,0x41002,0xffffffff,0x0,0xffffffffbfc007ff,0xfffff0003ffff800]
[trap] num=24 (0x18) pc=0x1804af858 args=[0xa091ae2c2,0x27ff5e8,0x0,0xa14f90054,0xa14e90100,0x0,0xffffffffbfc007ff,0xfffff0003ffff800]
[trap] num=25 (0x19) pc=0x1804af050 args=[0x1f5,0x27ff5e8,0x0,0xa14f90054,0xa14e90100,0x0,0xffffffffbfc007ff,0xfffff0003ffff800]
[trap] num=47 (0x2f) pc=0x1804b1f48 args=[0x1f5,0x27ff5e8,0x0,0xa14f90054,0xa14e90100,0x0,0xffffffffbfc007ff,0xfffff0003ffff800]
[trap] num=43 (0x2b) pc=0x1804af8b0 args=[0x14,0x27ff5e8,0x0,0xa14f90054,0xa14e90100,0x0,0xffffffffbfc007ff,0xfffff0003ffff800]
[trap] num=336 (0x150) pc=0x1804af110 args=[0x5,0x8833,0x2,0x0,0x27ff568,0xf,0x64,0xfffff0003ffff800]
[trap] num=362 (0x16a) pc=0x1804b3f98 args=[0x7afa8,0x27ff4d0,0x1804edb6c,0x1,0x0,0x0,0xffffffffbfc007ff,0xfffff0003ffff800]
[trap] num=92 (0x5c) pc=0x1804ae8c4 args=[0x4,0x2,0x1,0x1,0x0,0x0,0xffffffffbfc007ff,0xfffff0003ffff800]
[trap] num=42 (0x2a) pc=0x1804b43ec args=[0x27ff420,0x0,0x0,0x103,0x0,0x0,0xffffffffbfc007ff,0xfffff0003ffff800]
[trap] num=92 (0x5c) pc=0x1804ae8c4 args=[0x5,0x2,0x1,0x103,0x0,0x0,0xffffffffbfc007ff,0xfffff0003ffff800]
[trap] num=92 (0x5c) pc=0x1804ae8c4 args=[0x6,0x2,0x1,0x103,0x0,0x0,0xffffffffbfc007ff,0xfffff0003ffff800]
[trap] num=4 (0x4) pc=0x1804b1834 args=[0x6,0x27ff43f,0x1,0x103,0x0,0x0,0xffffffffbfc007ff,0xfffff0003ffff800]
[trap] num=362 (0x16a) pc=0x1804b3f98 args=[0x27ff450,0x27ff450,0x1804edb6c,0x103,0x0,0x0,0xffffffffbfc007ff,0xfffff0003ffff800]
[trap] num=363 (0x16b) pc=0x1804b3fc4 args=[0x7,0x27ff368,0x2,0x27ff368,0x1,0x27ff358,0xffffffffbfc007ff,0xfffff0003ffff800]
[trap] num=399 (0x18f) pc=0x1804af584 args=[0x7,0x27ff368,0x2,0x27ff368,0x1,0x27ff358,0xffffffffbfc007ff,0xfffff0003ffff800]
[trap] num=5 (0x5) pc=0x1804ae694 args=[0xa0bd18705,0x1000000,0x0,0x27ff368,0x1,0x27ff358,0xffffffffbfc007ff,0xfffff0003ffff800]
[trap] num=363 (0x16b) pc=0x1804b3fc4 args=[0x4,0x27ff4a0,0x1,0x0,0x0,0x0,0xffffffffbfc007ff,0xfffff0003ffff800]
[trap] num=-47 (0xffffffffffffffd1) pc=0x1804adc34 args=[0x27ff3b0,0x200000003,0x2800001513,0x170300000203,0xd5a00000000,0x170300000000,0x30,0x0]
[mach_msg2] msgh_id=3418 dest=0x203 reply=0x1703 options=0x200000003 bits=0x1513 send_size=40 rcv_size=48
  send+000: 13 15 00 00 28 00 00 00 03 02 00 00 03 17 00 00
  send+010: 00 00 00 00 5a 0d 00 00 00 00 00 00 01 00 00 00
  send+020: 00 00 00 00 00 00 00 00
[retrace] forwarding mach_msg2 semaphore_create (msgh_id 3418) to host (decided allowlist)
[mach_msg2] host ret=0x0 err=false
  reply@0x27ff3b0+000: 00 12 00 80 28 00 00 00 00 00 00 00 03 17 00 00
  reply@0x27ff3b0+010: 00 00 00 00 be 0d 00 00 01 00 00 00 03 14 00 00
  reply@0x27ff3b0+020: 00 00 00 00 00 00 11 00 00 00 00 00 08 00 00 00
  reply@0x27ff3b0+030: 48 f4 7f 02 00 00 00 00 20 b7 07 00 00 00 00 00
  reply@0x27ff3b0+040: 00 f4 7f 02 00 00 00 00 0c 22 d1 0b 0a 00 00 00
  reply@0x27ff3b0+050: 30 f4 7f 02 00 00 00 00 b8 59 05 08 0a 00 00 00
  reply@0x27ff3b0+060: 20 b7 07 00 00 00 00 00 e0 1e 07 01 07 00 00 00
  reply@0x27ff3b0+070: 04 00 00 00 00 00 00 00 18 1e 07 01 07 00 00 00
  reply@0x27ff3b0+080: 20 f5 7f 02 00 00 00 00 58 57 05 08 0a 00 00 00
  reply@0x27ff3b0+090: a0 3f c4 00 07 00 00 00 30 49 04 01 07 00 00 00
  reply@0x27ff3b0+0a0: 20 b2 07 00 04 00 00 00 44 4e 4f 43 00 00 00 00
  reply@0x27ff3b0+0b0: 00 00 00 00 00 00 00 80 00 00 00 00 00 00 00 00
  reply@0x27ff3b0+0c0: 00 00 00 00 01 00 00 00 00 00 00 00 0a 00 00 00
  reply@0x27ff3b0+0d0: a8 af 07 00 00 00 00 00 5a 54 55 4d 00 00 00 00
  reply@0x27ff3b0+0e0: 00 00 00 00 a0 20 00 00 00 00 00 00 5a 54 55 4d
  reply@0x27ff3b0+0f0: 00 00 00 00 00 00 00 00 02 00 00 00 00 00 00 00
[trap] num=194 (0xc2) pc=0x1804b00c8 args=[0x1003,0x27ff340,0xa08057bec,0x7b720,0xd5a00000000,0x170300000000,0x30,0x0]
[trap] num=-15 (0xfffffffffffffff1) pc=0x1804adacc args=[0x203,0x27ff308,0x4c000,0x3fff,0x1e000001,0x3,0x0,0x0]
[trap] num=-14 (0xfffffffffffffff2) pc=0x1804adac0 args=[0x203,0x30000000,0x4000,0x0,0x0,0x3,0x0,0x0]
[trap] num=360 (0x168) pc=0x1804b1ad8 args=[0xa08057bec,0x7b720,0x30047000,0x30047000,0x90008ff,0x3,0x0,0x0]
[trap] num=-36 (0xffffffffffffffdc) pc=0x1804adbb0 args=[0x1403,0x0,0x30047000,0x30047000,0x90008ff,0x3,0x0,0x0]
[trap] num=372 (0x174) pc=0x1804afacc args=[0x30047000,0x0,0x0,0x0,0x0,0x190008ff,0x0,0x0]
[trap] num=336 (0x150) pc=0x1804af110 args=[0x5,0x8833,0x2,0x0,0x30046f58,0x1a,0x72,0x0]
[trap] num=362 (0x16a) pc=0x1804b3f98 args=[0x7b7f8,0x30046ed0,0x1804edb6c,0xfffffc088,0x0,0x0,0x0,0x0]
[trap] num=92 (0x5c) pc=0x1804ae8c4 args=[0x8,0x2,0x1,0xfffffc088,0x0,0x0,0x0,0x0]
[trap] num=5 (0x5) pc=0x1804ae694 args=[0xa0bd18705,0x1000000,0x0,0xfffffc088,0x0,0x0,0x0,0x0]
[trap] num=363 (0x16b) pc=0x1804b3fc4 args=[0x8,0x30046ea0,0x1,0x0,0x0,0x0,0x0,0x0]
[trap] num=-33 (0xffffffffffffffdf) pc=0x1804adb8c args=[0x1403,0x7bc28,0xa08057d7c,0x7010761b0,0x701076200,0x0,0xffffffffbfc007ff,0xfffff0003ffff800]
[trap] num=363 (0x16b) pc=0x1804b3fc4 args=[0x8,0x3003ee90,0x0,0x3003ee90,0x400,0x0,0xffffffffbfc007ff,0xfffff0003ffff800]
[trap] num=-47 (0xffffffffffffffd1) pc=0x1804adc34 args=[0x27ff3e0,0x200000003,0x2880001513,0x170300000203,0xd5b00000000,0x170300000001,0x2c,0x0]
[mach_msg2] msgh_id=3419 dest=0x203 reply=0x1703 options=0x200000003 bits=0x80001513 send_size=40 rcv_size=44
  send+000: 13 15 00 80 28 00 00 00 03 02 00 00 03 17 00 00
  send+010: 00 00 00 00 5b 0d 00 00 01 00 00 00 03 14 00 00
  send+020: 00 00 00 00 00 00 11 00
[retrace] forwarding mach_msg2 semaphore_destroy (msgh_id 3419) to host (decided allowlist)
[mach_msg2] host ret=0x0 err=false
  reply@0x27ff3e0+000: 00 12 00 00 24 00 00 00 00 00 00 00 03 17 00 00
  reply@0x27ff3e0+010: 00 00 00 00 bf 0d 00 00 00 00 00 00 01 00 00 00
  reply@0x27ff3e0+020: 00 00 00 00 00 00 00 00 08 00 00 00 0a 00 00 00
  reply@0x27ff3e0+030: 04 00 00 00 00 00 00 00 18 1e 07 01 07 00 00 00
  reply@0x27ff3e0+040: 30 f4 7f 02 00 00 00 00 58 22 d1 0b 0a 00 00 00
  reply@0x27ff3e0+050: 20 f5 7f 02 00 00 00 00 58 57 05 08 0a 00 00 00
  reply@0x27ff3e0+060: a0 3f c4 00 07 00 00 00 30 49 04 01 07 00 00 00
  reply@0x27ff3e0+070: 20 b2 07 00 04 00 00 00 44 4e 4f 43 00 00 00 00
  reply@0x27ff3e0+080: 00 00 00 00 00 00 00 80 00 00 00 00 00 00 00 00
  reply@0x27ff3e0+090: 00 00 00 00 01 00 00 00 00 00 00 00 0a 00 00 00
  reply@0x27ff3e0+0a0: a8 af 07 00 00 00 00 00 5a 54 55 4d 00 00 00 00
  reply@0x27ff3e0+0b0: 00 00 00 00 a0 20 00 00 00 00 00 00 5a 54 55 4d
  reply@0x27ff3e0+0c0: 00 00 00 00 00 00 00 00 02 00 00 00 00 00 00 00
  reply@0x27ff3e0+0d0: ff ff ff ff ff ff ff ff 77 0b 80 fd ff ff ff ff
  reply@0x27ff3e0+0e0: 5a 54 55 4d 5a 54 55 4d 00 0f 0e 0d 0c 0b 0a 00
  reply@0x27ff3e0+0f0: 58 4a 07 00 00 00 00 00 10 f8 7f 02 00 00 00 00
[trap] num=194 (0xc2) pc=0x1804b00c8 args=[0x1003,0x27ff370,0xa080559f0,0x7010285a0,0x0,0x0,0xffffffffbfc007ff,0xfffff0003ffff800]
[trap] num=-15 (0xfffffffffffffff1) pc=0x1804adacc args=[0x203,0x27ff338,0x4c000,0x3fff,0x1e000001,0x3,0x0,0x0]
[trap] num=-14 (0xfffffffffffffff2) pc=0x1804adac0 args=[0x203,0x3004c000,0x4000,0x0,0x0,0x3,0x0,0x0]
[trap] num=360 (0x168) pc=0x1804b1ad8 args=[0xa080559f0,0x7010285a0,0x30093000,0x30093000,0x90008ff,0x3,0x0,0x0]
[trap] num=194 (0xc2) pc=0x1804b00c8 args=[0x1003,0x27ff370,0xa080559f0,0x701028630,0x0,0x0,0xffffffffbfc007ff,0xfffff0003ffff800]
[trap] num=-15 (0xfffffffffffffff1) pc=0x1804adacc args=[0x203,0x27ff338,0x4c000,0x3fff,0x1e000001,0x3,0x0,0x0]
[trap] num=-14 (0xfffffffffffffff2) pc=0x1804adac0 args=[0x203,0x30098000,0x4000,0x0,0x0,0x3,0x0,0x0]
[trap] num=360 (0x168) pc=0x1804b1ad8 args=[0xa080559f0,0x701028630,0x300df000,0x300df000,0x90008ff,0x3,0x0,0x0]
[trap] num=194 (0xc2) pc=0x1804b00c8 args=[0x1003,0x27ff370,0xa080559f0,0x701028600,0x0,0x0,0xffffffffbfc007ff,0xfffff0003ffff800]
[trap] num=-15 (0xfffffffffffffff1) pc=0x1804adacc args=[0x203,0x27ff338,0x4c000,0x3fff,0x1e000001,0x3,0x0,0x0]
[trap] num=-14 (0xfffffffffffffff2) pc=0x1804adac0 args=[0x203,0x300e4000,0x4000,0x0,0x0,0x3,0x0,0x0]
[trap] num=360 (0x168) pc=0x1804b1ad8 args=[0xa080559f0,0x701028600,0x3012b000,0x3012b000,0x90008ff,0x3,0x0,0x0]
[trap] num=194 (0xc2) pc=0x1804b00c8 args=[0x1003,0x27ff370,0xa080559f0,0x701028690,0x0,0x0,0xffffffffbfc007ff,0xfffff0003ffff800]
[trap] num=-15 (0xfffffffffffffff1) pc=0x1804adacc args=[0x203,0x27ff338,0x4c000,0x3fff,0x1e000001,0x3,0x0,0x0]
[trap] num=-14 (0xfffffffffffffff2) pc=0x1804adac0 args=[0x203,0x30130000,0x4000,0x0,0x0,0x3,0x0,0x0]
[trap] num=360 (0x168) pc=0x1804b1ad8 args=[0xa080559f0,0x701028690,0x30177000,0x30177000,0x90008ff,0x3,0x0,0x0]
[trap] num=305 (0x131) pc=0x1804b150c args=[0x27ff458,0x100000100,0x0,0x0,0x0,0xa0,0x0,0x0]
[trap] num=372 (0x174) pc=0x1804afacc args=[0x30093000,0x0,0x0,0x0,0x0,0x190008ff,0x0,0x0]
[trap] num=336 (0x150) pc=0x1804af110 args=[0x5,0x8833,0x2,0x0,0x30092ec8,0xd,0x72,0x0]
[trap] num=304 (0x130) pc=0x1804b2a64 args=[0x27ff458,0x100,0x0,0x0,0x0,0x0,0x0,0x0]
[trap] num=305 (0x131) pc=0x1804b150c args=[0x701071e58,0x100000100,0x0,0x0,0x0,0xa0,0x0,0x0]
[trap] num=305 (0x131) pc=0x1804b150c args=[0x27ff458,0x10100000200,0x100,0x0,0x0,0xa0,0x0,0x0]
[trap] num=372 (0x174) pc=0x1804afacc args=[0x300df000,0x0,0x0,0x0,0x0,0x190008ff,0x0,0x0]
[trap] num=336 (0x150) pc=0x1804af110 args=[0x5,0x8833,0x2,0x0,0x300deec8,0xd,0x72,0x0]
[trap] num=304 (0x130) pc=0x1804b2a64 args=[0x27ff458,0x10000000200,0x100,0x0,0x0,0x0,0x0,0x0]
[trap] num=305 (0x131) pc=0x1804b150c args=[0x701071e58,0x200,0x0,0x0,0x0,0xa0,0x0,0x0]
[trap] num=305 (0x131) pc=0x1804b150c args=[0x27ff458,0x20100000300,0x200,0x0,0x0,0xa0,0x0,0x0]
[trap] num=372 (0x174) pc=0x1804afacc args=[0x3012b000,0x0,0x0,0x0,0x0,0x190008ff,0x0,0x0]
[trap] num=336 (0x150) pc=0x1804af110 args=[0x5,0x8833,0x2,0x0,0x3012aec8,0xd,0x72,0x0]
[trap] num=304 (0x130) pc=0x1804b2a64 args=[0x27ff458,0x20000000300,0x200,0x0,0x0,0x0,0x0,0x0]
[trap] num=305 (0x131) pc=0x1804b150c args=[0x701071e58,0x300,0x0,0x0,0x0,0xa0,0x0,0x0]
[trap] num=305 (0x131) pc=0x1804b150c args=[0x27ff458,0x30100000400,0x300,0x0,0x0,0xa0,0x0,0x0]
[trap] num=372 (0x174) pc=0x1804afacc args=[0x30177000,0x0,0x0,0x0,0x0,0x190008ff,0x0,0x0]
[trap] num=336 (0x150) pc=0x1804af110 args=[0x5,0x8833,0x2,0x0,0x30176ec8,0xd,0x72,0x0]
[trap] num=304 (0x130) pc=0x1804b2a64 args=[0x27ff458,0x30000000400,0x300,0x0,0x0,0x0,0x0,0x0]
[trap] num=305 (0x131) pc=0x1804b150c args=[0x701071e58,0x400,0x0,0x0,0x0,0xa0,0x0,0x0]
[trap] num=305 (0x131) pc=0x1804b150c args=[0x27ff458,0x40100000500,0x400,0x0,0x0,0xa0,0x0,0x1]
[trap] num=197 (0xc5) pc=0x1804aea18 args=[0x0,0x80000,0x0,0x41042,0xff000000,0x0,0xffffffffbfc007ff,0xfffff0003ffff800]
[trap] num=74 (0x4a) pc=0x1804b1b04 args=[0xa14fd0000,0x4000,0x3,0x2,0xff000000,0x0,0xffffffffbfc007ff,0xfffff0003ffff800]
[trap] num=75 (0x4b) pc=0x1804b09b0 args=[0xa14fd0000,0x4000,0x8,0x2,0xff000000,0x0,0xffffffffbfc007ff,0xfffff0003ffff800]
[trap] num=197 (0xc5) pc=0x1804aea18 args=[0x0,0x10000000,0x0,0x41042,0xff000000,0x0,0xffffffffbfc007ff,0xfffff0003ffff800]
[trap] num=116 (0x74) pc=0x1804b1b60 args=[0x27fefb0,0x0,0x0,0xfffffc088,0x0,0x0,0x0,0x500]
[trap] num=116 (0x74) pc=0x1804b1b60 args=[0x27fee60,0x0,0x0,0xfffffc088,0x0,0x27feef8,0x8,0xfffff0003ffff800]
[trap] num=116 (0x74) pc=0x1804b1b60 args=[0x27fef60,0x0,0x0,0xfffffc088,0x0,0x0,0x1,0x0]
[trap] num=74 (0x4a) pc=0x1804b1b04 args=[0xa15050000,0x10000,0x1,0x1,0x700c51350,0x0,0xffffffffbfc007ff,0xfffff0003ffff800]
[trap] num=75 (0x4b) pc=0x1804b09b0 args=[0xa15050000,0x10000,0x8,0x1,0x700c51350,0x0,0xffffffffbfc007ff,0xfffff0003ffff800]
[trap] num=74 (0x4a) pc=0x1804b1b04 args=[0xa15060000,0x4000,0x3,0x2,0x700c51320,0x0,0xffffffffbfc007ff,0xfffff0003ffff800]
[trap] num=75 (0x4b) pc=0x1804b09b0 args=[0xa15060000,0x4000,0x8,0x2,0x700c51320,0x0,0xffffffffbfc007ff,0xfffff0003ffff800]
[trap] num=74 (0x4a) pc=0x1804b1b04 args=[0xa15064000,0x4000,0x3,0x2,0x700c51350,0x0,0xffffffffbfc007ff,0xfffff0003ffff800]
[trap] num=75 (0x4b) pc=0x1804b09b0 args=[0xa15064000,0x4000,0x8,0x2,0x700c51350,0x0,0xffffffffbfc007ff,0xfffff0003ffff800]
[trap] num=74 (0x4a) pc=0x1804b1b04 args=[0xa15068000,0x4000,0x3,0x2,0x700c51320,0x0,0xffffffffbfc007ff,0xfffff0003ffff800]
[trap] num=75 (0x4b) pc=0x1804b09b0 args=[0xa15068000,0x4000,0x8,0x2,0x700c51320,0x0,0xffffffffbfc007ff,0xfffff0003ffff800]
[trap] num=74 (0x4a) pc=0x1804b1b04 args=[0xa1506c000,0x4000,0x3,0x2,0x700c51350,0x0,0xffffffffbfc007ff,0xfffff0003ffff800]
[trap] num=75 (0x4b) pc=0x1804b09b0 args=[0xa1506c000,0x4000,0x8,0x2,0x700c51350,0x0,0xffffffffbfc007ff,0xfffff0003ffff800]
[trap] num=116 (0x74) pc=0x1804b1b60 args=[0x27ff020,0x0,0x0,0xfffffc088,0x0,0x0,0x0,0x700]
[trap] num=197 (0xc5) pc=0x1804aea18 args=[0x0,0x8000000,0x0,0x41042,0xff000000,0x0,0xffffffffbfc007ff,0xfffff0003ffff800]
[trap] num=116 (0x74) pc=0x1804b1b60 args=[0x27ff000,0x0,0x0,0xfffffc088,0x0,0x0,0x0,0x900]
[trap] num=46 (0x2e) pc=0x1804b4478 args=[0xb,0x27ff598,0x0,0xa14a85d40,0x701045400,0x0,0xffffffffbfc007ff,0xfffff0003ffff800]
[trap] num=46 (0x2e) pc=0x1804b4478 args=[0xa,0x27ff598,0x0,0xa14a85d40,0x701045400,0x0,0xffffffffbfc007ff,0xfffff0003ffff800]
[trap] num=362 (0x16a) pc=0x1804b3f98 args=[0xa0bd20298,0x27ff6e0,0x1804edb6c,0x1,0x0,0x0,0xffffffffbfc007ff,0xfffff0003ffff800]
[trap] num=92 (0x5c) pc=0x1804ae8c4 args=[0xa,0x2,0x1,0x1,0x0,0x0,0xffffffffbfc007ff,0xfffff0003ffff800]
[trap] num=5 (0x5) pc=0x1804ae694 args=[0xa0bd18705,0x1000000,0x0,0x1,0x0,0x0,0xffffffffbfc007ff,0xfffff0003ffff800]
[trap] num=363 (0x16b) pc=0x1804b3fc4 args=[0xa,0x27ff6b0,0x1,0x0,0x0,0x0,0xffffffffbfc007ff,0xfffff0003ffff800]
[trap] num=194 (0xc2) pc=0x1804b00c8 args=[0x1005,0x27ff610,0x0,0x80490,0x700c03de0,0x0,0x700c6a860,0xfffff0003ffff800]
[trap] num=194 (0xc2) pc=0x1804b00c8 args=[0x1002,0x27ff610,0x0,0x80490,0x700c03de0,0x0,0x700c6a860,0xfffff0003ffff800]
[trap] num=202 (0xca) pc=0x1804af460 args=[0x27ff620,0x2,0x27ff618,0x27ff610,0x0,0x0,0x700c6a860,0xfffff0003ffff800]
[trap] num=197 (0xc5) pc=0x1804aea18 args=[0xa08470000,0x10000000,0x0,0x41842,0xff000000,0x0,0x5,0xfffff0003ffff800]
[trap] num=74 (0x4a) pc=0x1804b1b04 args=[0xa2d080000,0xffc0000,0x7,0x3,0x700c51440,0x0,0xffffffffbfc007ff,0xfffff0003ffff800]
[trap] num=75 (0x4b) pc=0x1804b09b0 args=[0xa2d080000,0xffc0000,0x8,0x3,0x700c51440,0x0,0xffffffffbfc007ff,0xfffff0003ffff800]
[trap] num=75 (0x4b) pc=0x1804b09b0 args=[0xa2d080000,0xffc0000,0x7,0x3,0x700c51440,0x0,0xffffffffbfc007ff,0xfffff0003ffff800]
[trap] num=197 (0xc5) pc=0x1804aea18 args=[0x19e0806c0000,0x7c000,0x3,0x41002,0xff000000,0x0,0x2,0x27fe978]
[trap] num=73 (0x49) pc=0x1804b1728 args=[0xa3d050000,0x30000,0x3,0x41002,0xff000000,0x0,0x2,0x27fe978]
[trap] num=73 (0x49) pc=0x1804b1728 args=[0xa3d0c0000,0xc000,0x3,0x41002,0xff000000,0x0,0x2,0x27fe978]
[trap] num=197 (0xc5) pc=0x1804aea18 args=[0x12c634300000,0x7c000,0x3,0x41002,0xff000000,0x0,0x2,0x27fe978]
[trap] num=73 (0x49) pc=0x1804b1728 args=[0xa3d0cc000,0x34000,0x3,0x41002,0xff000000,0x0,0x2,0x27fe978]
[trap] num=73 (0x49) pc=0x1804b1728 args=[0xa3d140000,0x8000,0x3,0x41002,0xff000000,0x0,0x2,0x27fe978]
[trap] num=73 (0x49) pc=0x1804b1728 args=[0xa3d11c000,0x24000,0x40000,0x1c000,0xa3d11c000,0x10,0x88310,0x0]
[trap] num=116 (0x74) pc=0x1804b1b60 args=[0x27fe8a0,0x0,0x0,0xfffffc088,0x0,0x0,0x0,0xb00]
[trap] num=74 (0x4a) pc=0x1804b1b04 args=[0xa3d080000,0x40000,0x1,0x1,0xa08b07ee8,0x18,0x1,0x0]
[trap] num=75 (0x4b) pc=0x1804b09b0 args=[0xa3d080000,0x40000,0x8,0x1,0xa08b07ee8,0x18,0x1,0x0]
[trap] num=74 (0x4a) pc=0x1804b1b04 args=[0xa3d100000,0x1c000,0x1,0x1,0xa08b07ee8,0x18,0x1,0x0]
[trap] num=75 (0x4b) pc=0x1804b09b0 args=[0xa3d100000,0x1c000,0x8,0x1,0xa08b07ee8,0x18,0x1,0x0]
[trap] num=116 (0x74) pc=0x1804b1b60 args=[0x27febe0,0x0,0x0,0xfffffc088,0x0,0x0,0x0,0xd00]
[trap] num=197 (0xc5) pc=0x1804aea18 args=[0xfa464b00000,0x7c000,0x3,0x41002,0xff000000,0x0,0x2,0x27fe8e8]
[trap] num=73 (0x49) pc=0x1804b1728 args=[0xa3d148000,0x38000,0x3,0x41002,0xff000000,0x0,0x2,0x27fe8e8]
[trap] num=73 (0x49) pc=0x1804b1728 args=[0xa3d1c0000,0x4000,0x3,0x41002,0xff000000,0x0,0x2,0x27fe8e8]
[trap] num=197 (0xc5) pc=0x1804aea18 args=[0x212810340000,0x7c000,0x3,0x41002,0xff000000,0x0,0x2,0x27fe828]
[trap] num=73 (0x49) pc=0x1804b1728 args=[0xa3d1c4000,0x3c000,0x3,0x41002,0xff000000,0x0,0x2,0x27fe828]
[trap] num=197 (0xc5) pc=0x1804aea18 args=[0x10708ec80000,0x7c000,0x3,0x41002,0xff000000,0x0,0x2,0x27ff1c8]
[trap] num=73 (0x49) pc=0x1804b1728 args=[0xa3d280000,0x3c000,0x3,0x41002,0xff000000,0x0,0x2,0x27ff1c8]
[trap] num=338 (0x152) pc=0x1804b988c args=[0x1803fe0ff,0x27fc1b0,0x0,0x27fdf90,0x700c51530,0x0,0x0,0xfffff0003ffff800]
[trap] num=220 (0xdc) pc=0x1804ae63c args=[0x27fe367,0x1803fbb50,0x27fdac0,0x41c,0x1,0x0,0x0,0xfffff0003ffff800]
[trap] num=220 (0xdc) pc=0x1804ae63c args=[0x27fe367,0x1803fbb50,0x27fdac0,0x41c,0x1,0x0,0x0,0xfffff0003ffff800]
[trap] num=220 (0xdc) pc=0x1804ae63c args=[0x27fe367,0x1803fbb50,0x27fdac0,0x41c,0x1,0x0,0x0,0xfffff0003ffff800]
[trap] num=220 (0xdc) pc=0x1804ae63c args=[0x27fe367,0x1803fbb50,0x27fdac0,0x41c,0x1,0x0,0x0,0xfffff0003ffff800]
[trap] num=220 (0xdc) pc=0x1804ae63c args=[0x27fe367,0x1803fbb50,0x27fdac0,0x41c,0x1,0x0,0x0,0xfffff0003ffff800]
[trap] num=220 (0xdc) pc=0x1804ae63c args=[0x27fe367,0x1803fbb50,0x27fdac0,0x41c,0x1,0x0,0x0,0xfffff0003ffff800]
[trap] num=220 (0xdc) pc=0x1804ae63c args=[0x27fe367,0x1803fbb50,0x27fdac0,0x41c,0x1,0x0,0x0,0xfffff0003ffff800]
[trap] num=24 (0x18) pc=0x1804af858 args=[0xa0919a7ae,0x27ff3c8,0x8ec30,0xa14a86280,0x701076c80,0x0,0xffffffffbfc007ff,0xfffff0003ffff800]
[trap] num=25 (0x19) pc=0x1804af050 args=[0x1f5,0x27ff3c8,0x8ec30,0xa14a86280,0x701076c80,0x0,0xffffffffbfc007ff,0xfffff0003ffff800]
[trap] num=47 (0x2f) pc=0x1804b1f48 args=[0x1f5,0x27ff3c8,0x8ec30,0xa14a86280,0x701076c80,0x0,0xffffffffbfc007ff,0xfffff0003ffff800]
[trap] num=43 (0x2b) pc=0x1804af8b0 args=[0x14,0x27ff3c8,0x8ec30,0xa14a86280,0x701076c80,0x0,0xffffffffbfc007ff,0xfffff0003ffff800]
[trap] num=197 (0xc5) pc=0x1804aea18 args=[0xf8e0ad40000,0x7c000,0x3,0x41002,0xff000000,0x0,0x2,0x27feb58]
[trap] num=73 (0x49) pc=0x1804b1728 args=[0xa3d2bc000,0x4000,0x3,0x41002,0xff000000,0x0,0x2,0x27feb58]
[trap] num=73 (0x49) pc=0x1804b1728 args=[0xa3d300000,0x38000,0x3,0x41002,0xff000000,0x0,0x2,0x27feb58]
[trap] num=304 (0x130) pc=0x1804b2a64 args=[0x701071e58,0x400,0x0,0x0,0x0,0x0,0x0,0x0]
[trap] num=197 (0xc5) pc=0x1804aea18 args=[0x2a6660a40000,0x7c000,0x3,0x41002,0xff000000,0x0,0x2,0x27fe7a8]
[trap] num=73 (0x49) pc=0x1804b1728 args=[0xa3d338000,0x8000,0x3,0x41002,0xff000000,0x0,0x2,0x27fe7a8]
[trap] num=73 (0x49) pc=0x1804b1728 args=[0xa3d380000,0x34000,0x3,0x41002,0xff000000,0x0,0x2,0x27fe7a8]
[trap] num=197 (0xc5) pc=0x1804aea18 args=[0xffffffff,0x7c000,0x3,0x41002,0xff000000,0x0,0x2,0x27fe838]
[trap] num=73 (0x49) pc=0x1804b1728 args=[0xa3d3b4000,0xc000,0x3,0x41002,0xff000000,0x0,0x2,0x27fe838]
[trap] num=73 (0x49) pc=0x1804b1728 args=[0xa3d400000,0x30000,0x3,0x41002,0xff000000,0x0,0x2,0x27fe838]
[trap] num=304 (0x130) pc=0x1804b2a64 args=[0x701071e58,0x10000000400,0x100,0x0,0x0,0x0,0x0,0x0]
[trap] num=197 (0xc5) pc=0x1804aea18 args=[0x3a573240000,0x7c000,0x3,0x41002,0xff000000,0x0,0x2,0x27fe4b8]
[trap] num=73 (0x49) pc=0x1804b1728 args=[0xa3d430000,0x10000,0x3,0x41002,0xff000000,0x0,0x2,0x27fe4b8]
[trap] num=73 (0x49) pc=0x1804b1728 args=[0xa3d480000,0x2c000,0x3,0x41002,0xff000000,0x0,0x2,0x27fe4b8]
[trap] num=363 (0x16b) pc=0x1804b3fc4 args=[0xa,0x27fe850,0x1,0x0,0x0,0x0,0xffffffffbfc007ff,0xfffff0003ffff800]
[trap] num=-47 (0xffffffffffffffd1) pc=0x1804adc34 args=[0x27ff3c0,0x200000003,0x2800001513,0x170300000203,0xd5a00000000,0x170300000000,0x30,0x0]
[mach_msg2] msgh_id=3418 dest=0x203 reply=0x1703 options=0x200000003 bits=0x1513 send_size=40 rcv_size=48
  send+000: 13 15 00 00 28 00 00 00 03 02 00 00 03 17 00 00
  send+010: 00 00 00 00 5a 0d 00 00 00 00 00 00 01 00 00 00
  send+020: 00 00 00 00 00 00 00 00
[retrace] forwarding mach_msg2 semaphore_create (msgh_id 3418) to host (decided allowlist)
[mach_msg2] host ret=0x0 err=false
  reply@0x27ff3c0+000: 00 12 00 80 28 00 00 00 00 00 00 00 03 17 00 00
  reply@0x27ff3c0+010: 00 00 00 00 be 0d 00 00 01 00 00 00 0f 14 00 00
  reply@0x27ff3c0+020: 00 00 00 00 00 00 11 00 00 00 00 00 08 00 00 00
  reply@0x27ff3c0+030: 28 fe 08 00 00 00 00 00 00 c3 c6 00 07 00 00 00
  reply@0x27ff3c0+040: 10 f4 7f 02 00 00 00 00 0c 22 d1 0b 0a 00 00 00
  reply@0x27ff3c0+050: d0 f4 7f 02 00 00 00 00 64 64 0f 08 0a 00 00 00
  reply@0x27ff3c0+060: 30 ec 08 00 00 00 00 00 70 ff 08 00 00 00 00 00
  reply@0x27ff3c0+070: 00 00 00 00 00 00 00 00 02 00 00 00 00 00 00 00
  reply@0x27ff3c0+080: 1f bb a9 a7 36 16 03 00 00 00 00 00 00 00 00 00
  reply@0x27ff3c0+090: 00 00 00 00 00 00 00 00 00 10 fc 08 0a 00 00 00
  reply@0x27ff3c0+0a0: 1f bb a9 a7 36 16 03 00 00 00 00 00 00 00 00 00
  reply@0x27ff3c0+0b0: f0 f4 7f 02 00 00 00 00 74 40 05 08 0a 00 00 00
  reply@0x27ff3c0+0c0: b0 c0 cb 00 07 00 00 00 00 0f 0e 0d 0c 0b 0a 00
  reply@0x27ff3c0+0d0: 01 00 00 00 00 00 00 00 ff ff ff ff ff ff ff ff
  reply@0x27ff3c0+0e0: 30 ec 08 00 00 00 00 00 00 c0 cb 00 07 00 00 00
  reply@0x27ff3c0+0f0: 00 c0 cb 00 07 00 00 00 00 00 00 00 00 00 00 00
[trap] num=329 (0x149) pc=0x1804b54f4 args=[0x3,0x27ff438,0x27ff434,0x170300000203,0xd5a00000000,0x170300000000,0x30,0x0]
[trap] num=-15 (0xfffffffffffffff1) pc=0x1804adacc args=[0x203,0x27ff3b8,0x14000,0x3fff,0x1e000001,0x3,0x0,0x0]
[trap] num=-14 (0xfffffffffffffff2) pc=0x1804adac0 args=[0x203,0x3017c000,0x4000,0x0,0x0,0x3,0x0,0x0]
[trap] num=360 (0x168) pc=0x1804b1ad8 args=[0xa080f8eac,0x0,0x3018b000,0x3018b000,0x90008ff,0x3,0x0,0x0]
[trap] num=46 (0x2e) pc=0x1804b4478 args=[0x1e,0x27ff3d8,0x0,0x3018b000,0x90008ff,0x3,0x0,0x0]
[trap] num=329 (0x149) pc=0x1804b54f4 args=[0x3,0x27ff438,0x0,0x3018b000,0x90008ff,0x3,0x0,0x0]
[trap] num=329 (0x149) pc=0x1804b54f4 args=[0x2,0x27ff438,0x0,0x3018b000,0x90008ff,0x3,0x0,0x0]
[trap] num=197 (0xc5) pc=0x1804aea18 args=[0x1f6c56800000,0x7c000,0x3,0x41002,0xff000000,0x0,0x2,0x27fde88]
[trap] num=73 (0x49) pc=0x1804b1728 args=[0xa3d4ac000,0x14000,0x3,0x41002,0xff000000,0x0,0x2,0x27fde88]
[trap] num=73 (0x49) pc=0x1804b1728 args=[0xa3d500000,0x28000,0x3,0x41002,0xff000000,0x0,0x2,0x27fde88]
[trap] num=304 (0x130) pc=0x1804b2a64 args=[0x701071e58,0x20000000400,0x200,0x0,0x0,0x0,0x0,0x0]
[trap] num=197 (0xc5) pc=0x1804aea18 args=[0xe11ba740000,0x7c000,0x3,0x41002,0xff000000,0x0,0x2,0x27fdc28]
[trap] num=73 (0x49) pc=0x1804b1728 args=[0xa3d528000,0x18000,0x3,0x41002,0xff000000,0x0,0x2,0x27fdc28]
[trap] num=73 (0x49) pc=0x1804b1728 args=[0xa3d580000,0x24000,0x3,0x41002,0xff000000,0x0,0x2,0x27fdc28]
[trap] num=304 (0x130) pc=0x1804b2a64 args=[0x701071e58,0x30000000400,0x300,0x0,0x0,0x0,0x0,0x0]
[trap] num=75 (0x4b) pc=0x1804b09b0 args=[0x701488000,0x10000,0x7,0x0,0x0,0x0,0xffffffffbfc007ff,0xfffff0003ffff800]
[trap] num=75 (0x4b) pc=0x1804b09b0 args=[0xa2d080000,0x40000,0x8,0x3,0x700c51620,0x0,0xffffffffbfc007ff,0xfffff0003ffff800]
[M48 SPRR] thread 0 wrote 0x2010002030300000
[M48 SPRR] thread 0 wrote 0x2010002030100000
[M48 SPRR] thread 0 wrote 0x2010002030300000
[M48 SPRR] thread 0 wrote 0x2010002030100000
[M48 SPRR] thread 0 wrote 0x2010002030300000
[M48 SPRR] thread 0 wrote 0x2010002030100000
[M48 SPRR] thread 0 wrote 0x2010002030300000
[M48 SPRR] thread 0 wrote 0x2010002030100000
[trap] num=197 (0xc5) pc=0x1804aea18 args=[0x1f36ce900000,0x7c000,0x3,0x41002,0xff000000,0x0,0x2,0x27fe5f8]
[trap] num=73 (0x49) pc=0x1804b1728 args=[0xa3d5a4000,0x1c000,0x3,0x41002,0xff000000,0x0,0x2,0x27fe5f8]
[trap] num=73 (0x49) pc=0x1804b1728 args=[0xa3d600000,0x20000,0x3,0x41002,0xff000000,0x0,0x2,0x27fe5f8]
[trap] num=197 (0xc5) pc=0x1804aea18 args=[0x3b268dfc0000,0x7c000,0x3,0x41002,0xff000000,0x0,0x2,0x27fe438]
[trap] num=73 (0x49) pc=0x1804b1728 args=[0xa3d620000,0x20000,0x3,0x41002,0xff000000,0x0,0x2,0x27fe438]
[trap] num=73 (0x49) pc=0x1804b1728 args=[0xa3d680000,0x1c000,0x3,0x41002,0xff000000,0x0,0x2,0x27fe438]
[trap] num=197 (0xc5) pc=0x1804aea18 args=[0x3d2bc3c0000,0x7c000,0x3,0x41002,0xff000000,0x0,0x2,0x27fe5f8]
[trap] num=73 (0x49) pc=0x1804b1728 args=[0xa3d69c000,0x24000,0x3,0x41002,0xff000000,0x0,0x2,0x27fe5f8]
[trap] num=73 (0x49) pc=0x1804b1728 args=[0xa3d700000,0x18000,0x3,0x41002,0xff000000,0x0,0x2,0x27fe5f8]
[trap] num=75 (0x4b) pc=0x1804b09b0 args=[0x701488000,0xc000,0x7,0x0,0x0,0x0,0xffffffffbfc007ff,0xfffff0003ffff800]
[M48 SPRR] thread 0 wrote 0x2010002030300000
[M48 SPRR] thread 0 wrote 0x2010002030100000
[trap] num=197 (0xc5) pc=0x1804aea18 args=[0x226a12a80000,0x7c000,0x3,0x41002,0xff000000,0x0,0x2,0x27fd908]
[trap] num=73 (0x49) pc=0x1804b1728 args=[0xa3d718000,0x28000,0x3,0x41002,0xff000000,0x0,0x2,0x27fd908]
[trap] num=73 (0x49) pc=0x1804b1728 args=[0xa3d780000,0x14000,0x3,0x41002,0xff000000,0x0,0x2,0x27fd908]
[M48 SPRR] thread 0 wrote 0x2010002030300000
[M48 SPRR] thread 0 wrote 0x2010002030100000
[M48 SPRR] thread 0 wrote 0x2010002030300000
[M48 SPRR] thread 0 wrote 0x2010002030100000
[trap] num=197 (0xc5) pc=0x1804aea18 args=[0x17cf3a40000,0x7c000,0x3,0x41002,0xff000000,0x0,0x2,0x27fe1b8]
[trap] num=73 (0x49) pc=0x1804b1728 args=[0xa3d794000,0x2c000,0x3,0x41002,0xff000000,0x0,0x2,0x27fe1b8]
[trap] num=73 (0x49) pc=0x1804b1728 args=[0xa3d800000,0x10000,0x3,0x41002,0xff000000,0x0,0x2,0x27fe1b8]
[trap] num=197 (0xc5) pc=0x1804aea18 args=[0x2e27bef80000,0x60000,0x3,0x41002,0xff000000,0x0,0x2,0x27fe1a8]
[trap] num=73 (0x49) pc=0x1804b1728 args=[0xa3d810000,0x30000,0x3,0x41002,0xff000000,0x0,0x2,0x27fe1a8]
[trap] num=73 (0x49) pc=0x1804b1728 args=[0xa3d864000,0xc000,0x3,0x41002,0xff000000,0x0,0x2,0x27fe1a8]
[trap] num=75 (0x4b) pc=0x1804b09b0 args=[0x701488000,0xc000,0x7,0x0,0x0,0x0,0xffffffffbfc007ff,0xfffff0003ffff800]
[trap] num=197 (0xc5) pc=0x1804aea18 args=[0x1299d680000,0x7c000,0x3,0x41002,0xff000000,0x0,0x2,0x27fdde8]
[trap] num=73 (0x49) pc=0x1804b1728 args=[0xa3d870000,0x10000,0x3,0x41002,0xff000000,0x0,0x2,0x27fdde8]
[trap] num=73 (0x49) pc=0x1804b1728 args=[0xa3d8c0000,0x2c000,0x3,0x41002,0xff000000,0x0,0x2,0x27fdde8]
[trap] num=75 (0x4b) pc=0x1804b09b0 args=[0x701488000,0xc000,0x7,0x0,0x0,0x0,0xffffffffbfc007ff,0xfffff0003ffff800]
[trap] num=75 (0x4b) pc=0x1804b09b0 args=[0x701488000,0xc000,0x7,0x0,0x0,0x0,0x0,0xfffff0003ffff800]
[trap] num=75 (0x4b) pc=0x1804b09b0 args=[0x701488000,0xc000,0x7,0x0,0x0,0x20,0x0,0x0]
[trap] num=75 (0x4b) pc=0x1804b09b0 args=[0x7014cc000,0x14000,0x7,0x0,0x0,0x0,0xffffffffbfc007ff,0xfffff0003ffff800]
[M48 SPRR] thread 0 wrote 0x2010002030300000
[M48 SPRR] thread 0 wrote 0x2010002030100000
[trap] num=197 (0xc5) pc=0x1804aea18 args=[0x35a31c700000,0x7c000,0x3,0x41002,0xff000000,0x0,0x2,0x27fcd78]
[trap] num=73 (0x49) pc=0x1804b1728 args=[0xa3d8ec000,0x14000,0x3,0x41002,0xff000000,0x0,0x2,0x27fcd78]
[trap] num=73 (0x49) pc=0x1804b1728 args=[0xa3d940000,0x28000,0x3,0x41002,0xff000000,0x0,0x2,0x27fcd78]
[trap] num=197 (0xc5) pc=0x1804aea18 args=[0x1771fe600000,0x7c000,0x3,0x41002,0xff000000,0x0,0x2,0x27fcdb8]
[trap] num=73 (0x49) pc=0x1804b1728 args=[0xa3d968000,0x18000,0x3,0x41002,0xff000000,0x0,0x2,0x27fcdb8]
[trap] num=73 (0x49) pc=0x1804b1728 args=[0xa3d9c0000,0x24000,0x3,0x41002,0xff000000,0x0,0x2,0x27fcdb8]
[trap] num=-15 (0xfffffffffffffff1) pc=0x1804adacc args=[0x203,0x27fe188,0x400000,0x3fffff,0x2000001,0x3,0x0,0x0]
[trap] num=197 (0xc5) pc=0x1804aea18 args=[0x35f534fc0000,0x7c000,0x3,0x41002,0xff000000,0x0,0x2,0x27fd598]
[trap] num=73 (0x49) pc=0x1804b1728 args=[0xa3d9e4000,0x1c000,0x3,0x41002,0xff000000,0x0,0x2,0x27fd598]
[trap] num=73 (0x49) pc=0x1804b1728 args=[0xa3da40000,0x20000,0x3,0x41002,0xff000000,0x0,0x2,0x27fd598]
[trap] num=197 (0xc5) pc=0x1804aea18 args=[0x3b33e1900000,0x7c000,0x3,0x41002,0xff000000,0x0,0x2,0x27fe368]
[trap] num=73 (0x49) pc=0x1804b1728 args=[0xa3da60000,0x20000,0x3,0x41002,0xff000000,0x0,0x2,0x27fe368]
[trap] num=73 (0x49) pc=0x1804b1728 args=[0xa3dac0000,0x1c000,0x3,0x41002,0xff000000,0x0,0x2,0x27fe368]
[trap] num=24 (0x18) pc=0x1804af858 args=[0xa091a5860,0x27ff5c0,0x8ec30,0x701014310,0x701014310,0x0,0xffffffffbfc007ff,0xfffff0003ffff800]
[trap] num=25 (0x19) pc=0x1804af050 args=[0x1f5,0x27ff5c0,0x8ec30,0x701014310,0x701014310,0x0,0xffffffffbfc007ff,0xfffff0003ffff800]
[trap] num=47 (0x2f) pc=0x1804b1f48 args=[0x1f5,0x27ff5c0,0x8ec30,0x701014310,0x701014310,0x0,0xffffffffbfc007ff,0xfffff0003ffff800]
[trap] num=43 (0x2b) pc=0x1804af8b0 args=[0x14,0x27ff5c0,0x8ec30,0x701014310,0x701014310,0x0,0xffffffffbfc007ff,0xfffff0003ffff800]
[trap] num=24 (0x18) pc=0x1804af858 args=[0x27fe748,0x27fe718,0x8ec30,0x27fe748,0xa0830abc4,0x2,0xa3d089c09,0x106]
[trap] num=25 (0x19) pc=0x1804af050 args=[0x1f5,0x27fe718,0x8ec30,0x27fe748,0xa0830abc4,0x2,0xa3d089c09,0x106]
[trap] num=47 (0x2f) pc=0x1804b1f48 args=[0x1f5,0x27fe718,0x8ec30,0x27fe748,0xa0830abc4,0x2,0xa3d089c09,0x106]
[trap] num=43 (0x2b) pc=0x1804af8b0 args=[0x14,0x27fe718,0x8ec30,0x27fe748,0xa0830abc4,0x2,0xa3d089c09,0x106]
[trap] num=24 (0x18) pc=0x1804af858 args=[0x27fe748,0x27fe718,0x8ec30,0x27fe748,0xa0830abc4,0x2,0xa3d089c09,0x106]
[trap] num=25 (0x19) pc=0x1804af050 args=[0x1f5,0x27fe718,0x8ec30,0x27fe748,0xa0830abc4,0x2,0xa3d089c09,0x106]
[trap] num=47 (0x2f) pc=0x1804b1f48 args=[0x1f5,0x27fe718,0x8ec30,0x27fe748,0xa0830abc4,0x2,0xa3d089c09,0x106]
[trap] num=43 (0x2b) pc=0x1804af8b0 args=[0x14,0x27fe718,0x8ec30,0x27fe748,0xa0830abc4,0x2,0xa3d089c09,0x106]
[trap] num=398 (0x18e) pc=0x1804ae948 args=[0x1803fd5e6,0x1000000,0x0,0xa3d194231,0x0,0x1,0xa3d089c09,0xa014c2]
[trap] num=339 (0x153) pc=0x1804bc288 args=[0xc,0x27fe130,0x0,0xa3d194231,0x0,0x1,0xa3d089c09,0xa014c2]
[trap] num=406 (0x196) pc=0x1804b2174 args=[0xc,0x32,0x27fe7c8,0xa3d194231,0x0,0x1,0xa3d089c09,0xa014c2]
[trap] num=399 (0x18f) pc=0x1804af584 args=[0xc,0x32,0x27fe7c8,0xa3d194231,0x0,0x1,0xa3d089c09,0xa014c2]
[trap] num=338 (0x152) pc=0x1804b988c args=[0x27fe7c8,0x27fe0a0,0x27fe7c8,0xa3d194231,0x0,0x1,0xa3d089c09,0xa014c2]
[trap] num=197 (0xc5) pc=0x1804aea18 args=[0x0,0x3c000,0x0,0x41042,0xff000000,0x0,0x9,0x0]
[trap] num=73 (0x49) pc=0x1804b1728 args=[0xa3dadc000,0x4000,0x0,0x41042,0xff000000,0x0,0x9,0x0]
[trap] num=73 (0x49) pc=0x1804b1728 args=[0xa3db00000,0x18000,0x0,0x41042,0xff000000,0x0,0x9,0x0]
[trap] num=74 (0x4a) pc=0x1804b1b04 args=[0xa3dae0000,0x20000,0x3,0x2,0xa08b07ee8,0x0,0xffffffffbfc007ff,0xfffff0003ffff800]
[trap] num=75 (0x4b) pc=0x1804b09b0 args=[0xa3dae0000,0x20000,0x8,0x2,0xa08b07ee8,0x0,0xffffffffbfc007ff,0xfffff0003ffff800]
[trap] num=54 (0x36) pc=0x1804b2338 args=[0x1,0x4004667a,0x27fb38c,0xa3d2ee879,0x0,0x2,0xa3d089c09,0x106]
[trap] num=54 (0x36) pc=0x1804b2338 args=[0x1,0x40487413,0x27fb390,0xa3d2ee879,0x0,0x2,0xa3d089c09,0x106]
[trap] num=339 (0x153) pc=0x1804bc288 args=[0x1,0x27fb408,0x27fb390,0xa3d2ee879,0x0,0x2,0xa3d089c09,0x106]
[trap] num=197 (0xc5) pc=0x1804aea18 args=[0x97ffeb80000,0x7c000,0x3,0x41002,0xff000000,0x0,0x2,0x27f9b38]
[trap] num=73 (0x49) pc=0x1804b1728 args=[0xa3db18000,0x28000,0x3,0x41002,0xff000000,0x0,0x2,0x27f9b38]
[trap] num=73 (0x49) pc=0x1804b1728 args=[0xa3db80000,0x14000,0x3,0x41002,0xff000000,0x0,0x2,0x27f9b38]
[trap] num=197 (0xc5) pc=0x1804aea18 args=[0x1f860ce00000,0x7c000,0x3,0x41002,0xff000000,0x0,0x2,0x27fa618]
[trap] num=73 (0x49) pc=0x1804b1728 args=[0xa3db94000,0x2c000,0x3,0x41002,0xff000000,0x0,0x2,0x27fa618]
[trap] num=73 (0x49) pc=0x1804b1728 args=[0xa3dc00000,0x10000,0x3,0x41002,0xff000000,0x0,0x2,0x27fa618]
[trap] num=54 (0x36) pc=0x1804b2338 args=[0x1,0x4004667a,0x27fb1dc,0xa3d2ee879,0x0,0x2,0xa3d089c09,0x106]
[trap] num=54 (0x36) pc=0x1804b2338 args=[0x1,0x40487413,0x27fb1e0,0xa3d2ee879,0x0,0x2,0xa3d089c09,0x106]
[trap] num=339 (0x153) pc=0x1804bc288 args=[0x1,0x27fb258,0x27fb1e0,0xa3d2ee879,0x0,0x2,0xa3d089c09,0x106]
[trap] num=5 (0x5) pc=0x1804ae694 args=[0xa0bd187c3,0x1000000,0x0,0x4,0x700c6b560,0x0,0x0,0xfffff0003ffff800]
[trap] num=92 (0x5c) pc=0x1804ae8c4 args=[0x1,0x3,0x3d080e21,0xa3db4bea9,0x0,0x2,0xa3d089c09,0xa3db4bbd9]
[M28 BANDSHRINK] syscall 92 band past ipa 0xa3db4bbd9 len 65536 shrunk 64 -> 0 by an overlapping window of the same call
[trap] num=54 (0x36) pc=0x1804b2338 args=[0x1,0x8004667e,0x27fb40c,0xa3db4bea9,0x0,0x2,0xa3d089c09,0xa3db4bbd9]
[M28 BANDSHRINK] syscall 54 band past ipa 0xa3db4bbd9 len 65536 shrunk 64 -> 0 by an overlapping window of the same call
[trap] num=362 (0x16a) pc=0x1804b3f98 args=[0x700da40b8,0x27fb43c,0x27fb40c,0xa3db4bea9,0x0,0x2,0xa3d089c09,0xa3db4bbd9]
[M28 BANDSHRINK] syscall 362 band past ipa 0xa3db4bbd9 len 65536 shrunk 64 -> 0 by an overlapping window of the same call
[trap] num=363 (0x16b) pc=0x1804b3fc4 args=[0xd,0x27fb3c8,0x1,0x27fb3a8,0x1,0x27fb390,0xa3d089c09,0xa3db4bbd9]
[trap] num=399 (0x18f) pc=0x1804af584 args=[0xd,0x27fb3c8,0x1,0x27fb3a8,0x1,0x27fb390,0xa3d089c09,0xa3db4bbd9]
[trap] num=105 (0x69) pc=0x1804b21a0 args=[0x1,0xffff,0x100,0x27fb40c,0x4,0x27fb390,0xa3d089c09,0xa3db4bbd9]
[trap] num=54 (0x36) pc=0x1804b2338 args=[0x2,0x4004667a,0x27fb1cc,0xa3d2ee879,0x0,0x2,0xa3d089c09,0x106]
[trap] num=54 (0x36) pc=0x1804b2338 args=[0x2,0x40487413,0x27fb1d0,0xa3d2ee879,0x0,0x2,0xa3d089c09,0x106]
[trap] num=339 (0x153) pc=0x1804bc288 args=[0x2,0x27fb248,0x27fb1d0,0xa3d2ee879,0x0,0x2,0xa3d089c09,0x106]
[trap] num=4 (0x4) pc=0x1804b1834 args=[0x1,0x27f73c8,0x2,0x0,0x1,0x3,0xa3d089c09,0xa3db49669]
[fd1 (console 1)] 1

[trap] num=305 (0x131) pc=0x1804b150c args=[0x701071e88,0x100000100,0x0,0x0,0x0,0xa0,0x0,0x0]
[trap] num=303 (0x12f) pc=0x1804b1538 args=[0x701071e88,0x100,0x100,0x0,0x0,0x0,0x0,0x0]
[trap] num=197 (0xc5) pc=0x1804aea18 args=[0x214fc7900000,0x7c000,0x3,0x41002,0xff000000,0x0,0x2,0x30091aa8]
[trap] num=73 (0x49) pc=0x1804b1728 args=[0xa3dc10000,0x30000,0x3,0x41002,0xff000000,0x0,0x2,0x30091aa8]
[trap] num=73 (0x49) pc=0x1804b1728 args=[0xa3dc80000,0xc000,0x3,0x41002,0xff000000,0x0,0x2,0x30091aa8]
[M48 SPRR] thread 2 wrote 0x2010002030300000
[M48 SPRR] thread 2 wrote 0x2010002030100000
[M48 SPRR] thread 2 wrote 0x2010002030300000
[M48 SPRR] thread 2 wrote 0x2010002030100000
[M48 SPRR] thread 2 wrote 0x2010002030300000
[M48 SPRR] thread 2 wrote 0x2010002030100000
[M48 SPRR] thread 2 wrote 0x2010002030300000
[M48 SPRR] thread 2 wrote 0x2010002030100000
[M48 SPRR] thread 2 wrote 0x2010002030300000
[M48 SPRR] thread 2 wrote 0x2010002030100000
[M48 SPRR] thread 2 wrote 0x2010002030300000
[M48 SPRR] thread 2 wrote 0x2010002030100000
[M48 SPRR] thread 2 wrote 0x2010002030300000
[M48 SPRR] thread 2 wrote 0x2010002030100000
[M48 SPRR] thread 2 wrote 0x2010002030300000
[M48 SPRR] thread 2 wrote 0x2010002030100000
[M48 SPRR] thread 2 wrote 0x2010002030300000
[M48 SPRR] thread 2 wrote 0x2010002030100000
[M48 SPRR] thread 2 wrote 0x2010002030300000
[M48 SPRR] thread 2 wrote 0x2010002030100000
[M48 SPRR] thread 2 wrote 0x2010002030300000
[M48 SPRR] thread 2 wrote 0x2010002030100000
[M48 SPRR] thread 2 wrote 0x2010002030300000
[M48 SPRR] thread 2 wrote 0x2010002030100000
[M48 SPRR] thread 2 wrote 0x2010002030300000
[M48 SPRR] thread 2 wrote 0x2010002030100000
[M48 SPRR] thread 2 wrote 0x2010002030300000
[M48 SPRR] thread 2 wrote 0x2010002030100000
[M48 SPRR] thread 2 wrote 0x2010002030300000
[M48 SPRR] thread 2 wrote 0x2010002030100000
[M48 SPRR] thread 2 wrote 0x2010002030300000
[M48 SPRR] thread 2 wrote 0x2010002030100000
[M48 SPRR] thread 2 wrote 0x2010002030300000
[M48 SPRR] thread 2 wrote 0x2010002030100000
[M48 SPRR] thread 2 wrote 0x2010002030300000
[M48 SPRR] thread 2 wrote 0x2010002030100000
[M48 SPRR] thread 2 wrote 0x2010002030300000
[M48 SPRR] thread 2 wrote 0x2010002030100000
[M48 SPRR] thread 2 wrote 0x2010002030300000
[M48 SPRR] thread 2 wrote 0x2010002030100000
[M48 SPRR] thread 2 wrote 0x2010002030300000
[M48 SPRR] thread 2 wrote 0x2010002030100000
[M48 SPRR] thread 2 wrote 0x2010002030300000
[M48 SPRR] thread 2 wrote 0x2010002030100000
[M48 SPRR] thread 2 wrote 0x2010002030300000
[M48 SPRR] thread 2 wrote 0x2010002030100000
[M48 SPRR] thread 2 wrote 0x2010002030300000
[M48 SPRR] thread 2 wrote 0x2010002030100000
[M48 SPRR] thread 2 wrote 0x2010002030300000
[M48 SPRR] thread 2 wrote 0x2010002030100000
[M48 SPRR] thread 2 wrote 0x2010002030300000
[M48 SPRR] thread 2 wrote 0x2010002030100000
[M48 SPRR] thread 2 wrote 0x2010002030300000
[M48 SPRR] thread 2 wrote 0x2010002030100000
[M48 SPRR] thread 2 wrote 0x2010002030300000
[M48 SPRR] thread 2 wrote 0x2010002030100000
[M48 SPRR] thread 2 wrote 0x2010002030300000
[M48 SPRR] thread 2 wrote 0x2010002030100000
[M48 SPRR] thread 2 wrote 0x2010002030300000
[M48 SPRR] thread 2 wrote 0x2010002030100000
[M48 SPRR] thread 2 wrote 0x2010002030300000
[M48 SPRR] thread 2 wrote 0x2010002030100000
[M48 SPRR] thread 2 wrote 0x2010002030300000
[M48 SPRR] thread 2 wrote 0x2010002030100000
[M48 SPRR] thread 2 wrote 0x2010002030300000
[M48 SPRR] thread 2 wrote 0x2010002030100000
[M48 SPRR] thread 2 wrote 0x2010002030300000
[M48 SPRR] thread 2 wrote 0x2010002030100000
[M48 SPRR] thread 2 wrote 0x2010002030300000
[M48 SPRR] thread 2 wrote 0x2010002030100000
[M48 SPRR] thread 2 wrote 0x2010002030300000
[M48 SPRR] thread 2 wrote 0x2010002030100000
[trap] num=197 (0xc5) pc=0x1804aea18 args=[0x3eb27380000,0x7c000,0x3,0x41002,0xff000000,0x0,0x2,0x30091c28]
[trap] num=73 (0x49) pc=0x1804b1728 args=[0xa3dc8c000,0x34000,0x3,0x41002,0xff000000,0x0,0x2,0x30091c28]
[trap] num=73 (0x49) pc=0x1804b1728 args=[0xa3dd00000,0x8000,0x3,0x41002,0xff000000,0x0,0x2,0x30091c28]
[M48 SPRR] thread 2 wrote 0x2010002030300000
[M48 SPRR] thread 2 wrote 0x2010002030100000
[M48 SPRR] thread 2 wrote 0x2010002030300000
[M48 SPRR] thread 2 wrote 0x2010002030100000
[M48 SPRR] thread 2 wrote 0x2010002030300000
[M48 SPRR] thread 2 wrote 0x2010002030100000
[M48 SPRR] thread 2 wrote 0x2010002030300000
[M48 SPRR] thread 2 wrote 0x2010002030100000
[M48 SPRR] thread 2 wrote 0x2010002030300000
[M48 SPRR] thread 2 wrote 0x2010002030100000
[M48 SPRR] thread 2 wrote 0x2010002030300000
[M48 SPRR] thread 2 wrote 0x2010002030100000
[M48 SPRR] thread 2 wrote 0x2010002030300000
[M48 SPRR] thread 2 wrote 0x2010002030100000
[M48 SPRR] thread 2 wrote 0x2010002030300000
[M48 SPRR] thread 2 wrote 0x2010002030100000
[M48 SPRR] thread 2 wrote 0x2010002030300000
[M48 SPRR] thread 2 wrote 0x2010002030100000
[M48 SPRR] thread 2 wrote 0x2010002030300000
[M48 SPRR] thread 2 wrote 0x2010002030100000
[M48 SPRR] thread 2 wrote 0x2010002030300000
[M48 SPRR] thread 2 wrote 0x2010002030100000
[M48 SPRR] thread 2 wrote 0x2010002030300000
[M48 SPRR] thread 2 wrote 0x2010002030100000
[M48 SPRR] thread 2 wrote 0x2010002030300000
[M48 SPRR] thread 2 wrote 0x2010002030100000
[M48 SPRR] thread 2 wrote 0x2010002030300000
[M48 SPRR] thread 2 wrote 0x2010002030100000
[M48 SPRR] thread 2 wrote 0x2010002030300000
[M48 SPRR] thread 2 wrote 0x2010002030100000
[M48 SPRR] thread 2 wrote 0x2010002030300000
[M48 SPRR] thread 2 wrote 0x2010002030100000
[M48 SPRR] thread 2 wrote 0x2010002030300000
[M48 SPRR] thread 2 wrote 0x2010002030100000
[M48 SPRR] thread 2 wrote 0x2010002030300000
[M48 SPRR] thread 2 wrote 0x2010002030100000
[M48 SPRR] thread 2 wrote 0x2010002030300000
[M48 SPRR] thread 2 wrote 0x2010002030100000
[M48 SPRR] thread 2 wrote 0x2010002030300000
[M48 SPRR] thread 2 wrote 0x2010002030100000
[M48 SPRR] thread 2 wrote 0x2010002030300000
[M48 SPRR] thread 2 wrote 0x2010002030100000
[M48 SPRR] thread 2 wrote 0x2010002030300000
[M48 SPRR] thread 2 wrote 0x2010002030100000
[M48 SPRR] thread 2 wrote 0x2010002030300000
[M48 SPRR] thread 2 wrote 0x2010002030100000
[M48 SPRR] thread 2 wrote 0x2010002030300000
[M48 SPRR] thread 2 wrote 0x2010002030100000
[M48 SPRR] thread 2 wrote 0x2010002030300000
[M48 SPRR] thread 2 wrote 0x2010002030100000
[M48 SPRR] thread 2 wrote 0x2010002030300000
[M48 SPRR] thread 2 wrote 0x2010002030100000
[M48 SPRR] thread 2 wrote 0x2010002030300000
[M48 SPRR] thread 2 wrote 0x2010002030100000
[M48 SPRR] thread 2 wrote 0x2010002030300000
[M48 SPRR] thread 2 wrote 0x2010002030100000
[M48 SPRR] thread 2 wrote 0x2010002030300000
[M48 SPRR] thread 2 wrote 0x2010002030100000
[M48 SPRR] thread 2 wrote 0x2010002030300000
[M48 SPRR] thread 2 wrote 0x2010002030100000
[M48 SPRR] thread 2 wrote 0x2010002030300000
[M48 SPRR] thread 2 wrote 0x2010002030100000
[M48 SPRR] thread 2 wrote 0x2010002030300000
[M48 SPRR] thread 2 wrote 0x2010002030100000
[M48 SPRR] thread 2 wrote 0x2010002030300000
[M48 SPRR] thread 2 wrote 0x2010002030100000
[M48 SPRR] thread 2 wrote 0x2010002030300000
[M48 SPRR] thread 2 wrote 0x2010002030100000
[M48 SPRR] thread 2 wrote 0x2010002030300000
[M48 SPRR] thread 2 wrote 0x2010002030100000
[M48 SPRR] thread 2 wrote 0x2010002030300000
[M48 SPRR] thread 2 wrote 0x2010002030100000
[M48 SPRR] thread 2 wrote 0x2010002030300000
[M48 SPRR] thread 2 wrote 0x2010002030100000
[M48 SPRR] thread 2 wrote 0x2010002030300000
[M48 SPRR] thread 2 wrote 0x2010002030100000
[M48 SPRR] thread 2 wrote 0x2010002030300000
[M48 SPRR] thread 2 wrote 0x2010002030100000
[M48 SPRR] thread 2 wrote 0x2010002030300000
[M48 SPRR] thread 2 wrote 0x2010002030100000
[M48 SPRR] thread 2 wrote 0x2010002030300000
[M48 SPRR] thread 2 wrote 0x2010002030100000
[M48 SPRR] thread 2 wrote 0x2010002030300000
[M48 SPRR] thread 2 wrote 0x2010002030100000
[M48 SPRR] thread 2 wrote 0x2010002030300000
[M48 SPRR] thread 2 wrote 0x2010002030100000
[M48 SPRR] thread 2 wrote 0x2010002030300000
[M48 SPRR] thread 2 wrote 0x2010002030100000
[M48 SPRR] thread 2 wrote 0x2010002030300000
[M48 SPRR] thread 2 wrote 0x2010002030100000
[M48 SPRR] thread 2 wrote 0x2010002030300000
[M48 SPRR] thread 2 wrote 0x2010002030100000
[M48 SPRR] thread 2 wrote 0x2010002030300000
[M48 SPRR] thread 2 wrote 0x2010002030100000
[M48 SPRR] thread 2 wrote 0x2010002030300000
[M48 SPRR] thread 2 wrote 0x2010002030100000
[M48 SPRR] thread 2 wrote 0x2010002030300000
[M48 SPRR] thread 2 wrote 0x2010002030100000
[M48 SPRR] thread 2 wrote 0x2010002030300000
[M48 SPRR] thread 2 wrote 0x2010002030100000
[M48 SPRR] thread 2 wrote 0x2010002030300000
[M48 SPRR] thread 2 wrote 0x2010002030100000
[M48 SPRR] thread 2 wrote 0x2010002030300000
[M48 SPRR] thread 2 wrote 0x2010002030100000
[M48 SPRR] thread 2 wrote 0x2010002030300000
[M48 SPRR] thread 2 wrote 0x2010002030100000
[M48 SPRR] thread 2 wrote 0x2010002030300000
[M48 SPRR] thread 2 wrote 0x2010002030100000
[M48 SPRR] thread 2 wrote 0x2010002030300000
[M48 SPRR] thread 2 wrote 0x2010002030100000
[M48 SPRR] thread 2 wrote 0x2010002030300000
[M48 SPRR] thread 2 wrote 0x2010002030100000
[M48 SPRR] thread 2 wrote 0x2010002030300000
[M48 SPRR] thread 2 wrote 0x2010002030100000
[M48 SPRR] thread 2 wrote 0x2010002030300000
[M48 SPRR] thread 2 wrote 0x2010002030100000
[M48 SPRR] thread 2 wrote 0x2010002030300000
[M48 SPRR] thread 2 wrote 0x2010002030100000
[M48 SPRR] thread 2 wrote 0x2010002030300000
[M48 SPRR] thread 2 wrote 0x2010002030100000
[M48 SPRR] thread 2 wrote 0x2010002030300000
[M48 SPRR] thread 2 wrote 0x2010002030100000
[M48 SPRR] thread 2 wrote 0x2010002030300000
[M48 SPRR] thread 2 wrote 0x2010002030100000
[M48 SPRR] thread 2 wrote 0x2010002030300000
[M48 SPRR] thread 2 wrote 0x2010002030100000
[M48 SPRR] thread 2 wrote 0x2010002030300000
[M48 SPRR] thread 2 wrote 0x2010002030100000
[M48 SPRR] thread 2 wrote 0x2010002030300000
[M48 SPRR] thread 2 wrote 0x2010002030100000
[M48 SPRR] thread 2 wrote 0x2010002030300000
[M48 SPRR] thread 2 wrote 0x2010002030100000
[M48 SPRR] thread 2 wrote 0x2010002030300000
[M48 SPRR] thread 2 wrote 0x2010002030100000
[M48 SPRR] thread 2 wrote 0x2010002030300000
[M48 SPRR] thread 2 wrote 0x2010002030100000
[M48 SPRR] thread 2 wrote 0x2010002030300000
[M48 SPRR] thread 2 wrote 0x2010002030100000
[M48 SPRR] thread 2 wrote 0x2010002030300000
[M48 SPRR] thread 2 wrote 0x2010002030100000
[M48 SPRR] thread 2 wrote 0x2010002030300000
[M48 SPRR] thread 2 wrote 0x2010002030100000
[M48 SPRR] thread 2 wrote 0x2010002030300000
[M48 SPRR] thread 2 wrote 0x2010002030100000
[M48 SPRR] thread 2 wrote 0x2010002030300000
[M48 SPRR] thread 2 wrote 0x2010002030100000
[M48 SPRR] thread 2 wrote 0x2010002030300000
[M48 SPRR] thread 2 wrote 0x2010002030100000
[M48 SPRR] thread 2 wrote 0x2010002030300000
[M48 SPRR] thread 2 wrote 0x2010002030100000
[M48 SPRR] thread 2 wrote 0x2010002030300000
[M48 SPRR] thread 2 wrote 0x2010002030100000
[M48 SPRR] thread 2 wrote 0x2010002030300000
[M48 SPRR] thread 2 wrote 0x2010002030100000
[M48 SPRR] thread 2 wrote 0x2010002030300000
[M48 SPRR] thread 2 wrote 0x2010002030100000
[M48 SPRR] thread 2 wrote 0x2010002030300000
[M48 SPRR] thread 2 wrote 0x2010002030100000
[M48 SPRR] thread 2 wrote 0x2010002030300000
[M48 SPRR] thread 2 wrote 0x2010002030100000
[M48 SPRR] thread 2 wrote 0x2010002030300000
[M48 SPRR] thread 2 wrote 0x2010002030100000
[M48 SPRR] thread 2 wrote 0x2010002030300000
[M48 SPRR] thread 2 wrote 0x2010002030100000
[M48 SPRR] thread 2 wrote 0x2010002030300000
[M48 SPRR] thread 2 wrote 0x2010002030100000
[M48 SPRR] thread 2 wrote 0x2010002030300000
[M48 SPRR] thread 2 wrote 0x2010002030100000
[M48 SPRR] thread 2 wrote 0x2010002030300000
[M48 SPRR] thread 2 wrote 0x2010002030100000
[M48 SPRR] thread 2 wrote 0x2010002030300000
[M48 SPRR] thread 2 wrote 0x2010002030100000
[M48 SPRR] thread 2 wrote 0x2010002030300000
[M48 SPRR] thread 2 wrote 0x2010002030100000
[M48 SPRR] thread 2 wrote 0x2010002030300000
[M48 SPRR] thread 2 wrote 0x2010002030100000
[trap] num=305 (0x131) pc=0x1804b150c args=[0x701071e58,0x40100000500,0x400,0x0,0x0,0xa0,0x0,0x0]
[trap] num=304 (0x130) pc=0x1804b2a64 args=[0x701071e58,0x40000000500,0x400,0x0,0x0,0x0,0x0,0x0]
[trap] num=363 (0x16b) pc=0x1804b3fc4 args=[0xa,0x27f7310,0x0,0x27f7310,0x400,0x27f7300,0x0,0x590]
[trap] num=363 (0x16b) pc=0x1804b3fc4 args=[0xa,0x27f7310,0x0,0x27f7310,0x400,0x27f7300,0x0,0xfffff0003ffff800]
[trap] num=75 (0x4b) pc=0x1804b09b0 args=[0x701488000,0xc000,0x7,0x0,0x0,0x0,0x0,0x590]
[trap] num=75 (0x4b) pc=0x1804b09b0 args=[0x701498000,0x10000,0x7,0x0,0x0,0x0,0x0,0x590]
[trap] num=73 (0x49) pc=0x1804b1728 args=[0xa3dae0000,0x20000,0x20000,0x30,0x80200,0x0,0xffffffffbfc007ff,0xfffff0003ffff800]
[trap] num=75 (0x4b) pc=0x1804b09b0 args=[0xa2d080000,0x40000,0x7,0xfffff0007fc00000,0x7010e4440,0x27ff427,0x3ff800,0xfffff0007ffff800]
[trap] num=73 (0x49) pc=0x1804b1728 args=[0xa3d200000,0x40000,0x40000,0xfffff0007fc00000,0x7010e4140,0x0,0xffffffffbfc007ff,0xfffff0003ffff800]
[trap] num=73 (0x49) pc=0x1804b1728 args=[0xa3da00000,0x40000,0x40000,0xfffff0007fc00000,0x7010e4680,0x0,0xffffffffbfc007ff,0xfffff0003ffff800]
[trap] num=73 (0x49) pc=0x1804b1728 args=[0xa3dc40000,0x40000,0x40000,0xa,0x7010e4980,0x0,0xffffffffbfc007ff,0xfffff0003ffff800]
[trap] num=73 (0x49) pc=0x1804b1728 args=[0xa3d840000,0x24000,0x24000,0xfffff0007fc00000,0x87f40,0x0,0xffffffffbfc007ff,0xfffff0003ffff800]
[trap] num=73 (0x49) pc=0x1804b1728 args=[0xa3dcc0000,0x40000,0x40000,0x700c6aac0,0x700c6aac0,0x0,0xffffffffbfc007ff,0xfffff0003ffff800]
[trap] num=73 (0x49) pc=0x1804b1728 args=[0xa3db40000,0x40000,0x40000,0x60,0xfffff0007fc00000,0x0,0xffffffffbfc007ff,0xfffff0003ffff800]
[trap] num=73 (0x49) pc=0x1804b1728 args=[0xa3da80000,0x40000,0x40000,0x60,0xfffff0007fc00000,0x0,0xffffffffbfc007ff,0xfffff0003ffff800]
[trap] num=73 (0x49) pc=0x1804b1728 args=[0xa3d980000,0x40000,0x40000,0x60,0xfffff0007fc00000,0x0,0xffffffffbfc007ff,0xfffff0003ffff800]
[trap] num=73 (0x49) pc=0x1804b1728 args=[0xa3d900000,0x40000,0x40000,0x60,0xfffff0007fc00000,0x0,0xffffffffbfc007ff,0xfffff0003ffff800]
[trap] num=73 (0x49) pc=0x1804b1728 args=[0xa3d640000,0x40000,0x40000,0x60,0xfffff0007fc00000,0x0,0xffffffffbfc007ff,0xfffff0003ffff800]
[trap] num=73 (0x49) pc=0x1804b1728 args=[0xa3d880000,0x40000,0x40000,0x60,0xfffff0007fc00000,0x0,0xffffffffbfc007ff,0xfffff0003ffff800]
[trap] num=73 (0x49) pc=0x1804b1728 args=[0xa3d7c0000,0x40000,0x40000,0x60,0xfffff0007fc00000,0x0,0xffffffffbfc007ff,0xfffff0003ffff800]
[trap] num=73 (0x49) pc=0x1804b1728 args=[0xa3d740000,0x40000,0x40000,0x60,0xfffff0007fc00000,0x0,0xffffffffbfc007ff,0xfffff0003ffff800]
[trap] num=73 (0x49) pc=0x1804b1728 args=[0xa3d2c0000,0x40000,0x40000,0x60,0xfffff0007fc00000,0x0,0xffffffffbfc007ff,0xfffff0003ffff800]
[trap] num=73 (0x49) pc=0x1804b1728 args=[0xa3d180000,0x40000,0x40000,0x60,0xfffff0007fc00000,0x0,0xffffffffbfc007ff,0xfffff0003ffff800]
[trap] num=73 (0x49) pc=0x1804b1728 args=[0xa3dbc0000,0x40000,0x40000,0x3b6,0x8ab80,0x0,0xffffffffbfc007ff,0xfffff0003ffff800]
[trap] num=73 (0x49) pc=0x1804b1728 args=[0xa3d6c0000,0x40000,0x40000,0x60,0xfffff0007fc00000,0x0,0xffffffffbfc007ff,0xfffff0003ffff800]
[trap] num=73 (0x49) pc=0x1804b1728 args=[0xa3d5c0000,0x40000,0x40000,0x60,0xfffff0007fc00000,0x0,0xffffffffbfc007ff,0xfffff0003ffff800]
[trap] num=73 (0x49) pc=0x1804b1728 args=[0xa3d540000,0x40000,0x40000,0x60,0xfffff0007fc00000,0x0,0xffffffffbfc007ff,0xfffff0003ffff800]
[trap] num=73 (0x49) pc=0x1804b1728 args=[0xa3d4c0000,0x40000,0x40000,0x60,0xfffff0007fc00000,0x0,0xffffffffbfc007ff,0xfffff0003ffff800]
[trap] num=73 (0x49) pc=0x1804b1728 args=[0xa3d440000,0x40000,0x40000,0x60,0xfffff0007fc00000,0x0,0xffffffffbfc007ff,0xfffff0003ffff800]
[trap] num=73 (0x49) pc=0x1804b1728 args=[0xa3d3c0000,0x40000,0x40000,0x60,0xfffff0007fc00000,0x0,0xffffffffbfc007ff,0xfffff0003ffff800]
[trap] num=73 (0x49) pc=0x1804b1728 args=[0xa3d340000,0x40000,0x40000,0x60,0xfffff0007fc00000,0x0,0xffffffffbfc007ff,0xfffff0003ffff800]
[trap] num=73 (0x49) pc=0x1804b1728 args=[0xa3d240000,0x40000,0x40000,0x60,0xfffff0007fc00000,0x0,0xffffffffbfc007ff,0xfffff0003ffff800]
[trap] num=73 (0x49) pc=0x1804b1728 args=[0xa3d080000,0x40000,0x40000,0xa0,0x80500,0x0,0xffffffffbfc007ff,0xfffff0003ffff800]
[trap] num=73 (0x49) pc=0x1804b1728 args=[0xa3d100000,0x1c000,0x1c000,0x8,0x88380,0x0,0xffffffffbfc007ff,0xfffff0003ffff800]
[trap] num=75 (0x4b) pc=0x1804b09b0 args=[0x70144c000,0x10000,0x7,0x0,0x0,0x0,0xffffffffbfc007ff,0xfffff0003ffff800]
[trap] num=75 (0x4b) pc=0x1804b09b0 args=[0x70145c000,0xc000,0x7,0x0,0x0,0x0,0x0,0xfffff0003ffff800]
[trap] num=75 (0x4b) pc=0x1804b09b0 args=[0x70141c000,0x10000,0x7,0x0,0x0,0x27ff447,0x3ff800,0xfffff0007ffff800]
[trap] num=75 (0x4b) pc=0x1804b09b0 args=[0x70142c000,0x10000,0x7,0x0,0x0,0x0,0x0,0xfffff0007ffff800]
[trap] num=75 (0x4b) pc=0x1804b09b0 args=[0x70143c000,0x10000,0x7,0x0,0x0,0x0,0x0,0xfffff0007ffff800]
[trap] num=75 (0x4b) pc=0x1804b09b0 args=[0x701468000,0xc000,0x7,0x0,0x0,0x0,0x0,0xfffff0007ffff800]
[trap] num=75 (0x4b) pc=0x1804b09b0 args=[0x701474000,0x14000,0x7,0x0,0x0,0x0,0x0,0xfffff0007ffff800]
[trap] num=75 (0x4b) pc=0x1804b09b0 args=[0x7014a8000,0x24000,0x7,0x0,0x0,0x0,0x0,0xfffff0007ffff800]
[trap] num=73 (0x49) pc=0x1804b1728 args=[0xa2d050000,0x10000000,0x10000000,0x1051,0x84200,0x27ff547,0x3ff800,0xfffff0007ffff800]
[trap] num=75 (0x4b) pc=0x1804b09b0 args=[0x70140c000,0x10000,0x7,0x0,0x0,0x27ff547,0x3ff800,0xfffff0007ffff800]
[trap] num=339 (0x153) pc=0x1804bc288 args=[0x0,0x27ff690,0x60,0xfffff0007fc00000,0x700c6c200,0x0,0x0,0xfffff0007ffff800]
[trap] num=92 (0x5c) pc=0x1804ae8c4 args=[0x0,0x3,0xffffffffec6fb670,0xfffff0007fc00000,0x700c6c200,0x0,0x0,0xfffff0007ffff800]
[trap] num=339 (0x153) pc=0x1804bc288 args=[0x1,0x27ff690,0xffffffffec6fb670,0xfffff0007fc00000,0x700c6c200,0x0,0x0,0xfffff0007ffff800]
[trap] num=92 (0x5c) pc=0x1804ae8c4 args=[0x1,0x3,0xffffffffec6fb670,0xfffff0007fc00000,0x700c6c200,0x0,0x0,0xfffff0007ffff800]
[trap] num=92 (0x5c) pc=0x1804ae8c4 args=[0x1,0x4,0x1,0xfffff0007fc00000,0x700c6c200,0x0,0x0,0xfffff0007ffff800]
[trap] num=339 (0x153) pc=0x1804bc288 args=[0x2,0x27ff690,0x1,0xfffff0007fc00000,0x700c6c200,0x0,0x0,0xfffff0007ffff800]
[trap] num=92 (0x5c) pc=0x1804ae8c4 args=[0x2,0x3,0x1,0xfffff0007fc00000,0x700c6c200,0x0,0x0,0xfffff0007ffff800]
[trap] num=46 (0x2e) pc=0x1804b4478 args=[0x1,0x0,0x27ff730,0xfffff0007fc00000,0x700c6c200,0x0,0x0,0xfffff0007ffff800]
[trap] num=46 (0x2e) pc=0x1804b4478 args=[0x2,0x0,0x27ff730,0xfffff0007fc00000,0x700c6c200,0x0,0x0,0xfffff0007ffff800]
[trap] num=46 (0x2e) pc=0x1804b4478 args=[0x3,0x0,0x27ff730,0xfffff0007fc00000,0x700c6c200,0x0,0x0,0xfffff0007ffff800]
[trap] num=46 (0x2e) pc=0x1804b4478 args=[0x4,0x0,0x27ff730,0xfffff0007fc00000,0x700c6c200,0x0,0x0,0xfffff0007ffff800]
[trap] num=46 (0x2e) pc=0x1804b4478 args=[0x5,0x0,0x27ff730,0xfffff0007fc00000,0x700c6c200,0x0,0x0,0xfffff0007ffff800]
[trap] num=46 (0x2e) pc=0x1804b4478 args=[0x6,0x0,0x27ff730,0xfffff0007fc00000,0x700c6c200,0x0,0x0,0xfffff0007ffff800]
[trap] num=46 (0x2e) pc=0x1804b4478 args=[0x7,0x0,0x27ff730,0xfffff0007fc00000,0x700c6c200,0x0,0x0,0xfffff0007ffff800]
[trap] num=46 (0x2e) pc=0x1804b4478 args=[0x8,0x0,0x27ff730,0xfffff0007fc00000,0x700c6c200,0x0,0x0,0xfffff0007ffff800]
[trap] num=46 (0x2e) pc=0x1804b4478 args=[0xa,0x0,0x27ff730,0xfffff0007fc00000,0x700c6c200,0x0,0x0,0xfffff0007ffff800]
[trap] num=46 (0x2e) pc=0x1804b4478 args=[0xb,0x0,0x27ff730,0xfffff0007fc00000,0x700c6c200,0x0,0x0,0xfffff0007ffff800]
[trap] num=46 (0x2e) pc=0x1804b4478 args=[0xc,0x0,0x27ff730,0xfffff0007fc00000,0x700c6c200,0x0,0x0,0xfffff0007ffff800]
[trap] num=46 (0x2e) pc=0x1804b4478 args=[0xd,0x27ff708,0x0,0xfffff0007fc00000,0x700c6c200,0x0,0x0,0xfffff0007ffff800]
[trap] num=46 (0x2e) pc=0x1804b4478 args=[0xe,0x0,0x27ff730,0xfffff0007fc00000,0x700c6c200,0x0,0x0,0xfffff0007ffff800]
[trap] num=46 (0x2e) pc=0x1804b4478 args=[0xf,0x0,0x27ff730,0xfffff0007fc00000,0x700c6c200,0x0,0x0,0xfffff0007ffff800]
[trap] num=46 (0x2e) pc=0x1804b4478 args=[0x10,0x0,0x27ff730,0xfffff0007fc00000,0x700c6c200,0x0,0x0,0xfffff0007ffff800]
[trap] num=46 (0x2e) pc=0x1804b4478 args=[0x12,0x0,0x27ff730,0xfffff0007fc00000,0x700c6c200,0x0,0x0,0xfffff0007ffff800]
[trap] num=46 (0x2e) pc=0x1804b4478 args=[0x13,0x0,0x27ff730,0xfffff0007fc00000,0x700c6c200,0x0,0x0,0xfffff0007ffff800]
[trap] num=46 (0x2e) pc=0x1804b4478 args=[0x14,0x0,0x27ff730,0xfffff0007fc00000,0x700c6c200,0x0,0x0,0xfffff0007ffff800]
[trap] num=46 (0x2e) pc=0x1804b4478 args=[0x15,0x0,0x27ff730,0xfffff0007fc00000,0x700c6c200,0x0,0x0,0xfffff0007ffff800]
[trap] num=46 (0x2e) pc=0x1804b4478 args=[0x16,0x0,0x27ff730,0xfffff0007fc00000,0x700c6c200,0x0,0x0,0xfffff0007ffff800]
[trap] num=46 (0x2e) pc=0x1804b4478 args=[0x17,0x0,0x27ff730,0xfffff0007fc00000,0x700c6c200,0x0,0x0,0xfffff0007ffff800]
[trap] num=46 (0x2e) pc=0x1804b4478 args=[0x18,0x0,0x27ff730,0xfffff0007fc00000,0x700c6c200,0x0,0x0,0xfffff0007ffff800]
[trap] num=46 (0x2e) pc=0x1804b4478 args=[0x19,0x27ff708,0x0,0xfffff0007fc00000,0x700c6c200,0x0,0x0,0xfffff0007ffff800]
[trap] num=46 (0x2e) pc=0x1804b4478 args=[0x1a,0x0,0x27ff730,0xfffff0007fc00000,0x700c6c200,0x0,0x0,0xfffff0007ffff800]
[trap] num=46 (0x2e) pc=0x1804b4478 args=[0x1b,0x0,0x27ff730,0xfffff0007fc00000,0x700c6c200,0x0,0x0,0xfffff0007ffff800]
[trap] num=46 (0x2e) pc=0x1804b4478 args=[0x1c,0x0,0x27ff730,0xfffff0007fc00000,0x700c6c200,0x0,0x0,0xfffff0007ffff800]
[trap] num=46 (0x2e) pc=0x1804b4478 args=[0x1d,0x0,0x27ff730,0xfffff0007fc00000,0x700c6c200,0x0,0x0,0xfffff0007ffff800]
[trap] num=46 (0x2e) pc=0x1804b4478 args=[0x1e,0x0,0x27ff730,0xfffff0007fc00000,0x700c6c200,0x0,0x0,0xfffff0007ffff800]
[trap] num=46 (0x2e) pc=0x1804b4478 args=[0x1f,0x0,0x27ff730,0xfffff0007fc00000,0x700c6c200,0x0,0x0,0xfffff0007ffff800]
[trap] num=73 (0x49) pc=0x1804b1728 args=[0xa25050000,0x8000000,0x60,0xfffff0007fc00000,0xfffff0007fc00000,0x0,0x0,0xfffff0007ffff800]
[trap] num=197 (0xc5) pc=0x1804aea18 args=[0xa15050000,0x10000,0x0,0x41012,0xffffffff,0x0,0x0,0xfffff0007ffff800]
[trap] num=73 (0x49) pc=0x1804b1728 args=[0xa15050000,0x10000000,0x60,0xfffff0007fc00000,0x700c51320,0x0,0xffffffffbfc007ff,0xfffff0003ffff800]
[trap] num=363 (0x16b) pc=0x1804b3fc4 args=[0x8,0x27ff6b0,0x1,0x0,0x0,0x0,0xffffffffbfc007ff,0xfffff0003ffff800]
[trap] num=515 (0x203) pc=0x1804afaf8 args=[0x1020002,0x30047034,0xbad7007,0x0,0x0,0x0,0xffffffffbfc007ff,0xfffff0003ffff800]
[trap] num=399 (0x18f) pc=0x1804af584 args=[0x9,0x7ba68,0x1,0xfffff0007fc00000,0x400,0x0,0xffffffffbfc007ff,0xfffff0003ffff800]
[trap] num=399 (0x18f) pc=0x1804af584 args=[0x8,0x7ba68,0x1,0xfffff0007fc00000,0x400,0x0,0xffffffffbfc007ff,0xfffff0003ffff800]
[trap] num=331 (0x14b) pc=0x1804b0b50 args=[0x1,0x0,0x1bd2,0x2c3,0x7bd80,0x0,0xffffffffbfc007ff,0xfffff0003ffff800]
[trap] num=516 (0x204) pc=0x1804afbcc args=[0x1000002,0x30047034,0x0,0xbad7007,0x30043fc0,0x0,0xffffffffbfc007ff,0xfffff0003ffff800]
[trap] num=361 (0x169) pc=0x1804b0b7c args=[0x30000000,0x44000,0xbad7007,0x0,0x30043fc0,0x0,0xffffffffbfc007ff,0xfffff0003ffff800]
[trap] num=-12 (0xfffffffffffffff4) pc=0x1804adaa8 args=[0x203,0x30044000,0x8000,0x0,0x0,0x0,0xffffffffbfc007ff,0xfffff0003ffff800]
[trap] num=515 (0x203) pc=0x1804afaf8 args=[0x1020002,0x30093034,0xbad700b,0x0,0x0,0x0,0xffffffffbfc007ff,0xfffff0003ffff800]
[trap] num=331 (0x14b) pc=0x1804b0b50 args=[0x1,0x100000000000,0x60,0xfffff0007fc00000,0x0,0xa0,0x0,0x0]
[trap] num=516 (0x204) pc=0x1804afbcc args=[0x1000002,0x30093034,0x0,0xbad700b,0x3008ffc0,0xa0,0x0,0x0]
[trap] num=361 (0x169) pc=0x1804b0b7c args=[0x3004c000,0x44000,0xbad700b,0x0,0x3008ffc0,0xa0,0x0,0x0]
[trap] num=-12 (0xfffffffffffffff4) pc=0x1804adaa8 args=[0x203,0x30090000,0x8000,0x0,0x0,0x0,0xffffffffbfc007ff,0xfffff0003ffff800]
[trap] num=515 (0x203) pc=0x1804afaf8 args=[0x1020002,0x300df034,0xbad700f,0x0,0x0,0x0,0xffffffffbfc007ff,0xfffff0003ffff800]
[trap] num=331 (0x14b) pc=0x1804b0b50 args=[0x1,0x100000000000,0x60,0xfffff0007fc00000,0x0,0xa0,0x0,0x0]
[trap] num=516 (0x204) pc=0x1804afbcc args=[0x1000002,0x300df034,0x0,0xbad700f,0x300dbfc0,0xa0,0x0,0x0]
[trap] num=361 (0x169) pc=0x1804b0b7c args=[0x30098000,0x44000,0xbad700f,0x0,0x300dbfc0,0xa0,0x0,0x0]
[trap] num=-12 (0xfffffffffffffff4) pc=0x1804adaa8 args=[0x203,0x300dc000,0x8000,0x0,0x0,0x0,0xffffffffbfc007ff,0xfffff0003ffff800]
[trap] num=515 (0x203) pc=0x1804afaf8 args=[0x1020002,0x3012b034,0xbad7013,0x0,0x0,0x0,0xffffffffbfc007ff,0xfffff0003ffff800]
[trap] num=331 (0x14b) pc=0x1804b0b50 args=[0x1,0x100000000000,0x60,0xfffff0007fc00000,0x0,0xa0,0x0,0x0]
[trap] num=516 (0x204) pc=0x1804afbcc args=[0x1000002,0x3012b034,0x0,0xbad7013,0x30127fc0,0xa0,0x0,0x0]
[trap] num=361 (0x169) pc=0x1804b0b7c args=[0x300e4000,0x44000,0xbad7013,0x0,0x30127fc0,0xa0,0x0,0x0]
[trap] num=-12 (0xfffffffffffffff4) pc=0x1804adaa8 args=[0x203,0x30128000,0x8000,0x0,0x0,0x0,0xffffffffbfc007ff,0xfffff0003ffff800]
[trap] num=515 (0x203) pc=0x1804afaf8 args=[0x1020002,0x30177034,0xbad7017,0x0,0x0,0x0,0xffffffffbfc007ff,0xfffff0003ffff800]
[trap] num=331 (0x14b) pc=0x1804b0b50 args=[0x1,0x100000000000,0x60,0xfffff0007fc00000,0x0,0xa0,0x0,0x0]
[trap] num=516 (0x204) pc=0x1804afbcc args=[0x1000002,0x30177034,0x0,0xbad7017,0x30173fc0,0xa0,0x0,0x0]
[trap] num=361 (0x169) pc=0x1804b0b7c args=[0x30130000,0x44000,0xbad7017,0x0,0x30173fc0,0xa0,0x0,0x0]
[trap] num=-12 (0xfffffffffffffff4) pc=0x1804adaa8 args=[0x203,0x30174000,0x8000,0x0,0x0,0x0,0xffffffffbfc007ff,0xfffff0003ffff800]
[trap] num=305 (0x131) pc=0x1804b150c args=[0x7b7a0,0x100000100,0x0,0x0,0x0,0xa0,0x0,0x1]
[trap] num=305 (0x131) pc=0x1804b150c args=[0x7b770,0x100000100,0x0,0x0,0x0,0xa0,0x0,0x1]
[trap] num=305 (0x131) pc=0x1804b150c args=[0x701071e88,0x10100000200,0x100,0x0,0x0,0xa0,0x0,0x1]
[trap] num=305 (0x131) pc=0x1804b150c args=[0x701071e58,0x50100000600,0x500,0x0,0x0,0xa0,0x0,0x1]
[trap] num=363 (0x16b) pc=0x1804b3fc4 args=[0x4,0x27f7670,0x0,0x27f7670,0x400,0x27f7660,0x0,0x1]
[trap] num=399 (0x18f) pc=0x1804af584 args=[0x7,0x7b218,0x1,0x27f7670,0x400,0x27f7660,0x0,0x1]
[trap] num=399 (0x18f) pc=0x1804af584 args=[0x4,0x7b218,0x1,0x27f7670,0x400,0x27f7660,0x0,0x1]
[trap] num=305 (0x131) pc=0x1804b150c args=[0x7b478,0x100000100,0x0,0x0,0x0,0xa0,0x0,0x1]
[trap] num=339 (0x153) pc=0x1804bc288 args=[0x0,0x27ff660,0x60,0xfffff0007fc00000,0x700c26400,0x10100000100,0x0,0x1]
[trap] num=92 (0x5c) pc=0x1804ae8c4 args=[0x0,0x3,0x1b,0xfffff0007fc00000,0x700c26400,0x10100000100,0x0,0x1]
[trap] num=339 (0x153) pc=0x1804bc288 args=[0x1,0x27ff660,0x1b,0xfffff0007fc00000,0x700c26400,0x10100000100,0x0,0x1]
[trap] num=92 (0x5c) pc=0x1804ae8c4 args=[0x1,0x3,0x1b,0xfffff0007fc00000,0x700c26400,0x10100000100,0x0,0x1]
[trap] num=339 (0x153) pc=0x1804bc288 args=[0x2,0x27ff660,0x1b,0xfffff0007fc00000,0x700c26400,0x10100000100,0x0,0x1]
[trap] num=92 (0x5c) pc=0x1804ae8c4 args=[0x2,0x3,0x1b,0xfffff0007fc00000,0x700c26400,0x10100000100,0x0,0x1]
[trap] num=75 (0x4b) pc=0x1804b09b0 args=[0x701400000,0xc000,0x7,0x0,0x0,0x0,0xffffffffbfc007ff,0xfffff0003ffff800]
[trap] num=-47 (0xffffffffffffffd1) pc=0x1804adc34 args=[0x27ff6c0,0x200000003,0x2880001513,0x170300000203,0xd5b00000000,0x170300000001,0x2c,0x0]
[mach_msg2] msgh_id=3419 dest=0x203 reply=0x1703 options=0x200000003 bits=0x80001513 send_size=40 rcv_size=44
  send+000: 13 15 00 80 28 00 00 00 03 02 00 00 03 17 00 00
  send+010: 00 00 00 00 5b 0d 00 00 01 00 00 00 03 15 00 00
  send+020: 00 00 00 00 00 00 11 00
[retrace] forwarding mach_msg2 semaphore_destroy (msgh_id 3419) to host (decided allowlist)
[mach_msg2] host ret=0x0 err=false
  reply@0x27ff6c0+000: 00 12 00 00 24 00 00 00 00 00 00 00 03 17 00 00
  reply@0x27ff6c0+010: 00 00 00 00 bf 0d 00 00 00 00 00 00 01 00 00 00
  reply@0x27ff6c0+020: 00 00 00 00 00 00 00 00 08 00 00 00 0a 00 00 00
  reply@0x27ff6c0+030: 50 1f 70 ec 01 00 00 00 58 00 e2 09 0a 00 00 00
  reply@0x27ff6c0+040: 10 f7 7f 02 00 00 00 00 58 22 d1 0b 0a 00 00 00
  reply@0x27ff6c0+050: 30 f7 7f 02 00 00 00 00 00 50 0b 08 0a 00 00 00
  reply@0x27ff6c0+060: 50 1f 70 ec 01 00 00 00 00 00 00 00 00 00 00 00
  reply@0x27ff6c0+070: a0 f7 7f 02 00 00 00 00 f4 77 3a 80 01 00 00 00
  reply@0x27ff6c0+080: 60 53 44 ec 01 00 00 00 00 00 00 00 00 00 00 00
  reply@0x27ff6c0+090: 00 00 00 00 00 00 00 00 00 00 00 00 00 00 00 00
  reply@0x27ff6c0+0a0: 70 b6 6f ec 01 00 00 00 40 fa 7f 02 00 00 00 00
  reply@0x27ff6c0+0b0: a0 41 44 ec 01 00 00 00 00 00 00 00 00 00 00 00
  reply@0x27ff6c0+0c0: 00 00 00 00 00 00 00 00 58 40 44 ec 01 00 00 00
  reply@0x27ff6c0+0d0: 60 53 44 ec 01 00 00 00 00 00 00 00 00 00 00 00
  reply@0x27ff6c0+0e0: c0 f7 7f 02 00 00 00 00 f4 75 3a 80 01 00 00 00
  reply@0x27ff6c0+0f0: 60 53 44 ec 01 00 00 00 00 00 00 00 00 00 00 00
[trap] num=399 (0x18f) pc=0x1804af584 args=[0x5,0xffffffffb0000000,0x60,0xfffff0007fc00000,0x700c28440,0x170300000001,0x2c,0x0]
[trap] num=399 (0x18f) pc=0x1804af584 args=[0x6,0xffffffffb0000000,0x60,0xfffff0007fc00000,0x700c28440,0x170300000001,0x2c,0x0]
[trap] num=1 (0x1) pc=0x1804b5584 args=[0x0,0x1,0x120a8,0x1ec701508,0x1803a78bc,0x170300000001,0x2c,0x0]
[retrace] fall-throughs: 6
