[trap] num=-28 (0xffffffffffffffe4) pc=0x140001654 args=[0x27ff9c8,0x8,0x1400e0090,0x27ff46f,0x27ff5b8,0x1400647cc,0x0,0x0]
[trap] num=-26 (0xffffffffffffffe6) pc=0x14000163c args=[0x203,0x8,0x1400e0090,0x27ff46f,0x27ff5b8,0x1400647cc,0x0,0x0]
[trap] num=372 (0x174) pc=0x140004b14 args=[0x0,0x8,0x1400e0090,0x27ff46f,0x27ff5b8,0x1400647cc,0x0,0x0]
[trap] num=2147483648 (0x80000000) pc=0x14008194c args=[0x1400b9ee0,0x8,0x1400e0090,0x2,0x27ff5b8,0x1400647cc,0x0,0x0]
[retrace warn] dyld __mac_syscall(Sandbox) synthesized as success/unsandboxed (not forwarded; host would fault)
[trap] num=38 (0x26) pc=0x1400815a0 args=[0x0,0x0,0x0,0x27ff668,0x0,0x1400647cc,0x0,0x0]
[trap] num=-14 (0xfffffffffffffff2) pc=0x1400015b8 args=[0x203,0x1400bc000,0x200f0,0x0,0x3,0x1400647cc,0x0,0x0]
[trap] num=483 (0x1e3) pc=0x140004e08 args=[0x0,0x27ff62c,0x4,0x0,0x3,0x1400647cc,0x0,0x0]
[trap] num=38 (0x26) pc=0x1400815a0 args=[0x0,0x0,0x0,0x27ff5e8,0x0,0x1400647cc,0x0,0x0]
[trap] num=-14 (0xfffffffffffffff2) pc=0x1400015b8 args=[0x203,0x1400bc000,0x200f0,0x0,0x1,0x1400bc0f0,0x20000,0x0]
[trap] num=-14 (0xfffffffffffffff2) pc=0x1400015b8 args=[0x203,0x1400bc000,0x200f0,0x0,0x3,0x1400bc0f0,0x20000,0x0]
[trap] num=-14 (0xfffffffffffffff2) pc=0x1400015b8 args=[0x203,0x1400bc000,0x200f0,0x0,0x1,0x73,0x20000,0xec0]
[trap] num=294 (0x126) pc=0x1400062f8 args=[0x27ff990,0x27ff990,0x27ff980,0x27ff990,0x27ffa00,0x73,0x20000,0xec0]
[trap] num=-14 (0xfffffffffffffff2) pc=0x1400015b8 args=[0x203,0x1400bc000,0x200f0,0x0,0x3,0x73,0x20000,0xec0]
[trap] num=-15 (0xfffffffffffffff1) pc=0x1400015c4 args=[0x203,0x27fee10,0x20000,0x3fff,0x3c000001,0x3,0x0,0x0]
[trap] num=20 (0x14) pc=0x140004f48 args=[0x0,0x3,0xd09b4c4694c,0x2,0x1,0x27ff560,0x65,0x0]
[trap] num=-12 (0xfffffffffffffff4) pc=0x1400015a0 args=[0x203,0x100014000,0x20000,0x0,0x0,0x0,0x0,0x0]
[trap] num=-14 (0xfffffffffffffff2) pc=0x1400015b8 args=[0x203,0x1400bc000,0x200f0,0x0,0x1,0x0,0x0,0x0]
[trap] num=38 (0x26) pc=0x1400815a0 args=[0x0,0x0,0x0,0x27ff778,0x1,0x0,0x0,0x0]
[trap] num=483 (0x1e3) pc=0x140004e08 args=[0x0,0x27ff78c,0x4,0x27ff7f8,0x1,0x0,0x0,0x0]
[trap] num=-14 (0xfffffffffffffff2) pc=0x1400015b8 args=[0x203,0x1400bc000,0x200f0,0x0,0x3,0x0,0x0,0x0]
[trap] num=-15 (0xfffffffffffffff1) pc=0x1400015c4 args=[0x203,0x27fee10,0x20000,0x3fff,0x3c000001,0x3,0x0,0x0]
[trap] num=-12 (0xfffffffffffffff4) pc=0x1400015a0 args=[0x203,0x100014000,0x20000,0x0,0x0,0x0,0x0,0x0]
[trap] num=-14 (0xfffffffffffffff2) pc=0x1400015b8 args=[0x203,0x1400bc000,0x200f0,0x0,0x1,0x0,0x0,0x0]
[trap] num=336 (0x150) pc=0x14000600c args=[0xf,0x8a51,0x0,0x0,0x1ec6f7f80,0x170,0x0,0x0]
[trap] num=-28 (0xffffffffffffffe4) pc=0x180115654 args=[0x1,0x0,0x0,0x0,0x0,0x0,0x0,0x0]
[trap] num=-26 (0xffffffffffffffe6) pc=0x18011563c args=[0x203,0x0,0x0,0x0,0x0,0x0,0x0,0x0]
[trap] num=372 (0x174) pc=0x180118b14 args=[0x0,0x0,0x0,0x0,0x0,0x0,0x0,0x0]
[trap] num=2147483648 (0x80000000) pc=0x18019594c args=[0x1ec6f9e60,0x0,0x0,0x2,0x0,0x0,0x0,0x0]
[retrace warn] dyld __mac_syscall(Sandbox) synthesized as success/unsandboxed (not forwarded; host would fault)
[trap] num=38 (0x26) pc=0x1801955a0 args=[0x0,0x0,0x0,0x27ff668,0x0,0x0,0x0,0x0]
[trap] num=-14 (0xfffffffffffffff2) pc=0x1801155b8 args=[0x203,0x1ec444000,0x24000,0x0,0x13,0x0,0x0,0x0]
[trap] num=483 (0x1e3) pc=0x180118e08 args=[0x0,0x27ff62c,0x4,0x0,0x13,0x0,0x0,0x0]
[trap] num=38 (0x26) pc=0x1801955a0 args=[0x0,0x0,0x0,0x27ff5e8,0x0,0x0,0x0,0x0]
[trap] num=-14 (0xfffffffffffffff2) pc=0x1801155b8 args=[0x203,0x1ec444000,0x24000,0x0,0x1,0x1ec444140,0x20000,0x0]
[trap] num=-14 (0xfffffffffffffff2) pc=0x1801155b8 args=[0x203,0x1ec444000,0x24000,0x0,0x13,0x1ec444140,0x20000,0x0]
[trap] num=-14 (0xfffffffffffffff2) pc=0x1801155b8 args=[0x203,0x1ec444000,0x24000,0x0,0x1,0x73,0x20000,0xec0]
[trap] num=294 (0x126) pc=0x18011a2f8 args=[0x27ff990,0x27ff990,0x27ff980,0x27ff990,0x27ffa00,0x73,0x20000,0xec0]
[trap] num=-19 (0xffffffffffffffed) pc=0x1801155e8 args=[0x203,0x203,0x0,0xffffffff,0x27ffa00,0x73,0x20000,0xec0]
[trap] num=-14 (0xfffffffffffffff2) pc=0x1801155b8 args=[0x203,0x1ec444000,0x24000,0x0,0x3,0x73,0x20000,0xec0]
[trap] num=-15 (0xfffffffffffffff1) pc=0x1801155c4 args=[0x203,0x27fee10,0x20000,0x3fff,0x3c000001,0x3,0x0,0x0]
[trap] num=20 (0x14) pc=0x180118f48 args=[0x0,0x3,0xd09b4c5d14c,0x2,0x1,0x27ff560,0x65,0x0]
[trap] num=-12 (0xfffffffffffffff4) pc=0x1801155a0 args=[0x203,0x100014000,0x20000,0x0,0x0,0x0,0x0,0x0]
[trap] num=-14 (0xfffffffffffffff2) pc=0x1801155b8 args=[0x203,0x1ec444000,0x24000,0x0,0x1,0x0,0x0,0x0]
[trap] num=73 (0x49) pc=0x18011823c args=[0x140000000,0xa8000,0x27ff6ef,0x2,0x8,0x0,0x0,0x0]
[trap] num=73 (0x49) pc=0x18011823c args=[0x1400a8000,0x4000,0x27ff6ef,0x2,0x8,0x0,0x0,0x0]
[trap] num=73 (0x49) pc=0x18011823c args=[0x1400ac000,0x8000,0x27ff6ef,0x2,0x8,0x0,0x0,0x0]
[trap] num=73 (0x49) pc=0x18011823c args=[0x1400b4000,0x4000,0x27ff6ef,0x2,0x8,0x0,0x0,0x0]
[trap] num=73 (0x49) pc=0x18011823c args=[0x1400bc000,0x24000,0x27ff6ef,0x2,0x8,0x0,0x0,0x0]
[trap] num=73 (0x49) pc=0x18011823c args=[0x1400e0000,0x60000,0x27ff6ef,0x2,0x8,0x0,0x0,0x0]
[trap] num=-14 (0xfffffffffffffff2) pc=0x1801155b8 args=[0x203,0x1ec444000,0x24000,0x0,0x3,0x0,0x0,0x0]
[trap] num=38 (0x26) pc=0x1801955a0 args=[0x0,0x0,0x0,0x27ff2a8,0x1,0x0,0x0,0x0]
[trap] num=5 (0x5) pc=0x180119f50 args=[0x27ffefb,0x0,0x0,0x0,0x1,0x0,0x0,0x0]
[trap] num=92 (0x5c) pc=0x1801180d8 args=[0x3,0x32,0x27feea8,0x0,0x1,0x0,0x0,0x0]
[trap] num=6 (0x6) pc=0x180116750 args=[0x3,0x32,0x27feea8,0x0,0x1,0x0,0x0,0x0]
[trap] num=483 (0x1e3) pc=0x180118e08 args=[0x0,0x27ff2bc,0x4,0xfffffffffffffff0,0x6e,0x4d,0x0,0x120]
[trap] num=381 (0x17d) pc=0x180119ecc args=[0x1801b7eb4,0x2,0x27ff1e0,0xa,0x73,0x69,0x0,0x120]
[trap] num=483 (0x1e3) pc=0x180118e08 args=[0x0,0x27ff2cc,0x4,0xfffffffffffffff0,0x6e,0x41,0x0,0xf20]
[trap] num=202 (0xca) pc=0x18011a37c args=[0x27ff280,0x2,0x27ff248,0x27ff240,0x1801ab70b,0x20,0x0,0xf20]
[trap] num=202 (0xca) pc=0x18011a37c args=[0x27ff248,0x3,0x27ff2dc,0x27ff2d0,0x0,0x0,0x0,0xf20]
[trap] num=381 (0x17d) pc=0x180119ecc args=[0x1801b4bf1,0x5a,0x27ff260,0xa,0x0,0x0,0x0,0xf20]
[trap] num=202 (0xca) pc=0x18011a37c args=[0x27fe4d0,0x2,0x27fe498,0x27fe490,0x1801b698e,0xd,0x1ec444ed0,0xf20]
[trap] num=202 (0xca) pc=0x18011a37c args=[0x27fe498,0x2,0x27fe548,0x27fe540,0x0,0x0,0x1ec444ed0,0xf20]
[trap] num=5 (0x5) pc=0x180119f50 args=[0x1801aaaf1,0x20100000,0x0,0xfffffffffffffff0,0x0,0x72,0x0,0x80]
[trap] num=463 (0x1cf) pc=0x180119f7c args=[0x3,0x1801b4c4b,0x100000,0x0,0x0,0x72,0x0,0x80]
[trap] num=41 (0x29) pc=0x18011a484 args=[0x4,0x1801b625c,0x100000,0x0,0x0,0x72,0x0,0x80]
[trap] num=470 (0x1d6) pc=0x18011a5e4 args=[0x4,0x27fe021,0x27fdf90,0x0,0x27fe080,0x72,0x0,0x80]
[trap] num=463 (0x1cf) pc=0x180119f7c args=[0x4,0x27fe021,0x100000,0x0,0x27fe080,0x72,0x0,0x80]
[trap] num=92 (0x5c) pc=0x1801180d8 args=[0x6,0x32,0x27fe020,0x0,0x27fe080,0x72,0x0,0x80]
[trap] num=41 (0x29) pc=0x18011a484 args=[0x6,0x1801b6e25,0x27feeb0,0x0,0x27fe080,0x72,0x0,0x80]
[trap] num=41 (0x29) pc=0x18011a484 args=[0x5,0x1801b6e25,0x27feeb0,0x0,0x27fe080,0x72,0x0,0x80]
[trap] num=6 (0x6) pc=0x180116750 args=[0x3,0x1801b6cb4,0x27feeb0,0x0,0x27fe080,0x72,0x0,0x80]
[trap] num=6 (0x6) pc=0x180116750 args=[0x5,0x1801b6cf2,0x27feeb0,0x0,0x27fe080,0x72,0x0,0x80]
[trap] num=6 (0x6) pc=0x180116750 args=[0x4,0x1801b6d1f,0x27feeb0,0x0,0x27fe080,0x72,0x0,0x80]
[trap] num=6 (0x6) pc=0x180116750 args=[0x6,0x1801b6d4a,0x27feeb0,0x0,0x27fe080,0x72,0x0,0x80]
[trap] num=381 (0x17d) pc=0x180119ecc args=[0x1801b7eb4,0x2,0x27fed30,0xa,0x73,0x69,0x0,0x80]
[trap] num=294 (0x126) pc=0x18011a2f8 args=[0x27fed78,0x27fee48,0x27fee48,0x27fee74,0x73,0x69,0x0,0x80]
[trap] num=-14 (0xfffffffffffffff2) pc=0x1801155b8 args=[0x203,0x1ec444000,0x24000,0x0,0x3,0x0,0x0,0x5c0]
[trap] num=427 (0x1ab) pc=0x18011a5b8 args=[0x27feee0,0x400,0x27fee64,0x748e8,0x3,0x0,0x0,0x5c0]
[trap] num=92 (0x5c) pc=0x1801180d8 args=[0x8,0x32,0x27feee0,0x1ec445222,0xfffffffe163b9cd0,0x10,0x0,0x5c0]
[trap] num=6 (0x6) pc=0x180116750 args=[0x8,0x1801b6a74,0x4,0x180115e30,0x1,0x10,0x0,0x5c0]
[trap] num=6 (0x6) pc=0x180116750 args=[0x7,0x1801b6a98,0x4,0x180115e30,0x1,0x10,0x0,0x5c0]
[trap] num=338 (0x152) pc=0x180116c48 args=[0x1ec4451d0,0x27fea00,0x1ec4451d0,0x27feaf8,0x27feb20,0x27feb00,0x0,0x27feb28]
[trap] num=5 (0x5) pc=0x180119f50 args=[0x1ec4451d0,0x0,0x0,0x27feaf8,0x27feb20,0x27feb00,0x0,0x27feb28]
[trap] num=197 (0xc5) pc=0x180119190 args=[0x0,0x10b20,0x1,0x40002,0x3,0x0,0x0,0x27feb28]
[trap] num=92 (0x5c) pc=0x1801180d8 args=[0x3,0x32,0x27feb28,0x40002,0x3,0x0,0x0,0x27feb28]
[trap] num=73 (0x49) pc=0x18011823c args=[0xa00000000,0x10b20,0x10b20,0x0,0x27feb00,0x27feb28,0x3,0x27feb28]
[trap] num=6 (0x6) pc=0x180116750 args=[0x3,0x10b20,0x10b20,0x0,0x27feb00,0x27feb28,0x3,0x27feb28]
[trap] num=338 (0x152) pc=0x180116c48 args=[0x1ec4451d0,0x27fef80,0x27ff040,0x0,0x27feb00,0x27feb28,0x3,0x27feb28]
[trap] num=5 (0x5) pc=0x180119f50 args=[0x100000350,0x0,0x0,0x100000350,0x40,0x2f,0x27fee8f,0x6d0]
[trap] num=5 (0x5) pc=0x180119f50 args=[0x27fdef8,0x100000,0x0,0x27fdf11,0x40,0x2f,0x0,0x6d0]
[trap] num=338 (0x152) pc=0x180116c48 args=[0x27fe070,0x27fdd70,0x27fde70,0x27fde58,0x27fe07a,0x1801ac864,0x0,0x160]
[trap] num=-10 (0xfffffffffffffff6) pc=0x180115588 args=[0x203,0x27fdd30,0x4000,0x3c000001,0x27fe07a,0x1801ac864,0x0,0x160]
[trap] num=338 (0x152) pc=0x180116c48 args=[0x27fe070,0x27fdd70,0x27fde70,0x27fde58,0x27fe07a,0x1801ac864,0x0,0x160]
[trap] num=338 (0x152) pc=0x180116c48 args=[0x27fe070,0x27fd680,0x27fe070,0x27fd814,0x27fd808,0x27fd7e0,0x0,0x27fd950]
[trap] num=5 (0x5) pc=0x180119f50 args=[0x27fe070,0x0,0x0,0x27fd814,0x27fd808,0x27fd7e0,0x0,0x27fd950]
[trap] num=197 (0xc5) pc=0x180119190 args=[0x0,0x3ea9050,0x1,0x40002,0x3,0x0,0x0,0x27fd950]
[trap] num=92 (0x5c) pc=0x1801180d8 args=[0x3,0x32,0x27fd950,0x40002,0x3,0x0,0x0,0x27fd950]
[trap] num=92 (0x5c) pc=0x1801180d8 args=[0x3,0x61,0x27fd6d0,0x0,0x0,0x0,0x0,0x23b70]
[trap] num=73 (0x49) pc=0x18011823c args=[0xa00018000,0x3ea9050,0x3ea9050,0x0,0x0,0x0,0x0,0x0]
[trap] num=197 (0xc5) pc=0x180119190 args=[0x0,0x3ea9050,0x1,0x40002,0x3,0x0,0x0,0x0]
[trap] num=339 (0x153) pc=0x1801195b8 args=[0x3,0x27fcf50,0x27fcf50,0x27fd950,0x27fd8ec,0x27fd880,0x0,0x27fd720]
[trap] num=153 (0x99) pc=0x180117f04 args=[0x3,0x27fcfbc,0x1c,0x0,0x0,0x27fd880,0x0,0x27fd720]
[trap] num=153 (0x99) pc=0x180117f04 args=[0x3,0x27fc0b0,0xef8,0x0,0x0,0x27fd880,0x0,0x27fd720]
[trap] num=92 (0x5c) pc=0x1801180d8 args=[0x3,0x61,0x27fcfa0,0x0,0x0,0x0,0x0,0x23b70]
[trap] num=92 (0x5c) pc=0x1801180d8 args=[0x3,0x62,0x27fd0c8,0x27fd0c8,0x0,0x0,0x0,0x0]
[trap] num=-10 (0xfffffffffffffff6) pc=0x180115588 args=[0x203,0x27fcfc0,0x3edc000,0x1,0x0,0x0,0x0,0x0]
[trap] num=197 (0xc5) pc=0x180119190 args=[0xa07d70000,0x1f78000,0x5,0x40012,0x3,0x0,0x0,0x0]
[trap] num=197 (0xc5) pc=0x180119190 args=[0xa09ce8000,0xe8000,0x3,0x40012,0x3,0x1f78000,0x1f78000,0x0]
[trap] num=197 (0xc5) pc=0x180119190 args=[0xa09dd0000,0x24000,0x3,0x40012,0x3,0x2060000,0x2060000,0x0]
[trap] num=197 (0xc5) pc=0x180119190 args=[0xa09e24000,0x1e28000,0x1,0x40012,0x3,0x2084000,0x2084000,0x0]
[trap] num=73 (0x49) pc=0x18011823c args=[0xa03ec4000,0x3ea9050,0x3ea9050,0xfffffffffffffffa,0x6f,0x75,0x0,0x6a0]
[trap] num=6 (0x6) pc=0x180116750 args=[0x3,0x3ea9050,0x3ea9050,0xfffffffffffffffa,0x6f,0x75,0x0,0x6a0]
[trap] num=-12 (0xfffffffffffffff4) pc=0x1801155a0 args=[0x203,0xa00014000,0x4000,0xfffffffffffffffa,0x6f,0x75,0x0,0x6a0]
[trap] num=338 (0x152) pc=0x180116c48 args=[0x100000388,0x27fde80,0x27fdf80,0x27fdf68,0x75,0x6f,0x27fe6c8,0x900]
[trap] num=-10 (0xfffffffffffffff6) pc=0x180115588 args=[0x203,0x27fde40,0x4000,0x3c000001,0x75,0x6f,0x27fe6c8,0x900]
[trap] num=338 (0x152) pc=0x180116c48 args=[0x27fe4a0,0x27fde30,0x27fdf30,0x27fdf18,0x27fe4b4,0x1ec445294,0x0,0x900]
[trap] num=-12 (0xfffffffffffffff4) pc=0x1801155a0 args=[0x203,0xa0bc4c000,0x4000,0x1a0500,0x0,0x0,0x0,0xbc0]
[trap] num=5 (0x5) pc=0x180119f50 args=[0x1000003b8,0x0,0x0,0x1000003b8,0x2f,0x40,0x27fee8f,0x770]
[trap] num=92 (0x5c) pc=0x1801180d8 args=[0x3,0x32,0x27fe348,0x1000003b8,0x2f,0x40,0x27fee8f,0x770]
[trap] num=6 (0x6) pc=0x180116750 args=[0x3,0x32,0x27fe348,0x1000003b8,0x2f,0x40,0x27fee8f,0x770]
[trap] num=338 (0x152) pc=0x180116c48 args=[0x1000003b8,0x27fde80,0x27fdf80,0x27fdf68,0x1000003c2,0x1801ac864,0x27fe6c8,0x770]
[trap] num=338 (0x152) pc=0x180116c48 args=[0x1000003b8,0x27fd790,0x1000003b8,0x27fd924,0x27fd918,0x27fd8f0,0x0,0x27fda60]
[trap] num=5 (0x5) pc=0x180119f50 args=[0x1000003b8,0x0,0x0,0x27fd924,0x27fd918,0x27fd8f0,0x0,0x27fda60]
[trap] num=197 (0xc5) pc=0x180119190 args=[0x0,0x17320,0x1,0x40002,0x3,0x0,0x0,0x27fda60]
[trap] num=92 (0x5c) pc=0x1801180d8 args=[0x3,0x32,0x27fda60,0x40002,0x3,0x0,0x0,0x27fda60]
[trap] num=92 (0x5c) pc=0x1801180d8 args=[0x3,0x61,0x27fd7e0,0x0,0x0,0x0,0x0,0x47d0]
[trap] num=73 (0x49) pc=0x18011823c args=[0xa0bc50000,0x17320,0x17320,0x0,0x0,0x0,0x0,0x0]
[trap] num=197 (0xc5) pc=0x180119190 args=[0x0,0x17320,0x1,0x40002,0x3,0x0,0x0,0x0]
[trap] num=339 (0x153) pc=0x1801195b8 args=[0x3,0x27fd080,0x27fd080,0x27fda60,0x27fd9fc,0x27fd990,0x0,0x27fd830]
[trap] num=153 (0x99) pc=0x180117f04 args=[0x3,0x27fd0ec,0x1c,0x0,0x0,0x27fd990,0x0,0x27fd830]
[trap] num=153 (0x99) pc=0x180117f04 args=[0x3,0x27fcc30,0x4b0,0x0,0x0,0x27fd990,0x0,0x27fd830]
[trap] num=92 (0x5c) pc=0x1801180d8 args=[0x3,0x61,0x27fd0d0,0x0,0x0,0x0,0x0,0x47d0]
[trap] num=92 (0x5c) pc=0x1801180d8 args=[0x3,0x62,0x27fd1f8,0x27fd1f8,0x0,0x0,0x0,0x0]
[trap] num=-10 (0xfffffffffffffff6) pc=0x180115588 args=[0x203,0x27fd0f0,0x18000,0x1,0x0,0x0,0x0,0x0]
[trap] num=197 (0xc5) pc=0x180119190 args=[0xa0bc80000,0xc000,0x5,0x40012,0x3,0x0,0x0,0x0]
[trap] num=197 (0xc5) pc=0x180119190 args=[0xa0bc8c000,0x4000,0x3,0x40012,0x3,0xc000,0xc000,0x0]
[trap] num=197 (0xc5) pc=0x180119190 args=[0xa0bc90000,0x8000,0x1,0x40012,0x3,0x10000,0x10000,0x0]
[trap] num=73 (0x49) pc=0x18011823c args=[0xa0bc68000,0x17320,0x17320,0xfffffffffffffff1,0x6f,0x75,0x0,0x940]
[trap] num=6 (0x6) pc=0x180116750 args=[0x3,0x17320,0x17320,0xfffffffffffffff1,0x6f,0x75,0x0,0x940]
[trap] num=5 (0x5) pc=0x180119f50 args=[0x100000408,0x0,0x0,0x100000408,0x2f,0x40,0x27fee8f,0xcb0]
[trap] num=92 (0x5c) pc=0x1801180d8 args=[0x3,0x32,0x27fe348,0x100000408,0x2f,0x40,0x27fee8f,0xcb0]
[trap] num=6 (0x6) pc=0x180116750 args=[0x3,0x32,0x27fe348,0x100000408,0x2f,0x40,0x27fee8f,0xcb0]
[trap] num=338 (0x152) pc=0x180116c48 args=[0x100000408,0x27fde80,0x27fdf80,0x27fdf68,0x100000412,0x1801ac864,0x27fe6c8,0xcb0]
[trap] num=338 (0x152) pc=0x180116c48 args=[0x100000408,0x27fd790,0x100000408,0x27fd924,0x27fd918,0x27fd8f0,0x0,0x27fda60]
[trap] num=5 (0x5) pc=0x180119f50 args=[0x100000408,0x0,0x0,0x27fd924,0x27fd918,0x27fd8f0,0x0,0x27fda60]
[trap] num=197 (0xc5) pc=0x180119190 args=[0x0,0x325f0,0x1,0x40002,0x3,0x0,0x0,0x27fda60]
[trap] num=92 (0x5c) pc=0x1801180d8 args=[0x3,0x32,0x27fda60,0x40002,0x3,0x0,0x0,0x27fda60]
[trap] num=92 (0x5c) pc=0x1801180d8 args=[0x3,0x61,0x27fd7e0,0x0,0x0,0x0,0x0,0x48b0]
[trap] num=73 (0x49) pc=0x18011823c args=[0xa0bc98000,0x325f0,0x325f0,0x0,0x0,0x0,0x0,0x0]
[trap] num=197 (0xc5) pc=0x180119190 args=[0x0,0x325f0,0x1,0x40002,0x3,0x0,0x0,0x0]
[trap] num=339 (0x153) pc=0x1801195b8 args=[0x3,0x27fd060,0x27fd060,0x27fda60,0x27fd9fc,0x27fd990,0x0,0x27fd830]
[trap] num=153 (0x99) pc=0x180117f04 args=[0x3,0x27fd0cc,0x1c,0x0,0x0,0x27fd990,0x0,0x27fd830]
[trap] num=153 (0x99) pc=0x180117f04 args=[0x3,0x27fcae0,0x5e0,0x0,0x0,0x27fd990,0x0,0x27fd830]
[trap] num=92 (0x5c) pc=0x1801180d8 args=[0x3,0x61,0x27fd0b0,0x0,0x0,0x0,0x0,0x48b0]
[trap] num=92 (0x5c) pc=0x1801180d8 args=[0x3,0x62,0x27fd1d8,0x27fd1d8,0x0,0x0,0x0,0x0]
[trap] num=-10 (0xfffffffffffffff6) pc=0x180115588 args=[0x203,0x27fd0d0,0x34000,0x1,0x0,0x0,0x0,0x0]
[trap] num=197 (0xc5) pc=0x180119190 args=[0xa0bd00000,0x1c000,0x5,0x40012,0x3,0x0,0x0,0x0]
[trap] num=197 (0xc5) pc=0x180119190 args=[0xa0bd1c000,0x4000,0x3,0x40012,0x3,0x1c000,0x1c000,0x0]
[trap] num=197 (0xc5) pc=0x180119190 args=[0xa0bd20000,0x4000,0x3,0x40012,0x3,0x20000,0x20000,0x0]
[trap] num=197 (0xc5) pc=0x180119190 args=[0xa0bd24000,0x10000,0x1,0x40012,0x3,0x24000,0x24000,0x0]
[trap] num=73 (0x49) pc=0x18011823c args=[0xa0bccc000,0x325f0,0x325f0,0xfffffffffffffffa,0x6f,0x75,0x62696c79642e30,0x590]
[trap] num=6 (0x6) pc=0x180116750 args=[0x3,0x325f0,0x325f0,0xfffffffffffffffa,0x6f,0x75,0x62696c79642e30,0x590]
[trap] num=5 (0x5) pc=0x180119f50 args=[0x100000450,0x0,0x0,0x100000450,0x2f,0x40,0x27fee8f,0x6d0]
[trap] num=92 (0x5c) pc=0x1801180d8 args=[0x3,0x32,0x27fe348,0x100000450,0x2f,0x40,0x27fee8f,0x6d0]
[trap] num=6 (0x6) pc=0x180116750 args=[0x3,0x32,0x27fe348,0x100000450,0x2f,0x40,0x27fee8f,0x6d0]
[trap] num=338 (0x152) pc=0x180116c48 args=[0x100000450,0x27fde80,0x27fdf80,0x27fdf68,0x10000045a,0x1801ac864,0x27fe6c8,0xb70]
[trap] num=338 (0x152) pc=0x180116c48 args=[0x100000450,0x27fd790,0x100000450,0x27fd924,0x27fd918,0x27fd8f0,0x0,0x27fda60]
[trap] num=5 (0x5) pc=0x180119f50 args=[0x100000450,0x0,0x0,0x27fd924,0x27fd918,0x27fd8f0,0x0,0x27fda60]
[trap] num=197 (0xc5) pc=0x180119190 args=[0x0,0x91b70,0x1,0x40002,0x3,0x0,0x0,0x27fda60]
[trap] num=92 (0x5c) pc=0x1801180d8 args=[0x3,0x32,0x27fda60,0x40002,0x3,0x0,0x0,0x27fda60]
[trap] num=92 (0x5c) pc=0x1801180d8 args=[0x3,0x61,0x27fd7e0,0x0,0x0,0x0,0x0,0x4bb0]
[trap] num=73 (0x49) pc=0x18011823c args=[0xa0bd34000,0x91b70,0x91b70,0x0,0x0,0x0,0x0,0x0]
[trap] num=197 (0xc5) pc=0x180119190 args=[0x0,0x91b70,0x1,0x40002,0x3,0x0,0x0,0x0]
[trap] num=339 (0x153) pc=0x1801195b8 args=[0x3,0x27fd060,0x27fd060,0x27fda60,0x27fd9fc,0x27fd990,0x0,0x27fd830]
[trap] num=153 (0x99) pc=0x180117f04 args=[0x3,0x27fd0cc,0x1c,0x0,0x0,0x27fd990,0x0,0x27fd830]
[trap] num=153 (0x99) pc=0x180117f04 args=[0x3,0x27fc9f0,0x6d0,0x0,0x0,0x27fd990,0x0,0x27fd830]
[trap] num=92 (0x5c) pc=0x1801180d8 args=[0x3,0x61,0x27fd0b0,0x0,0x0,0x0,0x0,0x4bb0]
[trap] num=92 (0x5c) pc=0x1801180d8 args=[0x3,0x62,0x27fd1d8,0x27fd1d8,0x0,0x0,0x0,0x0]
[trap] num=-10 (0xfffffffffffffff6) pc=0x180115588 args=[0x203,0x27fd0d0,0x94000,0x1,0x0,0x0,0x0,0x0]
[trap] num=197 (0xc5) pc=0x180119190 args=[0xa0be5c000,0x74000,0x5,0x40012,0x3,0x0,0x0,0x0]
[trap] num=197 (0xc5) pc=0x180119190 args=[0xa0bed0000,0x4000,0x3,0x40012,0x3,0x74000,0x74000,0x0]
[trap] num=197 (0xc5) pc=0x180119190 args=[0xa0bed4000,0x4000,0x3,0x40012,0x3,0x78000,0x78000,0x0]
[trap] num=197 (0xc5) pc=0x180119190 args=[0xa0bed8000,0x18000,0x1,0x40012,0x3,0x7c000,0x7c000,0x0]
[trap] num=73 (0x49) pc=0x18011823c args=[0xa0bdc8000,0x91b70,0x91b70,0xfffffffffffffffa,0x6f,0x75,0x0,0x590]
[trap] num=6 (0x6) pc=0x180116750 args=[0x3,0x91b70,0x91b70,0xfffffffffffffffa,0x6f,0x75,0x0,0x590]
[trap] num=5 (0x5) pc=0x180119f50 args=[0x100000498,0x0,0x0,0x100000498,0x2f,0x40,0x27fee8f,0xe30]
[trap] num=92 (0x5c) pc=0x1801180d8 args=[0x3,0x32,0x27fe348,0x100000498,0x2f,0x40,0x27fee8f,0xe30]
[trap] num=6 (0x6) pc=0x180116750 args=[0x3,0x32,0x27fe348,0x100000498,0x2f,0x40,0x27fee8f,0xe30]
[trap] num=338 (0x152) pc=0x180116c48 args=[0x100000498,0x27fde80,0x27fdf80,0x27fdf68,0x1000004a2,0x1801ac864,0x27fe6c8,0xe30]
[trap] num=338 (0x152) pc=0x180116c48 args=[0x100000498,0x27fd790,0x100000498,0x27fd924,0x27fd918,0x27fd8f0,0x0,0x27fda60]
[trap] num=5 (0x5) pc=0x180119f50 args=[0x100000498,0x0,0x0,0x27fd924,0x27fd918,0x27fd8f0,0x0,0x27fda60]
[trap] num=197 (0xc5) pc=0x180119190 args=[0x0,0x1b740,0x1,0x40002,0x3,0x0,0x0,0x27fda60]
[trap] num=92 (0x5c) pc=0x1801180d8 args=[0x3,0x32,0x27fda60,0x40002,0x3,0x0,0x0,0x27fda60]
[trap] num=92 (0x5c) pc=0x1801180d8 args=[0x3,0x61,0x27fd7e0,0x0,0x0,0x0,0x0,0x47f0]
[trap] num=73 (0x49) pc=0x18011823c args=[0xa0bef0000,0x1b740,0x1b740,0x0,0x0,0x0,0x0,0x0]
[trap] num=197 (0xc5) pc=0x180119190 args=[0x0,0x1b740,0x1,0x40002,0x3,0x0,0x0,0x0]
[trap] num=339 (0x153) pc=0x1801195b8 args=[0x3,0x27fd060,0x27fd060,0x27fda60,0x27fd9fc,0x27fd990,0x0,0x27fd830]
[trap] num=153 (0x99) pc=0x180117f04 args=[0x3,0x27fd0cc,0x1c,0x0,0x0,0x27fd990,0x0,0x27fd830]
[trap] num=153 (0x99) pc=0x180117f04 args=[0x3,0x27fcaf0,0x5c8,0x0,0x0,0x27fd990,0x0,0x27fd830]
[trap] num=92 (0x5c) pc=0x1801180d8 args=[0x3,0x61,0x27fd0b0,0x0,0x0,0x0,0x0,0x47f0]
[trap] num=92 (0x5c) pc=0x1801180d8 args=[0x3,0x62,0x27fd1d8,0x27fd1d8,0x0,0x0,0x0,0x0]
[trap] num=-10 (0xfffffffffffffff6) pc=0x180115588 args=[0x203,0x27fd0d0,0x20000,0x1,0x0,0x0,0x0,0x0]
[trap] num=197 (0xc5) pc=0x180119190 args=[0xa0bf28000,0x10000,0x5,0x40012,0x3,0x0,0x0,0x0]
[trap] num=197 (0xc5) pc=0x180119190 args=[0xa0bf38000,0x4000,0x3,0x40012,0x3,0x10000,0x10000,0x0]
[trap] num=197 (0xc5) pc=0x180119190 args=[0xa0bf40000,0x8000,0x1,0x40012,0x3,0x14000,0x14000,0x0]
[trap] num=73 (0x49) pc=0x18011823c args=[0xa0bf0c000,0x1b740,0x1b740,0xfffffffffffffffa,0x6f,0x75,0x27fd47f,0x590]
[trap] num=6 (0x6) pc=0x180116750 args=[0x3,0x1b740,0x1b740,0xfffffffffffffffa,0x6f,0x75,0x27fd47f,0x590]
[trap] num=5 (0x5) pc=0x180119f50 args=[0x1000004e8,0x0,0x0,0x1000004e8,0x2f,0x40,0x27fee8f,0xc00]
[trap] num=92 (0x5c) pc=0x1801180d8 args=[0x3,0x32,0x27fe348,0x1000004e8,0x2f,0x40,0x27fee8f,0xc00]
[trap] num=6 (0x6) pc=0x180116750 args=[0x3,0x32,0x27fe348,0x1000004e8,0x2f,0x40,0x27fee8f,0xc00]
[trap] num=338 (0x152) pc=0x180116c48 args=[0x1000004e8,0x27fde80,0x27fdf80,0x27fdf68,0x1000004f2,0x1801ac864,0x27fe6c8,0xc00]
[trap] num=338 (0x152) pc=0x180116c48 args=[0x1000004e8,0x27fd790,0x1000004e8,0x27fd924,0x27fd918,0x27fd8f0,0x0,0x27fda60]
[trap] num=5 (0x5) pc=0x180119f50 args=[0x1000004e8,0x0,0x0,0x27fd924,0x27fd918,0x27fd8f0,0x0,0x27fda60]
[trap] num=197 (0xc5) pc=0x180119190 args=[0x0,0x156b0,0x1,0x40002,0x3,0x0,0x0,0x27fda60]
[trap] num=92 (0x5c) pc=0x1801180d8 args=[0x3,0x32,0x27fda60,0x40002,0x3,0x0,0x0,0x27fda60]
[trap] num=92 (0x5c) pc=0x1801180d8 args=[0x3,0x61,0x27fd7e0,0x0,0x0,0x0,0x0,0x47d0]
[trap] num=73 (0x49) pc=0x18011823c args=[0xa0bf48000,0x156b0,0x156b0,0x0,0x0,0x0,0x0,0x0]
[trap] num=197 (0xc5) pc=0x180119190 args=[0x0,0x156b0,0x1,0x40002,0x3,0x0,0x0,0x0]
[trap] num=339 (0x153) pc=0x1801195b8 args=[0x3,0x27fd080,0x27fd080,0x27fda60,0x27fd9fc,0x27fd990,0x0,0x27fd830]
[trap] num=153 (0x99) pc=0x180117f04 args=[0x3,0x27fd0ec,0x1c,0x0,0x0,0x27fd990,0x0,0x27fd830]
[trap] num=153 (0x99) pc=0x180117f04 args=[0x3,0x27fcbd0,0x508,0x0,0x0,0x27fd990,0x0,0x27fd830]
[trap] num=92 (0x5c) pc=0x1801180d8 args=[0x3,0x61,0x27fd0d0,0x0,0x0,0x0,0x0,0x47d0]
[trap] num=92 (0x5c) pc=0x1801180d8 args=[0x3,0x62,0x27fd1f8,0x27fd1f8,0x0,0x0,0x0,0x0]
[trap] num=-10 (0xfffffffffffffff6) pc=0x180115588 args=[0x203,0x27fd0f0,0x18000,0x1,0x0,0x0,0x0,0x0]
[trap] num=197 (0xc5) pc=0x180119190 args=[0xa0bf78000,0xc000,0x5,0x40012,0x3,0x0,0x0,0x0]
[trap] num=197 (0xc5) pc=0x180119190 args=[0xa0bf84000,0x4000,0x3,0x40012,0x3,0xc000,0xc000,0x0]
[trap] num=197 (0xc5) pc=0x180119190 args=[0xa0bf88000,0x8000,0x1,0x40012,0x3,0x10000,0x10000,0x0]
[trap] num=73 (0x49) pc=0x18011823c args=[0xa0bf60000,0x156b0,0x156b0,0xfffffffffffffff1,0x6f,0x75,0x0,0x940]
[trap] num=6 (0x6) pc=0x180116750 args=[0x3,0x156b0,0x156b0,0xfffffffffffffff1,0x6f,0x75,0x0,0x940]
[trap] num=5 (0x5) pc=0x180119f50 args=[0x100000538,0x0,0x0,0x100000538,0x2f,0x40,0x27fee8f,0xca0]
[trap] num=92 (0x5c) pc=0x1801180d8 args=[0x3,0x32,0x27fe348,0x100000538,0x2f,0x40,0x27fee8f,0xca0]
[trap] num=6 (0x6) pc=0x180116750 args=[0x3,0x32,0x27fe348,0x100000538,0x2f,0x40,0x27fee8f,0xca0]
[trap] num=338 (0x152) pc=0x180116c48 args=[0x100000538,0x27fde80,0x27fdf80,0x27fdf68,0x100000542,0x1801ac864,0x27fe6c8,0xca0]
[trap] num=338 (0x152) pc=0x180116c48 args=[0x100000538,0x27fd790,0x100000538,0x27fd924,0x27fd918,0x27fd8f0,0x0,0x27fda60]
[trap] num=5 (0x5) pc=0x180119f50 args=[0x100000538,0x0,0x0,0x27fd924,0x27fd918,0x27fd8f0,0x0,0x27fda60]
[trap] num=197 (0xc5) pc=0x180119190 args=[0x0,0x9f810,0x1,0x40002,0x3,0x0,0x0,0x27fda60]
[trap] num=92 (0x5c) pc=0x1801180d8 args=[0x3,0x32,0x27fda60,0x40002,0x3,0x0,0x0,0x27fda60]
[trap] num=92 (0x5c) pc=0x1801180d8 args=[0x3,0x61,0x27fd7e0,0x0,0x0,0x0,0x0,0x4c10]
[trap] num=73 (0x49) pc=0x18011823c args=[0xa0bf90000,0x9f810,0x9f810,0x0,0x0,0x0,0x0,0x0]
[trap] num=197 (0xc5) pc=0x180119190 args=[0x0,0x9f810,0x1,0x40002,0x3,0x0,0x0,0x0]
[trap] num=339 (0x153) pc=0x1801195b8 args=[0x3,0x27fd060,0x27fd060,0x27fda60,0x27fd9fc,0x27fd990,0x0,0x27fd830]
[trap] num=153 (0x99) pc=0x180117f04 args=[0x3,0x27fd0cc,0x1c,0x0,0x0,0x27fd990,0x0,0x27fd830]
[trap] num=153 (0x99) pc=0x180117f04 args=[0x3,0x27fcb70,0x550,0x0,0x0,0x27fd990,0x0,0x27fd830]
[trap] num=92 (0x5c) pc=0x1801180d8 args=[0x3,0x61,0x27fd0b0,0x0,0x0,0x0,0x0,0x4c10]
[trap] num=92 (0x5c) pc=0x1801180d8 args=[0x3,0x62,0x27fd1d8,0x27fd1d8,0x0,0x0,0x0,0x0]
[trap] num=-10 (0xfffffffffffffff6) pc=0x180115588 args=[0x203,0x27fd0d0,0xa0000,0x1,0x0,0x0,0x0,0x0]
[trap] num=197 (0xc5) pc=0x180119190 args=[0xa0c0d0000,0x90000,0x5,0x40012,0x3,0x0,0x0,0x0]
[trap] num=197 (0xc5) pc=0x180119190 args=[0xa0c160000,0x4000,0x3,0x40012,0x3,0x90000,0x90000,0x0]
[trap] num=197 (0xc5) pc=0x180119190 args=[0xa0c164000,0x4000,0x3,0x40012,0x3,0x94000,0x94000,0x0]
[trap] num=197 (0xc5) pc=0x180119190 args=[0xa0c168000,0x8000,0x1,0x40012,0x3,0x98000,0x98000,0x0]
[trap] num=73 (0x49) pc=0x18011823c args=[0xa0c030000,0x9f810,0x9f810,0xfffffffffffffffa,0x6f,0x75,0x0,0x590]
[trap] num=6 (0x6) pc=0x180116750 args=[0x3,0x9f810,0x9f810,0xfffffffffffffffa,0x6f,0x75,0x0,0x590]
[trap] num=5 (0x5) pc=0x180119f50 args=[0x100000588,0x0,0x0,0x100000588,0x2f,0x40,0x27fee8f,0x790]
[trap] num=92 (0x5c) pc=0x1801180d8 args=[0x3,0x32,0x27fe348,0x100000588,0x2f,0x40,0x27fee8f,0x790]
[trap] num=6 (0x6) pc=0x180116750 args=[0x3,0x32,0x27fe348,0x100000588,0x2f,0x40,0x27fee8f,0x790]
[trap] num=338 (0x152) pc=0x180116c48 args=[0x100000588,0x27fde80,0x27fdf80,0x27fdf68,0x100000592,0x1801ac864,0x27fe6c8,0x790]
[trap] num=338 (0x152) pc=0x180116c48 args=[0x100000588,0x27fd790,0x100000588,0x27fd924,0x27fd918,0x27fd8f0,0x0,0x27fda60]
[trap] num=5 (0x5) pc=0x180119f50 args=[0x100000588,0x0,0x0,0x27fd924,0x27fd918,0x27fd8f0,0x0,0x27fda60]
[trap] num=197 (0xc5) pc=0x180119190 args=[0x0,0x3b700,0x1,0x40002,0x3,0x0,0x0,0x27fda60]
[trap] num=92 (0x5c) pc=0x1801180d8 args=[0x3,0x32,0x27fda60,0x40002,0x3,0x0,0x0,0x27fda60]
[trap] num=92 (0x5c) pc=0x1801180d8 args=[0x3,0x61,0x27fd7e0,0x0,0x0,0x0,0x0,0x48f0]
[trap] num=73 (0x49) pc=0x18011823c args=[0xa0c170000,0x3b700,0x3b700,0x0,0x0,0x0,0x0,0x0]
[trap] num=197 (0xc5) pc=0x180119190 args=[0x0,0x3b700,0x1,0x40002,0x3,0x0,0x0,0x0]
[trap] num=339 (0x153) pc=0x1801195b8 args=[0x3,0x27fd060,0x27fd060,0x27fda60,0x27fd9fc,0x27fd990,0x0,0x27fd830]
[trap] num=153 (0x99) pc=0x180117f04 args=[0x3,0x27fd0cc,0x1c,0x0,0x0,0x27fd990,0x0,0x27fd830]
[trap] num=153 (0x99) pc=0x180117f04 args=[0x3,0x27fcad0,0x5e8,0x0,0x0,0x27fd990,0x0,0x27fd830]
[trap] num=92 (0x5c) pc=0x1801180d8 args=[0x3,0x61,0x27fd0b0,0x0,0x0,0x0,0x0,0x48f0]
[trap] num=92 (0x5c) pc=0x1801180d8 args=[0x3,0x62,0x27fd1d8,0x27fd1d8,0x0,0x0,0x0,0x0]
[trap] num=-10 (0xfffffffffffffff6) pc=0x180115588 args=[0x203,0x27fd0d0,0x3c000,0x1,0x0,0x0,0x0,0x0]
[trap] num=197 (0xc5) pc=0x180119190 args=[0xa0c1e8000,0x24000,0x5,0x40012,0x3,0x0,0x0,0x0]
[trap] num=197 (0xc5) pc=0x180119190 args=[0xa0c20c000,0x4000,0x3,0x40012,0x3,0x24000,0x24000,0x0]
[trap] num=197 (0xc5) pc=0x180119190 args=[0xa0c210000,0x4000,0x3,0x40012,0x3,0x28000,0x28000,0x0]
[trap] num=197 (0xc5) pc=0x180119190 args=[0xa0c214000,0x10000,0x1,0x40012,0x3,0x2c000,0x2c000,0x0]
[trap] num=73 (0x49) pc=0x18011823c args=[0xa0c1ac000,0x3b700,0x3b700,0xfffffffffffffffa,0x6f,0x75,0x0,0x590]
[trap] num=6 (0x6) pc=0x180116750 args=[0x3,0x3b700,0x3b700,0xfffffffffffffffa,0x6f,0x75,0x0,0x590]
[trap] num=5 (0x5) pc=0x180119f50 args=[0x1000005d0,0x0,0x0,0x1000005d0,0x2f,0x40,0x27fee8f,0x6d0]
[trap] num=92 (0x5c) pc=0x1801180d8 args=[0x3,0x32,0x27fe348,0x1000005d0,0x2f,0x40,0x27fee8f,0x6d0]
[trap] num=6 (0x6) pc=0x180116750 args=[0x3,0x32,0x27fe348,0x1000005d0,0x2f,0x40,0x27fee8f,0x6d0]
[trap] num=338 (0x152) pc=0x180116c48 args=[0x1000005d0,0x27fde80,0x27fdf80,0x27fdf68,0x1000005da,0x1801ac864,0x27fe6c8,0xbc0]
[trap] num=338 (0x152) pc=0x180116c48 args=[0x1000005d0,0x27fd790,0x1000005d0,0x27fd924,0x27fd918,0x27fd8f0,0x0,0x27fda60]
[trap] num=5 (0x5) pc=0x180119f50 args=[0x1000005d0,0x0,0x0,0x27fd924,0x27fd918,0x27fd8f0,0x0,0x27fda60]
[trap] num=197 (0xc5) pc=0x180119190 args=[0x0,0x12750,0x1,0x40002,0x3,0x0,0x0,0x27fda60]
[trap] num=92 (0x5c) pc=0x1801180d8 args=[0x3,0x32,0x27fda60,0x40002,0x3,0x0,0x0,0x27fda60]
[trap] num=92 (0x5c) pc=0x1801180d8 args=[0x3,0x61,0x27fd7e0,0x0,0x0,0x0,0x0,0x47c0]
[trap] num=73 (0x49) pc=0x18011823c args=[0xa0c224000,0x12750,0x12750,0x0,0x0,0x0,0x0,0x0]
[trap] num=197 (0xc5) pc=0x180119190 args=[0x0,0x12750,0x1,0x40002,0x3,0x0,0x0,0x0]
[trap] num=339 (0x153) pc=0x1801195b8 args=[0x3,0x27fd080,0x27fd080,0x27fda60,0x27fd9fc,0x27fd990,0x0,0x27fd830]
[trap] num=153 (0x99) pc=0x180117f04 args=[0x3,0x27fd0ec,0x1c,0x0,0x0,0x27fd990,0x0,0x27fd830]
[trap] num=153 (0x99) pc=0x180117f04 args=[0x3,0x27fcbf0,0x4e8,0x0,0x0,0x27fd990,0x0,0x27fd830]
[trap] num=92 (0x5c) pc=0x1801180d8 args=[0x3,0x61,0x27fd0d0,0x0,0x0,0x0,0x0,0x47c0]
[trap] num=92 (0x5c) pc=0x1801180d8 args=[0x3,0x62,0x27fd1f8,0x27fd1f8,0x0,0x0,0x0,0x0]
[trap] num=-10 (0xfffffffffffffff6) pc=0x180115588 args=[0x203,0x27fd0f0,0x14000,0x1,0x0,0x0,0x0,0x0]
[trap] num=197 (0xc5) pc=0x180119190 args=[0xa0c24c000,0x8000,0x5,0x40012,0x3,0x0,0x0,0x0]
[trap] num=197 (0xc5) pc=0x180119190 args=[0xa0c254000,0x4000,0x3,0x40012,0x3,0x8000,0x8000,0x0]
[trap] num=197 (0xc5) pc=0x180119190 args=[0xa0c258000,0x8000,0x1,0x40012,0x3,0xc000,0xc000,0x0]
[trap] num=73 (0x49) pc=0x18011823c args=[0xa0c238000,0x12750,0x12750,0xfffffffffffffff1,0x6f,0x75,0x27fd49f,0x940]
[trap] num=6 (0x6) pc=0x180116750 args=[0x3,0x12750,0x12750,0xfffffffffffffff1,0x6f,0x75,0x27fd49f,0x940]
[trap] num=5 (0x5) pc=0x180119f50 args=[0x100000628,0x0,0x0,0x100000628,0x2f,0x40,0x27fee8f,0xcb0]
[trap] num=92 (0x5c) pc=0x1801180d8 args=[0x3,0x32,0x27fe348,0x100000628,0x2f,0x40,0x27fee8f,0xcb0]
[trap] num=6 (0x6) pc=0x180116750 args=[0x3,0x32,0x27fe348,0x100000628,0x2f,0x40,0x27fee8f,0xcb0]
[trap] num=338 (0x152) pc=0x180116c48 args=[0x100000628,0x27fde80,0x27fdf80,0x27fdf68,0x100000632,0x1801ac864,0x27fe6c8,0xcb0]
[trap] num=338 (0x152) pc=0x180116c48 args=[0x100000628,0x27fd790,0x100000628,0x27fd924,0x27fd918,0x27fd8f0,0x0,0x27fda60]
[trap] num=5 (0x5) pc=0x180119f50 args=[0x100000628,0x0,0x0,0x27fd924,0x27fd918,0x27fd8f0,0x0,0x27fda60]
[trap] num=197 (0xc5) pc=0x180119190 args=[0x0,0x31140,0x1,0x40002,0x3,0x0,0x0,0x27fda60]
[trap] num=92 (0x5c) pc=0x1801180d8 args=[0x3,0x32,0x27fda60,0x40002,0x3,0x0,0x0,0x27fda60]
[trap] num=92 (0x5c) pc=0x1801180d8 args=[0x3,0x61,0x27fd7e0,0x0,0x0,0x0,0x0,0x48e0]
[trap] num=73 (0x49) pc=0x18011823c args=[0xa0c260000,0x31140,0x31140,0x0,0x0,0x0,0x0,0x0]
[trap] num=197 (0xc5) pc=0x180119190 args=[0x0,0x31140,0x1,0x40002,0x3,0x0,0x0,0x0]
[trap] num=339 (0x153) pc=0x1801195b8 args=[0x3,0x27fd060,0x27fd060,0x27fda60,0x27fd9fc,0x27fd990,0x0,0x27fd830]
[trap] num=153 (0x99) pc=0x180117f04 args=[0x3,0x27fd0cc,0x1c,0x0,0x0,0x27fd990,0x0,0x27fd830]
[trap] num=153 (0x99) pc=0x180117f04 args=[0x3,0x27fcb20,0x598,0x0,0x0,0x27fd990,0x0,0x27fd830]
[trap] num=92 (0x5c) pc=0x1801180d8 args=[0x3,0x61,0x27fd0b0,0x0,0x0,0x0,0x0,0x48e0]
[trap] num=92 (0x5c) pc=0x1801180d8 args=[0x3,0x62,0x27fd1d8,0x27fd1d8,0x0,0x0,0x0,0x0]
[trap] num=-10 (0xfffffffffffffff6) pc=0x180115588 args=[0x203,0x27fd0d0,0x34000,0x1,0x0,0x0,0x0,0x0]
[trap] num=197 (0xc5) pc=0x180119190 args=[0xa0c2c8000,0x1c000,0x5,0x40012,0x3,0x0,0x0,0x0]
[trap] num=197 (0xc5) pc=0x180119190 args=[0xa0c2e4000,0x4000,0x3,0x40012,0x3,0x1c000,0x1c000,0x0]
[trap] num=197 (0xc5) pc=0x180119190 args=[0xa0c2e8000,0x4000,0x3,0x40012,0x3,0x20000,0x20000,0x0]
[trap] num=197 (0xc5) pc=0x180119190 args=[0xa0c2ec000,0x10000,0x1,0x40012,0x3,0x24000,0x24000,0x0]
[trap] num=73 (0x49) pc=0x18011823c args=[0xa0c294000,0x31140,0x31140,0xfffffffffffffffa,0x6f,0x75,0x0,0x590]
[trap] num=6 (0x6) pc=0x180116750 args=[0x3,0x31140,0x31140,0xfffffffffffffffa,0x6f,0x75,0x0,0x590]
[trap] num=5 (0x5) pc=0x180119f50 args=[0x100000678,0x0,0x0,0x100000678,0x2f,0x40,0x27fee8f,0xcb0]
[trap] num=92 (0x5c) pc=0x1801180d8 args=[0x3,0x32,0x27fe348,0x100000678,0x2f,0x40,0x27fee8f,0xcb0]
[trap] num=6 (0x6) pc=0x180116750 args=[0x3,0x32,0x27fe348,0x100000678,0x2f,0x40,0x27fee8f,0xcb0]
[trap] num=338 (0x152) pc=0x180116c48 args=[0x100000678,0x27fde80,0x27fdf80,0x27fdf68,0x100000682,0x1801ac864,0x27fe6c8,0xcb0]
[trap] num=338 (0x152) pc=0x180116c48 args=[0x100000678,0x27fd790,0x100000678,0x27fd924,0x27fd918,0x27fd8f0,0x0,0x27fda60]
[trap] num=5 (0x5) pc=0x180119f50 args=[0x100000678,0x0,0x0,0x27fd924,0x27fd918,0x27fd8f0,0x0,0x27fda60]
[trap] num=197 (0xc5) pc=0x180119190 args=[0x0,0x30c80,0x1,0x40002,0x3,0x0,0x0,0x27fda60]
[trap] num=92 (0x5c) pc=0x1801180d8 args=[0x3,0x32,0x27fda60,0x40002,0x3,0x0,0x0,0x27fda60]
[trap] num=92 (0x5c) pc=0x1801180d8 args=[0x3,0x61,0x27fd7e0,0x0,0x0,0x0,0x0,0x48e0]
[trap] num=73 (0x49) pc=0x18011823c args=[0xa0c2fc000,0x30c80,0x30c80,0x0,0x0,0x0,0x0,0x0]
[trap] num=197 (0xc5) pc=0x180119190 args=[0x0,0x30c80,0x1,0x40002,0x3,0x0,0x0,0x0]
[trap] num=339 (0x153) pc=0x1801195b8 args=[0x3,0x27fd060,0x27fd060,0x27fda60,0x27fd9fc,0x27fd990,0x0,0x27fd830]
[trap] num=153 (0x99) pc=0x180117f04 args=[0x3,0x27fd0cc,0x1c,0x0,0x0,0x27fd990,0x0,0x27fd830]
[trap] num=153 (0x99) pc=0x180117f04 args=[0x3,0x27fcb70,0x548,0x0,0x0,0x27fd990,0x0,0x27fd830]
[trap] num=92 (0x5c) pc=0x1801180d8 args=[0x3,0x61,0x27fd0b0,0x0,0x0,0x0,0x0,0x48e0]
[trap] num=92 (0x5c) pc=0x1801180d8 args=[0x3,0x62,0x27fd1d8,0x27fd1d8,0x0,0x0,0x0,0x0]
[trap] num=-10 (0xfffffffffffffff6) pc=0x180115588 args=[0x203,0x27fd0d0,0x34000,0x1,0x0,0x0,0x0,0x0]
[trap] num=197 (0xc5) pc=0x180119190 args=[0xa0c364000,0x1c000,0x5,0x40012,0x3,0x0,0x0,0x0]
[trap] num=197 (0xc5) pc=0x180119190 args=[0xa0c380000,0x4000,0x3,0x40012,0x3,0x1c000,0x1c000,0x0]
[trap] num=197 (0xc5) pc=0x180119190 args=[0xa0c384000,0x4000,0x3,0x40012,0x3,0x20000,0x20000,0x0]
[trap] num=197 (0xc5) pc=0x180119190 args=[0xa0c388000,0x10000,0x1,0x40012,0x3,0x24000,0x24000,0x0]
[trap] num=73 (0x49) pc=0x18011823c args=[0xa0c330000,0x30c80,0x30c80,0xfffffffffffffffa,0x6f,0x75,0x27fd47f,0x590]
[trap] num=6 (0x6) pc=0x180116750 args=[0x3,0x30c80,0x30c80,0xfffffffffffffffa,0x6f,0x75,0x27fd47f,0x590]
[trap] num=5 (0x5) pc=0x180119f50 args=[0x1000006c8,0x0,0x0,0x1000006c8,0x2f,0x40,0x27fee8f,0xcb0]
[trap] num=92 (0x5c) pc=0x1801180d8 args=[0x3,0x32,0x27fe348,0x1000006c8,0x2f,0x40,0x27fee8f,0xcb0]
[trap] num=6 (0x6) pc=0x180116750 args=[0x3,0x32,0x27fe348,0x1000006c8,0x2f,0x40,0x27fee8f,0xcb0]
[trap] num=338 (0x152) pc=0x180116c48 args=[0x1000006c8,0x27fde80,0x27fdf80,0x27fdf68,0x1000006d2,0x1801ac864,0x27fe6c8,0xcb0]
[trap] num=338 (0x152) pc=0x180116c48 args=[0x1000006c8,0x27fd790,0x1000006c8,0x27fd924,0x27fd918,0x27fd8f0,0x0,0x27fda60]
[trap] num=5 (0x5) pc=0x180119f50 args=[0x1000006c8,0x0,0x0,0x27fd924,0x27fd918,0x27fd8f0,0x0,0x27fda60]
[trap] num=197 (0xc5) pc=0x180119190 args=[0x0,0x54570,0x1,0x40002,0x3,0x0,0x0,0x27fda60]
[trap] num=92 (0x5c) pc=0x1801180d8 args=[0x3,0x32,0x27fda60,0x40002,0x3,0x0,0x0,0x27fda60]
[trap] num=92 (0x5c) pc=0x1801180d8 args=[0x3,0x61,0x27fd7e0,0x0,0x0,0x0,0x0,0x49e0]
[trap] num=73 (0x49) pc=0x18011823c args=[0xa0c398000,0x54570,0x54570,0x0,0x0,0x0,0x0,0x0]
[trap] num=197 (0xc5) pc=0x180119190 args=[0x0,0x54570,0x1,0x40002,0x3,0x0,0x0,0x0]
[trap] num=339 (0x153) pc=0x1801195b8 args=[0x3,0x27fd060,0x27fd060,0x27fda60,0x27fd9fc,0x27fd990,0x0,0x27fd830]
[trap] num=153 (0x99) pc=0x180117f04 args=[0x3,0x27fd0cc,0x1c,0x0,0x0,0x27fd990,0x0,0x27fd830]
[trap] num=153 (0x99) pc=0x180117f04 args=[0x3,0x27fcb20,0x598,0x0,0x0,0x27fd990,0x0,0x27fd830]
[trap] num=92 (0x5c) pc=0x1801180d8 args=[0x3,0x61,0x27fd0b0,0x0,0x0,0x0,0x0,0x49e0]
[trap] num=92 (0x5c) pc=0x1801180d8 args=[0x3,0x62,0x27fd1d8,0x27fd1d8,0x0,0x0,0x0,0x0]
[trap] num=-10 (0xfffffffffffffff6) pc=0x180115588 args=[0x203,0x27fd0d0,0x58000,0x1,0x0,0x0,0x0,0x0]
[trap] num=197 (0xc5) pc=0x180119190 args=[0xa0c448000,0x38000,0x5,0x40012,0x3,0x0,0x0,0x0]
[trap] num=197 (0xc5) pc=0x180119190 args=[0xa0c480000,0x4000,0x3,0x40012,0x3,0x38000,0x38000,0x0]
[trap] num=197 (0xc5) pc=0x180119190 args=[0xa0c484000,0x4000,0x3,0x40012,0x3,0x3c000,0x3c000,0x0]
[trap] num=197 (0xc5) pc=0x180119190 args=[0xa0c488000,0x18000,0x1,0x40012,0x3,0x40000,0x40000,0x0]
[trap] num=73 (0x49) pc=0x18011823c args=[0xa0c3f0000,0x54570,0x54570,0xfffffffffffffffa,0x6f,0x75,0x0,0x590]
[trap] num=6 (0x6) pc=0x180116750 args=[0x3,0x54570,0x54570,0xfffffffffffffffa,0x6f,0x75,0x0,0x590]
[trap] num=5 (0x5) pc=0x180119f50 args=[0x100000718,0x0,0x0,0x100000718,0x2f,0x40,0x27fee8f,0xcb0]
[trap] num=92 (0x5c) pc=0x1801180d8 args=[0x3,0x32,0x27fe348,0x100000718,0x2f,0x40,0x27fee8f,0xcb0]
[trap] num=6 (0x6) pc=0x180116750 args=[0x3,0x32,0x27fe348,0x100000718,0x2f,0x40,0x27fee8f,0xcb0]
[trap] num=338 (0x152) pc=0x180116c48 args=[0x100000718,0x27fde80,0x27fdf80,0x27fdf68,0x100000722,0x1801ac864,0x27fe6c8,0xcb0]
[trap] num=338 (0x152) pc=0x180116c48 args=[0x100000718,0x27fd790,0x100000718,0x27fd924,0x27fd918,0x27fd8f0,0x0,0x27fda60]
[trap] num=5 (0x5) pc=0x180119f50 args=[0x100000718,0x0,0x0,0x27fd924,0x27fd918,0x27fd8f0,0x0,0x27fda60]
[trap] num=197 (0xc5) pc=0x180119190 args=[0x0,0x1379a0,0x1,0x40002,0x3,0x0,0x0,0x27fda60]
[trap] num=92 (0x5c) pc=0x1801180d8 args=[0x3,0x32,0x27fda60,0x40002,0x3,0x0,0x0,0x27fda60]
[trap] num=92 (0x5c) pc=0x1801180d8 args=[0x3,0x61,0x27fd7e0,0x0,0x0,0x0,0x0,0x27b0]
[trap] num=73 (0x49) pc=0x18011823c args=[0xa0c4a0000,0x1379a0,0x1379a0,0x0,0x0,0x0,0x0,0x0]
[trap] num=197 (0xc5) pc=0x180119190 args=[0x0,0x1379a0,0x1,0x40002,0x3,0x0,0x0,0x0]
[trap] num=339 (0x153) pc=0x1801195b8 args=[0x3,0x27fd060,0x27fd060,0x27fda60,0x27fd9fc,0x27fd990,0x0,0x27fd830]
[trap] num=153 (0x99) pc=0x180117f04 args=[0x3,0x27fd0cc,0x1c,0x0,0x0,0x27fd990,0x0,0x27fd830]
[trap] num=153 (0x99) pc=0x180117f04 args=[0x3,0x27fca70,0x648,0x0,0x0,0x27fd990,0x0,0x27fd830]
[trap] num=92 (0x5c) pc=0x1801180d8 args=[0x3,0x61,0x27fd0b0,0x0,0x0,0x0,0x0,0x27b0]
[trap] num=92 (0x5c) pc=0x1801180d8 args=[0x3,0x62,0x27fd1d8,0x27fd1d8,0x0,0x0,0x0,0x0]
[trap] num=-10 (0xfffffffffffffff6) pc=0x180115588 args=[0x203,0x27fd0d0,0x138000,0x1,0x0,0x0,0x0,0x0]
[trap] num=197 (0xc5) pc=0x180119190 args=[0xa0c710000,0x10c000,0x5,0x40012,0x3,0x0,0x0,0x0]
[trap] num=197 (0xc5) pc=0x180119190 args=[0xa0c81c000,0x4000,0x3,0x40012,0x3,0x10c000,0x10c000,0x0]
[trap] num=197 (0xc5) pc=0x180119190 args=[0xa0c820000,0x8000,0x3,0x40012,0x3,0x110000,0x110000,0x0]
[trap] num=197 (0xc5) pc=0x180119190 args=[0xa0c828000,0x20000,0x1,0x40012,0x3,0x118000,0x118000,0x0]
[trap] num=73 (0x49) pc=0x18011823c args=[0xa0c5d8000,0x1379a0,0x1379a0,0xfffffffffffffffa,0x6f,0x75,0x0,0x590]
[trap] num=6 (0x6) pc=0x180116750 args=[0x3,0x1379a0,0x1379a0,0xfffffffffffffffa,0x6f,0x75,0x0,0x590]
[trap] num=5 (0x5) pc=0x180119f50 args=[0x100000760,0x0,0x0,0x100000760,0x2f,0x40,0x27fee8f,0x6d0]
[trap] num=92 (0x5c) pc=0x1801180d8 args=[0x3,0x32,0x27fe348,0x100000760,0x2f,0x40,0x27fee8f,0x6d0]
[trap] num=6 (0x6) pc=0x180116750 args=[0x3,0x32,0x27fe348,0x100000760,0x2f,0x40,0x27fee8f,0x6d0]
[trap] num=338 (0x152) pc=0x180116c48 args=[0x100000760,0x27fde80,0x27fdf80,0x27fdf68,0x10000076a,0x1801ac864,0x27fe6c8,0xb70]
[trap] num=338 (0x152) pc=0x180116c48 args=[0x100000760,0x27fd790,0x100000760,0x27fd924,0x27fd918,0x27fd8f0,0x0,0x27fda60]
[trap] num=5 (0x5) pc=0x180119f50 args=[0x100000760,0x0,0x0,0x27fd924,0x27fd918,0x27fd8f0,0x0,0x27fda60]
[trap] num=197 (0xc5) pc=0x180119190 args=[0x0,0x14520,0x1,0x40002,0x3,0x0,0x0,0x27fda60]
[trap] num=92 (0x5c) pc=0x1801180d8 args=[0x3,0x32,0x27fda60,0x40002,0x3,0x0,0x0,0x27fda60]
[trap] num=92 (0x5c) pc=0x1801180d8 args=[0x3,0x61,0x27fd7e0,0x0,0x0,0x0,0x0,0x47e0]
[trap] num=73 (0x49) pc=0x18011823c args=[0xa0c848000,0x14520,0x14520,0x0,0x0,0x0,0x0,0x0]
[trap] num=197 (0xc5) pc=0x180119190 args=[0x0,0x14520,0x1,0x40002,0x3,0x0,0x0,0x0]
[trap] num=339 (0x153) pc=0x1801195b8 args=[0x3,0x27fd080,0x27fd080,0x27fda60,0x27fd9fc,0x27fd990,0x0,0x27fd830]
[trap] num=153 (0x99) pc=0x180117f04 args=[0x3,0x27fd0ec,0x1c,0x0,0x0,0x27fd990,0x0,0x27fd830]
[trap] num=153 (0x99) pc=0x180117f04 args=[0x3,0x27fcbf0,0x4f0,0x0,0x0,0x27fd990,0x0,0x27fd830]
[trap] num=92 (0x5c) pc=0x1801180d8 args=[0x3,0x61,0x27fd0d0,0x0,0x0,0x0,0x0,0x47e0]
[trap] num=92 (0x5c) pc=0x1801180d8 args=[0x3,0x62,0x27fd1f8,0x27fd1f8,0x0,0x0,0x0,0x0]
[trap] num=-10 (0xfffffffffffffff6) pc=0x180115588 args=[0x203,0x27fd0f0,0x18000,0x1,0x0,0x0,0x0,0x0]
[trap] num=197 (0xc5) pc=0x180119190 args=[0xa0c878000,0x8000,0x5,0x40012,0x3,0x0,0x0,0x0]
[trap] num=197 (0xc5) pc=0x180119190 args=[0xa0c880000,0x4000,0x3,0x40012,0x3,0x8000,0x8000,0x0]
[trap] num=197 (0xc5) pc=0x180119190 args=[0xa0c884000,0xc000,0x1,0x40012,0x3,0xc000,0xc000,0x0]
[trap] num=73 (0x49) pc=0x18011823c args=[0xa0c860000,0x14520,0x14520,0xfffffffffffffff1,0x6f,0x75,0x0,0x940]
[trap] num=6 (0x6) pc=0x180116750 args=[0x3,0x14520,0x14520,0xfffffffffffffff1,0x6f,0x75,0x0,0x940]
[trap] num=5 (0x5) pc=0x180119f50 args=[0x1000007a8,0x0,0x0,0x1000007a8,0x2f,0x40,0x27fee8f,0xcb0]
[trap] num=92 (0x5c) pc=0x1801180d8 args=[0x3,0x32,0x27fe348,0x1000007a8,0x2f,0x40,0x27fee8f,0xcb0]
[trap] num=6 (0x6) pc=0x180116750 args=[0x3,0x32,0x27fe348,0x1000007a8,0x2f,0x40,0x27fee8f,0xcb0]
[trap] num=338 (0x152) pc=0x180116c48 args=[0x1000007a8,0x27fde80,0x27fdf80,0x27fdf68,0x1000007b2,0x1801ac864,0x27fe6c8,0xcb0]
[trap] num=338 (0x152) pc=0x180116c48 args=[0x1000007a8,0x27fd790,0x1000007a8,0x27fd924,0x27fd918,0x27fd8f0,0x0,0x27fda60]
[trap] num=5 (0x5) pc=0x180119f50 args=[0x1000007a8,0x0,0x0,0x27fd924,0x27fd918,0x27fd8f0,0x0,0x27fda60]
[trap] num=197 (0xc5) pc=0x180119190 args=[0x0,0x9e9b0,0x1,0x40002,0x3,0x0,0x0,0x27fda60]
[trap] num=92 (0x5c) pc=0x1801180d8 args=[0x3,0x32,0x27fda60,0x40002,0x3,0x0,0x0,0x27fda60]
[trap] num=92 (0x5c) pc=0x1801180d8 args=[0x3,0x61,0x27fd7e0,0x0,0x0,0x0,0x0,0x4c10]
[trap] num=73 (0x49) pc=0x18011823c args=[0xa0c890000,0x9e9b0,0x9e9b0,0x0,0x0,0x0,0x0,0x0]
[trap] num=197 (0xc5) pc=0x180119190 args=[0x0,0x9e9b0,0x1,0x40002,0x3,0x0,0x0,0x0]
[trap] num=339 (0x153) pc=0x1801195b8 args=[0x3,0x27fd060,0x27fd060,0x27fda60,0x27fd9fc,0x27fd990,0x0,0x27fd830]
[trap] num=153 (0x99) pc=0x180117f04 args=[0x3,0x27fd0cc,0x1c,0x0,0x0,0x27fd990,0x0,0x27fd830]
[trap] num=153 (0x99) pc=0x180117f04 args=[0x3,0x27fcac0,0x600,0x0,0x0,0x27fd990,0x0,0x27fd830]
[trap] num=92 (0x5c) pc=0x1801180d8 args=[0x3,0x61,0x27fd0b0,0x0,0x0,0x0,0x0,0x4c10]
[trap] num=92 (0x5c) pc=0x1801180d8 args=[0x3,0x62,0x27fd1d8,0x27fd1d8,0x0,0x0,0x0,0x0]
[trap] num=-10 (0xfffffffffffffff6) pc=0x180115588 args=[0x203,0x27fd0d0,0xa4000,0x1,0x0,0x0,0x0,0x0]
[trap] num=197 (0xc5) pc=0x180119190 args=[0xa0c9d0000,0x88000,0x5,0x40012,0x3,0x0,0x0,0x0]
[trap] num=197 (0xc5) pc=0x180119190 args=[0xa0ca58000,0x4000,0x3,0x40012,0x3,0x88000,0x88000,0x0]
[trap] num=197 (0xc5) pc=0x180119190 args=[0xa0ca60000,0x14000,0x1,0x40012,0x3,0x8c000,0x8c000,0x0]
[trap] num=73 (0x49) pc=0x18011823c args=[0xa0c930000,0x9e9b0,0x9e9b0,0xfffffffffffffffa,0x6f,0x75,0x0,0x590]
[trap] num=6 (0x6) pc=0x180116750 args=[0x3,0x9e9b0,0x9e9b0,0xfffffffffffffffa,0x6f,0x75,0x0,0x590]
[trap] num=5 (0x5) pc=0x180119f50 args=[0x1000007f0,0x0,0x0,0x1000007f0,0x2f,0x40,0x27fee8f,0x6d0]
[trap] num=92 (0x5c) pc=0x1801180d8 args=[0x3,0x32,0x27fe348,0x1000007f0,0x2f,0x40,0x27fee8f,0x6d0]
[trap] num=6 (0x6) pc=0x180116750 args=[0x3,0x32,0x27fe348,0x1000007f0,0x2f,0x40,0x27fee8f,0x6d0]
[trap] num=338 (0x152) pc=0x180116c48 args=[0x1000007f0,0x27fde80,0x27fdf80,0x27fdf68,0x1000007fa,0x1801ac864,0x27fe6c8,0xb70]
[trap] num=338 (0x152) pc=0x180116c48 args=[0x1000007f0,0x27fd790,0x1000007f0,0x27fd924,0x27fd918,0x27fd8f0,0x0,0x27fda60]
[trap] num=5 (0x5) pc=0x180119f50 args=[0x1000007f0,0x0,0x0,0x27fd924,0x27fd918,0x27fd8f0,0x0,0x27fda60]
[trap] num=197 (0xc5) pc=0x180119190 args=[0x0,0x4a19c0,0x1,0x40002,0x3,0x0,0x0,0x27fda60]
[trap] num=92 (0x5c) pc=0x1801180d8 args=[0x3,0x32,0x27fda60,0x40002,0x3,0x0,0x0,0x27fda60]
[trap] num=92 (0x5c) pc=0x1801180d8 args=[0x3,0x61,0x27fd7e0,0x0,0x0,0x0,0x0,0x9400]
[trap] num=73 (0x49) pc=0x18011823c args=[0xa0ca74000,0x4a19c0,0x4a19c0,0x0,0x0,0x0,0x0,0x0]
[trap] num=197 (0xc5) pc=0x180119190 args=[0x0,0x4a19c0,0x1,0x40002,0x3,0x0,0x0,0x0]
[trap] num=339 (0x153) pc=0x1801195b8 args=[0x3,0x27fd060,0x27fd060,0x27fda60,0x27fd9fc,0x27fd990,0x0,0x27fd830]
[trap] num=153 (0x99) pc=0x180117f04 args=[0x3,0x27fd0cc,0x1c,0x0,0x0,0x27fd990,0x0,0x27fd830]
[trap] num=153 (0x99) pc=0x180117f04 args=[0x3,0x27fca30,0x688,0x0,0x0,0x27fd990,0x0,0x27fd830]
[trap] num=92 (0x5c) pc=0x1801180d8 args=[0x3,0x61,0x27fd0b0,0x0,0x0,0x0,0x0,0x9400]
[trap] num=92 (0x5c) pc=0x1801180d8 args=[0x3,0x62,0x27fd1d8,0x27fd1d8,0x0,0x0,0x0,0x0]
[trap] num=-10 (0xfffffffffffffff6) pc=0x180115588 args=[0x203,0x27fd0d0,0x4a4000,0x1,0x0,0x0,0x0,0x0]
[trap] num=197 (0xc5) pc=0x180119190 args=[0xa0d3bc000,0x340000,0x5,0x40012,0x3,0x0,0x0,0x0]
[trap] num=197 (0xc5) pc=0x180119190 args=[0xa0d6fc000,0x78000,0x3,0x40012,0x3,0x340000,0x340000,0x0]
[trap] num=197 (0xc5) pc=0x180119190 args=[0xa0d774000,0x4000,0x3,0x40012,0x3,0x3b8000,0x3b8000,0x0]
[trap] num=197 (0xc5) pc=0x180119190 args=[0xa0d778000,0xe8000,0x1,0x40012,0x3,0x3bc000,0x3bc000,0x0]
[trap] num=73 (0x49) pc=0x18011823c args=[0xa0cf18000,0x4a19c0,0x4a19c0,0xfffffffffffffffa,0x6f,0x75,0x0,0x590]
[trap] num=6 (0x6) pc=0x180116750 args=[0x3,0x4a19c0,0x4a19c0,0xfffffffffffffffa,0x6f,0x75,0x0,0x590]
[trap] num=5 (0x5) pc=0x180119f50 args=[0x100000840,0x0,0x0,0x100000840,0x2f,0x40,0x27fee8f,0x6d0]
[trap] num=92 (0x5c) pc=0x1801180d8 args=[0x3,0x32,0x27fe348,0x100000840,0x2f,0x40,0x27fee8f,0x6d0]
[trap] num=6 (0x6) pc=0x180116750 args=[0x3,0x32,0x27fe348,0x100000840,0x2f,0x40,0x27fee8f,0x6d0]
[trap] num=338 (0x152) pc=0x180116c48 args=[0x100000840,0x27fde80,0x27fdf80,0x27fdf68,0x10000084a,0x1801ac864,0x27fe6c8,0xac0]
[trap] num=338 (0x152) pc=0x180116c48 args=[0x100000840,0x27fd790,0x100000840,0x27fd924,0x27fd918,0x27fd8f0,0x0,0x27fda60]
[trap] num=5 (0x5) pc=0x180119f50 args=[0x100000840,0x0,0x0,0x27fd924,0x27fd918,0x27fd8f0,0x0,0x27fda60]
[trap] num=197 (0xc5) pc=0x180119190 args=[0x0,0xd4e90,0x1,0x40002,0x3,0x0,0x0,0x27fda60]
[trap] num=92 (0x5c) pc=0x1801180d8 args=[0x3,0x32,0x27fda60,0x40002,0x3,0x0,0x0,0x27fda60]
[trap] num=92 (0x5c) pc=0x1801180d8 args=[0x3,0x61,0x27fd7e0,0x0,0x0,0x0,0x0,0x1b60]
[trap] num=73 (0x49) pc=0x18011823c args=[0xa0d860000,0xd4e90,0xd4e90,0x0,0x0,0x0,0x0,0x0]
[trap] num=197 (0xc5) pc=0x180119190 args=[0x0,0xd4e90,0x1,0x40002,0x3,0x0,0x0,0x0]
[trap] num=339 (0x153) pc=0x1801195b8 args=[0x3,0x27fd060,0x27fd060,0x27fda60,0x27fd9fc,0x27fd990,0x0,0x27fd830]
[trap] num=153 (0x99) pc=0x180117f04 args=[0x3,0x27fd0cc,0x1c,0x0,0x0,0x27fd990,0x0,0x27fd830]
[trap] num=153 (0x99) pc=0x180117f04 args=[0x3,0x27fcad0,0x5e8,0x0,0x0,0x27fd990,0x0,0x27fd830]
[trap] num=92 (0x5c) pc=0x1801180d8 args=[0x3,0x61,0x27fd0b0,0x0,0x0,0x0,0x0,0x1b60]
[trap] num=92 (0x5c) pc=0x1801180d8 args=[0x3,0x62,0x27fd1d8,0x27fd1d8,0x0,0x0,0x0,0x0]
[trap] num=-10 (0xfffffffffffffff6) pc=0x180115588 args=[0x203,0x27fd0d0,0xdc000,0x1,0x0,0x0,0x0,0x0]
[trap] num=197 (0xc5) pc=0x180119190 args=[0xa0da10000,0x90000,0x5,0x40012,0x3,0x0,0x0,0x0]
[trap] num=197 (0xc5) pc=0x180119190 args=[0xa0daa0000,0xc000,0x3,0x40012,0x3,0x90000,0x90000,0x0]
[trap] num=197 (0xc5) pc=0x180119190 args=[0xa0daac000,0x4000,0x3,0x40012,0x3,0x9c000,0x9c000,0x0]
[trap] num=197 (0xc5) pc=0x180119190 args=[0xa0dab0000,0x3c000,0x1,0x40012,0x3,0xa0000,0xa0000,0x0]
[trap] num=73 (0x49) pc=0x18011823c args=[0xa0d938000,0xd4e90,0xd4e90,0xfffffffffffffffa,0x6f,0x75,0x62696c79642e33,0x590]
[trap] num=6 (0x6) pc=0x180116750 args=[0x3,0xd4e90,0xd4e90,0xfffffffffffffffa,0x6f,0x75,0x62696c79642e33,0x590]
[trap] num=5 (0x5) pc=0x180119f50 args=[0x100000888,0x0,0x0,0x100000888,0x2f,0x40,0x27fee8f,0x1a0]
[trap] num=92 (0x5c) pc=0x1801180d8 args=[0x3,0x32,0x27fe348,0x100000888,0x2f,0x40,0x27fee8f,0x1a0]
[trap] num=6 (0x6) pc=0x180116750 args=[0x3,0x32,0x27fe348,0x100000888,0x2f,0x40,0x27fee8f,0x1a0]
[trap] num=338 (0x152) pc=0x180116c48 args=[0x100000888,0x27fde80,0x27fdf80,0x27fdf68,0x100000892,0x1801ac864,0x27fe6c8,0x1a0]
[trap] num=338 (0x152) pc=0x180116c48 args=[0x100000888,0x27fd790,0x100000888,0x27fd924,0x27fd918,0x27fd8f0,0x0,0x27fda60]
[trap] num=5 (0x5) pc=0x180119f50 args=[0x100000888,0x0,0x0,0x27fd924,0x27fd918,0x27fd8f0,0x0,0x27fda60]
[trap] num=197 (0xc5) pc=0x180119190 args=[0x0,0x305810,0x1,0x40002,0x3,0x0,0x0,0x27fda60]
[trap] num=92 (0x5c) pc=0x1801180d8 args=[0x3,0x32,0x27fda60,0x40002,0x3,0x0,0x0,0x27fda60]
[trap] num=92 (0x5c) pc=0x1801180d8 args=[0x3,0x61,0x27fd7e0,0x0,0x0,0x0,0x0,0x5f30]
[trap] num=73 (0x49) pc=0x18011823c args=[0xa0daec000,0x305810,0x305810,0x0,0x0,0x0,0x0,0x0]
[trap] num=197 (0xc5) pc=0x180119190 args=[0x0,0x305810,0x1,0x40002,0x3,0x0,0x0,0x0]
[trap] num=339 (0x153) pc=0x1801195b8 args=[0x3,0x27fd060,0x27fd060,0x27fda60,0x27fd9fc,0x27fd990,0x0,0x27fd830]
[trap] num=153 (0x99) pc=0x180117f04 args=[0x3,0x27fd0cc,0x1c,0x0,0x0,0x27fd990,0x0,0x27fd830]
[trap] num=153 (0x99) pc=0x180117f04 args=[0x3,0x27fc990,0x730,0x0,0x0,0x27fd990,0x0,0x27fd830]
[trap] num=92 (0x5c) pc=0x1801180d8 args=[0x3,0x61,0x27fd0b0,0x0,0x0,0x0,0x0,0x5f30]
[trap] num=92 (0x5c) pc=0x1801180d8 args=[0x3,0x62,0x27fd1d8,0x27fd1d8,0x0,0x0,0x0,0x0]
[trap] num=-10 (0xfffffffffffffff6) pc=0x180115588 args=[0x203,0x27fd0d0,0x308000,0x1,0x0,0x0,0x0,0x0]
[trap] num=197 (0xc5) pc=0x180119190 args=[0xa0e0fc000,0x1b4000,0x5,0x40012,0x3,0x0,0x0,0x0]
[trap] num=197 (0xc5) pc=0x180119190 args=[0xa0e2b0000,0x14000,0x3,0x40012,0x3,0x1b4000,0x1b4000,0x0]
[trap] num=197 (0xc5) pc=0x180119190 args=[0xa0e2c4000,0x4000,0x3,0x40012,0x3,0x1c8000,0x1c8000,0x0]
[trap] num=197 (0xc5) pc=0x180119190 args=[0xa0e2c8000,0x13c000,0x1,0x40012,0x3,0x1cc000,0x1cc000,0x0]
[trap] num=73 (0x49) pc=0x18011823c args=[0xa0ddf4000,0x305810,0x305810,0xfffffffffffffffa,0x6f,0x75,0x0,0x590]
[trap] num=6 (0x6) pc=0x180116750 args=[0x3,0x305810,0x305810,0xfffffffffffffffa,0x6f,0x75,0x0,0x590]
[trap] num=5 (0x5) pc=0x180119f50 args=[0x1000008d8,0x0,0x0,0x1000008d8,0x2f,0x40,0x27fee8f,0xf60]
[trap] num=92 (0x5c) pc=0x1801180d8 args=[0x3,0x32,0x27fe348,0x1000008d8,0x2f,0x40,0x27fee8f,0xf60]
[trap] num=6 (0x6) pc=0x180116750 args=[0x3,0x32,0x27fe348,0x1000008d8,0x2f,0x40,0x27fee8f,0xf60]
[trap] num=338 (0x152) pc=0x180116c48 args=[0x1000008d8,0x27fde80,0x27fdf80,0x27fdf68,0x1000008e2,0x1801ac864,0x27fe6c8,0xf60]
[trap] num=338 (0x152) pc=0x180116c48 args=[0x1000008d8,0x27fd790,0x1000008d8,0x27fd924,0x27fd918,0x27fd8f0,0x0,0x27fda60]
[trap] num=5 (0x5) pc=0x180119f50 args=[0x1000008d8,0x0,0x0,0x27fd924,0x27fd918,0x27fd8f0,0x0,0x27fda60]
[trap] num=197 (0xc5) pc=0x180119190 args=[0x0,0x1c7b60,0x1,0x40002,0x3,0x0,0x0,0x27fda60]
[trap] num=92 (0x5c) pc=0x1801180d8 args=[0x3,0x32,0x27fda60,0x40002,0x3,0x0,0x0,0x27fda60]
[trap] num=92 (0x5c) pc=0x1801180d8 args=[0x3,0x61,0x27fd7e0,0x0,0x0,0x0,0x0,0x5550]
[trap] num=73 (0x49) pc=0x18011823c args=[0xa0e404000,0x1c7b60,0x1c7b60,0x0,0x0,0x0,0x0,0x0]
[trap] num=197 (0xc5) pc=0x180119190 args=[0x0,0x1c7b60,0x1,0x40002,0x3,0x0,0x0,0x0]
[trap] num=339 (0x153) pc=0x1801195b8 args=[0x3,0x27fd060,0x27fd060,0x27fda60,0x27fd9fc,0x27fd990,0x0,0x27fd830]
[trap] num=153 (0x99) pc=0x180117f04 args=[0x3,0x27fd0cc,0x1c,0x0,0x0,0x27fd990,0x0,0x27fd830]
[trap] num=153 (0x99) pc=0x180117f04 args=[0x3,0x27fc9c0,0x6f8,0x0,0x0,0x27fd990,0x0,0x27fd830]
[trap] num=92 (0x5c) pc=0x1801180d8 args=[0x3,0x61,0x27fd0b0,0x0,0x0,0x0,0x0,0x5550]
[trap] num=92 (0x5c) pc=0x1801180d8 args=[0x3,0x62,0x27fd1d8,0x27fd1d8,0x0,0x0,0x0,0x0]
[trap] num=-10 (0xfffffffffffffff6) pc=0x180115588 args=[0x203,0x27fd0d0,0x1cc000,0x1,0x0,0x0,0x0,0x0]
[trap] num=197 (0xc5) pc=0x180119190 args=[0xa0e794000,0x140000,0x5,0x40012,0x3,0x0,0x0,0x0]
[trap] num=197 (0xc5) pc=0x180119190 args=[0xa0e8d4000,0x14000,0x3,0x40012,0x3,0x140000,0x140000,0x0]
[trap] num=197 (0xc5) pc=0x180119190 args=[0xa0e8ec000,0x74000,0x1,0x40012,0x3,0x154000,0x154000,0x0]
[trap] num=73 (0x49) pc=0x18011823c args=[0xa0e5cc000,0x1c7b60,0x1c7b60,0xfffffffffffffffa,0x6f,0x75,0x0,0x590]
[trap] num=6 (0x6) pc=0x180116750 args=[0x3,0x1c7b60,0x1c7b60,0xfffffffffffffffa,0x6f,0x75,0x0,0x590]
[trap] num=338 (0x152) pc=0x180116c48 args=[0x100000928,0x27fde80,0x27fdf80,0x27fdf68,0x100000932,0x1801ac864,0x6e,0x690]
[trap] num=-10 (0xfffffffffffffff6) pc=0x180115588 args=[0x203,0x27fde40,0x4000,0x3c000001,0x100000932,0x1801ac864,0x6e,0x690]
[trap] num=338 (0x152) pc=0x180116c48 args=[0x27fe470,0x27fde00,0x27fdf00,0x27fdee8,0x27fe49e,0x1801ac864,0x0,0xae0]
[trap] num=-12 (0xfffffffffffffff4) pc=0x1801155a0 args=[0x203,0xa0e960000,0x4000,0x1a0500,0x0,0x0,0x0,0x140]
[trap] num=338 (0x152) pc=0x180116c48 args=[0x100000990,0x27fde80,0x27fdf80,0x27fdf68,0x10000099a,0x1801ac864,0x7974697275636553,0xae0]
[trap] num=-10 (0xfffffffffffffff6) pc=0x180115588 args=[0x203,0x27fde40,0x4000,0x3c000001,0x10000099a,0x1801ac864,0x7974697275636553,0xae0]
[trap] num=338 (0x152) pc=0x180116c48 args=[0x27fe480,0x27fde10,0x27fdf10,0x27fdef8,0x27fe4ae,0x1801ac864,0x0,0xae0]
[trap] num=-12 (0xfffffffffffffff4) pc=0x1801155a0 args=[0x203,0xa0e964000,0x4000,0x1a0500,0x0,0x0,0x0,0xbc0]
[trap] num=338 (0x152) pc=0x180116c48 args=[0x1000009f0,0x27fde80,0x27fdf80,0x27fdf68,0x75,0x6f,0x27fe6c8,0xae0]
[trap] num=-10 (0xfffffffffffffff6) pc=0x180115588 args=[0x203,0x27fde40,0x4000,0x3c000001,0x75,0x6f,0x27fe6c8,0xae0]
[trap] num=338 (0x152) pc=0x180116c48 args=[0x27fe4a0,0x27fde30,0x27fdf30,0x27fdf18,0x27fe4b4,0x1ec445294,0x62696c79642e31,0xae0]
[trap] num=-12 (0xfffffffffffffff4) pc=0x1801155a0 args=[0x203,0xa0e968000,0x4000,0x1a0500,0x0,0x0,0x62696c79642e31,0xbc0]
[trap] num=338 (0x152) pc=0x180116c48 args=[0x100000a20,0x27fde80,0x27fdf80,0x27fdf68,0x100000a2a,0x1801ac864,0x27fe6c8,0xae0]
[trap] num=-10 (0xfffffffffffffff6) pc=0x180115588 args=[0x203,0x27fde40,0x4000,0x3c000001,0x100000a2a,0x1801ac864,0x27fe6c8,0xae0]
[trap] num=338 (0x152) pc=0x180116c48 args=[0x27fe4a0,0x27fde30,0x27fdf30,0x27fdf18,0x27fe4ce,0x1801ac864,0x0,0xae0]
[trap] num=-12 (0xfffffffffffffff4) pc=0x1801155a0 args=[0x203,0xa0e96c000,0x4000,0x1a0500,0x0,0x0,0x0,0xbc0]
[trap] num=338 (0x152) pc=0x180116c48 args=[0xa07d70810,0x27fddb0,0x27fdeb0,0x27fde98,0xa07d7081a,0x1801ac864,0x6e,0xae0]
[M28 BANDSHRINK] syscall 338 band past ipa 0xa07d70810 len 65536 shrunk 64 -> 0 by an overlapping window of the same call
[trap] num=-10 (0xfffffffffffffff6) pc=0x180115588 args=[0x203,0x27fdd70,0x4000,0x3c000001,0xa07d7081a,0x1801ac864,0x6e,0xae0]
[trap] num=338 (0x152) pc=0x180116c48 args=[0x27fe3a0,0x27fdd30,0x27fde30,0x27fde18,0x27fe3ce,0x1801ac864,0x0,0xae0]
[trap] num=-12 (0xfffffffffffffff4) pc=0x1801155a0 args=[0x203,0xa0e970000,0x4000,0x1a0500,0x0,0x0,0x0,0xbc0]
[trap] num=338 (0x152) pc=0x180116c48 args=[0xa07d70878,0x27fddb0,0x27fdeb0,0x27fde98,0x75,0x6f,0x27fe5f8,0x900]
[trap] num=-10 (0xfffffffffffffff6) pc=0x180115588 args=[0x203,0x27fdd70,0x4000,0x3c000001,0x75,0x6f,0x27fe5f8,0x900]
[trap] num=338 (0x152) pc=0x180116c48 args=[0x27fe3d0,0x27fdd60,0x27fde60,0x27fde48,0x27fe3e4,0x1ec445294,0x0,0xae0]
[trap] num=-12 (0xfffffffffffffff4) pc=0x1801155a0 args=[0x203,0xa0e974000,0x4000,0x1a0500,0x0,0x0,0x0,0xbc0]
[trap] num=338 (0x152) pc=0x180116c48 args=[0xa07d70e18,0x27fddb0,0x27fdeb0,0x27fde98,0xa07d70e22,0x1801ac864,0x7974697275636553,0x1a0]
[M28 BANDSHRINK] syscall 338 band past ipa 0xa07d70e18 len 65536 shrunk 64 -> 0 by an overlapping window of the same call
[trap] num=-10 (0xfffffffffffffff6) pc=0x180115588 args=[0x203,0x27fdd70,0x4000,0x3c000001,0xa07d70e22,0x1801ac864,0x7974697275636553,0x1a0]
[trap] num=338 (0x152) pc=0x180116c48 args=[0x27fe3b0,0x27fdd40,0x27fde40,0x27fde28,0x27fe3de,0x1801ac864,0x0,0xae0]
[trap] num=-12 (0xfffffffffffffff4) pc=0x1801155a0 args=[0x203,0xa0e978000,0x4000,0x1a0500,0x0,0x0,0x0,0x140]
[trap] num=338 (0x152) pc=0x180116c48 args=[0xa07d70e78,0x27fddb0,0x27fdeb0,0x27fde98,0x75,0x6f,0x27fe5f8,0x900]
[trap] num=-10 (0xfffffffffffffff6) pc=0x180115588 args=[0x203,0x27fdd70,0x4000,0x3c000001,0x75,0x6f,0x27fe5f8,0x900]
[trap] num=338 (0x152) pc=0x180116c48 args=[0x27fe3d0,0x27fdd60,0x27fde60,0x27fde48,0x27fe3e4,0x1ec445294,0x62696c79642e31,0xae0]
[trap] num=-12 (0xfffffffffffffff4) pc=0x1801155a0 args=[0x203,0xa0e97c000,0x4000,0x1a0500,0x0,0x0,0x62696c79642e31,0xbc0]
[trap] num=338 (0x152) pc=0x180116c48 args=[0xa07d70ea8,0x27fddb0,0x27fdeb0,0x27fde98,0xa07d70eb2,0x1801ac864,0x27fe5f8,0x900]
[M28 BANDSHRINK] syscall 338 band past ipa 0xa07d70ea8 len 65536 shrunk 64 -> 0 by an overlapping window of the same call
[trap] num=-10 (0xfffffffffffffff6) pc=0x180115588 args=[0x203,0x27fdd70,0x4000,0x3c000001,0xa07d70eb2,0x1801ac864,0x27fe5f8,0x900]
[trap] num=338 (0x152) pc=0x180116c48 args=[0x27fe3d0,0x27fdd60,0x27fde60,0x27fde48,0x27fe3fe,0x1801ac864,0x0,0xae0]
[trap] num=-12 (0xfffffffffffffff4) pc=0x1801155a0 args=[0x203,0xa0e980000,0x4000,0x1a0500,0x0,0x0,0x0,0xbc0]
[trap] num=5 (0x5) pc=0x180119f50 args=[0xa0bf78498,0x0,0x0,0xa0bf78498,0x40,0x2f,0x27fecef,0x670]
[trap] num=5 (0x5) pc=0x180119f50 args=[0x27fdd58,0x100000,0x0,0x27fdd77,0x40,0x2f,0x0,0x670]
[trap] num=338 (0x152) pc=0x180116c48 args=[0x27fded0,0x27fdbd0,0x27fdcd0,0x27fdcb8,0x27fdeda,0x1801ac864,0x0,0x780]
[trap] num=338 (0x152) pc=0x180116c48 args=[0x27fded0,0x27fd4e0,0x27fded0,0x27fd674,0x27fd668,0x27fd640,0x0,0x27fd7b0]
[trap] num=5 (0x5) pc=0x180119f50 args=[0x27fded0,0x0,0x0,0x27fd674,0x27fd668,0x27fd640,0x0,0x27fd7b0]
[trap] num=197 (0xc5) pc=0x180119190 args=[0x0,0x28d60,0x1,0x40002,0x3,0x0,0x0,0x27fd7b0]
[trap] num=92 (0x5c) pc=0x1801180d8 args=[0x3,0x32,0x27fd7b0,0x40002,0x3,0x0,0x0,0x27fd7b0]
[trap] num=92 (0x5c) pc=0x1801180d8 args=[0x3,0x61,0x27fd530,0x0,0x0,0x0,0x0,0x4880]
[trap] num=73 (0x49) pc=0x18011823c args=[0xa0e984000,0x28d60,0x28d60,0x0,0x0,0x0,0x0,0x0]
[trap] num=197 (0xc5) pc=0x180119190 args=[0x0,0x28d60,0x1,0x40002,0x3,0x0,0x0,0x0]
[trap] num=339 (0x153) pc=0x1801195b8 args=[0x3,0x27fcdd0,0x27fcdd0,0x27fd7b0,0x27fd74c,0x27fd6e0,0x0,0x27fd580]
[trap] num=153 (0x99) pc=0x180117f04 args=[0x3,0x27fce3c,0x1c,0x0,0x0,0x27fd6e0,0x0,0x27fd580]
[trap] num=153 (0x99) pc=0x180117f04 args=[0x3,0x27fc9b0,0x480,0x0,0x0,0x27fd6e0,0x0,0x27fd580]
[trap] num=92 (0x5c) pc=0x1801180d8 args=[0x3,0x61,0x27fce20,0x0,0x0,0x0,0x0,0x4880]
[trap] num=92 (0x5c) pc=0x1801180d8 args=[0x3,0x62,0x27fcf48,0x27fcf48,0x0,0x0,0x0,0x0]
[trap] num=-10 (0xfffffffffffffff6) pc=0x180115588 args=[0x203,0x27fce40,0x2c000,0x1,0x0,0x0,0x0,0x0]
[trap] num=197 (0xc5) pc=0x180119190 args=[0xa0e9dc000,0x20000,0x5,0x40012,0x3,0x0,0x0,0x0]
[trap] num=197 (0xc5) pc=0x180119190 args=[0xa0e9fc000,0x4000,0x3,0x40012,0x3,0x20000,0x20000,0x0]
[trap] num=197 (0xc5) pc=0x180119190 args=[0xa0ea00000,0x8000,0x1,0x40012,0x3,0x24000,0x24000,0x0]
[trap] num=73 (0x49) pc=0x18011823c args=[0xa0e9b0000,0x28d60,0x28d60,0x1ec4467ba,0xfffffffe163b6ff8,0x8,0x27fd1ef,0xba0]
[trap] num=6 (0x6) pc=0x180116750 args=[0x3,0x28d60,0x28d60,0x1ec4467ba,0xfffffffe163b6ff8,0x8,0x27fd1ef,0xba0]
[trap] num=5 (0x5) pc=0x180119f50 args=[0xa0c0d04e0,0x0,0x0,0xa0c0d04e0,0x40,0x2f,0x27fecef,0x840]
[trap] num=5 (0x5) pc=0x180119f50 args=[0x27fdd58,0x100000,0x0,0x27fdd77,0x40,0x2f,0x0,0x840]
[trap] num=338 (0x152) pc=0x180116c48 args=[0x27fded0,0x27fdbd0,0x27fdcd0,0x27fdcb8,0x27fdeda,0x1801ac864,0x0,0x820]
[trap] num=5 (0x5) pc=0x180119f50 args=[0xa0e0fc638,0x0,0x0,0xa0e0fc638,0x6c,0x72,0x27fecef,0x7b0]
[trap] num=5 (0x5) pc=0x180119f50 args=[0x27fdd58,0x100000,0x0,0x27fdd77,0x6c,0x72,0x0,0x7b0]
[trap] num=338 (0x152) pc=0x180116c48 args=[0x27fded0,0x27fdce0,0x27fdde0,0x27fddc8,0x27fdeda,0x1801ac864,0x0,0x830]
[trap] num=5 (0x5) pc=0x180119f50 args=[0xa0e0fc670,0x0,0x0,0xa0e0fc670,0x6c,0x72,0x27fecef,0x6d0]
[trap] num=5 (0x5) pc=0x180119f50 args=[0x27fdd58,0x100000,0x0,0x27fdd79,0x6c,0x72,0x0,0x6d0]
[trap] num=338 (0x152) pc=0x180116c48 args=[0x27fded0,0x27fdce0,0x27fdde0,0x27fddc8,0x27fdeda,0x1801ac864,0x0,0x830]
[trap] num=338 (0x152) pc=0x180116c48 args=[0x27fded0,0x27fd5f0,0x27fded0,0x27fd784,0x27fd778,0x27fd750,0x0,0x27fd8c0]
[trap] num=5 (0x5) pc=0x180119f50 args=[0x27fded0,0x0,0x0,0x27fd784,0x27fd778,0x27fd750,0x0,0x27fd8c0]
[trap] num=197 (0xc5) pc=0x180119190 args=[0x0,0x1fa8470,0x1,0x40002,0x3,0x0,0x0,0x27fd8c0]
[trap] num=92 (0x5c) pc=0x1801180d8 args=[0x3,0x32,0x27fd8c0,0x40002,0x3,0x0,0x0,0x27fd8c0]
[trap] num=92 (0x5c) pc=0x1801180d8 args=[0x3,0x61,0x27fd640,0x0,0x0,0x0,0x0,0x143f0]
[trap] num=73 (0x49) pc=0x18011823c args=[0xa0ea08000,0x1fa8470,0x1fa8470,0x0,0x0,0x0,0x0,0x0]
[trap] num=197 (0xc5) pc=0x180119190 args=[0x0,0x1fa8470,0x1,0x40002,0x3,0x0,0x0,0x0]
[trap] num=339 (0x153) pc=0x1801195b8 args=[0x3,0x27fcee0,0x27fcee0,0x27fd8c0,0x27fd85c,0x27fd7f0,0x0,0x27fd690]
[trap] num=153 (0x99) pc=0x180117f04 args=[0x3,0x27fcf4c,0x1c,0x0,0x0,0x27fd7f0,0x0,0x27fd690]
[trap] num=153 (0x99) pc=0x180117f04 args=[0x3,0x27fcbd0,0x370,0x0,0x0,0x27fd7f0,0x0,0x27fd690]
[trap] num=92 (0x5c) pc=0x1801180d8 args=[0x3,0x61,0x27fcf30,0x0,0x0,0x0,0x0,0x143f0]
[trap] num=92 (0x5c) pc=0x1801180d8 args=[0x3,0x62,0x27fd058,0x27fd058,0x0,0x0,0x0,0x0]
[trap] num=-10 (0xfffffffffffffff6) pc=0x180115588 args=[0x203,0x27fcf50,0x1fac000,0x1,0x0,0x0,0x0,0x0]
[trap] num=197 (0xc5) pc=0x180119190 args=[0xa12960000,0x1f94000,0x5,0x40012,0x3,0x0,0x0,0x0]
[trap] num=197 (0xc5) pc=0x180119190 args=[0xa148f4000,0x18000,0x1,0x40012,0x3,0x1f94000,0x1f94000,0x0]
[trap] num=73 (0x49) pc=0x18011823c args=[0xa109b4000,0x1fa8470,0x1fa8470,0x1ec446a25,0x8,0x41,0x0,0xba0]
[trap] num=6 (0x6) pc=0x180116750 args=[0x3,0x1fa8470,0x1fa8470,0x1ec446a25,0x8,0x41,0x0,0xba0]
[trap] num=5 (0x5) pc=0x180119f50 args=[0xa0e794638,0x0,0x0,0xa0e794638,0x6c,0x72,0x27fec1f,0xf20]
[trap] num=5 (0x5) pc=0x180119f50 args=[0x27fdc88,0x100000,0x0,0x27fdca9,0x6c,0x72,0x0,0xf20]
[trap] num=338 (0x152) pc=0x180116c48 args=[0x27fde00,0x27fdc10,0x27fdd10,0x27fdcf8,0x27fde0a,0x1801ac864,0x0,0x5e0]
[trap] num=5 (0x5) pc=0x180119f50 args=[0x1ec447880,0x0,0x0,0x0,0x0,0x27fcb08,0x1,0x27fca68]
[trap] num=381 (0x17d) pc=0x180119ecc args=[0x1801b7eb4,0x2,0x27fbd60,0xa,0x73,0x69,0x1,0x27fca68]
[trap] num=550 (0x226) pc=0x180119ef8 args=[0x27fbca0,0x1,0x27fbcd0,0x50,0x27fbd40,0x0,0x100000000,0x27fcb08]
[trap] num=6 (0x6) pc=0x180116750 args=[0x3,0x3,0x27fbd00,0x0,0x1,0x0,0x100000000,0x27fcb08]
[trap] num=74 (0x4a) pc=0x180119f24 args=[0x100008000,0x4000,0x1,0x1,0x8,0x0,0x100000000,0x27fcb08]
[trap] num=-10 (0xfffffffffffffff6) pc=0x180115588 args=[0x203,0x27fbf70,0x4000,0x3c000001,0x0,0x1,0x27fbce0,0x27fbd10]
[trap] num=-10 (0xfffffffffffffff6) pc=0x180115588 args=[0x203,0x27fbf70,0x8000,0x3c000001,0x1,0x1,0x27fbb38,0x0]
[trap] num=-12 (0xfffffffffffffff4) pc=0x1801155a0 args=[0x203,0xa1490c000,0x4000,0xa14913fc0,0xffffffffffffc000,0x20,0x27fbb38,0x0]
[trap] num=-14 (0xfffffffffffffff2) pc=0x1801155b8 args=[0x203,0x1e5908000,0x2324000,0x0,0x13,0x13,0x4,0x4000]
[trap] num=-14 (0xfffffffffffffff2) pc=0x1801155b8 args=[0x203,0x1edc84000,0x7b90000,0x0,0x13,0x13,0x5,0x6380000]
[trap] num=-14 (0xfffffffffffffff2) pc=0x1801155b8 args=[0x203,0x28f64c000,0x2c2c000,0x0,0x13,0x13,0x4,0x4000]
[trap] num=-14 (0xfffffffffffffff2) pc=0x1801155b8 args=[0x203,0x29a1cc000,0x5678000,0x0,0x13,0x13,0x5,0x8b84000]
[trap] num=-14 (0xfffffffffffffff2) pc=0x1801155b8 args=[0x203,0x2d0bac000,0x2a4000,0x0,0x13,0x13,0x4,0x4000]
[trap] num=-14 (0xfffffffffffffff2) pc=0x1801155b8 args=[0x203,0x2d361c000,0xac8000,0x0,0x13,0x13,0x5,0xa74000]
[trap] num=5 (0x5) pc=0x180119f50 args=[0x1ec447b48,0x0,0x0,0x0,0x0,0x27fcb08,0x1,0x27fca68]
[trap] num=381 (0x17d) pc=0x180119ecc args=[0x1801b7eb4,0x2,0x27fbd60,0xa,0x73,0x69,0x1,0x27fca68]
[trap] num=550 (0x226) pc=0x180119ef8 args=[0x27f4850,0x2,0x27f48a0,0x7480,0xa0762f764,0xc,0x18000000000008,0x27fcb08]
[trap] num=6 (0x6) pc=0x180116750 args=[0x3,0x3,0x27f495e,0x8,0x1,0xc,0x18000000000008,0x27fcb08]
[trap] num=74 (0x4a) pc=0x180119f24 args=[0xa09ce8000,0xe8000,0x1,0x1,0x0,0xc,0x18000000000008,0x27fcb08]
[trap] num=-12 (0xfffffffffffffff4) pc=0x1801155a0 args=[0x203,0xa14910000,0x8000,0xa,0x0,0xc,0x18000000000008,0x27fcb08]
[trap] num=5 (0x5) pc=0x180119f50 args=[0x1ec447d68,0x0,0x0,0x0,0x0,0x27fcb08,0x1,0x27fca68]
[trap] num=381 (0x17d) pc=0x180119ecc args=[0x1801b7eb4,0x2,0x27fbd60,0xa,0x73,0x69,0x1,0x27fca68]
[trap] num=550 (0x226) pc=0x180119ef8 args=[0x27fbc90,0x1,0x27fbcc0,0x60,0x27fbd40,0x0,0x100000000,0x27fcb08]
[trap] num=6 (0x6) pc=0x180116750 args=[0x3,0x3,0x27fbcf0,0x0,0x1,0x0,0x100000000,0x27fcb08]
[trap] num=74 (0x4a) pc=0x180119f24 args=[0xa0bc8c000,0x4000,0x1,0x1,0x0,0x0,0x100000000,0x27fcb08]
[trap] num=5 (0x5) pc=0x180119f50 args=[0x1ec447f98,0x0,0x0,0x0,0x0,0x27fcb08,0x1,0x27fca68]
[trap] num=381 (0x17d) pc=0x180119ecc args=[0x1801b7eb4,0x2,0x27fbd60,0xa,0x73,0x69,0x1,0x27fca68]
[trap] num=550 (0x226) pc=0x180119ef8 args=[0x27fb5b0,0x1,0x27fb5e0,0x738,0x1688,0x18,0x100000000,0x27fcb08]
[trap] num=6 (0x6) pc=0x180116750 args=[0x3,0x3,0x27fb610,0x0,0x1,0x18,0x10000100000000,0x27fcb08]
[trap] num=74 (0x4a) pc=0x180119f24 args=[0xa0bd1c000,0x4000,0x1,0x1,0x0,0x18,0x10000100000000,0x27fcb08]
[trap] num=5 (0x5) pc=0x180119f50 args=[0x1ec4481c0,0x0,0x0,0x0,0x0,0x27fcb08,0x1,0x27fca68]
[trap] num=381 (0x17d) pc=0x180119ecc args=[0x1801b7eb4,0x2,0x27fbd60,0xa,0x73,0x69,0x1,0x27fca68]
[trap] num=550 (0x226) pc=0x180119ef8 args=[0x27fba10,0x1,0x27fba40,0x2d8,0x1228,0x18,0x100000000,0x27fcb08]
[trap] num=6 (0x6) pc=0x180116750 args=[0x3,0x3,0x27fba70,0x0,0x1,0x18,0x100000000,0x27fcb08]
[trap] num=74 (0x4a) pc=0x180119f24 args=[0xa0bed0000,0x4000,0x1,0x1,0x0,0x18,0x100000000,0x27fcb08]
[trap] num=5 (0x5) pc=0x180119f50 args=[0x1ec4483f0,0x0,0x0,0x0,0x0,0x27fcb08,0x1,0x27fca68]
[trap] num=381 (0x17d) pc=0x180119ecc args=[0x1801b7eb4,0x2,0x27fbd60,0xa,0x73,0x69,0x1,0x27fca68]
[trap] num=550 (0x226) pc=0x180119ef8 args=[0x27fbbb0,0x1,0x27fbbe0,0x138,0x1088,0x18,0x100000000,0x27fcb08]
[trap] num=6 (0x6) pc=0x180116750 args=[0x3,0x3,0x27fbc10,0x0,0x1,0x18,0x100000000,0x27fcb08]
[trap] num=74 (0x4a) pc=0x180119f24 args=[0xa0bf38000,0x4000,0x1,0x1,0x0,0x18,0x100000000,0x27fcb08]
[trap] num=5 (0x5) pc=0x180119f50 args=[0x1ec448630,0x0,0x0,0x0,0x0,0x27fcb08,0x1,0x27fca68]
[trap] num=381 (0x17d) pc=0x180119ecc args=[0x1801b7eb4,0x2,0x27fbd60,0xa,0x73,0x69,0x1,0x27fca68]
[trap] num=550 (0x226) pc=0x180119ef8 args=[0x27fbc20,0x1,0x27fbc50,0xc8,0x1018,0x8,0x100000000,0x27fcb08]
[trap] num=6 (0x6) pc=0x180116750 args=[0x3,0x3,0x27fbc80,0x0,0x1,0x8,0x100000000,0x27fcb08]
[trap] num=74 (0x4a) pc=0x180119f24 args=[0xa0bf84000,0x4000,0x1,0x1,0x0,0x8,0x100000000,0x27fcb08]
[trap] num=5 (0x5) pc=0x180119f50 args=[0x1ec448860,0x0,0x0,0x0,0x0,0x27fcb08,0x1,0x27fca68]
[trap] num=381 (0x17d) pc=0x180119ecc args=[0x1801b7eb4,0x2,0x27fbd60,0xa,0x73,0x69,0x1,0x27fca68]
[trap] num=550 (0x226) pc=0x180119ef8 args=[0x27fbc20,0x1,0x27fbc50,0xd0,0x1018,0x8,0x100000000,0x27fcb08]
[trap] num=6 (0x6) pc=0x180116750 args=[0x3,0x3,0x27fbc80,0x0,0x1,0x8,0x100000000,0x27fcb08]
[trap] num=74 (0x4a) pc=0x180119f24 args=[0xa0c160000,0x4000,0x1,0x1,0x0,0x8,0x100000000,0x27fcb08]
[trap] num=5 (0x5) pc=0x180119f50 args=[0x1ec448a90,0x0,0x0,0x0,0x0,0x27fcb08,0x1,0x27fca68]
[trap] num=381 (0x17d) pc=0x180119ecc args=[0x1801b7eb4,0x2,0x27fbd60,0xa,0x73,0x69,0x1,0x27fca68]
[trap] num=550 (0x226) pc=0x180119ef8 args=[0x27fba00,0x1,0x27fba30,0x2f0,0x1238,0x8,0x100000000,0x27fcb08]
[trap] num=6 (0x6) pc=0x180116750 args=[0x3,0x3,0x27fba60,0x0,0x1,0x8,0x100000000,0x27fcb08]
[trap] num=74 (0x4a) pc=0x180119f24 args=[0xa0c20c000,0x4000,0x1,0x1,0x0,0x8,0x100000000,0x27fcb08]
[trap] num=5 (0x5) pc=0x180119f50 args=[0x1ec448cc0,0x0,0x0,0x0,0x0,0x27fcb08,0x1,0x27fca68]
[trap] num=381 (0x17d) pc=0x180119ecc args=[0x1801b7eb4,0x2,0x27fbd60,0xa,0x73,0x69,0x1,0x27fca68]
[trap] num=550 (0x226) pc=0x180119ef8 args=[0x27fbb90,0x1,0x27fbbc0,0x160,0x10a8,0x18,0x100000000,0x27fcb08]
[trap] num=6 (0x6) pc=0x180116750 args=[0x3,0x3,0x27fbbf0,0x0,0x1,0x18,0x100000000,0x27fcb08]
[trap] num=74 (0x4a) pc=0x180119f24 args=[0xa0c254000,0x4000,0x1,0x1,0x0,0x18,0x100000000,0x27fcb08]
[trap] num=5 (0x5) pc=0x180119f50 args=[0x1ec448ef8,0x0,0x0,0x0,0x0,0x27fcb08,0x1,0x27fca68]
[trap] num=381 (0x17d) pc=0x180119ecc args=[0x1801b7eb4,0x2,0x27fbd60,0xa,0x73,0x69,0x1,0x27fca68]
[trap] num=550 (0x226) pc=0x180119ef8 args=[0x27fbc10,0x1,0x27fbc40,0xe0,0x1028,0x18,0x100000000,0x27fcb08]
[trap] num=6 (0x6) pc=0x180116750 args=[0x3,0x3,0x27fbc70,0x0,0x1,0x18,0x10000100000000,0x27fcb08]
[trap] num=74 (0x4a) pc=0x180119f24 args=[0xa0c2e4000,0x4000,0x1,0x1,0x0,0x18,0x10000100000000,0x27fcb08]
[trap] num=5 (0x5) pc=0x180119f50 args=[0x1ec449128,0x0,0x0,0x0,0x0,0x27fcb08,0x1,0x27fca68]
[trap] num=381 (0x17d) pc=0x180119ecc args=[0x1801b7eb4,0x2,0x27fbd60,0xa,0x73,0x69,0x1,0x27fca68]
[trap] num=550 (0x226) pc=0x180119ef8 args=[0x27fbc10,0x1,0x27fbc40,0xe0,0x1028,0x18,0x100000000,0x27fcb08]
[trap] num=6 (0x6) pc=0x180116750 args=[0x3,0x3,0x27fbc70,0x0,0x1,0x18,0x8000100000000,0x27fcb08]
[trap] num=74 (0x4a) pc=0x180119f24 args=[0xa0c380000,0x4000,0x1,0x1,0x0,0x18,0x8000100000000,0x27fcb08]
[trap] num=5 (0x5) pc=0x180119f50 args=[0x1ec449358,0x0,0x0,0x0,0x0,0x27fcb08,0x1,0x27fca68]
[trap] num=381 (0x17d) pc=0x180119ecc args=[0x1801b7eb4,0x2,0x27fbd60,0xa,0x73,0x69,0x1,0x27fca68]
[trap] num=550 (0x226) pc=0x180119ef8 args=[0x27fbc00,0x1,0x27fbc30,0xf0,0x1038,0x8,0x100000000,0x27fcb08]
[trap] num=6 (0x6) pc=0x180116750 args=[0x3,0x3,0x27fbc60,0x0,0x1,0x8,0x18000100000000,0x27fcb08]
[trap] num=74 (0x4a) pc=0x180119f24 args=[0xa0c480000,0x4000,0x1,0x1,0x0,0x8,0x18000100000000,0x27fcb08]
[trap] num=5 (0x5) pc=0x180119f50 args=[0x1ec449590,0x0,0x0,0x0,0x0,0x27fcb08,0x1,0x27fca68]
[trap] num=381 (0x17d) pc=0x180119ecc args=[0x1801b7eb4,0x2,0x27fbd60,0xa,0x73,0x69,0x1,0x27fca68]
[trap] num=550 (0x226) pc=0x180119ef8 args=[0x27fb8f0,0x2,0x27fb940,0x3d8,0x1308,0x18,0x0,0x27fcb08]
[trap] num=6 (0x6) pc=0x180116750 args=[0x3,0x3,0x27fb98c,0x1,0x1,0x18,0x0,0x27fcb08]
[trap] num=74 (0x4a) pc=0x180119f24 args=[0xa0c81c000,0x4000,0x1,0x1,0x0,0x18,0x0,0x27fcb08]
[trap] num=5 (0x5) pc=0x180119f50 args=[0x1ec4497c0,0x0,0x0,0x0,0x0,0x27fcb08,0x1,0x27fca68]
[trap] num=381 (0x17d) pc=0x180119ecc args=[0x1801b7eb4,0x2,0x27fbd60,0xa,0x73,0x69,0x1,0x27fca68]
[trap] num=550 (0x226) pc=0x180119ef8 args=[0x27fba00,0x1,0x27fba30,0x2f0,0x1238,0x8,0x100000000,0x27fcb08]
[trap] num=6 (0x6) pc=0x180116750 args=[0x3,0x3,0x27fba60,0x0,0x1,0x8,0x100000000,0x27fcb08]
[trap] num=74 (0x4a) pc=0x180119f24 args=[0xa0c880000,0x4000,0x1,0x1,0x0,0x8,0x100000000,0x27fcb08]
[trap] num=5 (0x5) pc=0x180119f50 args=[0x1ec4499e8,0x0,0x0,0x0,0x0,0x27fcb08,0x1,0x27fca68]
[trap] num=381 (0x17d) pc=0x180119ecc args=[0x1801b7eb4,0x2,0x27fbd60,0xa,0x73,0x69,0x1,0x27fca68]
[trap] num=550 (0x226) pc=0x180119ef8 args=[0x27fbbb0,0x1,0x27fbbe0,0x140,0x1088,0x18,0x100000000,0x27fcb08]
[trap] num=6 (0x6) pc=0x180116750 args=[0x3,0x3,0x27fbc10,0x0,0x1,0x18,0x100000000,0x27fcb08]
[trap] num=74 (0x4a) pc=0x180119f24 args=[0xa0ca58000,0x4000,0x1,0x1,0x0,0x18,0x100000000,0x27fcb08]
[trap] num=5 (0x5) pc=0x180119f50 args=[0x1ec449c18,0x0,0x0,0x0,0x0,0x27fcb08,0x1,0x27fca68]
[trap] num=381 (0x17d) pc=0x180119ecc args=[0x1801b7eb4,0x2,0x27fbd60,0xa,0x73,0x69,0x1,0x27fca68]
[trap] num=550 (0x226) pc=0x180119ef8 args=[0x27fb770,0x1,0x27fb7a0,0x580,0xa0af7c868,0x10,0x27fbf78,0x27fcb08]
[trap] num=6 (0x6) pc=0x180116750 args=[0x3,0x3,0x27fb810,0x0,0x1,0x18,0x8000100000000,0x27fcb08]
[trap] num=74 (0x4a) pc=0x180119f24 args=[0xa0d6fc000,0x78000,0x1,0x1,0x0,0x18,0x8000100000000,0x27fcb08]
[trap] num=-10 (0xfffffffffffffff6) pc=0x180115588 args=[0x203,0x27fbf70,0x4000,0x3c000001,0x0,0x1,0x27fbce0,0x27fbd10]
[trap] num=5 (0x5) pc=0x180119f50 args=[0x1ec449e50,0x0,0x0,0x0,0x0,0x27fcb08,0x1,0x27fca68]
[trap] num=381 (0x17d) pc=0x180119ecc args=[0x1801b7eb4,0x2,0x27fbd60,0xa,0x73,0x69,0x1,0x27fca68]
[trap] num=550 (0x226) pc=0x180119ef8 args=[0x27fa970,0x1,0x27fa9a0,0x1378,0xa1211d610,0x10,0x0,0x27fcb08]
[trap] num=6 (0x6) pc=0x180116750 args=[0x3,0x3,0x27fa9e0,0x0,0x1,0x8,0x8000100000000,0x27fcb08]
[trap] num=74 (0x4a) pc=0x180119f24 args=[0xa0daa0000,0xc000,0x1,0x1,0x0,0x8,0x8000100000000,0x27fcb08]
[trap] num=-12 (0xfffffffffffffff4) pc=0x1801155a0 args=[0x203,0xa14918000,0x4000,0xa,0x0,0x8,0x8000100000000,0x27fcb08]
[trap] num=-10 (0xfffffffffffffff6) pc=0x180115588 args=[0x203,0x27fbf70,0x4000,0x3c000001,0x0,0x1,0x27fbce0,0x27fbd10]
[trap] num=5 (0x5) pc=0x180119f50 args=[0x1ec44a090,0x0,0x0,0x0,0x0,0x27fcb08,0x1,0x27fca68]
[trap] num=381 (0x17d) pc=0x180119ecc args=[0x1801b7eb4,0x2,0x27fbd60,0xa,0x73,0x69,0x1,0x27fca68]
[trap] num=550 (0x226) pc=0x180119ef8 args=[0x27fa4d0,0x1,0x27fa500,0x1818,0xa12121ab0,0x10,0x8,0x27fcb08]
[trap] num=6 (0x6) pc=0x180116750 args=[0x3,0x3,0x27fa530,0x4,0x1,0x10,0x8,0x27fcb08]
[trap] num=74 (0x4a) pc=0x180119f24 args=[0xa0e2b0000,0x14000,0x1,0x1,0x0,0x10,0x8,0x27fcb08]
[trap] num=-12 (0xfffffffffffffff4) pc=0x1801155a0 args=[0x203,0xa1491c000,0x4000,0xa,0x0,0x10,0x8,0x27fcb08]
[trap] num=5 (0x5) pc=0x180119f50 args=[0x1ec44a2c8,0x0,0x0,0x0,0x0,0x27fcb08,0x1,0x27fca68]
[trap] num=381 (0x17d) pc=0x180119ecc args=[0x1801b7eb4,0x2,0x27fbd60,0xa,0x73,0x69,0x1,0x27fca68]
[trap] num=550 (0x226) pc=0x180119ef8 args=[0x27fba00,0x1,0x27fba30,0x2f0,0x1230,0x20,0xc80000,0x27fcb08]
[trap] num=6 (0x6) pc=0x180116750 args=[0x3,0x3,0x27fba60,0x4,0x1,0x20,0xc80000,0x27fcb08]
[trap] num=74 (0x4a) pc=0x180119f24 args=[0xa0e8d4000,0x14000,0x1,0x1,0x0,0x20,0xc80000,0x27fcb08]
[trap] num=5 (0x5) pc=0x180119f50 args=[0x1ec4467b8,0x0,0x0,0x0,0x0,0x27fcb08,0x1,0x27fca68]
[trap] num=381 (0x17d) pc=0x180119ecc args=[0x1801b7eb4,0x2,0x27fbd60,0xa,0x73,0x69,0x1,0x27fca68]
[trap] num=550 (0x226) pc=0x180119ef8 args=[0x27fbc90,0x1,0x27fbcc0,0x60,0x27fbd40,0x0,0x100000000,0x27fcb08]
[trap] num=6 (0x6) pc=0x180116750 args=[0x3,0x3,0x27fbcf0,0x0,0x1,0x0,0x100000000,0x27fcb08]
[trap] num=74 (0x4a) pc=0x180119f24 args=[0xa0e9fc000,0x4000,0x1,0x1,0x0,0x0,0x100000000,0x27fcb08]
[trap] num=5 (0x5) pc=0x180119f50 args=[0x1ec4469e8,0x0,0x0,0x0,0x0,0x27fcb08,0x1,0x27fca68]
[trap] num=381 (0x17d) pc=0x180119ecc args=[0x1801b7eb4,0x2,0x27fbd60,0xa,0x73,0x69,0x1,0x27fca68]
[trap] num=6 (0x6) pc=0x180116750 args=[0x3,0x3,0x27fbcef,0x2,0x8,0x69,0x1,0x27fca68]
[trap] num=-14 (0xfffffffffffffff2) pc=0x1801155b8 args=[0x203,0x1e5908000,0x2324000,0x0,0x1,0x1,0x4,0x4000]
[trap] num=-14 (0xfffffffffffffff2) pc=0x1801155b8 args=[0x203,0x1edc84000,0x7b90000,0x0,0x1,0x1,0x5,0x6380000]
[trap] num=-14 (0xfffffffffffffff2) pc=0x1801155b8 args=[0x203,0x28f64c000,0x2c2c000,0x0,0x1,0x1,0x4,0x4000]
[trap] num=-14 (0xfffffffffffffff2) pc=0x1801155b8 args=[0x203,0x29a1cc000,0x5678000,0x0,0x1,0x1,0x5,0x8b84000]
[trap] num=-14 (0xfffffffffffffff2) pc=0x1801155b8 args=[0x203,0x2d0bac000,0x2a4000,0x0,0x1,0x1,0x4,0x4000]
[trap] num=-14 (0xfffffffffffffff2) pc=0x1801155b8 args=[0x203,0x2d361c000,0xac8000,0x0,0x1,0x1,0x5,0xa74000]
[trap] num=-14 (0xfffffffffffffff2) pc=0x1801155b8 args=[0x203,0x1e5908000,0x2324000,0x0,0x13,0x13,0x4,0x4000]
[trap] num=-14 (0xfffffffffffffff2) pc=0x1801155b8 args=[0x203,0x1edc84000,0x7b90000,0x0,0x13,0x13,0x5,0x6380000]
[trap] num=-14 (0xfffffffffffffff2) pc=0x1801155b8 args=[0x203,0x28f64c000,0x2c2c000,0x0,0x13,0x13,0x4,0x4000]
[trap] num=-14 (0xfffffffffffffff2) pc=0x1801155b8 args=[0x203,0x29a1cc000,0x5678000,0x0,0x13,0x13,0x5,0x8b84000]
[trap] num=-14 (0xfffffffffffffff2) pc=0x1801155b8 args=[0x203,0x2d0bac000,0x2a4000,0x0,0x13,0x13,0x4,0x4000]
[trap] num=-14 (0xfffffffffffffff2) pc=0x1801155b8 args=[0x203,0x2d361c000,0xac8000,0x0,0x13,0x13,0x5,0xa74000]
[trap] num=-14 (0xfffffffffffffff2) pc=0x1801155b8 args=[0x203,0x1e5908000,0x2324000,0x0,0x1,0x1,0x4,0x4000]
[trap] num=-14 (0xfffffffffffffff2) pc=0x1801155b8 args=[0x203,0x1edc84000,0x7b90000,0x0,0x1,0x1,0x5,0x6380000]
[trap] num=-14 (0xfffffffffffffff2) pc=0x1801155b8 args=[0x203,0x28f64c000,0x2c2c000,0x0,0x1,0x1,0x4,0x4000]
[trap] num=-14 (0xfffffffffffffff2) pc=0x1801155b8 args=[0x203,0x29a1cc000,0x5678000,0x0,0x1,0x1,0x5,0x8b84000]
[trap] num=-14 (0xfffffffffffffff2) pc=0x1801155b8 args=[0x203,0x2d0bac000,0x2a4000,0x0,0x1,0x1,0x4,0x4000]
[trap] num=-14 (0xfffffffffffffff2) pc=0x1801155b8 args=[0x203,0x2d361c000,0xac8000,0x0,0x1,0x1,0x5,0xa74000]
[trap] num=-15 (0xfffffffffffffff1) pc=0x1801155c4 args=[0x203,0x27f7a10,0x20000,0x3fff,0x3c000001,0x3,0x0,0x0]
[trap] num=347 (0x15b) pc=0x18011a6ec args=[0x0,0x0,0x2,0x2,0x1,0x27f75a0,0xa0,0x0]
[trap] num=-15 (0xfffffffffffffff1) pc=0x1801155c4 args=[0x203,0x27f7030,0x20000,0x3fff,0x3c000001,0x3,0x0,0x0]
[trap] num=347 (0x15b) pc=0x18011a6ec args=[0x100034060,0x6e18,0x2,0x2,0x1,0x100034000,0x20000,0x0]
[M28 BANDSHRINK] syscall 347 band past ipa 0x100034000 len 65536 shrunk 64 -> 0 by an overlapping window of the same call
[trap] num=220 (0xdc) pc=0x180116e90 args=[0x1000340b8,0x27f7518,0x27f7660,0x40,0x0,0x0,0x20000,0x0]
[trap] num=-12 (0xfffffffffffffff4) pc=0x1801155a0 args=[0x203,0x100034000,0x20000,0x85,0x2,0x5b6e05f,0xffffffffffffffff,0x0]
[trap] num=-15 (0xfffffffffffffff1) pc=0x1801155c4 args=[0x203,0x27f7780,0x20000,0x3fff,0x3c000001,0x3,0x0,0x0]
[trap] num=-15 (0xfffffffffffffff1) pc=0x1801155c4 args=[0x203,0x27f77a0,0x20000,0x3fff,0x3c000001,0x3,0x0,0x0]
[trap] num=-12 (0xfffffffffffffff4) pc=0x1801155a0 args=[0x203,0x100054000,0x20000,0x0,0x0,0x0,0x0,0x0]
[trap] num=-12 (0xfffffffffffffff4) pc=0x1801155a0 args=[0x203,0x100034000,0x20000,0x0,0x0,0x0,0x0,0x0]
[trap] num=-12 (0xfffffffffffffff4) pc=0x1801155a0 args=[0x203,0x100014000,0x20000,0x0,0x0,0x0,0x0,0x0]
[trap] num=5 (0x5) pc=0x180119f50 args=[0x1801ab41a,0x2,0x0,0x2,0x8,0x0,0x0,0x0]
[trap] num=54 (0x36) pc=0x180116724 args=[0x3,0x80086804,0x27f43a8,0x2,0x8,0x0,0x0,0x0]
[trap] num=6 (0x6) pc=0x180116750 args=[0x3,0xffffffffffffffff,0x27f43a8,0x2,0x8,0x0,0x0,0x0]
[trap] num=294 (0x126) pc=0x18011a2f8 args=[0xffffffffffffffff,0x1f070030,0x0,0x0,0x0,0x0,0x0,0x0]
[trap] num=-14 (0xfffffffffffffff2) pc=0x1801155b8 args=[0x203,0x1ec444000,0x24000,0x0,0x1,0x0,0x0,0x0]
[trap] num=-28 (0xffffffffffffffe4) pc=0x1804adb5c args=[0x0,0x1804e2db8,0x27ffe50,0x1ec445338,0x1ec445338,0x0,0x0,0x0]
[trap] num=-26 (0xffffffffffffffe6) pc=0x1804adb44 args=[0x203,0x1804e2db8,0x27ffe50,0x1ec445338,0x1ec445338,0x0,0x0,0x0]
[trap] num=33 (0x21) pc=0x1804ae668 args=[0x1804e2dda,0x0,0x27ffe50,0x1ec445338,0x1ec445338,0x0,0x0,0x0]
[trap] num=-15 (0xfffffffffffffff1) pc=0x1804adacc args=[0x203,0x27fb508,0x8000,0x0,0x49000001,0x3,0x0,0x0]
[trap] num=-29 (0xffffffffffffffe3) pc=0x1804adb68 args=[0x1eec6fd98,0x27ffe48,0x27ffe50,0x1ec445338,0x49000001,0x3,0x0,0x0]
[trap] num=-24 (0xffffffffffffffe8) pc=0x1804adb2c args=[0x203,0x27fb3b0,0x0,0x27fb3cc,0x49000001,0x3,0x0,0x0]
[trap] num=-47 (0xffffffffffffffd1) pc=0x1804adc34 args=[0x27fb3f0,0x200000003,0x2800001513,0x1a0300000b03,0xc800000000,0x1a0300000000,0x140,0x0]
[mach_msg2] msgh_id=200 dest=0xb03 reply=0x1a03 options=0x200000003 bits=0x1513 send_size=40 rcv_size=320
  send+000: 13 15 00 00 28 00 00 00 03 0b 00 00 03 1a 00 00
  send+010: 00 00 00 00 c8 00 00 00 00 00 00 00 01 00 00 00
  send+020: 05 00 00 00 08 00 00 00
[retrace] forwarding mach_msg2 host_info (msgh_id 200) to host (decided allowlist)
[mach_msg2] host ret=0x0 err=false
  reply@0x27fb3f0+000: 00 12 00 00 48 00 00 00 00 00 00 00 03 1a 00 00
  reply@0x27fb3f0+010: 00 00 00 00 2c 01 00 00 00 00 00 00 01 00 00 00
  reply@0x27fb3f0+020: 00 00 00 00 08 00 00 00 50 00 00 00 50 00 00 00
  reply@0x27fb3f0+030: 40 00 00 00 1f 00 00 00 00 00 00 00 00 00 00 00
  reply@0x27fb3f0+040: 00 00 00 00 4f 00 00 00 00 00 00 00 08 00 00 00
  reply@0x27fb3f0+050: 00 00 00 00 00 00 00 00 00 00 00 00 00 00 00 00
  reply@0x27fb3f0+060: 00 00 00 00 00 00 00 00 00 00 00 00 00 00 00 00
  reply@0x27fb3f0+070: 00 00 00 00 00 00 00 00 00 00 00 00 00 00 00 00
  reply@0x27fb3f0+080: 00 00 00 00 00 00 00 00 00 00 00 00 00 00 00 00
  reply@0x27fb3f0+090: 00 00 00 00 00 00 00 00 00 00 00 00 00 00 00 00
  reply@0x27fb3f0+0a0: 00 00 00 00 00 00 00 00 00 00 00 00 00 00 00 00
  reply@0x27fb3f0+0b0: 00 00 00 00 00 00 00 00 00 00 00 00 00 00 00 00
  reply@0x27fb3f0+0c0: 00 00 00 00 00 00 00 00 00 00 00 00 00 00 00 00
  reply@0x27fb3f0+0d0: 00 00 00 00 00 00 00 00 00 00 00 00 00 00 00 00
  reply@0x27fb3f0+0e0: 00 00 00 00 00 00 00 00 00 00 00 00 00 00 00 00
  reply@0x27fb3f0+0f0: 00 00 00 00 00 00 00 00 00 00 00 00 00 00 00 00
[trap] num=-18 (0xffffffffffffffee) pc=0x1804adae4 args=[0x203,0xb03,0x0,0x27fb5e0,0xc800000000,0x1a0300000000,0x4f00000000,0x0]
[trap] num=202 (0xca) pc=0x1804af460 args=[0x27fb5e8,0x2,0x27fb5b8,0x27fb580,0x0,0x0,0x4f00000000,0x0]
[trap] num=-27 (0xffffffffffffffe5) pc=0x1804adb50 args=[0x2ff20,0x0,0xe,0x1804f8a03,0x0,0x0,0x4f00000000,0x0]
[trap] num=-24 (0xffffffffffffffe8) pc=0x1804adb2c args=[0x203,0x27fb530,0x0,0x27fb54c,0x0,0x0,0x4f00000000,0x0]
[trap] num=366 (0x16e) pc=0x1804b3d2c args=[0x1804ecc14,0x1804ecc08,0x4000,0x27fb580,0x38,0xa0,0x4f00000000,0x0]
[trap] num=-29 (0xffffffffffffffe3) pc=0x1804adb68 args=[0x10030,0x103,0x1804f8cd8,0x103,0x38,0xa0,0x4f00000000,0x0]
[trap] num=-47 (0xffffffffffffffd1) pc=0x1804adc34 args=[0x27fb5c0,0x200000003,0x2400001513,0x130300000b03,0xce00000000,0x130300000000,0x30,0x0]
[mach_msg2] msgh_id=206 dest=0xb03 reply=0x1303 options=0x200000003 bits=0x1513 send_size=36 rcv_size=48
  send+000: 13 15 00 00 24 00 00 00 03 0b 00 00 03 13 00 00
  send+010: 00 00 00 00 ce 00 00 00 00 00 00 00 01 00 00 00
  send+020: 00 00 00 00
[retrace] forwarding mach_msg2 host_get_clock_service (msgh_id 206) to host (decided allowlist)
[mach_msg2] host ret=0x0 err=false
  reply@0x27fb5c0+000: 00 12 00 80 28 00 00 00 00 00 00 00 03 13 00 00
  reply@0x27fb5c0+010: 00 00 00 00 32 01 00 00 01 00 00 00 03 1f 00 00
  reply@0x27fb5c0+020: 00 00 00 00 00 00 11 00 00 00 00 00 08 00 00 00
  reply@0x27fb5c0+030: b8 fd c6 ee 01 00 00 00 03 0b 00 00 00 00 00 00
  reply@0x27fb5c0+040: 20 b6 7f 02 00 00 00 00 14 e8 39 80 01 00 00 00
  reply@0x27fb5c0+050: b8 fd c6 ee 01 00 00 00 50 fe 7f 02 00 00 00 00
  reply@0x27fb5c0+060: 40 b6 7f 02 00 00 00 00 a0 e6 39 80 01 00 00 00
  reply@0x27fb5c0+070: 38 53 44 ec 01 00 00 00 50 fe 7f 02 00 00 00 00
  reply@0x27fb5c0+080: b0 b6 7f 02 00 00 00 00 04 13 34 90 01 00 00 00
  reply@0x27fb5c0+090: 48 02 34 90 01 00 00 00 a0 00 00 00 00 00 00 00
  reply@0x27fb5c0+0a0: 06 00 00 00 00 00 00 00 18 01 34 90 01 00 00 00
  reply@0x27fb5c0+0b0: c0 1b 34 90 01 00 00 00 c0 52 44 ec 01 00 00 00
  reply@0x27fb5c0+0c0: 5c 12 34 90 01 00 00 00 d0 b6 7f 02 00 00 00 00
  reply@0x27fb5c0+0d0: c0 1b 34 90 01 00 00 00 c0 52 44 ec 01 00 00 00
  reply@0x27fb5c0+0e0: 5c 12 34 90 01 00 00 00 d8 bb 7f 02 00 00 00 00
  reply@0x27fb5c0+0f0: 60 b7 7f 02 00 00 00 00 30 0e 16 80 01 00 00 00
[trap] num=-47 (0xffffffffffffffd1) pc=0x1804adc34 args=[0x27fb5c0,0x200000003,0x2800001513,0x130300000203,0xd5a00000000,0x130300000000,0x30,0x0]
[mach_msg2] msgh_id=3418 dest=0x203 reply=0x1303 options=0x200000003 bits=0x1513 send_size=40 rcv_size=48
  send+000: 13 15 00 00 28 00 00 00 03 02 00 00 03 13 00 00
  send+010: 00 00 00 00 5a 0d 00 00 00 00 00 00 01 00 00 00
  send+020: 00 00 00 00 00 00 00 00
[retrace] forwarding mach_msg2 semaphore_create (msgh_id 3418) to host (decided allowlist)
[mach_msg2] host ret=0x0 err=false
  reply@0x27fb5c0+000: 00 12 00 80 28 00 00 00 00 00 00 00 03 13 00 00
  reply@0x27fb5c0+010: 00 00 00 00 be 0d 00 00 01 00 00 00 03 14 00 00
  reply@0x27fb5c0+020: 00 00 00 00 00 00 11 00 00 00 00 00 08 00 00 00
  reply@0x27fb5c0+030: d8 5d 70 ec 01 00 00 00 03 0b 00 00 00 00 00 00
  reply@0x27fb5c0+040: 20 b6 7f 02 00 00 00 00 38 e8 39 80 01 00 00 00
  reply@0x27fb5c0+050: b8 fd c6 ee 01 00 00 00 50 fe 7f 02 00 00 00 00
  reply@0x27fb5c0+060: 40 b6 7f 02 00 00 00 00 a0 e6 39 80 01 00 00 00
  reply@0x27fb5c0+070: 38 53 44 ec 01 00 00 00 50 fe 7f 02 00 00 00 00
  reply@0x27fb5c0+080: b0 b6 7f 02 00 00 00 00 04 13 34 90 01 00 00 00
  reply@0x27fb5c0+090: 48 02 34 90 01 00 00 00 a0 00 00 00 00 00 00 00
  reply@0x27fb5c0+0a0: 06 00 00 00 00 00 00 00 18 01 34 90 01 00 00 00
  reply@0x27fb5c0+0b0: c0 1b 34 90 01 00 00 00 c0 52 44 ec 01 00 00 00
  reply@0x27fb5c0+0c0: 5c 12 34 90 01 00 00 00 d0 b6 7f 02 00 00 00 00
  reply@0x27fb5c0+0d0: c0 1b 34 90 01 00 00 00 c0 52 44 ec 01 00 00 00
  reply@0x27fb5c0+0e0: 5c 12 34 90 01 00 00 00 d8 bb 7f 02 00 00 00 00
  reply@0x27fb5c0+0f0: 60 b7 7f 02 00 00 00 00 30 0e 16 80 01 00 00 00
[trap] num=-18 (0xffffffffffffffee) pc=0x1804adae4 args=[0x203,0xb03,0x2800001513,0x130300000203,0xd5a00000000,0x130300000000,0x30,0x0]
[trap] num=20 (0x14) pc=0x1804ae198 args=[0x0,0x0,0xffffffffffffffe0,0x27fb4a0,0x27fb140,0x73,0x0,0xc80]
[trap] num=266 (0x10a) pc=0x1804af558 args=[0x18037ff36,0x0,0x1,0x103,0x27fb140,0x73,0x0,0xc80]
[trap] num=339 (0x153) pc=0x1804bc288 args=[0x3,0x27faf30,0x1,0x103,0x27fb140,0x73,0x0,0xc80]
[trap] num=197 (0xc5) pc=0x1804aea18 args=[0x0,0x8000,0x1,0x40001,0x3,0x0,0x0,0xc80]
[trap] num=6 (0x6) pc=0x1804ae8f0 args=[0x3,0x8000,0x1,0x40001,0x3,0x0,0x0,0xc80]
[trap] num=169 (0xa9) pc=0x1804af8dc args=[0x8a51,0x0,0x27fb08c,0x4,0x3,0x0,0x0,0xc80]
[trap] num=500 (0x1f4) pc=0x1804ae144 args=[0x1ec6fd858,0x10,0x4,0x1804f8a0c,0x6c,0x6c,0x38,0x830]
[trap] num=54 (0x36) pc=0x1804b2338 args=[0x2,0x4004667a,0x27faffc,0x103,0x6c,0x6c,0x38,0x830]
[trap] num=54 (0x36) pc=0x1804b2338 args=[0x2,0x40487413,0x27fb000,0x103,0x6c,0x6c,0x38,0x830]
[trap] num=116 (0x74) pc=0x1804b1b60 args=[0x27fad70,0x0,0x0,0xfffffc088,0x6e,0x6d,0x38,0x420]
[trap] num=500 (0x1f4) pc=0x1804ae144 args=[0x27faea8,0x20,0x27faea8,0x1c725a0a,0x180267bdc,0x6d,0x38,0x420]
[trap] num=116 (0x74) pc=0x1804b1b60 args=[0x27fad90,0x0,0x0,0xfffffc088,0x180267bdc,0x6d,0x38,0x420]
[trap] num=116 (0x74) pc=0x1804b1b60 args=[0x27fadb0,0x0,0x0,0xfffffc088,0x1ec6fcf70,0x1ec6fcfa8,0x1000,0x20]
[trap] num=116 (0x74) pc=0x1804b1b60 args=[0x27fadb0,0x0,0x0,0xfffffc088,0x27fad00,0x1802361b0,0x5311865b4e858865,0x27fadd0]
[trap] num=116 (0x74) pc=0x1804b1b60 args=[0x27fadb0,0x0,0x0,0xfffffc088,0x27fad00,0x1802361b0,0x889730b36ad68cc3,0x27fadd0]
[trap] num=116 (0x74) pc=0x1804b1b60 args=[0x27fadb0,0x0,0x0,0xfffffc088,0x27fad00,0x1802361b0,0x9153b25cf5aaa61e,0x27fadd0]
[trap] num=-47 (0xffffffffffffffd1) pc=0x1804adc34 args=[0x27faf48,0x200000003,0x6480001513,0x130300000203,0x12cb00000000,0x130300000001,0x34,0x0]
[mach_msg2] msgh_id=4811 dest=0x203 reply=0x1303 options=0x200000003 bits=0x80001513 send_size=100 rcv_size=52
  send+000: 13 15 00 80 64 00 00 00 03 02 00 00 03 13 00 00
  send+010: 00 00 00 00 cb 12 00 00 01 00 00 00 00 00 00 00
  send+020: 00 00 00 00 00 00 13 00 00 00 00 00 01 00 00 00
  send+030: 00 00 00 00 00 00 00 00 00 80 47 00 00 00 00 00
  send+040: 00 00 00 00 00 00 00 00 01 00 00 01 00 00 00 00
  send+050: 00 00 00 00 00 00 00 00 00 00 00 00 00 00 00 00
  send+060: 01 00 00 00
[trap] num=-12 (0xfffffffffffffff4) pc=0x1804adaa8 args=[0x203,0xa14aa8000,0x100000,0x130300000203,0x12cb00000000,0x130300000001,0x34,0x0]
[trap] num=116 (0x74) pc=0x1804b1b60 args=[0x27faa90,0x0,0x0,0xfffffc088,0x12cb00000000,0x130300000001,0x34,0x0]
[trap] num=-15 (0xfffffffffffffff1) pc=0x1804adacc args=[0x203,0x27fab58,0x408000,0x0,0x1000001,0x3,0x0,0x0]
[trap] num=74 (0x4a) pc=0x1804b1b04 args=[0x4c000,0x4000,0x0,0x40000000,0x0,0x3,0x0,0x0]
[trap] num=74 (0x4a) pc=0x1804b1b04 args=[0x450000,0x4000,0x0,0x40000000,0x0,0x3,0x0,0x0]
[trap] num=-15 (0xfffffffffffffff1) pc=0x1804adacc args=[0x203,0x27fabd8,0x400000,0x0,0x7004000,0x3,0x0,0x0]
[trap] num=-89 (0xffffffffffffffa7) pc=0x1804add00 args=[0x1ec705d78,0x180327210,0x0,0x1804f8a08,0x7004000,0x3,0x0,0x0]
[trap] num=-15 (0xfffffffffffffff1) pc=0x1804adacc args=[0x203,0x27fabc8,0x3e000,0x0,0x1000001,0x3,0x0,0x0]
[trap] num=-47 (0xffffffffffffffd1) pc=0x1804adc34 args=[0x27fab20,0x200000003,0x2800001513,0x130300000203,0x12d600000000,0x130300000000,0x3c,0x0]
[mach_msg2] msgh_id=4822 dest=0x203 reply=0x1303 options=0x200000003 bits=0x1513 send_size=40 rcv_size=60
  send+000: 13 15 00 00 28 00 00 00 03 02 00 00 03 13 00 00
  send+010: 00 00 00 00 d6 12 00 00 00 00 00 00 01 00 00 00
  send+020: f8 03 00 00 f8 03 40 00
[trap] num=-10 (0xfffffffffffffff6) pc=0x1804ada90 args=[0x203,0x27fa518,0x4000,0x1,0x180327599,0x27fabd0,0x3c,0x0]
[trap] num=336 (0x150) pc=0x1804af110 args=[0x2,0x8a51,0x11,0x0,0x27fa4f8,0x38,0x180327461,0x300000028]
[trap] num=97 (0x61) pc=0x1804b1fa0 args=[0x1,0x2,0x0,0x103,0x27fa4f8,0x38,0x0,0x300000028]
[trap] num=92 (0x5c) pc=0x1804ae8c4 args=[0x3,0x2,0x1,0x103,0x27fa4f8,0x38,0x0,0x300000028]
[trap] num=98 (0x62) pc=0x1804b2364 args=[0x3,0x27f9b26,0x6a,0x27f9b38,0x27fa4f8,0x38,0x676f6c7379732f,0x300000028]
[trap] num=133 (0x85) pc=0x1804b2390 args=[0x3,0x27f9c30,0xfb,0x0,0x0,0x0,0x0,0x300000028]
[trap] num=-12 (0xfffffffffffffff4) pc=0x1804adaa8 args=[0x203,0x300000000,0x4000,0x0,0x0,0x0,0x0,0x300000028]
[trap] num=-47 (0xffffffffffffffd1) pc=0x1804adc34 args=[0x27faab8,0x200000003,0x6480001513,0x130300000203,0x12cb00000000,0x130300000001,0x34,0x0]
[mach_msg2] msgh_id=4811 dest=0x203 reply=0x1303 options=0x200000003 bits=0x80001513 send_size=100 rcv_size=52
  send+000: 13 15 00 80 64 00 00 00 03 02 00 00 03 13 00 00
  send+010: 00 00 00 00 cb 12 00 00 01 00 00 00 00 00 00 00
  send+020: 00 00 00 00 00 00 13 00 00 00 00 00 01 00 00 00
  send+030: 00 00 00 00 04 00 00 00 00 00 00 00 06 00 00 00
  send+040: 00 00 00 00 00 00 00 00 00 00 00 00 00 00 00 00
  send+050: 00 00 00 00 00 00 00 00 00 00 00 00 00 00 00 00
  send+060: 01 00 00 00
[trap] num=116 (0x74) pc=0x1804b1b60 args=[0x27fa9a0,0x0,0x0,0xfffffc088,0x0,0x700,0xa14ad3378,0x0]
[trap] num=-15 (0xfffffffffffffff1) pc=0x1804adacc args=[0x203,0x27faff8,0x4000,0x0,0x1000001,0x3,0x0,0x0]
[trap] num=74 (0x4a) pc=0x1804b1b04 args=[0xa14ae8000,0x4000,0x1,0xa14ae8008,0x1000001,0x3,0x0,0x0]
[trap] num=-14 (0xfffffffffffffff2) pc=0x1801155b8 args=[0x203,0x1ec444000,0x24000,0x0,0x3,0x3,0x0,0x0]
[trap] num=-14 (0xfffffffffffffff2) pc=0x1801155b8 args=[0x203,0x1ec444000,0x24000,0x0,0x1,0x3,0x0,0x0]
[trap] num=327 (0x147) pc=0x1804ad92c args=[0x8a51,0x3,0x103,0x103,0x1,0x3,0x0,0x0]
[trap] num=-47 (0xffffffffffffffd1) pc=0x1804adc34 args=[0x27fb0fc,0x200000003,0x7400001513,0x130300000203,0x1f4000000000,0x130300000000,0x2c,0x0]
[mach_msg2] msgh_id=8000 dest=0x203 reply=0x1303 options=0x200000003 bits=0x1513 send_size=116 rcv_size=44
  send+000: 13 15 00 00 74 00 00 00 03 02 00 00 03 13 00 00
  send+010: 00 00 00 00 40 1f 00 00 00 00 00 00 01 00 00 00
  send+020: 05 00 00 00 88 5c 09 80 01 00 00 00 78 00 78 00
  send+030: 00 00 00 00 20 58 09 80 01 00 00 00 5c 00 5c 00
  send+040: 00 00 00 00 38 5a 09 80 01 00 00 00 5c 00 5c 00
  send+050: 00 00 00 00 00 59 09 80 01 00 00 00 78 00 78 00
  send+060: 00 00 00 00 b8 5a 09 80 01 00 00 00 78 00 78 00
  send+070: 00 00 00 00
[trap] num=-47 (0xffffffffffffffd1) pc=0x1804adc34 args=[0x27fb500,0x200000003,0x1800001513,0x130300000203,0x1f4100000000,0x130300000000,0x2c,0x0]
[mach_msg2] msgh_id=8001 dest=0x203 reply=0x1303 options=0x200000003 bits=0x1513 send_size=24 rcv_size=44
  send+000: 13 15 00 00 18 00 00 00 03 02 00 00 03 13 00 00
  send+010: 00 00 00 00 41 1f 00 00
[trap] num=-14 (0xfffffffffffffff2) pc=0x1801155b8 args=[0x203,0x1ec444000,0x24000,0x0,0x3,0x53,0x2c,0x0]
[trap] num=-15 (0xfffffffffffffff1) pc=0x1804adacc args=[0x203,0x27f4a38,0x8000,0x0,0x1000001,0x3,0x0,0x0]
[trap] num=-15 (0xfffffffffffffff1) pc=0x1804adacc args=[0x203,0x27f4a98,0x8000,0x0,0xb004000,0x3,0x0,0x0]
[trap] num=116 (0x74) pc=0x1804b1b60 args=[0x27f4980,0x0,0x0,0xfffffc088,0x8,0x41,0x0,0xb40]
[trap] num=116 (0x74) pc=0x1804b1b60 args=[0x27f48d0,0x0,0x0,0xfffffc088,0x8,0x41,0x820ed1809a91230f,0xb40]
[trap] num=116 (0x74) pc=0x1804b1b60 args=[0x27f48d0,0x0,0x0,0xfffffc088,0x8,0x41,0x9da5da59a1034a64,0xb40]
[trap] num=116 (0x74) pc=0x1804b1b60 args=[0x27f48d0,0x0,0x0,0xfffffc088,0x8,0x41,0xd2f7c41f573da7c7,0xb40]
[trap] num=116 (0x74) pc=0x1804b1b60 args=[0x27f48d0,0x0,0x0,0xfffffc088,0x8,0x41,0xaa6004727a3faf76,0xb40]
[trap] num=116 (0x74) pc=0x1804b1b60 args=[0x27f48d0,0x0,0x0,0xfffffc088,0x8,0x41,0xe2620f58cdb78ad4,0xb40]
[trap] num=116 (0x74) pc=0x1804b1b60 args=[0x27f48d0,0x0,0x0,0xfffffc088,0x8,0x41,0x5ba3cc69ce056810,0xb40]
[trap] num=116 (0x74) pc=0x1804b1b60 args=[0x27f48d0,0x0,0x0,0xfffffc088,0x8,0x41,0xa22f0ad2a0ea5b26,0xb40]
[trap] num=116 (0x74) pc=0x1804b1b60 args=[0x27f48d0,0x0,0x0,0xfffffc088,0x8,0x41,0x434657b486ea5e79,0xb40]
[trap] num=116 (0x74) pc=0x1804b1b60 args=[0x27f48d0,0x0,0x0,0xfffffc088,0x8,0x41,0xe66a48853899eedf,0xb40]
[trap] num=116 (0x74) pc=0x1804b1b60 args=[0x27f48d0,0x0,0x0,0xfffffc088,0x8,0x41,0x1ff587124002eb6b,0xb40]
[trap] num=116 (0x74) pc=0x1804b1b60 args=[0x27f48d0,0x0,0x0,0xfffffc088,0x8,0x41,0x4e24b2cb476d806d,0xb40]
[trap] num=116 (0x74) pc=0x1804b1b60 args=[0x27f48d0,0x0,0x0,0xfffffc088,0x8,0x41,0x254b443a48b7957c,0xb40]
[trap] num=116 (0x74) pc=0x1804b1b60 args=[0x27f48d0,0x0,0x0,0xfffffc088,0x8,0x41,0xbde8f8f4144e39d5,0xb40]
[trap] num=-15 (0xfffffffffffffff1) pc=0x1804adacc args=[0x203,0x27f48e8,0x400000,0x0,0x2004000,0x3,0x0,0x0]
[trap] num=-15 (0xfffffffffffffff1) pc=0x1804adacc args=[0x203,0x27f4838,0x80000,0x3fff,0x1000001,0x3,0x0,0x0]
[trap] num=-14 (0xfffffffffffffff2) pc=0x1801155b8 args=[0x203,0x1ec444000,0x24000,0x0,0x1,0x0,0xffffffffbfc007ff,0xfffff0003ffff800]
[trap] num=202 (0xca) pc=0x1804af460 args=[0x27fb4f0,0x2,0x27fb4b8,0x27fb4b0,0x180205f3c,0x15,0xffffffffbfc007ff,0xfffff0003ffff800]
[trap] num=202 (0xca) pc=0x1804af460 args=[0x27fb4b8,0x2,0x27fb570,0x27fb560,0x0,0x0,0xffffffffbfc007ff,0xfffff0003ffff800]
[trap] num=202 (0xca) pc=0x1804af460 args=[0x27fb4f0,0x2,0x27fb4b8,0x27fb4b0,0x180205f9b,0x16,0xffffffffbfc007ff,0xfffff0003ffff800]
[trap] num=202 (0xca) pc=0x1804af460 args=[0x27fb4b8,0x2,0x27fb570,0x27fb560,0x0,0x0,0xffffffffbfc007ff,0xfffff0003ffff800]
[trap] num=202 (0xca) pc=0x1804af460 args=[0x27fb4f0,0x2,0x27fb4b8,0x27fb4b0,0x180205f3c,0x15,0xffffffffbfc007ff,0xfffff0003ffff800]
[trap] num=202 (0xca) pc=0x1804af460 args=[0x27fb4b8,0x2,0x27fb570,0x27fb560,0x0,0x0,0xffffffffbfc007ff,0xfffff0003ffff800]
[trap] num=-47 (0xffffffffffffffd1) pc=0x1804adc34 args=[0x27fb590,0x200000003,0x2400001513,0x130300000203,0xd5100000000,0x130300000000,0x30,0x0]
[mach_msg2] msgh_id=3409 dest=0x203 reply=0x1303 options=0x200000003 bits=0x1513 send_size=36 rcv_size=48
  send+000: 13 15 00 00 24 00 00 00 03 02 00 00 03 13 00 00
  send+010: 00 00 00 00 51 0d 00 00 00 00 00 00 01 00 00 00
  send+020: 04 00 00 00
[trap] num=-19 (0xffffffffffffffed) pc=0x1804adaf0 args=[0x203,0x1903,0x0,0x1,0xd5100000000,0x130300000000,0x30,0x0]
[trap] num=-19 (0xffffffffffffffed) pc=0x1804adaf0 args=[0x203,0x1903,0x0,0x1,0xd5100000000,0x130300000000,0x30,0x0]
[trap] num=-19 (0xffffffffffffffed) pc=0x1804adaf0 args=[0x203,0x1903,0x0,0x1,0x0,0x130300000000,0x30,0x0]
[trap] num=-15 (0xfffffffffffffff1) pc=0x1804adacc args=[0x203,0x27f9908,0x400000,0x0,0x2004000,0x3,0x0,0x0]
[trap] num=-14 (0xfffffffffffffff2) pc=0x1801155b8 args=[0x203,0x1ec444000,0x24000,0x0,0x3,0x27fb3bf,0xffffffffbfc007ff,0x90]
[trap] num=-14 (0xfffffffffffffff2) pc=0x1801155b8 args=[0x203,0x1ec444000,0x24000,0x0,0x1,0x27fb3bf,0xffffffffbfc007ff,0x90]
[trap] num=5 (0x5) pc=0x180119f50 args=[0x63ae0,0x0,0x0,0x63ae0,0x0,0x27fb3bf,0x0,0x90]
[trap] num=92 (0x5c) pc=0x1801180d8 args=[0x4,0x32,0x27fae88,0x63ae0,0x0,0x27fb3bf,0x0,0x90]
[trap] num=6 (0x6) pc=0x180116750 args=[0x4,0x32,0x27fae88,0x63ae0,0x0,0x27fb3bf,0x0,0x90]
[trap] num=220 (0xdc) pc=0x1804ae63c args=[0x63ae0,0x27faeb0,0x27faecc,0x40c,0x0,0x27fb3bf,0x0,0x90]
[trap] num=33 (0x21) pc=0x1804ae668 args=[0x63b40,0x4,0x639f0,0x63a80,0x0,0x56,0x0,0x470]
[M28 BANDSHRINK] syscall 33 band past ipa 0x639f0 len 65536 shrunk 64 -> 0 by an overlapping window of the same call
[M28 BANDSHRINK] syscall 33 band past ipa 0x63a80 len 65536 shrunk 64 -> 0 by an overlapping window of the same call
[trap] num=5 (0x5) pc=0x1804ae694 args=[0x63b40,0x0,0x0,0x63a80,0x0,0x56,0x0,0x470]
[M28 BANDSHRINK] syscall 5 band past ipa 0x63a80 len 65536 shrunk 64 -> 0 by an overlapping window of the same call
[trap] num=339 (0x153) pc=0x1804bc288 args=[0x4,0x639f0,0x0,0x63a80,0x0,0x56,0x0,0x470]
[M28 BANDSHRINK] syscall 339 band past ipa 0x639f0 len 65536 shrunk 64 -> 0 by an overlapping window of the same call
[trap] num=483 (0x1e3) pc=0x1804ae6f0 args=[0x0,0x27fb0dc,0x4,0x63a80,0x0,0x56,0x0,0x470]
[trap] num=228 (0xe4) pc=0x1804b1694 args=[0x4,0x27fb1a0,0x27fb100,0x28,0x0,0x56,0x0,0x470]
[trap] num=381 (0x17d) pc=0x1804af730 args=[0x18df1ac55,0x2,0x27fb100,0x28,0x0,0x56,0x0,0x470]
[trap] num=92 (0x5c) pc=0x1804ae8c4 args=[0x4,0x32,0x27fadf8,0x27fb1b8,0x27fae40,0x56,0x0,0x470]
[trap] num=6 (0x6) pc=0x1804ae8f0 args=[0x4,0x27fae1d,0x0,0x63b95,0x0,0x56,0x0,0x470]
[trap] num=5 (0x5) pc=0x1804ae694 args=[0x63ba0,0x0,0x0,0x63bcf,0x18020b535,0x27fb2c0,0x74,0x470]
[M28 BANDSHRINK] syscall 5 band past ipa 0x63ba0 len 65536 shrunk 64 -> 0 by an overlapping window of the same call
[trap] num=336 (0x150) pc=0x1804af110 args=[0x2,0x8a51,0xd,0x1,0x27fb530,0x40,0x74,0x470]
[trap] num=-24 (0xffffffffffffffe8) pc=0x1804adb2c args=[0x203,0x27fb5f0,0x71b75ace,0x27fb5ec,0x0,0x5,0x0,0x0]
[trap] num=-47 (0xffffffffffffffd1) pc=0x1804adc34 args=[0x27fb588,0x200000003,0x3480001513,0x130300000203,0xd5200000000,0x130300000001,0x2c,0x0]
[mach_msg2] msgh_id=3410 dest=0x203 reply=0x1303 options=0x200000003 bits=0x80001513 send_size=52 rcv_size=44
  send+000: 13 15 00 80 34 00 00 00 03 02 00 00 03 13 00 00
  send+010: 00 00 00 00 52 0d 00 00 01 00 00 00 03 15 00 00
  send+020: 00 00 00 00 00 00 13 00 00 00 00 00 01 00 00 00
  send+030: 0a 00 00 00
[trap] num=-47 (0xffffffffffffffd1) pc=0x1804adc34 args=[0x27fb308,0x200000003,0x2800001513,0x130300000203,0xd4d00000000,0x130300000000,0x1a8,0x0]
[mach_msg2] msgh_id=3405 dest=0x203 reply=0x1303 options=0x200000003 bits=0x1513 send_size=40 rcv_size=424
  send+000: 13 15 00 00 28 00 00 00 03 02 00 00 03 13 00 00
  send+010: 00 00 00 00 4d 0d 00 00 00 00 00 00 01 00 00 00
  send+020: 0f 00 00 00 08 00 00 00
[retrace] forwarding mach_msg2 task_info (msgh_id 3405) to host (decided allowlist)
[mach_msg2] host ret=0x0 err=false
  reply@0x27fb308+000: 00 12 00 00 48 00 00 00 00 00 00 00 03 13 00 00
  reply@0x27fb308+010: 00 00 00 00 b1 0d 00 00 00 00 00 00 01 00 00 00
  reply@0x27fb308+020: 00 00 00 00 08 00 00 00 f5 01 00 00 f5 01 00 00
  reply@0x27fb308+030: 14 00 00 00 f5 01 00 00 14 00 00 00 51 8a 00 00
  reply@0x27fb308+040: b9 86 01 00 8e 2d 75 00 00 00 00 00 08 00 00 00
  reply@0x27fb308+050: 00 00 00 00 00 00 00 00 00 00 00 00 00 00 00 00
  reply@0x27fb308+060: 00 00 00 00 00 00 00 00 00 00 00 00 00 00 00 00
  reply@0x27fb308+070: 00 00 00 00 00 00 00 00 00 00 00 00 00 00 00 00
  reply@0x27fb308+080: 00 00 00 00 00 00 00 00 00 00 00 00 00 00 00 00
  reply@0x27fb308+090: 00 00 00 00 00 00 00 00 00 00 00 00 00 00 00 00
  reply@0x27fb308+0a0: 00 00 00 00 00 00 00 00 00 00 00 00 00 00 00 00
  reply@0x27fb308+0b0: 00 00 00 00 00 00 00 00 00 00 00 00 00 00 00 00
  reply@0x27fb308+0c0: 00 00 00 00 00 00 00 00 00 00 00 00 00 00 00 00
  reply@0x27fb308+0d0: 00 00 00 00 00 00 00 00 00 00 00 00 00 00 00 00
  reply@0x27fb308+0e0: 00 00 00 00 00 00 00 00 00 00 00 00 00 00 00 00
  reply@0x27fb308+0f0: 00 00 00 00 00 00 00 00 00 00 00 00 00 00 00 00
[trap] num=170 (0xaa) pc=0x1804ae5d0 args=[0x8a51,0x10,0x27fb120,0x408,0x10478,0x130300000000,0x752d8e000186b9,0x0]
[trap] num=202 (0xca) pc=0x1804af460 args=[0x27fb520,0x2,0x27fb4e8,0x27fb4e0,0x1844cfba7,0x15,0x72,0x400]
[trap] num=202 (0xca) pc=0x1804af460 args=[0x27fb4e8,0x2,0x27fb578,0x27fb570,0x0,0x0,0x72,0x400]
[trap] num=-14 (0xfffffffffffffff2) pc=0x1801155b8 args=[0x203,0x1ec444000,0x24000,0x0,0x3,0x0,0x0,0x0]
[trap] num=-15 (0xfffffffffffffff1) pc=0x1801155c4 args=[0x203,0x27fb1d0,0x20000,0x3fff,0x3c000001,0x3,0x0,0x0]
[trap] num=-15 (0xfffffffffffffff1) pc=0x1801155c4 args=[0x203,0x27fb190,0x20000,0x3fff,0x3c000001,0x3,0x0,0x0]
[trap] num=-15 (0xfffffffffffffff1) pc=0x1801155c4 args=[0x203,0x27fb380,0x20000,0x3fff,0x3c000001,0x3,0x0,0x0]
[trap] num=-12 (0xfffffffffffffff4) pc=0x1801155a0 args=[0x203,0x100054000,0x20000,0x103,0xffffffff13c06f50,0x10,0x20000,0x0]
[trap] num=-12 (0xfffffffffffffff4) pc=0x1801155a0 args=[0x203,0x100034000,0x20000,0x103,0xffffffff13c06f50,0x10,0x20000,0x0]
[trap] num=-12 (0xfffffffffffffff4) pc=0x1801155a0 args=[0x203,0x100014000,0x20000,0x103,0xffffffff13c06f50,0x10,0x20000,0x0]
[trap] num=-14 (0xfffffffffffffff2) pc=0x1801155b8 args=[0x203,0x1ec444000,0x24000,0x0,0x1,0x0,0x0,0x0]
[trap] num=-14 (0xfffffffffffffff2) pc=0x1801155b8 args=[0x203,0x1ec444000,0x24000,0x0,0x3,0x0,0x0,0x0]
[trap] num=-14 (0xfffffffffffffff2) pc=0x1801155b8 args=[0x203,0x1ec444000,0x24000,0x0,0x1,0x0,0x0,0x0]
[trap] num=-14 (0xfffffffffffffff2) pc=0x1801155b8 args=[0x203,0x1ec444000,0x24000,0x0,0x3,0x0,0x0,0x0]
[trap] num=-14 (0xfffffffffffffff2) pc=0x1801155b8 args=[0x203,0x1ec444000,0x24000,0x0,0x1,0x0,0x0,0x0]
[trap] num=-14 (0xfffffffffffffff2) pc=0x1801155b8 args=[0x203,0x1ec444000,0x24000,0x0,0x3,0x0,0x0,0x0]
[trap] num=-14 (0xfffffffffffffff2) pc=0x1801155b8 args=[0x203,0x1ec444000,0x24000,0x0,0x1,0x0,0x0,0x0]
[trap] num=-14 (0xfffffffffffffff2) pc=0x1801155b8 args=[0x203,0x1ec444000,0x24000,0x0,0x3,0x0,0x0,0x0]
[trap] num=-14 (0xfffffffffffffff2) pc=0x1801155b8 args=[0x203,0x1ec444000,0x24000,0x0,0x1,0x0,0x0,0x0]
[trap] num=-14 (0xfffffffffffffff2) pc=0x1801155b8 args=[0x203,0x1ec444000,0x24000,0x0,0x3,0x0,0x0,0x0]
[trap] num=25 (0x19) pc=0x1804af050 args=[0x1edd8d978,0x180533098,0x180533098,0x103,0x1ec445338,0x0,0x0,0x0]
[trap] num=24 (0x18) pc=0x1804af858 args=[0x1f5,0x180533098,0x180533098,0x103,0x1ec445338,0x0,0x0,0x0]
[trap] num=202 (0xca) pc=0x1804af460 args=[0x27fa3f0,0x4,0x27fa400,0x27fa3e8,0x0,0x0,0x0,0x0]
[trap] num=286 (0x11e) pc=0x1804af884 args=[0x27fa6a0,0x27fa6a4,0x1805331c8,0x27fa3e8,0x0,0x0,0x0,0x0]
[trap] num=25 (0x19) pc=0x1804af050 args=[0xffffffffffffffff,0xffffffffffffffff,0x1805331c8,0x27fa3e8,0x0,0x0,0x0,0x0]
[trap] num=43 (0x2b) pc=0x1804af8b0 args=[0x1f5,0xffffffffffffffff,0x1805331c8,0x27fa3e8,0x0,0x0,0x0,0x0]
[trap] num=169 (0xa9) pc=0x1804af8dc args=[0x8a51,0x10,0x27f9c20,0x408,0x408,0x0,0x0,0x3f0]
[trap] num=169 (0xa9) pc=0x1804af8dc args=[0x8a51,0x10,0x27f9d40,0x408,0x408,0x73,0x72,0x400]
[trap] num=-19 (0xffffffffffffffed) pc=0x1804adaf0 args=[0x203,0x1903,0x0,0x1,0x0,0x58,0x65,0x400]
[trap] num=-50 (0xffffffffffffffce) pc=0x1804adc58 args=[0x1ec6fbd20,0x103,0x103,0x0,0x6,0x0,0x73,0x400]
[trap] num=-29 (0xffffffffffffffe3) pc=0x1804adb68 args=[0x0,0x18035aad8,0x18035aad8,0x662a8,0x0,0x13,0x0,0x400]
[trap] num=-47 (0xffffffffffffffd1) pc=0x1804adc34 args=[0x27f9d20,0x200000003,0x2800001513,0x130300000b03,0x19c00000000,0x130300000000,0x30,0x0]
[mach_msg2] msgh_id=412 dest=0xb03 reply=0x1303 options=0x200000003 bits=0x1513 send_size=40 rcv_size=48
  send+000: 13 15 00 00 28 00 00 00 03 0b 00 00 03 13 00 00
  send+010: 00 00 00 00 9c 01 00 00 00 00 00 00 01 00 00 00
  send+020: ff ff ff ff 01 00 00 00
[retrace] forwarding mach_msg2 host_get_special_port (msgh_id 412) to host (decided allowlist)
[mach_msg2] host ret=0x0 err=false
  reply@0x27f9d20+000: 00 12 00 00 24 00 00 00 00 00 00 00 03 13 00 00
  reply@0x27f9d20+010: 00 00 00 00 00 02 00 00 00 00 00 00 01 00 00 00
  reply@0x27f9d20+020: 04 00 00 00 00 00 00 00 08 00 00 00 00 00 00 00
  reply@0x27f9d20+030: 60 19 06 00 00 00 00 00 03 0b 00 00 00 00 00 00
  reply@0x27f9d20+040: 90 9d 7f 02 00 00 00 00 08 ab 35 80 01 00 00 00
  reply@0x27f9d20+050: 03 19 00 00 00 00 00 00 c0 3a 06 00 00 00 00 00
  reply@0x27f9d20+060: 60 19 06 00 00 00 00 00 f0 fa 6f ec 01 00 00 00
  reply@0x27f9d20+070: a0 9d 7f 02 00 00 00 00 b0 04 35 80 01 00 00 00
  reply@0x27f9d20+080: c0 9d 7f 02 00 00 00 00 30 96 33 80 01 00 00 00
  reply@0x27f9d20+090: 60 19 06 00 00 00 00 00 28 f9 6f ec 01 00 00 00
  reply@0x27f9d20+0a0: d0 9d 7f 02 00 00 00 00 cc aa 35 80 01 00 00 00
  reply@0x27f9d20+0b0: f0 9d 7f 02 00 00 00 00 34 c5 35 80 01 00 00 00
  reply@0x27f9d20+0c0: 2e 00 00 00 00 00 00 00 6e 0a 2f a6 00 00 00 00
  reply@0x27f9d20+0d0: 00 9e 7f 02 00 00 00 00 b0 04 35 80 01 00 00 00
  reply@0x27f9d20+0e0: 20 9e 7f 02 00 00 00 00 30 96 33 80 01 00 00 00
  reply@0x27f9d20+0f0: 60 19 06 00 00 00 00 00 a8 62 06 00 00 00 00 00
[trap] num=-70 (0xffffffffffffffba) pc=0x1804adcc4 args=[0xb03,0x180373fb0,0x10,0x27f9dec,0x19c00000000,0x130300000000,0x30,0x0]
[trap] num=-47 (0xffffffffffffffd1) pc=0x1804adc34 args=[0x662a8,0x403114207,0xf880131513,0x180300001903,0x400000cf00001c03,0x180300000001,0xf8,0x0]
[mach_msg2] msgh_id=1073742031 dest=0x1903 reply=0x1803 options=0x403114207 bits=0x80131513 send_size=248 rcv_size=248
  send+000: 13 15 13 80 f8 00 00 00 03 19 00 00 03 18 00 00
  send+010: 03 1c 00 00 cf 00 00 40 01 00 00 00 03 19 00 00
  send+020: 00 00 00 00 00 00 13 00 43 50 58 40 05 00 00 00
  send+030: 00 f0 00 00 c0 00 00 00 07 00 00 00 68 61 6e 64
  send+040: 6c 65 00 00 00 40 00 00 00 00 00 00 00 00 00 00
  send+050: 69 6e 73 74 61 6e 63 65 00 00 00 00 00 a0 00 00
  send+060: 00 00 00 00 00 00 00 00 00 00 00 00 00 00 00 00
  send+070: 66 6c 61 67 73 00 00 00 00 40 00 00 08 00 00 00
  send+080: 00 00 00 00 6e 61 6d 65 00 00 00 00 00 90 00 00
  send+090: 25 00 00 00 63 6f 6d 2e 61 70 70 6c 65 2e 73 79
  send+0a0: 73 74 65 6d 2e 6e 6f 74 69 66 69 63 61 74 69 6f
  send+0b0: 6e 5f 63 65 6e 74 65 72 00 00 00 00 74 79 70 65
  send+0c0: 00 00 00 00 00 40 00 00 07 00 00 00 00 00 00 00
  send+0d0: 74 61 72 67 65 74 70 69 64 00 00 00 00 30 00 00
  send+0e0: 00 00 00 00 00 00 00 00 64 6f 6d 61 69 6e 2d 70
  send+0f0: 6f 72 74 00 00 d0 00 00
[retrace] refusing mach_msg2 message-queue send (msgh_id 0x400000cf dest 0x1903 send_size 248): the box hosts no message-queue receivers
[trap] num=-18 (0xffffffffffffffee) pc=0x1804adae4 args=[0x203,0x1903,0x1801c8220,0x660d0,0x66140,0x180300000001,0xf8,0x0]
[M28 BANDSHRINK] syscall -18 band past ipa 0x660d0 len 65536 shrunk 64 -> 0 by an overlapping window of the same call
[trap] num=327 (0x147) pc=0x1804ad92c args=[0x0,0x103,0x103,0x103,0x0,0x0,0x0,0x0]
[trap] num=327 (0x147) pc=0x1804ad92c args=[0x0,0x103,0x103,0x103,0x2,0x63,0x0,0x0]
[trap] num=327 (0x147) pc=0x1804ad92c args=[0x0,0x0,0x0,0x103,0x2,0x63,0x0,0x0]
[trap] num=25 (0x19) pc=0x1804af050 args=[0x1ec7182a0,0x0,0x1f5,0x2,0x66040,0x0,0x65,0x400]
[trap] num=194 (0xc2) pc=0x1804b00c8 args=[0x1008,0x27fa4d8,0x1804edb6c,0x2,0x66040,0x0,0x65,0x400]
[trap] num=398 (0x18e) pc=0x1804ae948 args=[0x18052cc13,0x0,0x0,0x2,0x66040,0x0,0x65,0x400]
[trap] num=339 (0x153) pc=0x1804bc288 args=[0x4,0x27fa4e0,0x120a8,0x1ec7035c0,0x27fa658,0x27fa650,0x65,0x400]
[trap] num=339 (0x153) pc=0x1804bc288 args=[0x4,0x27f93d0,0x27f9494,0x1ec7035c0,0x27fa658,0x27fa650,0x65,0x400]
[trap] num=396 (0x18c) pc=0x1804afcac args=[0x4,0x65ff0,0x1000,0x100,0x0,0x27fa650,0x65,0x400]
[trap] num=396 (0x18c) pc=0x1804afcac args=[0x4,0x65ff0,0x1000,0x27f9575,0x701014080,0x27fa357,0x65,0xfffff0007ffff800]
[trap] num=396 (0x18c) pc=0x1804afcac args=[0x4,0x65ff0,0x1000,0x27f956a,0x701014080,0x0,0x61,0xfffff0003ffff800]
[trap] num=396 (0x18c) pc=0x1804afcac args=[0x4,0x65ff0,0x1000,0xa,0x70100c080,0x0,0x0,0xfffff0003ffff800]
[trap] num=399 (0x18f) pc=0x1804af584 args=[0x4,0x0,0x1804edb6c,0xa,0x70100c080,0x0,0x0,0xfffff0003ffff800]
[trap] num=169 (0xa9) pc=0x1804af8dc args=[0x8a51,0x0,0x27fb434,0x4,0x700c01e60,0x0,0xffffffffbfc007ff,0xfffff0003ffff800]
[trap] num=327 (0x147) pc=0x1804ad92c args=[0x0,0x1edd85ee8,0x180503ca0,0x1f5,0x2,0x0,0x0,0xfffff0003ffff800]
[trap] num=25 (0x19) pc=0x1804af050 args=[0x1ec7182a0,0x0,0x1f5,0x2,0x66280,0x0,0x65,0xfffff0003ffff800]
[trap] num=194 (0xc2) pc=0x1804b00c8 args=[0x1008,0x27fa4a8,0x1804edb6c,0x2,0x66280,0x0,0x65,0xfffff0003ffff800]
[trap] num=398 (0x18e) pc=0x1804ae948 args=[0x18052cc13,0x0,0x0,0x2,0x66280,0x0,0x65,0xfffff0003ffff800]
[trap] num=339 (0x153) pc=0x1804bc288 args=[0x4,0x27fa4b0,0x120a8,0x1ec7035c0,0x27fa628,0x27fa620,0x65,0xfffff0003ffff800]
[trap] num=339 (0x153) pc=0x1804bc288 args=[0x4,0x27f93a0,0x27f9464,0x1ec7035c0,0x27fa628,0x27fa620,0x65,0xfffff0003ffff800]
[trap] num=396 (0x18c) pc=0x1804afcac args=[0x4,0x700c10000,0x1000,0x1,0x0,0x1,0x0,0x0]
[trap] num=396 (0x18c) pc=0x1804afcac args=[0x4,0x700c10000,0x1000,0x27f9545,0x701014080,0x27fa327,0x65,0xfffff0007ffff800]
[trap] num=396 (0x18c) pc=0x1804afcac args=[0x4,0x700c10000,0x1000,0x27f953a,0x701014080,0x27fa327,0x61,0xfffff0007ffff800]
[trap] num=396 (0x18c) pc=0x1804afcac args=[0x4,0x700c10000,0x1000,0xa,0x70100c080,0x0,0x0,0xfffff0003ffff800]
[trap] num=399 (0x18f) pc=0x1804af584 args=[0x4,0x0,0x1804edb6c,0xa,0x70100c080,0x0,0x0,0xfffff0003ffff800]
[trap] num=202 (0xca) pc=0x1804af460 args=[0x27fb400,0x2,0x27fb3c8,0x27fb3c0,0xa0d6cec45,0x1a,0x0,0x20]
[trap] num=202 (0xca) pc=0x1804af460 args=[0x27fb3c8,0x3,0x27fb450,0x27fb458,0x0,0x0,0x0,0x20]
[trap] num=202 (0xca) pc=0x1804af460 args=[0x27fb400,0x2,0x27fb3c8,0x27fb3c0,0xa0d6cec60,0x18,0x0,0x20]
[trap] num=202 (0xca) pc=0x1804af460 args=[0x27fb3c8,0x3,0x27fb450,0x27fb458,0x0,0x0,0x0,0x20]
[trap] num=202 (0xca) pc=0x1804af460 args=[0x27fb400,0x2,0x27fb3c8,0x27fb3c0,0xa0d6cec79,0x18,0x0,0x20]
[trap] num=202 (0xca) pc=0x1804af460 args=[0x27fb3c8,0x3,0x27fb458,0x27fb450,0x0,0x0,0x0,0x20]
[trap] num=327 (0x147) pc=0x1804ad92c args=[0x0,0x100,0x193c16a30,0x27ffe50,0x1ec445338,0x0,0x0,0x0]
[trap] num=169 (0xa9) pc=0x1804af8dc args=[0x8a51,0x0,0x27fb358,0x4,0x1ec445338,0x0,0x0,0x0]
[trap] num=327 (0x147) pc=0x1804ad92c args=[0x1,0x194057bf0,0xf,0x1804f8a01,0x1ec445338,0x0,0x0,0x0]
[trap] num=169 (0xa9) pc=0x1804af8dc args=[0x8a51,0x0,0x27fb35c,0x4,0x1ec445338,0x0,0x0,0x0]
[trap] num=54 (0x36) pc=0x1804b2338 args=[0x1,0x4004667a,0x27fb2dc,0x4,0x1ec445338,0x0,0x0,0x0]
[trap] num=54 (0x36) pc=0x1804b2338 args=[0x1,0x40487413,0x27fb2e0,0x4,0x1ec445338,0x0,0x0,0x0]
[trap] num=54 (0x36) pc=0x1804b2338 args=[0x1,0x4004667a,0x27fb2dc,0x4,0x1ec445338,0x0,0x0,0x0]
[trap] num=54 (0x36) pc=0x1804b2338 args=[0x1,0x40487413,0x27fb2e0,0x4,0x1ec445338,0x0,0x0,0x0]
[trap] num=116 (0x74) pc=0x1804b1b60 args=[0x27fb1b0,0x0,0x0,0xfffffc088,0x1ec445338,0x0,0x0,0x0]
[trap] num=116 (0x74) pc=0x1804b1b60 args=[0x27fb1b0,0x0,0x0,0xfffffc088,0x1ec445338,0x0,0xe199b5b0dc41a481,0x0]
[trap] num=116 (0x74) pc=0x1804b1b60 args=[0x27fb4b0,0x0,0x0,0xfffffc088,0x1ec445338,0x0,0x0,0x0]
[trap] num=-47 (0xffffffffffffffd1) pc=0x1804adc34 args=[0x27fb480,0x200000003,0x2800001513,0x130300000203,0xd5a00000000,0x130300000000,0x30,0x0]
[mach_msg2] msgh_id=3418 dest=0x203 reply=0x1303 options=0x200000003 bits=0x1513 send_size=40 rcv_size=48
  send+000: 13 15 00 00 28 00 00 00 03 02 00 00 03 13 00 00
  send+010: 00 00 00 00 5a 0d 00 00 00 00 00 00 01 00 00 00
  send+020: 00 00 00 00 00 00 00 00
[retrace] forwarding mach_msg2 semaphore_create (msgh_id 3418) to host (decided allowlist)
[mach_msg2] host ret=0x0 err=false
  reply@0x27fb480+000: 00 12 00 80 28 00 00 00 00 00 00 00 03 13 00 00
  reply@0x27fb480+010: 00 00 00 00 be 0d 00 00 01 00 00 00 03 17 00 00
  reply@0x27fb480+020: 00 00 00 00 00 00 11 00 00 00 00 00 08 00 00 00
  reply@0x27fb480+030: 84 58 0b 08 0a 00 00 00 58 00 e2 09 0a 00 00 00
  reply@0x27fb480+040: d0 b4 7f 02 00 00 00 00 0c 22 d1 0b 0a 00 00 00
  reply@0x27fb480+050: f0 b4 7f 02 00 00 00 00 b4 4f 0b 08 0a 00 00 00
  reply@0x27fb480+060: 84 58 0b 08 0a 00 00 00 58 00 e2 09 0a 00 00 00
  reply@0x27fb480+070: 10 b5 7f 02 00 00 00 00 a0 58 0b 08 0a 00 00 00
  reply@0x27fb480+080: 84 58 0b 08 0a 00 00 00 38 ba 7f 02 00 00 00 00
  reply@0x27fb480+090: c0 b5 7f 02 00 00 00 00 30 0e 16 80 01 00 00 00
  reply@0x27fb480+0a0: 00 00 00 42 00 00 00 00 28 27 1a 80 01 00 00 00
  reply@0x27fb480+0b0: 00 00 07 1f 01 00 00 00 00 00 d7 07 0a 00 00 00
  reply@0x27fb480+0c0: 00 00 00 00 00 00 00 00 84 58 0b 08 0a 00 00 00
  reply@0x27fb480+0d0: 00 00 00 00 00 00 00 00 00 00 00 00 00 00 00 00
  reply@0x27fb480+0e0: 00 00 00 00 00 00 00 00 00 00 00 00 00 00 00 00
  reply@0x27fb480+0f0: 00 00 00 00 00 00 00 00 00 00 00 00 00 00 00 00
[trap] num=5 (0x5) pc=0x180119f50 args=[0x700c203c0,0x0,0x0,0x700c203c0,0x2f,0x40,0x0,0x6d0]
[trap] num=92 (0x5c) pc=0x1801180d8 args=[0x4,0x32,0x27fa328,0x700c203c0,0x2f,0x40,0x0,0x6d0]
[trap] num=6 (0x6) pc=0x180116750 args=[0x4,0x32,0x27fa328,0x700c203c0,0x2f,0x40,0x0,0x6d0]
[trap] num=483 (0x1e3) pc=0x1804ae6f0 args=[0x0,0x27fb3ac,0x4,0x27ffe50,0x1ec445338,0x0,0x0,0x0]
[trap] num=-15 (0xfffffffffffffff1) pc=0x1801155c4 args=[0x203,0x27fb250,0x20000,0x3fff,0x3c000001,0x3,0x0,0x0]
[trap] num=-15 (0xfffffffffffffff1) pc=0x1801155c4 args=[0x203,0x27fb210,0x20000,0x3fff,0x3c000001,0x3,0x0,0x0]
[trap] num=-15 (0xfffffffffffffff1) pc=0x1801155c4 args=[0x203,0x27fb400,0x20000,0x3fff,0x3c000001,0x3,0x0,0x0]
[trap] num=-12 (0xfffffffffffffff4) pc=0x1801155a0 args=[0x203,0x100054000,0x20000,0x103,0xffffffff13c06f50,0x10,0x20000,0x0]
[trap] num=-12 (0xfffffffffffffff4) pc=0x1801155a0 args=[0x203,0x100034000,0x20000,0x103,0xffffffff13c06f50,0x10,0x20000,0x0]
[trap] num=-12 (0xfffffffffffffff4) pc=0x1801155a0 args=[0x203,0x100014000,0x20000,0x103,0xffffffff13c06f50,0x10,0x20000,0x0]
[trap] num=-14 (0xfffffffffffffff2) pc=0x1801155b8 args=[0x203,0x1ec444000,0x24000,0x0,0x1,0x10,0x20000,0x0]
[trap] num=24 (0x18) pc=0x1804af858 args=[0xa0919a7ae,0x27ff4e8,0x0,0x700c49380,0x700c49350,0x0,0x65646f6e2e6e6f,0xfffff0003ffff800]
[M28 BANDSHRINK] syscall 24 band past ipa 0x700c49350 len 65536 shrunk 64 -> 0 by an overlapping window of the same call
[trap] num=25 (0x19) pc=0x1804af050 args=[0x1f5,0x27ff4e8,0x0,0x700c49380,0x700c49350,0x0,0x65646f6e2e6e6f,0xfffff0003ffff800]
[M28 BANDSHRINK] syscall 25 band past ipa 0x700c49350 len 65536 shrunk 64 -> 0 by an overlapping window of the same call
[trap] num=47 (0x2f) pc=0x1804b1f48 args=[0x1f5,0x27ff4e8,0x0,0x700c49380,0x700c49350,0x0,0x65646f6e2e6e6f,0xfffff0003ffff800]
[M28 BANDSHRINK] syscall 47 band past ipa 0x700c49350 len 65536 shrunk 64 -> 0 by an overlapping window of the same call
[trap] num=43 (0x2b) pc=0x1804af8b0 args=[0x14,0x27ff4e8,0x0,0x700c49380,0x700c49350,0x0,0x65646f6e2e6e6f,0xfffff0003ffff800]
[M28 BANDSHRINK] syscall 43 band past ipa 0x700c49350 len 65536 shrunk 64 -> 0 by an overlapping window of the same call
[trap] num=339 (0x153) pc=0x1804bc288 args=[0x0,0xa09df4978,0x120a8,0x0,0xa07d70000,0x0,0xa07fd6f04,0x0]
[trap] num=339 (0x153) pc=0x1804bc288 args=[0x1,0xa09df4a58,0x120a8,0x0,0xa07d70000,0x0,0xa07fd6f04,0x0]
[trap] num=339 (0x153) pc=0x1804bc288 args=[0x2,0xa09df4b38,0x120a8,0x0,0xa07d70000,0x0,0xa07fd6f04,0x0]
[trap] num=329 (0x149) pc=0x1804b54f4 args=[0x3,0x27ff548,0x0,0x0,0xa07d70000,0x0,0xa07fd6f04,0x0]
[trap] num=46 (0x2e) pc=0x1804b4478 args=[0x1,0x0,0x27ff4e0,0x0,0xa07d70000,0x0,0xa07fd6f04,0x0]
[trap] num=46 (0x2e) pc=0x1804b4478 args=[0x2,0x0,0x27ff4e0,0x0,0xa07d70000,0x0,0xa07fd6f04,0x0]
[trap] num=46 (0x2e) pc=0x1804b4478 args=[0x3,0x0,0x27ff4e0,0x0,0xa07d70000,0x0,0xa07fd6f04,0x0]
[trap] num=46 (0x2e) pc=0x1804b4478 args=[0x4,0x0,0x27ff4e0,0x0,0xa07d70000,0x0,0xa07fd6f04,0x0]
[trap] num=46 (0x2e) pc=0x1804b4478 args=[0x5,0x0,0x27ff4e0,0x0,0xa07d70000,0x0,0xa07fd6f04,0x0]
[trap] num=46 (0x2e) pc=0x1804b4478 args=[0x6,0x0,0x27ff4e0,0x0,0xa07d70000,0x0,0xa07fd6f04,0x0]
[trap] num=46 (0x2e) pc=0x1804b4478 args=[0x7,0x0,0x27ff4e0,0x0,0xa07d70000,0x0,0xa07fd6f04,0x0]
[trap] num=46 (0x2e) pc=0x1804b4478 args=[0x8,0x0,0x27ff4e0,0x0,0xa07d70000,0x0,0xa07fd6f04,0x0]
[trap] num=46 (0x2e) pc=0x1804b4478 args=[0xa,0x0,0x27ff4e0,0x0,0xa07d70000,0x0,0xa07fd6f04,0x0]
[trap] num=46 (0x2e) pc=0x1804b4478 args=[0xb,0x0,0x27ff4e0,0x0,0xa07d70000,0x0,0xa07fd6f04,0x0]
[trap] num=46 (0x2e) pc=0x1804b4478 args=[0xc,0x0,0x27ff4e0,0x0,0xa07d70000,0x0,0xa07fd6f04,0x0]
[trap] num=46 (0x2e) pc=0x1804b4478 args=[0xd,0x27ff4b8,0x0,0x0,0xa07d70000,0x0,0xa07fd6f04,0x0]
[trap] num=46 (0x2e) pc=0x1804b4478 args=[0xe,0x0,0x27ff4e0,0x0,0xa07d70000,0x0,0xa07fd6f04,0x0]
[trap] num=46 (0x2e) pc=0x1804b4478 args=[0xf,0x0,0x27ff4e0,0x0,0xa07d70000,0x0,0xa07fd6f04,0x0]
[trap] num=46 (0x2e) pc=0x1804b4478 args=[0x10,0x0,0x27ff4e0,0x0,0xa07d70000,0x0,0xa07fd6f04,0x0]
[trap] num=46 (0x2e) pc=0x1804b4478 args=[0x12,0x0,0x27ff4e0,0x0,0xa07d70000,0x0,0xa07fd6f04,0x0]
[trap] num=46 (0x2e) pc=0x1804b4478 args=[0x13,0x0,0x27ff4e0,0x0,0xa07d70000,0x0,0xa07fd6f04,0x0]
[trap] num=46 (0x2e) pc=0x1804b4478 args=[0x14,0x0,0x27ff4e0,0x0,0xa07d70000,0x0,0xa07fd6f04,0x0]
[trap] num=46 (0x2e) pc=0x1804b4478 args=[0x15,0x0,0x27ff4e0,0x0,0xa07d70000,0x0,0xa07fd6f04,0x0]
[trap] num=46 (0x2e) pc=0x1804b4478 args=[0x16,0x0,0x27ff4e0,0x0,0xa07d70000,0x0,0xa07fd6f04,0x0]
[trap] num=46 (0x2e) pc=0x1804b4478 args=[0x17,0x0,0x27ff4e0,0x0,0xa07d70000,0x0,0xa07fd6f04,0x0]
[trap] num=46 (0x2e) pc=0x1804b4478 args=[0x18,0x0,0x27ff4e0,0x0,0xa07d70000,0x0,0xa07fd6f04,0x0]
[trap] num=46 (0x2e) pc=0x1804b4478 args=[0x19,0x27ff4b8,0x0,0x0,0xa07d70000,0x0,0xa07fd6f04,0x0]
[trap] num=46 (0x2e) pc=0x1804b4478 args=[0x1a,0x0,0x27ff4e0,0x0,0xa07d70000,0x0,0xa07fd6f04,0x0]
[trap] num=46 (0x2e) pc=0x1804b4478 args=[0x1b,0x0,0x27ff4e0,0x0,0xa07d70000,0x0,0xa07fd6f04,0x0]
[trap] num=46 (0x2e) pc=0x1804b4478 args=[0x1c,0x0,0x27ff4e0,0x0,0xa07d70000,0x0,0xa07fd6f04,0x0]
[trap] num=46 (0x2e) pc=0x1804b4478 args=[0x1d,0x0,0x27ff4e0,0x0,0xa07d70000,0x0,0xa07fd6f04,0x0]
[trap] num=46 (0x2e) pc=0x1804b4478 args=[0x1e,0x0,0x27ff4e0,0x0,0xa07d70000,0x0,0xa07fd6f04,0x0]
[trap] num=46 (0x2e) pc=0x1804b4478 args=[0x1f,0x0,0x27ff4e0,0x0,0xa07d70000,0x0,0xa07fd6f04,0x0]
[trap] num=92 (0x5c) pc=0x1804ae8c4 args=[0x0,0x3,0x27ff4e0,0x0,0xa07d70000,0x0,0xa07fd6f04,0x0]
[trap] num=54 (0x36) pc=0x1804b2338 args=[0x0,0x4004667a,0x27ff36c,0x0,0xa07d70000,0x0,0xa07fd6f04,0x0]
[trap] num=339 (0x153) pc=0x1804bc288 args=[0x0,0x27ff3e8,0x27ff36c,0x0,0xa07d70000,0x0,0xa07fd6f04,0x0]
[trap] num=92 (0x5c) pc=0x1804ae8c4 args=[0x1,0x3,0x27ff4e0,0x0,0xa07d70000,0x0,0xa07fd6f04,0x0]
[trap] num=54 (0x36) pc=0x1804b2338 args=[0x1,0x4004667a,0x27ff36c,0x0,0xa07d70000,0x0,0xa07fd6f04,0x0]
[trap] num=54 (0x36) pc=0x1804b2338 args=[0x1,0x40487413,0x27ff370,0x0,0xa07d70000,0x0,0xa07fd6f04,0x0]
[trap] num=339 (0x153) pc=0x1804bc288 args=[0x1,0x27ff3e8,0x27ff370,0x0,0xa07d70000,0x0,0xa07fd6f04,0x0]
[trap] num=92 (0x5c) pc=0x1804ae8c4 args=[0x2,0x3,0x27ff4e0,0x0,0xa07d70000,0x0,0xa07fd6f04,0x0]
[trap] num=54 (0x36) pc=0x1804b2338 args=[0x2,0x4004667a,0x27ff36c,0x0,0xa07d70000,0x0,0xa07fd6f04,0x0]
[trap] num=54 (0x36) pc=0x1804b2338 args=[0x2,0x40487413,0x27ff370,0x0,0xa07d70000,0x0,0xa07fd6f04,0x0]
[trap] num=339 (0x153) pc=0x1804bc288 args=[0x2,0x27ff3e8,0x27ff370,0x0,0xa07d70000,0x0,0xa07fd6f04,0x0]
[trap] num=46 (0x2e) pc=0x1804b4478 args=[0x2,0x27ff4d8,0x0,0x0,0xa07d70000,0x0,0xa07fd6f04,0x0]
[trap] num=46 (0x2e) pc=0x1804b4478 args=[0xf,0x27ff4d8,0x0,0x0,0xa07d70000,0x0,0xa07fd6f04,0x0]
[trap] num=194 (0xc2) pc=0x1804b00c8 args=[0x1008,0x27ff548,0x0,0x0,0xa07d70000,0x0,0xa07fd6f04,0x0]
[trap] num=195 (0xc3) pc=0x1804b0a10 args=[0x1008,0x27ff548,0x0,0x0,0xa07d70000,0x0,0xa07fd6f04,0x0]
[trap] num=92 (0x5c) pc=0x1804ae8c4 args=[0x0,0x2,0x1,0x0,0xa07d70000,0x0,0xa07fd6f04,0x0]
[trap] num=92 (0x5c) pc=0x1804ae8c4 args=[0x1,0x2,0x1,0x0,0xa07d70000,0x0,0xa07fd6f04,0x0]
[trap] num=92 (0x5c) pc=0x1804ae8c4 args=[0x2,0x2,0x1,0x0,0xa07d70000,0x0,0xa07fd6f04,0x0]
[trap] num=92 (0x5c) pc=0x1804ae8c4 args=[0x3,0x2,0x1,0x0,0xa07d70000,0x0,0xa07fd6f04,0x0]
[trap] num=92 (0x5c) pc=0x1804ae8c4 args=[0x4,0x2,0x1,0x0,0xa07d70000,0x0,0xa07fd6f04,0x0]
[trap] num=92 (0x5c) pc=0x1804ae8c4 args=[0x5,0x2,0x1,0x0,0xa07d70000,0x0,0xa07fd6f04,0x0]
[trap] num=92 (0x5c) pc=0x1804ae8c4 args=[0x6,0x2,0x1,0x0,0xa07d70000,0x0,0xa07fd6f04,0x0]
[trap] num=92 (0x5c) pc=0x1804ae8c4 args=[0x7,0x2,0x1,0x0,0xa07d70000,0x0,0xa07fd6f04,0x0]
[trap] num=92 (0x5c) pc=0x1804ae8c4 args=[0x8,0x2,0x1,0x0,0xa07d70000,0x0,0xa07fd6f04,0x0]
[trap] num=92 (0x5c) pc=0x1804ae8c4 args=[0x9,0x2,0x1,0x0,0xa07d70000,0x0,0xa07fd6f04,0x0]
[trap] num=92 (0x5c) pc=0x1804ae8c4 args=[0xa,0x2,0x1,0x0,0xa07d70000,0x0,0xa07fd6f04,0x0]
[trap] num=92 (0x5c) pc=0x1804ae8c4 args=[0xb,0x2,0x1,0x0,0xa07d70000,0x0,0xa07fd6f04,0x0]
[trap] num=92 (0x5c) pc=0x1804ae8c4 args=[0xc,0x2,0x1,0x0,0xa07d70000,0x0,0xa07fd6f04,0x0]
[trap] num=92 (0x5c) pc=0x1804ae8c4 args=[0xd,0x2,0x1,0x0,0xa07d70000,0x0,0xa07fd6f04,0x0]
[trap] num=92 (0x5c) pc=0x1804ae8c4 args=[0xe,0x2,0x1,0x0,0xa07d70000,0x0,0xa07fd6f04,0x0]
[trap] num=92 (0x5c) pc=0x1804ae8c4 args=[0xf,0x2,0x1,0x0,0xa07d70000,0x0,0xa07fd6f04,0x0]
[trap] num=92 (0x5c) pc=0x1804ae8c4 args=[0x10,0x2,0x1,0x0,0xa07d70000,0x0,0xa07fd6f04,0x0]
[trap] num=24 (0x18) pc=0x1804af858 args=[0xa091ae51d,0x27ff648,0x0,0xfffff0007fc00000,0x27fefef,0x27fefee,0xffffffffbfc007ff,0xfffff0003ffff800]
[trap] num=25 (0x19) pc=0x1804af050 args=[0x1f5,0x27ff648,0x0,0xfffff0007fc00000,0x27fefef,0x27fefee,0xffffffffbfc007ff,0xfffff0003ffff800]
[trap] num=47 (0x2f) pc=0x1804b1f48 args=[0x1f5,0x27ff648,0x0,0xfffff0007fc00000,0x27fefef,0x27fefee,0xffffffffbfc007ff,0xfffff0003ffff800]
[trap] num=43 (0x2b) pc=0x1804af8b0 args=[0x14,0x27ff648,0x0,0xfffff0007fc00000,0x27fefef,0x27fefee,0xffffffffbfc007ff,0xfffff0003ffff800]
[trap] num=24 (0x18) pc=0x1804af858 args=[0xa091cac7c,0x27ff448,0x0,0x103,0x27fefef,0x27fefee,0xffffffffbfc007ff,0xfffff0003ffff800]
[trap] num=25 (0x19) pc=0x1804af050 args=[0x1f5,0x27ff448,0x0,0x103,0x27fefef,0x27fefee,0xffffffffbfc007ff,0xfffff0003ffff800]
[trap] num=47 (0x2f) pc=0x1804b1f48 args=[0x1f5,0x27ff448,0x0,0x103,0x27fefef,0x27fefee,0xffffffffbfc007ff,0xfffff0003ffff800]
[trap] num=43 (0x2b) pc=0x1804af8b0 args=[0x14,0x27ff448,0x0,0x103,0x27fefef,0x27fefee,0xffffffffbfc007ff,0xfffff0003ffff800]
[trap] num=24 (0x18) pc=0x1804af858 args=[0xa091cac95,0x27ff448,0x0,0x1804f8a0b,0x27fefef,0x27fefee,0xffffffffbfc007ff,0xfffff0003ffff800]
[trap] num=25 (0x19) pc=0x1804af050 args=[0x1f5,0x27ff448,0x0,0x1804f8a0b,0x27fefef,0x27fefee,0xffffffffbfc007ff,0xfffff0003ffff800]
[trap] num=47 (0x2f) pc=0x1804b1f48 args=[0x1f5,0x27ff448,0x0,0x1804f8a0b,0x27fefef,0x27fefee,0xffffffffbfc007ff,0xfffff0003ffff800]
[trap] num=43 (0x2b) pc=0x1804af8b0 args=[0x14,0x27ff448,0x0,0x1804f8a0b,0x27fefef,0x27fefee,0xffffffffbfc007ff,0xfffff0003ffff800]
[trap] num=24 (0x18) pc=0x1804af858 args=[0xa091cacac,0x27ff448,0x0,0x1804f8a0b,0x27fefef,0x27fefee,0xffffffffbfc007ff,0xfffff0003ffff800]
[trap] num=25 (0x19) pc=0x1804af050 args=[0x1f5,0x27ff448,0x0,0x1804f8a0b,0x27fefef,0x27fefee,0xffffffffbfc007ff,0xfffff0003ffff800]
[trap] num=47 (0x2f) pc=0x1804b1f48 args=[0x1f5,0x27ff448,0x0,0x1804f8a0b,0x27fefef,0x27fefee,0xffffffffbfc007ff,0xfffff0003ffff800]
[trap] num=43 (0x2b) pc=0x1804af8b0 args=[0x14,0x27ff448,0x0,0x1804f8a0b,0x27fefef,0x27fefee,0xffffffffbfc007ff,0xfffff0003ffff800]
[trap] num=24 (0x18) pc=0x1804af858 args=[0xa091cacc8,0x27ff448,0x0,0x1804f8a0b,0x27fefef,0x27fefee,0xffffffffbfc007ff,0xfffff0003ffff800]
[trap] num=25 (0x19) pc=0x1804af050 args=[0x1f5,0x27ff448,0x0,0x1804f8a0b,0x27fefef,0x27fefee,0xffffffffbfc007ff,0xfffff0003ffff800]
[trap] num=47 (0x2f) pc=0x1804b1f48 args=[0x1f5,0x27ff448,0x0,0x1804f8a0b,0x27fefef,0x27fefee,0xffffffffbfc007ff,0xfffff0003ffff800]
[trap] num=43 (0x2b) pc=0x1804af8b0 args=[0x14,0x27ff448,0x0,0x1804f8a0b,0x27fefef,0x27fefee,0xffffffffbfc007ff,0xfffff0003ffff800]
[trap] num=24 (0x18) pc=0x1804af858 args=[0xa091cacdb,0x27ff448,0x0,0x1804f8a0b,0x27fefef,0x27fefee,0xffffffffbfc007ff,0xfffff0003ffff800]
[trap] num=25 (0x19) pc=0x1804af050 args=[0x1f5,0x27ff448,0x0,0x1804f8a0b,0x27fefef,0x27fefee,0xffffffffbfc007ff,0xfffff0003ffff800]
[trap] num=47 (0x2f) pc=0x1804b1f48 args=[0x1f5,0x27ff448,0x0,0x1804f8a0b,0x27fefef,0x27fefee,0xffffffffbfc007ff,0xfffff0003ffff800]
[trap] num=43 (0x2b) pc=0x1804af8b0 args=[0x14,0x27ff448,0x0,0x1804f8a0b,0x27fefef,0x27fefee,0xffffffffbfc007ff,0xfffff0003ffff800]
[trap] num=24 (0x18) pc=0x1804af858 args=[0xa091ae62b,0x27ff620,0x0,0xfffffffffffffff0,0x700c49362,0xa091b3990,0xffffffffbfc007ff,0xfffff0003ffff800]
[M28 BANDSHRINK] syscall 24 band past ipa 0xa091ae62b len 65536 shrunk 64 -> 0 by an overlapping window of the same call
[trap] num=25 (0x19) pc=0x1804af050 args=[0x1f5,0x27ff620,0x0,0xfffffffffffffff0,0x700c49362,0xa091b3990,0xffffffffbfc007ff,0xfffff0003ffff800]
[trap] num=47 (0x2f) pc=0x1804b1f48 args=[0x1f5,0x27ff620,0x0,0xfffffffffffffff0,0x700c49362,0xa091b3990,0xffffffffbfc007ff,0xfffff0003ffff800]
[trap] num=43 (0x2b) pc=0x1804af8b0 args=[0x14,0x27ff620,0x0,0xfffffffffffffff0,0x700c49362,0xa091b3990,0xffffffffbfc007ff,0xfffff0003ffff800]
[trap] num=24 (0x18) pc=0x1804af858 args=[0xa091ae696,0x66990,0x0,0xfffff0007fc00000,0x75940,0x27fef4e,0xffffffffbfc007ff,0xfffff0003ffff800]
[M28 BANDSHRINK] syscall 24 band past ipa 0x66990 len 65536 shrunk 64 -> 0 by an overlapping window of the same call
[trap] num=25 (0x19) pc=0x1804af050 args=[0x1f5,0x66990,0x0,0xfffff0007fc00000,0x75940,0x27fef4e,0xffffffffbfc007ff,0xfffff0003ffff800]
[M28 BANDSHRINK] syscall 25 band past ipa 0x66990 len 65536 shrunk 64 -> 0 by an overlapping window of the same call
[trap] num=47 (0x2f) pc=0x1804b1f48 args=[0x1f5,0x66990,0x0,0xfffff0007fc00000,0x75940,0x27fef4e,0xffffffffbfc007ff,0xfffff0003ffff800]
[M28 BANDSHRINK] syscall 47 band past ipa 0x66990 len 65536 shrunk 64 -> 0 by an overlapping window of the same call
[trap] num=43 (0x2b) pc=0x1804af8b0 args=[0x14,0x66990,0x0,0xfffff0007fc00000,0x75940,0x27fef4e,0xffffffffbfc007ff,0xfffff0003ffff800]
[M28 BANDSHRINK] syscall 43 band past ipa 0x66990 len 65536 shrunk 64 -> 0 by an overlapping window of the same call
[trap] num=24 (0x18) pc=0x1804af858 args=[0xa091ae1a6,0x27ff648,0x0,0x0,0x76640,0x0,0x30,0x27ff4e4]
[trap] num=25 (0x19) pc=0x1804af050 args=[0x1f5,0x27ff648,0x0,0x0,0x76640,0x0,0x30,0x27ff4e4]
[trap] num=47 (0x2f) pc=0x1804b1f48 args=[0x1f5,0x27ff648,0x0,0x0,0x76640,0x0,0x30,0x27ff4e4]
[trap] num=43 (0x2b) pc=0x1804af8b0 args=[0x14,0x27ff648,0x0,0x0,0x76640,0x0,0x30,0x27ff4e4]
[trap] num=-15 (0xfffffffffffffff1) pc=0x1804adacc args=[0x203,0x27ff058,0x400000,0x0,0x2004000,0x3,0x0,0x0]
[trap] num=24 (0x18) pc=0x1804af858 args=[0xa0d6c4457,0x2,0x27ff2f8,0x72ca0,0xb1010000b183,0xb000,0xb1010000b1c0,0xb100]
[trap] num=25 (0x19) pc=0x1804af050 args=[0x1f5,0x2,0x27ff2f8,0x72ca0,0xb1010000b183,0xb000,0xb1010000b1c0,0xb100]
[trap] num=47 (0x2f) pc=0x1804b1f48 args=[0x1f5,0x2,0x27ff2f8,0x72ca0,0xb1010000b183,0xb000,0xb1010000b1c0,0xb100]
[trap] num=43 (0x2b) pc=0x1804af8b0 args=[0x14,0x2,0x27ff2f8,0x72ca0,0xb1010000b183,0xb000,0xb1010000b1c0,0xb100]
[trap] num=194 (0xc2) pc=0x1804b00c8 args=[0x1008,0x27ff238,0x1804edb6c,0xa0d42cfa0,0x700c19b30,0x0,0xffffffffbfc007ff,0xfffff0003ffff800]
[trap] num=398 (0x18e) pc=0x1804ae948 args=[0x700c19aa0,0x0,0x0,0xa0d42cfa0,0x700c19b30,0x0,0xffffffffbfc007ff,0xfffff0003ffff800]
[M28 BANDSHRINK] syscall 398 band past ipa 0x700c19aa0 len 65536 shrunk 64 -> 0 by an overlapping window of the same call
[trap] num=339 (0x153) pc=0x1804bc288 args=[0x4,0x27ff080,0x27ff144,0x772c0,0x77180,0x0,0xffffffffbfc007ff,0xfffff0003ffff800]
[M28 BANDSHRINK] syscall 339 band past ipa 0x77180 len 65536 shrunk 64 -> 0 by an overlapping window of the same call
[trap] num=396 (0x18c) pc=0x1804afcac args=[0x4,0x700c12000,0x1000,0xa14aaf160,0x700c12000,0x0,0xffffffffbfc007ff,0xfffff0003ffff800]
[trap] num=396 (0x18c) pc=0x1804afcac args=[0x4,0x700c12000,0x1000,0x77118,0x700b9be9f,0x20,0x657473696c206568,0xfffff0003ffff800]
[trap] num=396 (0x18c) pc=0x1804afcac args=[0x4,0x700c12000,0x1000,0x7710c,0x700b9be5c,0x20,0x6e,0xfffff0003ffff800]
[trap] num=396 (0x18c) pc=0x1804afcac args=[0x4,0x700c12000,0x1000,0x77103,0x70104a420,0x0,0x64,0xfffff0003ffff800]
[trap] num=396 (0x18c) pc=0x1804afcac args=[0x4,0x700c12000,0x1000,0xa14aade20,0x70104a460,0x0,0xffffffffbfc007ff,0xfffff0003ffff800]
[trap] num=399 (0x18f) pc=0x1804af584 args=[0x4,0x0,0x1804edb6c,0xfffff0007fc00000,0x77180,0x0,0xffffffffbfc007ff,0xfffff0003ffff800]
[trap] num=116 (0x74) pc=0x1804b1b60 args=[0x27fedc0,0x0,0x0,0xfffffc088,0x700c73420,0x0,0xffffffffbfc007ff,0xfffff0003ffff800]
[trap] num=116 (0x74) pc=0x1804b1b60 args=[0x27ff120,0x0,0x0,0xfffffc088,0x0,0x0,0x1,0x0]
[trap] num=116 (0x74) pc=0x1804b1b60 args=[0x27ff010,0x0,0x0,0xfffffc088,0x0,0x27ff0a8,0x8,0xfffff0003ffff800]
[trap] num=116 (0x74) pc=0x1804b1b60 args=[0x27ff110,0x0,0x0,0xfffffc088,0x0,0x0,0x1,0x0]
[trap] num=202 (0xca) pc=0x1804af460 args=[0x27ff1b0,0x2,0x1ec7027b0,0x27ff1a8,0x0,0x0,0x0,0xfffff0003ffff800]
[trap] num=197 (0xc5) pc=0x1804aea18 args=[0x0,0x40000,0x3,0x41002,0xffffffff,0x0,0x0,0xfffff0003ffff800]
[trap] num=197 (0xc5) pc=0x1804aea18 args=[0x0,0x40000,0x3,0x41002,0xffffffff,0x0,0x0,0xfffff0003ffff800]
[trap] num=197 (0xc5) pc=0x1804aea18 args=[0x0,0x140000,0x3,0x41002,0xffffffff,0x0,0x0,0xfffff0003ffff800]
[trap] num=24 (0x18) pc=0x1804af858 args=[0xa091ae2c2,0x27ff548,0x0,0xa14f20054,0xa14e20100,0x0,0x0,0xfffff0003ffff800]
[trap] num=25 (0x19) pc=0x1804af050 args=[0x1f5,0x27ff548,0x0,0xa14f20054,0xa14e20100,0x0,0x0,0xfffff0003ffff800]
[trap] num=47 (0x2f) pc=0x1804b1f48 args=[0x1f5,0x27ff548,0x0,0xa14f20054,0xa14e20100,0x0,0x0,0xfffff0003ffff800]
[trap] num=43 (0x2b) pc=0x1804af8b0 args=[0x14,0x27ff548,0x0,0xa14f20054,0xa14e20100,0x0,0x0,0xfffff0003ffff800]
[trap] num=336 (0x150) pc=0x1804af110 args=[0x5,0x8a51,0x2,0x0,0x27ff4c8,0xf,0x64,0xfffff0003ffff800]
[trap] num=362 (0x16a) pc=0x1804b3f98 args=[0x7b318,0x27ff430,0x1804edb6c,0x1,0x0,0x0,0xffffffffbfc007ff,0xfffff0003ffff800]
[trap] num=92 (0x5c) pc=0x1804ae8c4 args=[0x4,0x2,0x1,0x1,0x0,0x0,0xffffffffbfc007ff,0xfffff0003ffff800]
[trap] num=42 (0x2a) pc=0x1804b43ec args=[0x27ff380,0x0,0x0,0x103,0x0,0x0,0xffffffffbfc007ff,0xfffff0003ffff800]
[trap] num=92 (0x5c) pc=0x1804ae8c4 args=[0x5,0x2,0x1,0x103,0x0,0x0,0xffffffffbfc007ff,0xfffff0003ffff800]
[trap] num=92 (0x5c) pc=0x1804ae8c4 args=[0x6,0x2,0x1,0x103,0x0,0x0,0xffffffffbfc007ff,0xfffff0003ffff800]
[trap] num=4 (0x4) pc=0x1804b1834 args=[0x6,0x27ff39f,0x1,0x103,0x0,0x0,0xffffffffbfc007ff,0xfffff0003ffff800]
[trap] num=362 (0x16a) pc=0x1804b3f98 args=[0x27ff3b0,0x27ff3b0,0x1804edb6c,0x103,0x0,0x0,0xffffffffbfc007ff,0xfffff0003ffff800]
[trap] num=363 (0x16b) pc=0x1804b3fc4 args=[0x7,0x27ff2c8,0x2,0x27ff2c8,0x1,0x27ff2b8,0xffffffffbfc007ff,0xfffff0003ffff800]
[trap] num=399 (0x18f) pc=0x1804af584 args=[0x7,0x27ff2c8,0x2,0x27ff2c8,0x1,0x27ff2b8,0xffffffffbfc007ff,0xfffff0003ffff800]
[trap] num=5 (0x5) pc=0x1804ae694 args=[0xa0bd18705,0x1000000,0x0,0x27ff2c8,0x1,0x27ff2b8,0xffffffffbfc007ff,0xfffff0003ffff800]
[trap] num=363 (0x16b) pc=0x1804b3fc4 args=[0x4,0x27ff400,0x1,0x0,0x0,0x0,0xffffffffbfc007ff,0xfffff0003ffff800]
[trap] num=-47 (0xffffffffffffffd1) pc=0x1804adc34 args=[0x27ff310,0x200000003,0x2800001513,0x130300000203,0xd5a00000000,0x130300000000,0x30,0x0]
[mach_msg2] msgh_id=3418 dest=0x203 reply=0x1303 options=0x200000003 bits=0x1513 send_size=40 rcv_size=48
  send+000: 13 15 00 00 28 00 00 00 03 02 00 00 03 13 00 00
  send+010: 00 00 00 00 5a 0d 00 00 00 00 00 00 01 00 00 00
  send+020: 00 00 00 00 00 00 00 00
[retrace] forwarding mach_msg2 semaphore_create (msgh_id 3418) to host (decided allowlist)
[mach_msg2] host ret=0x0 err=false
  reply@0x27ff310+000: 00 12 00 80 28 00 00 00 00 00 00 00 03 13 00 00
  reply@0x27ff310+010: 00 00 00 00 be 0d 00 00 01 00 00 00 03 16 00 00
  reply@0x27ff310+020: 00 00 00 00 00 00 11 00 00 00 00 00 08 00 00 00
  reply@0x27ff310+030: a8 f3 7f 02 00 00 00 00 d0 bb 07 00 00 00 00 00
  reply@0x27ff310+040: 60 f3 7f 02 00 00 00 00 0c 22 d1 0b 0a 00 00 00
  reply@0x27ff310+050: 90 f3 7f 02 00 00 00 00 b8 59 05 08 0a 00 00 00
  reply@0x27ff310+060: d0 bb 07 00 00 00 00 00 70 bb 07 00 00 00 00 00
  reply@0x27ff310+070: 04 00 00 00 00 00 00 00 a8 ba 07 00 00 00 00 00
  reply@0x27ff310+080: 80 f4 7f 02 00 00 00 00 58 57 05 08 0a 00 00 00
  reply@0x27ff310+090: 20 f0 01 01 07 00 00 00 20 d5 06 00 00 00 00 00
  reply@0x27ff310+0a0: 90 b5 07 00 04 00 00 00 44 4e 4f 43 00 00 00 00
  reply@0x27ff310+0b0: 00 00 00 00 00 00 00 80 00 00 00 00 00 00 00 00
  reply@0x27ff310+0c0: 00 00 00 00 01 00 00 00 00 00 00 00 0a 00 00 00
  reply@0x27ff310+0d0: 18 b3 07 00 00 00 00 00 5a 54 55 4d 00 00 00 00
  reply@0x27ff310+0e0: 00 00 00 00 a0 20 00 00 00 00 00 00 5a 54 55 4d
  reply@0x27ff310+0f0: 00 00 00 00 00 00 00 00 02 00 00 00 00 00 00 00
[trap] num=194 (0xc2) pc=0x1804b00c8 args=[0x1003,0x27ff2a0,0xa08057bec,0x7bbd0,0xd5a00000000,0x130300000000,0x30,0x0]
[trap] num=-15 (0xfffffffffffffff1) pc=0x1804adacc args=[0x203,0x27ff268,0x4c000,0x3fff,0x1e000001,0x3,0x0,0x0]
[trap] num=-14 (0xfffffffffffffff2) pc=0x1804adac0 args=[0x203,0x30000000,0x4000,0x0,0x0,0x3,0x0,0x0]
[trap] num=360 (0x168) pc=0x1804b1ad8 args=[0xa08057bec,0x7bbd0,0x30047000,0x30047000,0x90008ff,0x3,0x0,0x0]
[trap] num=-36 (0xffffffffffffffdc) pc=0x1804adbb0 args=[0x1603,0x0,0x30047000,0x30047000,0x90008ff,0x3,0x0,0x0]
[trap] num=372 (0x174) pc=0x1804afacc args=[0x30047000,0x0,0x0,0x0,0x0,0x190008ff,0x0,0x0]
[trap] num=336 (0x150) pc=0x1804af110 args=[0x5,0x8a51,0x2,0x0,0x30046f58,0x1a,0x72,0x0]
[trap] num=362 (0x16a) pc=0x1804b3f98 args=[0x7bca8,0x30046ed0,0x1804edb6c,0xfffffc088,0x0,0x0,0x0,0x0]
[trap] num=92 (0x5c) pc=0x1804ae8c4 args=[0x8,0x2,0x1,0xfffffc088,0x0,0x0,0x0,0x0]
[trap] num=5 (0x5) pc=0x1804ae694 args=[0xa0bd18705,0x1000000,0x0,0xfffffc088,0x0,0x0,0x0,0x0]
[trap] num=363 (0x16b) pc=0x1804b3fc4 args=[0x8,0x30046ea0,0x1,0x0,0x0,0x0,0x0,0x0]
[trap] num=-33 (0xffffffffffffffdf) pc=0x1804adb8c args=[0x1603,0x7c0d8,0xa08057d7c,0x700c833b0,0x700c83400,0x0,0xffffffffbfc007ff,0xfffff0003ffff800]
[trap] num=363 (0x16b) pc=0x1804b3fc4 args=[0x8,0x3003ee90,0x0,0x3003ee90,0x400,0x0,0xffffffffbfc007ff,0xfffff0003ffff800]
[trap] num=-47 (0xffffffffffffffd1) pc=0x1804adc34 args=[0x27ff340,0x200000003,0x2880001513,0x130300000203,0xd5b00000000,0x130300000001,0x2c,0x0]
[mach_msg2] msgh_id=3419 dest=0x203 reply=0x1303 options=0x200000003 bits=0x80001513 send_size=40 rcv_size=44
  send+000: 13 15 00 80 28 00 00 00 03 02 00 00 03 13 00 00
  send+010: 00 00 00 00 5b 0d 00 00 01 00 00 00 03 16 00 00
  send+020: 00 00 00 00 00 00 11 00
[retrace] forwarding mach_msg2 semaphore_destroy (msgh_id 3419) to host (decided allowlist)
[mach_msg2] host ret=0x0 err=false
  reply@0x27ff340+000: 00 12 00 00 24 00 00 00 00 00 00 00 03 13 00 00
  reply@0x27ff340+010: 00 00 00 00 bf 0d 00 00 00 00 00 00 01 00 00 00
  reply@0x27ff340+020: 00 00 00 00 00 00 00 00 08 00 00 00 0a 00 00 00
  reply@0x27ff340+030: 04 00 00 00 00 00 00 00 a8 ba 07 00 00 00 00 00
  reply@0x27ff340+040: 90 f3 7f 02 00 00 00 00 58 22 d1 0b 0a 00 00 00
  reply@0x27ff340+050: 80 f4 7f 02 00 00 00 00 58 57 05 08 0a 00 00 00
  reply@0x27ff340+060: 20 f0 01 01 07 00 00 00 20 d5 06 00 00 00 00 00
  reply@0x27ff340+070: 90 b5 07 00 04 00 00 00 44 4e 4f 43 00 00 00 00
  reply@0x27ff340+080: 00 00 00 00 00 00 00 80 00 00 00 00 00 00 00 00
  reply@0x27ff340+090: 00 00 00 00 01 00 00 00 00 00 00 00 0a 00 00 00
  reply@0x27ff340+0a0: 18 b3 07 00 00 00 00 00 5a 54 55 4d 00 00 00 00
  reply@0x27ff340+0b0: 00 00 00 00 a0 20 00 00 00 00 00 00 5a 54 55 4d
  reply@0x27ff340+0c0: 00 00 00 00 00 00 00 00 02 00 00 00 00 00 00 00
  reply@0x27ff340+0d0: ff ff ff ff ff ff ff ff 17 0c 80 fd ff ff ff ff
  reply@0x27ff340+0e0: 5a 54 55 4d 5a 54 55 4d 00 0f 0e 0d 0c 0b 0a 00
  reply@0x27ff340+0f0: e8 56 07 00 00 00 00 00 70 f7 7f 02 00 00 00 00
[trap] num=194 (0xc2) pc=0x1804b00c8 args=[0x1003,0x27ff2d0,0xa080559f0,0x701013570,0x0,0x0,0xffffffffbfc007ff,0xfffff0003ffff800]
[trap] num=-15 (0xfffffffffffffff1) pc=0x1804adacc args=[0x203,0x27ff298,0x4c000,0x3fff,0x1e000001,0x3,0x0,0x0]
[trap] num=-14 (0xfffffffffffffff2) pc=0x1804adac0 args=[0x203,0x3004c000,0x4000,0x0,0x0,0x3,0x0,0x0]
[trap] num=360 (0x168) pc=0x1804b1ad8 args=[0xa080559f0,0x701013570,0x30093000,0x30093000,0x90008ff,0x3,0x0,0x0]
[trap] num=194 (0xc2) pc=0x1804b00c8 args=[0x1003,0x27ff2d0,0xa080559f0,0x7010135a0,0x0,0x0,0xffffffffbfc007ff,0xfffff0003ffff800]
[trap] num=-15 (0xfffffffffffffff1) pc=0x1804adacc args=[0x203,0x27ff298,0x4c000,0x3fff,0x1e000001,0x3,0x0,0x0]
[trap] num=-14 (0xfffffffffffffff2) pc=0x1804adac0 args=[0x203,0x30098000,0x4000,0x0,0x0,0x3,0x0,0x0]
[trap] num=360 (0x168) pc=0x1804b1ad8 args=[0xa080559f0,0x7010135a0,0x300df000,0x300df000,0x90008ff,0x3,0x0,0x0]
[trap] num=194 (0xc2) pc=0x1804b00c8 args=[0x1003,0x27ff2d0,0xa080559f0,0x7010135d0,0x0,0x0,0xffffffffbfc007ff,0xfffff0003ffff800]
[trap] num=-15 (0xfffffffffffffff1) pc=0x1804adacc args=[0x203,0x27ff298,0x4c000,0x3fff,0x1e000001,0x3,0x0,0x0]
[trap] num=-14 (0xfffffffffffffff2) pc=0x1804adac0 args=[0x203,0x300e4000,0x4000,0x0,0x0,0x3,0x0,0x0]
[trap] num=360 (0x168) pc=0x1804b1ad8 args=[0xa080559f0,0x7010135d0,0x3012b000,0x3012b000,0x90008ff,0x3,0x0,0x0]
[trap] num=194 (0xc2) pc=0x1804b00c8 args=[0x1003,0x27ff2d0,0xa080559f0,0x701013600,0x0,0x0,0xffffffffbfc007ff,0xfffff0003ffff800]
[trap] num=-15 (0xfffffffffffffff1) pc=0x1804adacc args=[0x203,0x27ff298,0x4c000,0x3fff,0x1e000001,0x3,0x0,0x0]
[trap] num=-14 (0xfffffffffffffff2) pc=0x1804adac0 args=[0x203,0x30130000,0x4000,0x0,0x0,0x3,0x0,0x0]
[trap] num=360 (0x168) pc=0x1804b1ad8 args=[0xa080559f0,0x701013600,0x30177000,0x30177000,0x90008ff,0x3,0x0,0x0]
[trap] num=305 (0x131) pc=0x1804b150c args=[0x27ff3b8,0x100000100,0x0,0x0,0x0,0xa0,0x0,0x0]
[trap] num=372 (0x174) pc=0x1804afacc args=[0x30093000,0x0,0x0,0x0,0x0,0x190008ff,0x0,0x0]
[trap] num=336 (0x150) pc=0x1804af110 args=[0x5,0x8a51,0x2,0x0,0x30092ec8,0xd,0x72,0x0]
[trap] num=304 (0x130) pc=0x1804b2a64 args=[0x27ff3b8,0x100,0x0,0x0,0x0,0x0,0x0,0x0]
[trap] num=305 (0x131) pc=0x1804b150c args=[0x7bae8,0x100000100,0x0,0x0,0x0,0xa0,0x0,0x0]
[trap] num=305 (0x131) pc=0x1804b150c args=[0x27ff3b8,0x10100000200,0x100,0x0,0x0,0xa0,0x0,0x0]
[trap] num=372 (0x174) pc=0x1804afacc args=[0x300df000,0x0,0x0,0x0,0x0,0x190008ff,0x0,0x0]
[trap] num=336 (0x150) pc=0x1804af110 args=[0x5,0x8a51,0x2,0x0,0x300deec8,0xd,0x72,0x0]
[trap] num=304 (0x130) pc=0x1804b2a64 args=[0x27ff3b8,0x10000000200,0x100,0x0,0x0,0x0,0x0,0x0]
[trap] num=305 (0x131) pc=0x1804b150c args=[0x7bae8,0x200,0x0,0x0,0x0,0xa0,0x0,0x0]
[trap] num=305 (0x131) pc=0x1804b150c args=[0x27ff3b8,0x20100000300,0x200,0x0,0x0,0xa0,0x0,0x0]
[trap] num=372 (0x174) pc=0x1804afacc args=[0x3012b000,0x0,0x0,0x0,0x0,0x190008ff,0x0,0x0]
[trap] num=336 (0x150) pc=0x1804af110 args=[0x5,0x8a51,0x2,0x0,0x3012aec8,0xd,0x72,0x0]
[trap] num=304 (0x130) pc=0x1804b2a64 args=[0x27ff3b8,0x20000000300,0x200,0x0,0x0,0x0,0x0,0x0]
[trap] num=305 (0x131) pc=0x1804b150c args=[0x7bae8,0x300,0x0,0x0,0x0,0xa0,0x0,0x0]
[trap] num=305 (0x131) pc=0x1804b150c args=[0x27ff3b8,0x30100000400,0x300,0x0,0x0,0xa0,0x0,0x0]
[trap] num=372 (0x174) pc=0x1804afacc args=[0x30177000,0x0,0x0,0x0,0x0,0x190008ff,0x0,0x0]
[trap] num=336 (0x150) pc=0x1804af110 args=[0x5,0x8a51,0x2,0x0,0x30176ec8,0xd,0x72,0x0]
[trap] num=304 (0x130) pc=0x1804b2a64 args=[0x27ff3b8,0x30000000400,0x300,0x0,0x0,0x0,0x0,0x0]
[trap] num=305 (0x131) pc=0x1804b150c args=[0x7bae8,0x400,0x0,0x0,0x0,0xa0,0x0,0x0]
[trap] num=305 (0x131) pc=0x1804b150c args=[0x27ff3b8,0x40100000500,0x400,0x0,0x0,0xa0,0x0,0x1]
[trap] num=197 (0xc5) pc=0x1804aea18 args=[0x0,0x80000,0x0,0x41042,0xff000000,0x0,0xffffffffbfc007ff,0xfffff0003ffff800]
[trap] num=74 (0x4a) pc=0x1804b1b04 args=[0xa14f60000,0x4000,0x3,0x2,0xff000000,0x0,0xffffffffbfc007ff,0xfffff0003ffff800]
[trap] num=75 (0x4b) pc=0x1804b09b0 args=[0xa14f60000,0x4000,0x8,0x2,0xff000000,0x0,0xffffffffbfc007ff,0xfffff0003ffff800]
[trap] num=197 (0xc5) pc=0x1804aea18 args=[0x0,0x10000000,0x0,0x41042,0xff000000,0x0,0x0,0x0]
[trap] num=116 (0x74) pc=0x1804b1b60 args=[0x27fef10,0x0,0x0,0xfffffc088,0x0,0x0,0x0,0x500]
[trap] num=116 (0x74) pc=0x1804b1b60 args=[0x27fedc0,0x0,0x0,0xfffffc088,0x0,0x27fee58,0x8,0xfffff0003ffff800]
[trap] num=116 (0x74) pc=0x1804b1b60 args=[0x27feec0,0x0,0x0,0xfffffc088,0x0,0x0,0x1,0x0]
[trap] num=74 (0x4a) pc=0x1804b1b04 args=[0xa14fe0000,0x10000,0x1,0x1,0x700c734b0,0x0,0xffffffffbfc007ff,0xfffff0003ffff800]
[trap] num=75 (0x4b) pc=0x1804b09b0 args=[0xa14fe0000,0x10000,0x8,0x1,0x700c734b0,0x0,0xffffffffbfc007ff,0xfffff0003ffff800]
[trap] num=74 (0x4a) pc=0x1804b1b04 args=[0xa14ff0000,0x4000,0x3,0x2,0x700c73480,0x0,0xffffffffbfc007ff,0xfffff0003ffff800]
[trap] num=75 (0x4b) pc=0x1804b09b0 args=[0xa14ff0000,0x4000,0x8,0x2,0x700c73480,0x0,0xffffffffbfc007ff,0xfffff0003ffff800]
[trap] num=74 (0x4a) pc=0x1804b1b04 args=[0xa14ff4000,0x4000,0x3,0x2,0x700c734b0,0x0,0xffffffffbfc007ff,0xfffff0003ffff800]
[trap] num=75 (0x4b) pc=0x1804b09b0 args=[0xa14ff4000,0x4000,0x8,0x2,0x700c734b0,0x0,0xffffffffbfc007ff,0xfffff0003ffff800]
[trap] num=74 (0x4a) pc=0x1804b1b04 args=[0xa14ff8000,0x4000,0x3,0x2,0x700c73480,0x0,0xffffffffbfc007ff,0xfffff0003ffff800]
[trap] num=75 (0x4b) pc=0x1804b09b0 args=[0xa14ff8000,0x4000,0x8,0x2,0x700c73480,0x0,0xffffffffbfc007ff,0xfffff0003ffff800]
[trap] num=74 (0x4a) pc=0x1804b1b04 args=[0xa14ffc000,0x4000,0x3,0x2,0x700c734b0,0x0,0xffffffffbfc007ff,0xfffff0003ffff800]
[trap] num=75 (0x4b) pc=0x1804b09b0 args=[0xa14ffc000,0x4000,0x8,0x2,0x700c734b0,0x0,0xffffffffbfc007ff,0xfffff0003ffff800]
[trap] num=116 (0x74) pc=0x1804b1b60 args=[0x27fef80,0x0,0x0,0xfffffc088,0x0,0x0,0x0,0x700]
[trap] num=197 (0xc5) pc=0x1804aea18 args=[0x0,0x8000000,0x0,0x41042,0xff000000,0x0,0xffffffffbfc007ff,0xfffff0003ffff800]
[trap] num=116 (0x74) pc=0x1804b1b60 args=[0x27fef60,0x0,0x0,0xfffffc088,0x0,0x0,0x0,0x900]
[trap] num=46 (0x2e) pc=0x1804b4478 args=[0xb,0x27ff4f8,0x0,0xa14aadd60,0x700c59410,0x0,0xffffffffbfc007ff,0xfffff0003ffff800]
[trap] num=46 (0x2e) pc=0x1804b4478 args=[0xa,0x27ff4f8,0x0,0xa14aadd60,0x700c59410,0x0,0xffffffffbfc007ff,0xfffff0003ffff800]
[trap] num=362 (0x16a) pc=0x1804b3f98 args=[0xa0bd20298,0x27ff640,0x1804edb6c,0x1,0x0,0x0,0xffffffffbfc007ff,0xfffff0003ffff800]
[trap] num=92 (0x5c) pc=0x1804ae8c4 args=[0xa,0x2,0x1,0x1,0x0,0x0,0xffffffffbfc007ff,0xfffff0003ffff800]
[trap] num=5 (0x5) pc=0x1804ae694 args=[0xa0bd18705,0x1000000,0x0,0x1,0x0,0x0,0xffffffffbfc007ff,0xfffff0003ffff800]
[trap] num=363 (0x16b) pc=0x1804b3fc4 args=[0xa,0x27ff610,0x1,0x0,0x0,0x0,0xffffffffbfc007ff,0xfffff0003ffff800]
[trap] num=194 (0xc2) pc=0x1804b00c8 args=[0x1005,0x27ff570,0x60,0xfffff0007fc00000,0x700c4c660,0x0,0x700c2d4a0,0xfffff0003ffff800]
[trap] num=194 (0xc2) pc=0x1804b00c8 args=[0x1002,0x27ff570,0x60,0xfffff0007fc00000,0x700c4c660,0x0,0x700c2d4a0,0xfffff0003ffff800]
[trap] num=202 (0xca) pc=0x1804af460 args=[0x27ff580,0x2,0x27ff578,0x27ff570,0x0,0x0,0x700c2d4a0,0xfffff0003ffff800]
[trap] num=197 (0xc5) pc=0x1804aea18 args=[0xa08470000,0x10000000,0x0,0x41842,0xff000000,0x0,0x5,0xfffff0003ffff800]
[trap] num=74 (0x4a) pc=0x1804b1b04 args=[0xa2d000000,0xffc0000,0x7,0x3,0x700c73690,0x0,0xffffffffbfc007ff,0xfffff0003ffff800]
[trap] num=75 (0x4b) pc=0x1804b09b0 args=[0xa2d000000,0xffc0000,0x8,0x3,0x700c73690,0x0,0xffffffffbfc007ff,0xfffff0003ffff800]
[trap] num=75 (0x4b) pc=0x1804b09b0 args=[0xa2d000000,0xffc0000,0x7,0x3,0x700c73690,0x0,0xffffffffbfc007ff,0xfffff0003ffff800]
[trap] num=197 (0xc5) pc=0x1804aea18 args=[0x1b14c2900000,0x7c000,0x3,0x41002,0xff000000,0x0,0x2,0x27fe8d8]
[trap] num=73 (0x49) pc=0x1804b1728 args=[0xa3cfe0000,0x20000,0x3,0x41002,0xff000000,0x0,0x2,0x27fe8d8]
[trap] num=73 (0x49) pc=0x1804b1728 args=[0xa3d040000,0x1c000,0x3,0x41002,0xff000000,0x0,0x2,0x27fe8d8]
[trap] num=197 (0xc5) pc=0x1804aea18 args=[0x1aacfce40000,0x7c000,0x3,0x41002,0xff000000,0x0,0x2,0x27fe8d8]
[trap] num=73 (0x49) pc=0x1804b1728 args=[0xa3d05c000,0x24000,0x3,0x41002,0xff000000,0x0,0x2,0x27fe8d8]
[trap] num=73 (0x49) pc=0x1804b1728 args=[0xa3d0c0000,0x18000,0x3,0x41002,0xff000000,0x0,0x2,0x27fe8d8]
[trap] num=73 (0x49) pc=0x1804b1728 args=[0xa3d09c000,0x24000,0x40000,0x1c000,0xa3d09c000,0x10,0x700c38420,0xfffff0003ffff800]
[trap] num=116 (0x74) pc=0x1804b1b60 args=[0x27fe800,0x0,0x0,0xfffffc088,0x0,0x0,0x0,0xb00]
[trap] num=74 (0x4a) pc=0x1804b1b04 args=[0xa3d000000,0x40000,0x1,0x1,0xa08b07ee8,0x18,0x1,0x0]
[trap] num=75 (0x4b) pc=0x1804b09b0 args=[0xa3d000000,0x40000,0x8,0x1,0xa08b07ee8,0x18,0x1,0x0]
[trap] num=74 (0x4a) pc=0x1804b1b04 args=[0xa3d080000,0x1c000,0x1,0x1,0xa08b07ee8,0x18,0x1,0x0]
[trap] num=75 (0x4b) pc=0x1804b09b0 args=[0xa3d080000,0x1c000,0x8,0x1,0xa08b07ee8,0x18,0x1,0x0]
[trap] num=116 (0x74) pc=0x1804b1b60 args=[0x27feb40,0x0,0x0,0xfffffc088,0x0,0x0,0x0,0xd00]
[trap] num=197 (0xc5) pc=0x1804aea18 args=[0x3281cca40000,0x7c000,0x3,0x41002,0xff000000,0x0,0x2,0x27fe848]
[trap] num=73 (0x49) pc=0x1804b1728 args=[0xa3d0d8000,0x28000,0x3,0x41002,0xff000000,0x0,0x2,0x27fe848]
[trap] num=73 (0x49) pc=0x1804b1728 args=[0xa3d140000,0x14000,0x3,0x41002,0xff000000,0x0,0x2,0x27fe848]
[trap] num=197 (0xc5) pc=0x1804aea18 args=[0xc3e007c0000,0x7c000,0x3,0x41002,0xff000000,0x0,0x2,0x27fe788]
[trap] num=73 (0x49) pc=0x1804b1728 args=[0xa3d154000,0x2c000,0x3,0x41002,0xff000000,0x0,0x2,0x27fe788]
[trap] num=73 (0x49) pc=0x1804b1728 args=[0xa3d1c0000,0x10000,0x3,0x41002,0xff000000,0x0,0x2,0x27fe788]
[trap] num=197 (0xc5) pc=0x1804aea18 args=[0x37d1a2140000,0x7c000,0x3,0x41002,0xff000000,0x0,0x2,0x27ff128]
[trap] num=73 (0x49) pc=0x1804b1728 args=[0xa3d1d0000,0x30000,0x3,0x41002,0xff000000,0x0,0x2,0x27ff128]
[trap] num=73 (0x49) pc=0x1804b1728 args=[0xa3d240000,0xc000,0x3,0x41002,0xff000000,0x0,0x2,0x27ff128]
[trap] num=338 (0x152) pc=0x1804b988c args=[0x1803fe0ff,0x27fc110,0x0,0x27fdef0,0x700c496e0,0x0,0x0,0xfffff0003ffff800]
[trap] num=220 (0xdc) pc=0x1804ae63c args=[0x27fe2c7,0x1803fbb50,0x27fda20,0x41c,0x1,0x0,0x0,0xfffff0003ffff800]
[trap] num=220 (0xdc) pc=0x1804ae63c args=[0x27fe2c7,0x1803fbb50,0x27fda20,0x41c,0x1,0x0,0x0,0xfffff0003ffff800]
[trap] num=220 (0xdc) pc=0x1804ae63c args=[0x27fe2c7,0x1803fbb50,0x27fda20,0x41c,0x1,0x0,0x0,0xfffff0003ffff800]
[trap] num=220 (0xdc) pc=0x1804ae63c args=[0x27fe2c7,0x1803fbb50,0x27fda20,0x41c,0x1,0x0,0x0,0xfffff0003ffff800]
[trap] num=220 (0xdc) pc=0x1804ae63c args=[0x27fe2c7,0x1803fbb50,0x27fda20,0x41c,0x1,0x0,0x0,0xfffff0003ffff800]
[trap] num=220 (0xdc) pc=0x1804ae63c args=[0x27fe2c7,0x1803fbb50,0x27fda20,0x41c,0x1,0x0,0x0,0xfffff0003ffff800]
[trap] num=220 (0xdc) pc=0x1804ae63c args=[0x27fe2c7,0x1803fbb50,0x27fda20,0x41c,0x1,0x0,0x0,0xfffff0003ffff800]
[trap] num=24 (0x18) pc=0x1804af858 args=[0xa0919a7ae,0x27ff328,0x700c98c00,0xf,0x0,0x0,0xffffffffbfc007ff,0xfffff0003ffff800]
[trap] num=25 (0x19) pc=0x1804af050 args=[0x1f5,0x27ff328,0x700c98c00,0xf,0x0,0x0,0xffffffffbfc007ff,0xfffff0003ffff800]
[trap] num=47 (0x2f) pc=0x1804b1f48 args=[0x1f5,0x27ff328,0x700c98c00,0xf,0x0,0x0,0xffffffffbfc007ff,0xfffff0003ffff800]
[trap] num=43 (0x2b) pc=0x1804af8b0 args=[0x14,0x27ff328,0x700c98c00,0xf,0x0,0x0,0xffffffffbfc007ff,0xfffff0003ffff800]
[trap] num=197 (0xc5) pc=0x1804aea18 args=[0x167e37840000,0x7c000,0x3,0x41002,0xff000000,0x0,0x2,0x27feab8]
[trap] num=73 (0x49) pc=0x1804b1728 args=[0xa3d24c000,0x34000,0x3,0x41002,0xff000000,0x0,0x2,0x27feab8]
[trap] num=73 (0x49) pc=0x1804b1728 args=[0xa3d2c0000,0x8000,0x3,0x41002,0xff000000,0x0,0x2,0x27feab8]
[trap] num=304 (0x130) pc=0x1804b2a64 args=[0x7bae8,0x400,0x0,0x0,0x0,0x0,0x0,0x0]
[trap] num=197 (0xc5) pc=0x1804aea18 args=[0x3749c96c0000,0x7c000,0x3,0x41002,0xff000000,0x0,0x2,0x27fe708]
[trap] num=73 (0x49) pc=0x1804b1728 args=[0xa3d2c8000,0x38000,0x3,0x41002,0xff000000,0x0,0x2,0x27fe708]
[trap] num=73 (0x49) pc=0x1804b1728 args=[0xa3d340000,0x4000,0x3,0x41002,0xff000000,0x0,0x2,0x27fe708]
[trap] num=197 (0xc5) pc=0x1804aea18 args=[0x288eb4300000,0x7c000,0x3,0x41002,0xff000000,0x0,0x2,0x27fe798]
[trap] num=73 (0x49) pc=0x1804b1728 args=[0xa3d344000,0x3c000,0x3,0x41002,0xff000000,0x0,0x2,0x27fe798]
[trap] num=304 (0x130) pc=0x1804b2a64 args=[0x7bae8,0x10000000400,0x100,0x0,0x0,0x0,0x0,0x0]
[trap] num=197 (0xc5) pc=0x1804aea18 args=[0x260bc0f80000,0x7c000,0x3,0x41002,0xff000000,0x0,0x2,0x27fe418]
[trap] num=73 (0x49) pc=0x1804b1728 args=[0xa3d400000,0x3c000,0x3,0x41002,0xff000000,0x0,0x2,0x27fe418]
[trap] num=363 (0x16b) pc=0x1804b3fc4 args=[0xa,0x27fe7b0,0x1,0x0,0x0,0x0,0xffffffffbfc007ff,0xfffff0003ffff800]
[trap] num=-47 (0xffffffffffffffd1) pc=0x1804adc34 args=[0x27ff320,0x200000003,0x2800001513,0x130300000203,0xd5a00000000,0x130300000000,0x30,0x0]
[mach_msg2] msgh_id=3418 dest=0x203 reply=0x1303 options=0x200000003 bits=0x1513 send_size=40 rcv_size=48
  send+000: 13 15 00 00 28 00 00 00 03 02 00 00 03 13 00 00
  send+010: 00 00 00 00 5a 0d 00 00 00 00 00 00 01 00 00 00
  send+020: 00 00 00 00 00 00 00 00
[retrace] forwarding mach_msg2 semaphore_create (msgh_id 3418) to host (decided allowlist)
[mach_msg2] host ret=0x0 err=false
  reply@0x27ff320+000: 00 12 00 80 28 00 00 00 00 00 00 00 03 13 00 00
  reply@0x27ff320+010: 00 00 00 00 be 0d 00 00 01 00 00 00 0f 16 00 00
  reply@0x27ff320+020: 00 00 00 00 00 00 11 00 00 00 00 00 08 00 00 00
  reply@0x27ff320+030: 18 cc 08 00 00 00 00 00 20 82 08 00 00 00 00 00
  reply@0x27ff320+040: 70 f3 7f 02 00 00 00 00 0c 22 d1 0b 0a 00 00 00
  reply@0x27ff320+050: 30 f4 7f 02 00 00 00 00 64 64 0f 08 0a 00 00 00
  reply@0x27ff320+060: 00 00 00 00 00 00 00 00 69 00 00 00 00 00 00 00
  reply@0x27ff320+070: a0 f3 7f 02 00 00 00 00 a8 74 4a 80 01 00 00 00
  reply@0x27ff320+080: 00 f4 7f 02 00 00 00 00 00 00 00 00 00 00 00 00
  reply@0x27ff320+090: 00 00 00 00 00 00 00 00 f0 f6 7f 02 00 00 00 00
  reply@0x27ff320+0a0: 01 00 00 00 00 00 00 00 ff ff ff ff ff ff ff ff
  reply@0x27ff320+0b0: 00 8c c9 00 07 00 00 00 00 00 ca 00 07 00 00 00
  reply@0x27ff320+0c0: 00 00 ca 00 07 00 00 00 00 0f 0e 0d 0c 0b 0a 00
  reply@0x27ff320+0d0: 01 00 00 00 00 00 00 00 ff ff ff ff ff ff ff ff
  reply@0x27ff320+0e0: 00 8c c9 00 07 00 00 00 00 00 ca 00 07 00 00 00
  reply@0x27ff320+0f0: 00 00 ca 00 07 00 00 00 00 00 00 00 00 00 00 00
[trap] num=329 (0x149) pc=0x1804b54f4 args=[0x3,0x27ff398,0x27ff394,0x130300000203,0xd5a00000000,0x130300000000,0x30,0x0]
[trap] num=-15 (0xfffffffffffffff1) pc=0x1804adacc args=[0x203,0x27ff318,0x14000,0x3fff,0x1e000001,0x3,0x0,0x0]
[trap] num=-14 (0xfffffffffffffff2) pc=0x1804adac0 args=[0x203,0x3017c000,0x4000,0x0,0x0,0x3,0x0,0x0]
[trap] num=360 (0x168) pc=0x1804b1ad8 args=[0xa080f8eac,0x0,0x3018b000,0x3018b000,0x90008ff,0x3,0x0,0x0]
[trap] num=46 (0x2e) pc=0x1804b4478 args=[0x1e,0x27ff338,0x0,0x3018b000,0x90008ff,0x3,0x0,0x0]
[trap] num=329 (0x149) pc=0x1804b54f4 args=[0x3,0x27ff398,0x0,0x3018b000,0x90008ff,0x3,0x0,0x0]
[trap] num=329 (0x149) pc=0x1804b54f4 args=[0x2,0x27ff398,0x0,0x3018b000,0x90008ff,0x3,0x0,0x0]
[trap] num=197 (0xc5) pc=0x1804aea18 args=[0x48bd3b80000,0x7c000,0x3,0x41002,0xff000000,0x0,0x2,0x27fdde8]
[trap] num=73 (0x49) pc=0x1804b1728 args=[0xa3d43c000,0x4000,0x3,0x41002,0xff000000,0x0,0x2,0x27fdde8]
[trap] num=73 (0x49) pc=0x1804b1728 args=[0xa3d480000,0x38000,0x3,0x41002,0xff000000,0x0,0x2,0x27fdde8]
[trap] num=304 (0x130) pc=0x1804b2a64 args=[0x7bae8,0x20000000400,0x200,0x0,0x0,0x0,0x0,0x0]
[trap] num=197 (0xc5) pc=0x1804aea18 args=[0x1be3f9300000,0x7c000,0x3,0x41002,0xff000000,0x0,0x2,0x27fdb88]
[trap] num=73 (0x49) pc=0x1804b1728 args=[0xa3d4b8000,0x8000,0x3,0x41002,0xff000000,0x0,0x2,0x27fdb88]
[trap] num=73 (0x49) pc=0x1804b1728 args=[0xa3d500000,0x34000,0x3,0x41002,0xff000000,0x0,0x2,0x27fdb88]
[trap] num=304 (0x130) pc=0x1804b2a64 args=[0x7bae8,0x30000000400,0x300,0x0,0x0,0x0,0x0,0x0]
[trap] num=75 (0x4b) pc=0x1804b09b0 args=[0x700888000,0x10000,0x7,0x0,0x0,0x0,0xffffffffbfc007ff,0xfffff0003ffff800]
[trap] num=75 (0x4b) pc=0x1804b09b0 args=[0xa2d000000,0x40000,0x8,0x3,0x700c73810,0x0,0xffffffffbfc007ff,0xfffff0003ffff800]
[M48 SPRR] thread 0 wrote 0x2010002030300000
[M48 SPRR] thread 0 wrote 0x2010002030100000
[M48 SPRR] thread 0 wrote 0x2010002030300000
[M48 SPRR] thread 0 wrote 0x2010002030100000
[M48 SPRR] thread 0 wrote 0x2010002030300000
[M48 SPRR] thread 0 wrote 0x2010002030100000
[M48 SPRR] thread 0 wrote 0x2010002030300000
[M48 SPRR] thread 0 wrote 0x2010002030100000
[trap] num=197 (0xc5) pc=0x1804aea18 args=[0xc27db6c0000,0x7c000,0x3,0x41002,0xff000000,0x0,0x2,0x27fe558]
[trap] num=73 (0x49) pc=0x1804b1728 args=[0xa3d534000,0xc000,0x3,0x41002,0xff000000,0x0,0x2,0x27fe558]
[trap] num=73 (0x49) pc=0x1804b1728 args=[0xa3d580000,0x30000,0x3,0x41002,0xff000000,0x0,0x2,0x27fe558]
[trap] num=197 (0xc5) pc=0x1804aea18 args=[0x2fa8c0c00000,0x7c000,0x3,0x41002,0xff000000,0x0,0x2,0x27fe398]
[trap] num=73 (0x49) pc=0x1804b1728 args=[0xa3d5b0000,0x10000,0x3,0x41002,0xff000000,0x0,0x2,0x27fe398]
[trap] num=73 (0x49) pc=0x1804b1728 args=[0xa3d600000,0x2c000,0x3,0x41002,0xff000000,0x0,0x2,0x27fe398]
[trap] num=197 (0xc5) pc=0x1804aea18 args=[0x2c205c880000,0x7c000,0x3,0x41002,0xff000000,0x0,0x2,0x27fe558]
[trap] num=73 (0x49) pc=0x1804b1728 args=[0xa3d62c000,0x14000,0x3,0x41002,0xff000000,0x0,0x2,0x27fe558]
[trap] num=73 (0x49) pc=0x1804b1728 args=[0xa3d680000,0x28000,0x3,0x41002,0xff000000,0x0,0x2,0x27fe558]
[trap] num=75 (0x4b) pc=0x1804b09b0 args=[0x700888000,0xc000,0x7,0x0,0x0,0x0,0xffffffffbfc007ff,0xfffff0003ffff800]
[M48 SPRR] thread 0 wrote 0x2010002030300000
[M48 SPRR] thread 0 wrote 0x2010002030100000
[trap] num=197 (0xc5) pc=0x1804aea18 args=[0x38c3b1600000,0x7c000,0x3,0x41002,0xff000000,0x0,0x2,0x27fd868]
[trap] num=73 (0x49) pc=0x1804b1728 args=[0xa3d6a8000,0x18000,0x3,0x41002,0xff000000,0x0,0x2,0x27fd868]
[trap] num=73 (0x49) pc=0x1804b1728 args=[0xa3d700000,0x24000,0x3,0x41002,0xff000000,0x0,0x2,0x27fd868]
[M48 SPRR] thread 0 wrote 0x2010002030300000
[M48 SPRR] thread 0 wrote 0x2010002030100000
[M48 SPRR] thread 0 wrote 0x2010002030300000
[M48 SPRR] thread 0 wrote 0x2010002030100000
[trap] num=197 (0xc5) pc=0x1804aea18 args=[0x12f588140000,0x7c000,0x3,0x41002,0xff000000,0x0,0x2,0x27fe118]
[trap] num=73 (0x49) pc=0x1804b1728 args=[0xa3d724000,0x1c000,0x3,0x41002,0xff000000,0x0,0x2,0x27fe118]
[trap] num=73 (0x49) pc=0x1804b1728 args=[0xa3d780000,0x20000,0x3,0x41002,0xff000000,0x0,0x2,0x27fe118]
[trap] num=197 (0xc5) pc=0x1804aea18 args=[0x329a8a240000,0x60000,0x3,0x41002,0xff000000,0x0,0x2,0x27fe108]
[trap] num=73 (0x49) pc=0x1804b1728 args=[0xa3d7a0000,0x20000,0x3,0x41002,0xff000000,0x0,0x2,0x27fe108]
[trap] num=73 (0x49) pc=0x1804b1728 args=[0xa3d7e4000,0x1c000,0x3,0x41002,0xff000000,0x0,0x2,0x27fe108]
[trap] num=75 (0x4b) pc=0x1804b09b0 args=[0x700888000,0xc000,0x7,0x0,0x0,0x0,0xffffffffbfc007ff,0xfffff0003ffff800]
[trap] num=197 (0xc5) pc=0x1804aea18 args=[0x46e117c0000,0x7c000,0x3,0x41002,0xff000000,0x0,0x2,0x27fdd48]
[trap] num=73 (0x49) pc=0x1804b1728 args=[0xa3d840000,0x3c000,0x3,0x41002,0xff000000,0x0,0x2,0x27fdd48]
[trap] num=75 (0x4b) pc=0x1804b09b0 args=[0x700888000,0xc000,0x7,0x0,0x0,0x0,0xffffffffbfc007ff,0xfffff0003ffff800]
[trap] num=75 (0x4b) pc=0x1804b09b0 args=[0x700888000,0xc000,0x7,0x0,0x0,0x0,0x0,0xfffff0003ffff800]
[trap] num=75 (0x4b) pc=0x1804b09b0 args=[0x700888000,0xc000,0x7,0x0,0x0,0x20,0x0,0x0]
[trap] num=75 (0x4b) pc=0x1804b09b0 args=[0x7008cc000,0x14000,0x7,0x0,0x0,0x0,0xffffffffbfc007ff,0xfffff0003ffff800]
[M48 SPRR] thread 0 wrote 0x2010002030300000
[M48 SPRR] thread 0 wrote 0x2010002030100000
[trap] num=197 (0xc5) pc=0x1804aea18 args=[0xc46b5c0000,0x7c000,0x3,0x41002,0xff000000,0x0,0x2,0x27fcf98]
[trap] num=73 (0x49) pc=0x1804b1728 args=[0xa3d87c000,0x4000,0x3,0x41002,0xff000000,0x0,0x2,0x27fcf98]
[trap] num=73 (0x49) pc=0x1804b1728 args=[0xa3d8c0000,0x38000,0x3,0x41002,0xff000000,0x0,0x2,0x27fcf98]
[trap] num=197 (0xc5) pc=0x1804aea18 args=[0xa1bbd0c0000,0x7c000,0x3,0x41002,0xff000000,0x0,0x2,0x27fcfd8]
[trap] num=73 (0x49) pc=0x1804b1728 args=[0xa3d8f8000,0x8000,0x3,0x41002,0xff000000,0x0,0x2,0x27fcfd8]
[trap] num=73 (0x49) pc=0x1804b1728 args=[0xa3d940000,0x34000,0x3,0x41002,0xff000000,0x0,0x2,0x27fcfd8]
[trap] num=-15 (0xfffffffffffffff1) pc=0x1804adacc args=[0x203,0x27fe0e8,0x400000,0x3fffff,0x2000001,0x3,0x0,0x0]
[trap] num=197 (0xc5) pc=0x1804aea18 args=[0x1fcf81700000,0x7c000,0x3,0x41002,0xff000000,0x0,0x2,0x27fd4f8]
[trap] num=73 (0x49) pc=0x1804b1728 args=[0xa3d974000,0xc000,0x3,0x41002,0xff000000,0x0,0x2,0x27fd4f8]
[trap] num=73 (0x49) pc=0x1804b1728 args=[0xa3d9c0000,0x30000,0x3,0x41002,0xff000000,0x0,0x2,0x27fd4f8]
[trap] num=197 (0xc5) pc=0x1804aea18 args=[0x10b156dc0000,0x7c000,0x3,0x41002,0xff000000,0x0,0x2,0x27fe2c8]
[trap] num=73 (0x49) pc=0x1804b1728 args=[0xa3d9f0000,0x10000,0x3,0x41002,0xff000000,0x0,0x2,0x27fe2c8]
[trap] num=73 (0x49) pc=0x1804b1728 args=[0xa3da40000,0x2c000,0x3,0x41002,0xff000000,0x0,0x2,0x27fe2c8]
[trap] num=24 (0x18) pc=0x1804af858 args=[0xa091a5860,0x27ff520,0x700c98c00,0x700c91f30,0x700c91f30,0x0,0xffffffffbfc007ff,0xfffff0003ffff800]
[M28 BANDSHRINK] syscall 24 band past ipa 0x700c91f30 len 65536 shrunk 64 -> 0 by an overlapping window of the same call
[M28 BANDSHRINK] syscall 24 band past ipa 0x700c91f30 len 65536 shrunk 64 -> 0 by an overlapping window of the same call
[trap] num=25 (0x19) pc=0x1804af050 args=[0x1f5,0x27ff520,0x700c98c00,0x700c91f30,0x700c91f30,0x0,0xffffffffbfc007ff,0xfffff0003ffff800]
[M28 BANDSHRINK] syscall 25 band past ipa 0x700c91f30 len 65536 shrunk 64 -> 0 by an overlapping window of the same call
[M28 BANDSHRINK] syscall 25 band past ipa 0x700c91f30 len 65536 shrunk 64 -> 0 by an overlapping window of the same call
[trap] num=47 (0x2f) pc=0x1804b1f48 args=[0x1f5,0x27ff520,0x700c98c00,0x700c91f30,0x700c91f30,0x0,0xffffffffbfc007ff,0xfffff0003ffff800]
[M28 BANDSHRINK] syscall 47 band past ipa 0x700c91f30 len 65536 shrunk 64 -> 0 by an overlapping window of the same call
[M28 BANDSHRINK] syscall 47 band past ipa 0x700c91f30 len 65536 shrunk 64 -> 0 by an overlapping window of the same call
[trap] num=43 (0x2b) pc=0x1804af8b0 args=[0x14,0x27ff520,0x700c98c00,0x700c91f30,0x700c91f30,0x0,0xffffffffbfc007ff,0xfffff0003ffff800]
[M28 BANDSHRINK] syscall 43 band past ipa 0x700c91f30 len 65536 shrunk 64 -> 0 by an overlapping window of the same call
[M28 BANDSHRINK] syscall 43 band past ipa 0x700c91f30 len 65536 shrunk 64 -> 0 by an overlapping window of the same call
[trap] num=24 (0x18) pc=0x1804af858 args=[0x27fe738,0x27fe708,0x700c98c00,0x27fe738,0xa0830abc4,0x2,0xa3d009c09,0x106]
[trap] num=25 (0x19) pc=0x1804af050 args=[0x1f5,0x27fe708,0x700c98c00,0x27fe738,0xa0830abc4,0x2,0xa3d009c09,0x106]
[trap] num=47 (0x2f) pc=0x1804b1f48 args=[0x1f5,0x27fe708,0x700c98c00,0x27fe738,0xa0830abc4,0x2,0xa3d009c09,0x106]
[trap] num=43 (0x2b) pc=0x1804af8b0 args=[0x14,0x27fe708,0x700c98c00,0x27fe738,0xa0830abc4,0x2,0xa3d009c09,0x106]
[trap] num=24 (0x18) pc=0x1804af858 args=[0x27fe738,0x27fe708,0x700c98c00,0x27fe738,0xa0830abc4,0x2,0xa3d009c09,0x106]
[trap] num=25 (0x19) pc=0x1804af050 args=[0x1f5,0x27fe708,0x700c98c00,0x27fe738,0xa0830abc4,0x2,0xa3d009c09,0x106]
[trap] num=47 (0x2f) pc=0x1804b1f48 args=[0x1f5,0x27fe708,0x700c98c00,0x27fe738,0xa0830abc4,0x2,0xa3d009c09,0x106]
[trap] num=43 (0x2b) pc=0x1804af8b0 args=[0x14,0x27fe708,0x700c98c00,0x27fe738,0xa0830abc4,0x2,0xa3d009c09,0x106]
[trap] num=338 (0x152) pc=0x1804b988c args=[0x27fe728,0x27fc4b8,0x27fe728,0x0,0xa0830abc4,0x27fe40f,0xa3d009c09,0x1200]
[trap] num=340 (0x154) pc=0x1804b9860 args=[0x27fe598,0x27fc2d8,0x27fe598,0x0,0x7010236e0,0x0,0x0,0xfffff0003ffff800]
[trap] num=340 (0x154) pc=0x1804b9860 args=[0x27fe598,0x27fc2d8,0x27fe598,0x0,0x0,0x0,0xa3d009c09,0xea0]
[trap] num=340 (0x154) pc=0x1804b9860 args=[0x27fe598,0x27fc2d8,0x27fe598,0x0,0x0,0x0,0xa3d009c09,0xea0]
[trap] num=340 (0x154) pc=0x1804b9860 args=[0x27fe598,0x27fc2d8,0x27fe598,0x0,0x0,0x0,0xa3d009c09,0xea0]
[trap] num=340 (0x154) pc=0x1804b9860 args=[0x27fe598,0x27fc2d8,0x27fe598,0x0,0x0,0x0,0xa3d009c09,0xea0]
[trap] num=340 (0x154) pc=0x1804b9860 args=[0x27fe598,0x27fc2d8,0x27fe598,0x0,0x0,0x0,0xa3d009c09,0xea0]
[trap] num=340 (0x154) pc=0x1804b9860 args=[0x27fe598,0x27fc2d8,0x27fe598,0x0,0x0,0x0,0xa3d009c09,0xea0]
[trap] num=340 (0x154) pc=0x1804b9860 args=[0x27fe598,0x27fc2d8,0x27fe598,0x0,0x0,0x0,0xa3d009c09,0xea0]
[trap] num=340 (0x154) pc=0x1804b9860 args=[0x27fe598,0x27fc2d8,0x27fe598,0x0,0x0,0x0,0xa3d009c09,0xea0]
[trap] num=340 (0x154) pc=0x1804b9860 args=[0x27fe598,0x27fc2d8,0x27fe598,0x0,0x0,0x0,0xa3d009c09,0xea0]
[trap] num=340 (0x154) pc=0x1804b9860 args=[0x27fe598,0x27fc2d8,0x27fe598,0x0,0x0,0x0,0xa3d009c09,0xea0]
[trap] num=340 (0x154) pc=0x1804b9860 args=[0x27fe598,0x27fc2d8,0x27fe598,0x0,0x0,0x0,0xa3d009c09,0xea0]
[trap] num=5 (0x5) pc=0x1804ae694 args=[0x700cec0e0,0x1000000,0x0,0x0,0x0,0x0,0x6d,0x700cec0e0]
[trap] num=5 (0x5) pc=0x1804ae694 args=[0x700cec150,0x1000000,0x0,0x0,0x0,0x0,0x68,0x700cec150]
[trap] num=5 (0x5) pc=0x1804ae694 args=[0x97870,0x1000000,0x0,0x0,0x0,0x0,0x5a,0x97870]
[trap] num=5 (0x5) pc=0x1804ae694 args=[0x97870,0x1000000,0x0,0x0,0x0,0x0,0x53,0x97870]
[trap] num=5 (0x5) pc=0x1804ae694 args=[0x700c31040,0x1000000,0x0,0x0,0x0,0x0,0x4a,0x700c31040]
[trap] num=5 (0x5) pc=0x1804ae694 args=[0x700c31040,0x1000000,0x0,0x0,0x0,0x0,0x40,0x700c31040]
[trap] num=5 (0x5) pc=0x1804ae694 args=[0x700c0bf80,0x1000000,0x0,0x0,0x0,0x0,0x6e6f736a2e656761,0xfffff0007ffff800]
[trap] num=5 (0x5) pc=0x1804ae694 args=[0x700c0bf80,0x1000000,0x0,0x0,0x0,0x0,0x6e6f736a2e656761,0xfffff0007ffff800]
[trap] num=5 (0x5) pc=0x1804ae694 args=[0x700c49e00,0x1000000,0x0,0x0,0x0,0x0,0x6e,0xfffff0003ffff800]
[trap] num=5 (0x5) pc=0x1804ae694 args=[0x701023700,0x1000000,0x0,0x0,0x0,0x0,0x6e,0xfffff0003ffff800]
[trap] num=5 (0x5) pc=0x1804ae694 args=[0x27fe7e0,0x1000000,0x0,0x0,0x0,0x0,0x6e,0x27fe7e0]
[trap] num=5 (0x5) pc=0x1804ae694 args=[0x27fc5c0,0x1000000,0x0,0x0,0x1b6,0x0,0xa3d009c09,0xea0]
[trap] num=3 (0x3) pc=0x1804ae91c args=[0xc,0x27fc5a8,0x2000,0x27fc598,0x1,0xffffffffffffffff,0x0,0xea0]
[trap] num=3 (0x3) pc=0x1804ae91c args=[0xc,0x27fc5a8,0x2000,0x27fc598,0x1,0xffffffffffffffff,0x0,0x27fc5a8]
[trap] num=399 (0x18f) pc=0x1804af584 args=[0xc,0x27fe5c0,0xc,0x0,0x0,0x0,0x0,0xea0]
[trap] num=338 (0x152) pc=0x1804b988c args=[0x27fdc18,0x27fb9a8,0x27fdc18,0x0,0xa0830abc4,0x27fd8ff,0xa3d009c09,0x1200]
[trap] num=340 (0x154) pc=0x1804b9860 args=[0x27fda88,0x27fb7c8,0x27fda88,0x0,0x0,0x0,0xa3d009c09,0xea0]
[trap] num=340 (0x154) pc=0x1804b9860 args=[0x27fda88,0x27fb7c8,0x27fda88,0x0,0x0,0x0,0xa3d009c09,0xea0]
[trap] num=340 (0x154) pc=0x1804b9860 args=[0x27fda88,0x27fb7c8,0x27fda88,0x0,0x0,0x0,0xa3d009c09,0xea0]
[trap] num=340 (0x154) pc=0x1804b9860 args=[0x27fda88,0x27fb7c8,0x27fda88,0x0,0x0,0x0,0xa3d009c09,0xea0]
[trap] num=-14 (0xfffffffffffffff2) pc=0x1801155b8 args=[0x203,0x1ec444000,0x24000,0x0,0x3,0x27fdb7f,0x0,0xfffff0003ffff800]
[trap] num=5 (0x5) pc=0x180119f50 args=[0x700c73870,0x0,0x0,0x700c73870,0x2f,0x40,0x0,0x6d0]
[trap] num=92 (0x5c) pc=0x1801180d8 args=[0xc,0x32,0x27fce78,0x700c73870,0x2f,0x40,0x0,0x6d0]
[trap] num=6 (0x6) pc=0x180116750 args=[0xc,0x32,0x27fce78,0x700c73870,0x2f,0x40,0x0,0x6d0]
[trap] num=338 (0x152) pc=0x180116c48 args=[0x700c73870,0x27fc9b0,0x27fcab0,0x27fca98,0x700c7387a,0x1801ac864,0x27fd1f8,0x430]
[M28 BANDSHRINK] syscall 338 band past ipa 0x700c73870 len 65536 shrunk 64 -> 0 by an overlapping window of the same call
[trap] num=338 (0x152) pc=0x180116c48 args=[0x700c73870,0x27fc2c0,0x700c73870,0x27fc454,0x27fc448,0x27fc420,0x0,0x27fc590]
[trap] num=5 (0x5) pc=0x180119f50 args=[0x700c73870,0x0,0x0,0x27fc454,0x27fc448,0x27fc420,0x0,0x27fc590]
[trap] num=197 (0xc5) pc=0x180119190 args=[0x0,0xc578,0x1,0x40002,0xc,0x0,0x0,0x27fc590]
[trap] num=92 (0x5c) pc=0x1801180d8 args=[0xc,0x32,0x27fc590,0x40002,0xc,0x0,0x0,0x27fc590]
[trap] num=92 (0x5c) pc=0x1801180d8 args=[0xc,0x61,0x27fc310,0x0,0x0,0x0,0x0,0x228]
[trap] num=73 (0x49) pc=0x18011823c args=[0xa3da6c000,0xc578,0xc578,0x0,0x0,0x0,0x0,0x0]
[trap] num=197 (0xc5) pc=0x180119190 args=[0x0,0xc578,0x1,0x40002,0xc,0x0,0x0,0x0]
[trap] num=339 (0x153) pc=0x1801195b8 args=[0xc,0x27fbb90,0x27fbb90,0x27fc590,0x27fc52c,0x27fc4c0,0x0,0x27fc360]
[trap] num=153 (0x99) pc=0x180117f04 args=[0xc,0x27fbbfc,0x1c,0x0,0x0,0x27fc4c0,0x0,0x27fc360]
[trap] num=153 (0x99) pc=0x180117f04 args=[0xc,0x27fb690,0x558,0x0,0x0,0x27fc4c0,0x0,0x27fc360]
[trap] num=92 (0x5c) pc=0x1801180d8 args=[0xc,0x61,0x27fbbe0,0x0,0x0,0x0,0x0,0x228]
[trap] num=92 (0x5c) pc=0x1801180d8 args=[0xc,0x62,0x27fbd08,0x27fbd08,0x0,0x0,0x0,0x0]
[trap] num=-10 (0xfffffffffffffff6) pc=0x180115588 args=[0x203,0x27fbc00,0x10000,0x1,0x0,0x0,0x0,0x0]
[trap] num=197 (0xc5) pc=0x180119190 args=[0xa3da8c000,0x4000,0x5,0x40012,0xc,0x0,0x0,0x0]
[trap] num=197 (0xc5) pc=0x180119190 args=[0xa3da90000,0x4000,0x3,0x40012,0xc,0x4000,0x4000,0x0]
[trap] num=197 (0xc5) pc=0x180119190 args=[0xa3da94000,0x4000,0x3,0x40012,0xc,0x8000,0x8000,0x0]
[trap] num=197 (0xc5) pc=0x180119190 args=[0xa3da98000,0x4000,0x1,0x40012,0xc,0xc000,0xc000,0x0]
[trap] num=73 (0x49) pc=0x18011823c args=[0xa3da7c000,0xc578,0xc578,0x1ec4474a8,0x0,0x41,0x65646f6e2e6e6f,0x0]
[trap] num=6 (0x6) pc=0x180116750 args=[0xc,0xc578,0xc578,0x1ec4474a8,0x0,0x41,0x65646f6e2e6e6f,0x0]
[trap] num=74 (0x4a) pc=0x180119f24 args=[0xa3da90000,0x4000,0x1,0x1,0x0,0x1edd5ba10,0x1,0xfffffffe]
[trap] num=-15 (0xfffffffffffffff1) pc=0x1801155c4 args=[0x203,0x27fc600,0x20000,0x3fff,0x3c000001,0x3,0x0,0x0]
[trap] num=-15 (0xfffffffffffffff1) pc=0x1801155c4 args=[0x203,0x27fc200,0x20000,0x3fff,0x3c000001,0x3,0x0,0x0]
[trap] num=-15 (0xfffffffffffffff1) pc=0x1801155c4 args=[0x203,0x27fc390,0x20000,0x3fff,0x3c000001,0x3,0x0,0x0]
[trap] num=-12 (0xfffffffffffffff4) pc=0x1801155a0 args=[0x203,0x100054000,0x20000,0x103,0x0,0x0,0x0,0x0]
[trap] num=-12 (0xfffffffffffffff4) pc=0x1801155a0 args=[0x203,0x100034000,0x20000,0x103,0x0,0x0,0x0,0x0]
[trap] num=-12 (0xfffffffffffffff4) pc=0x1801155a0 args=[0x203,0x100014000,0x20000,0x103,0x0,0x0,0x0,0x0]
[trap] num=-14 (0xfffffffffffffff2) pc=0x1801155b8 args=[0x203,0x1ec444000,0x24000,0x0,0x1,0x0,0x0,0x20]
[trap] num=-10 (0xfffffffffffffff6) pc=0x180115588 args=[0x203,0x27fcfd0,0x4000,0x1,0x3,0x0,0x27fdd18,0x27fdcd0]
[trap] num=-12 (0xfffffffffffffff4) pc=0x1801155a0 args=[0x203,0x2800000,0x4000,0x97800,0x0,0x2e,0x0,0x27fdcd0]
[trap] num=5 (0x5) pc=0x1804ae694 args=[0x27fc500,0x1000000,0x0,0x0,0x1b6,0x0,0xa3d009c09,0xea0]
[trap] num=3 (0x3) pc=0x1804ae91c args=[0xc,0x27fc4e8,0x2000,0x27fc4d8,0x1,0xffffffffffffffff,0x0,0xea0]
[trap] num=3 (0x3) pc=0x1804ae91c args=[0xc,0x27fc4e8,0x2000,0x27fc4d8,0x1,0xffffffffffffffff,0x0,0x27fc4e8]
[trap] num=399 (0x18f) pc=0x1804af584 args=[0xc,0x27fe500,0xc,0x0,0x0,0x0,0x0,0xea0]
[M48 SPRR] thread 0 wrote 0x2010002030300000
[M48 SPRR] thread 0 wrote 0x2010002030100000
[M48 SPRR] thread 0 wrote 0x2010002030300000
[M48 SPRR] thread 0 wrote 0x2010002030100000
[trap] num=54 (0x36) pc=0x1804b2338 args=[0x1,0x4004667a,0x27fbc6c,0xa3d2ae879,0x0,0x2,0xa3d009c09,0x106]
[trap] num=54 (0x36) pc=0x1804b2338 args=[0x1,0x40487413,0x27fbc70,0xa3d2ae879,0x0,0x2,0xa3d009c09,0x106]
[trap] num=339 (0x153) pc=0x1804bc288 args=[0x1,0x27fbce8,0x27fbc70,0xa3d2ae879,0x0,0x2,0xa3d009c09,0x106]
[trap] num=197 (0xc5) pc=0x1804aea18 args=[0xd36bf200000,0x7c000,0x3,0x41002,0xff000000,0x0,0x2,0x27faef8]
[trap] num=73 (0x49) pc=0x1804b1728 args=[0xa3da9c000,0x24000,0x3,0x41002,0xff000000,0x0,0x2,0x27faef8]
[trap] num=73 (0x49) pc=0x1804b1728 args=[0xa3db00000,0x18000,0x3,0x41002,0xff000000,0x0,0x2,0x27faef8]
[trap] num=197 (0xc5) pc=0x1804aea18 args=[0x143eef200000,0x7c000,0x3,0x41002,0xff000000,0x0,0x2,0x27fb2c8]
[trap] num=73 (0x49) pc=0x1804b1728 args=[0xa3db18000,0x28000,0x3,0x41002,0xff000000,0x0,0x2,0x27fb2c8]
[trap] num=73 (0x49) pc=0x1804b1728 args=[0xa3db80000,0x14000,0x3,0x41002,0xff000000,0x0,0x2,0x27fb2c8]
[trap] num=54 (0x36) pc=0x1804b2338 args=[0x1,0x4004667a,0x27fbabc,0xa3d2ae879,0x0,0x2,0xa3d009c09,0x106]
[trap] num=54 (0x36) pc=0x1804b2338 args=[0x1,0x40487413,0x27fbac0,0xa3d2ae879,0x0,0x2,0xa3d009c09,0x106]
[trap] num=339 (0x153) pc=0x1804bc288 args=[0x1,0x27fbb38,0x27fbac0,0xa3d2ae879,0x0,0x2,0xa3d009c09,0x106]
[trap] num=5 (0x5) pc=0x1804ae694 args=[0xa0bd187c3,0x1000000,0x0,0x4,0x701023b20,0x0,0x0,0xfffff0003ffff800]
[trap] num=92 (0x5c) pc=0x1804ae8c4 args=[0x1,0x3,0x3d000e21,0xa3db44b11,0x0,0x2,0xa3d009c09,0xa3db44841]
[M28 BANDSHRINK] syscall 92 band past ipa 0xa3db44841 len 65536 shrunk 64 -> 0 by an overlapping window of the same call
[trap] num=54 (0x36) pc=0x1804b2338 args=[0x1,0x8004667e,0x27fbcec,0xa3db44b11,0x0,0x2,0xa3d009c09,0xa3db44841]
[M28 BANDSHRINK] syscall 54 band past ipa 0xa3db44841 len 65536 shrunk 64 -> 0 by an overlapping window of the same call
[trap] num=362 (0x16a) pc=0x1804b3f98 args=[0x70115c0b8,0x27fbd1c,0x27fbcec,0xa3db44b11,0x0,0x2,0xa3d009c09,0xa3db44841]
[M28 BANDSHRINK] syscall 362 band past ipa 0xa3db44841 len 65536 shrunk 64 -> 0 by an overlapping window of the same call
[trap] num=363 (0x16b) pc=0x1804b3fc4 args=[0xd,0x27fbca8,0x1,0x27fbc88,0x1,0x27fbc70,0xa3d009c09,0xa3db44841]
[trap] num=399 (0x18f) pc=0x1804af584 args=[0xd,0x27fbca8,0x1,0x27fbc88,0x1,0x27fbc70,0xa3d009c09,0xa3db44841]
[trap] num=105 (0x69) pc=0x1804b21a0 args=[0x1,0xffff,0x100,0x27fbcec,0x4,0x27fbc70,0xa3d009c09,0xa3db44841]
[trap] num=4 (0x4) pc=0x1804b1834 args=[0x1,0x27f7cf8,0x41,0x0,0x1,0x27f7b7f,0xa3d009c09,0xa3db422d1]
[fd1 (console 1)] CRASHJS cell=0x700c59600 target=0x4000dead0000 rows=2 opt=101001

[fault] pc=0xa3da8c738 esr=0x92000005 far=0x4000dead0000 ec=0x24
[trap] num=46 (0x2e) pc=0x1804b4478 args=[0xb,0x27fe268,0x0,0x0,0x27fe368,0x5265708da7b36512,0xa3d009c09,0x802de]
[trap] num=339 (0x153) pc=0x1804bc288 args=[0x0,0x27fe1b0,0x0,0x0,0x27fe368,0x5265708da7b36512,0xa3d009c09,0x802de]
[trap] num=92 (0x5c) pc=0x1804ae8c4 args=[0x0,0x3,0x0,0x0,0x27fe368,0x5265708da7b36512,0xa3d009c09,0x802de]
[trap] num=339 (0x153) pc=0x1804bc288 args=[0x1,0x27fe1b0,0x0,0x0,0x27fe368,0x5265708da7b36512,0xa3d009c09,0x802de]
[trap] num=92 (0x5c) pc=0x1804ae8c4 args=[0x1,0x3,0x0,0x0,0x27fe368,0x5265708da7b36512,0xa3d009c09,0x802de]
[trap] num=92 (0x5c) pc=0x1804ae8c4 args=[0x1,0x4,0x1,0x0,0x27fe368,0x5265708da7b36512,0xa3d009c09,0x802de]
[trap] num=339 (0x153) pc=0x1804bc288 args=[0x2,0x27fe1b0,0x1,0x0,0x27fe368,0x5265708da7b36512,0xa3d009c09,0x802de]
[trap] num=92 (0x5c) pc=0x1804ae8c4 args=[0x2,0x3,0x1,0x0,0x27fe368,0x5265708da7b36512,0xa3d009c09,0x802de]
[trap] num=328 (0x148) pc=0x1804b65e8 args=[0x103,0xb,0x1,0x0,0x27fe368,0x5265708da7b36512,0xa3d009c09,0x802de]
[trap] num=184 (0xb8) pc=0x1804b97b0 args=[0x27fe368,0x1e,0x5265708da7b36512,0x0,0x27fe368,0x5265708da7b36512,0xa3d009c09,0x802de]
[fault] pc=0xa3da8c738 esr=0x92000005 far=0x4000dead0000 ec=0x24
[retrace] fall-throughs: 5
guest crashed: pc=0xa3da8c738 far=0x4000dead0000 esr=0x92000005
