guest:after_dyn	[trap] num=381 (0x17d) pc=0x180119ecc args=[0x1801b7eb4,0x2,0x27ff250,0xa,0x73,0x69,0x0,0x0]
guest:after_dyn	[m47] num=381 args=[0x1801b7eb4,0x2,0x27ff250] policy="Sandbox" op="syscall-unix" ret=0xe err=true writes=0
guest:after_dyn	[trap] num=381 (0x17d) pc=0x180119ecc args=[0x1801b4bf1,0x5a,0x27ff2d0,0x2,0x8,0x0,0x0,0x90]
guest:after_dyn	[m47] amfi policy_resident="AMFI\0"
guest:after_dyn	[probe] AMFI dyld policy in=0x0 r=0 out=0x1df out_ptr=0x27ff2c8
guest:after_dyn	[trap] num=381 (0x17d) pc=0x180119ecc args=[0x1801b7eb4,0x2,0x27feda0,0xa,0x73,0x69,0x0,0x80]
guest:after_dyn	[m47] num=381 args=[0x1801b7eb4,0x2,0x27feda0] policy="Sandbox" op="syscall-unix" ret=0xe err=true writes=0
guest:after_dyn	[trap] num=381 (0x17d) pc=0x180119ecc args=[0x1801b7eb4,0x2,0x27fbe70,0xa,0x73,0x69,0x1,0x27fcb78]
guest:after_dyn	[m47] num=381 args=[0x1801b7eb4,0x2,0x27fbe70] policy="Sandbox" op="syscall-unix" ret=0xe err=true writes=0
guest:after_dyn	[trap] num=381 (0x17d) pc=0x1804af730 args=[0x18df1ac55,0x2,0x27fbcc0,0x28,0x0,0x20,0x30,0x470]
guest:after_dyn	[m47] num=381 args=[0x18df1ac55,0x2,0x27fbcc0] policy="Sandbox" op="file-write-data" ret=0x16 err=true writes=0
guest:argv_echo	[trap] num=381 (0x17d) pc=0x180119ecc args=[0x1801b7eb4,0x2,0x27ff250,0xa,0x73,0x69,0x0,0x0]
guest:argv_echo	[m47] num=381 args=[0x1801b7eb4,0x2,0x27ff250] policy="Sandbox" op="syscall-unix" ret=0xe err=true writes=0
guest:argv_echo	[trap] num=381 (0x17d) pc=0x180119ecc args=[0x1801b4bf1,0x5a,0x27ff2d0,0xa,0x0,0x0,0x0,0x90]
guest:argv_echo	[m47] amfi policy_resident="AMFI\0"
guest:argv_echo	[probe] AMFI dyld policy in=0x0 r=0 out=0x1df out_ptr=0x27ff2c8
guest:argv_echo	[trap] num=381 (0x17d) pc=0x180119ecc args=[0x1801b7eb4,0x2,0x27feda0,0xa,0x73,0x69,0x0,0x80]
guest:argv_echo	[m47] num=381 args=[0x1801b7eb4,0x2,0x27feda0] policy="Sandbox" op="syscall-unix" ret=0xe err=true writes=0
guest:argv_echo	[trap] num=381 (0x17d) pc=0x180119ecc args=[0x1801b7eb4,0x2,0x27fbe70,0xa,0x73,0x69,0x1,0x27fcb78]
guest:argv_echo	[m47] num=381 args=[0x1801b7eb4,0x2,0x27fbe70] policy="Sandbox" op="syscall-unix" ret=0xe err=true writes=0
guest:argv_echo	[trap] num=381 (0x17d) pc=0x1804af730 args=[0x18df1ac55,0x2,0x27fbcc0,0x28,0x0,0x20,0x30,0x470]
guest:argv_echo	[m47] num=381 args=[0x18df1ac55,0x2,0x27fbcc0] policy="Sandbox" op="file-write-data" ret=0x16 err=true writes=0
guest:atfdcwd_dyn	[trap] num=381 (0x17d) pc=0x180119ecc args=[0x1801b7eb4,0x2,0x27ff250,0xa,0x73,0x69,0x0,0x0]
guest:atfdcwd_dyn	[m47] num=381 args=[0x1801b7eb4,0x2,0x27ff250] policy="Sandbox" op="syscall-unix" ret=0xe err=true writes=0
guest:atfdcwd_dyn	[trap] num=381 (0x17d) pc=0x180119ecc args=[0x1801b4bf1,0x5a,0x27ff2d0,0xa,0x0,0x0,0x0,0x90]
guest:atfdcwd_dyn	[m47] amfi policy_resident="AMFI\0"
guest:atfdcwd_dyn	[probe] AMFI dyld policy in=0x0 r=0 out=0x1df out_ptr=0x27ff2c8
guest:atfdcwd_dyn	[trap] num=381 (0x17d) pc=0x180119ecc args=[0x1801b7eb4,0x2,0x27feda0,0xa,0x73,0x69,0x0,0x80]
guest:atfdcwd_dyn	[m47] num=381 args=[0x1801b7eb4,0x2,0x27feda0] policy="Sandbox" op="syscall-unix" ret=0xe err=true writes=0
guest:atfdcwd_dyn	[trap] num=381 (0x17d) pc=0x180119ecc args=[0x1801b7eb4,0x2,0x27fbe70,0xa,0x73,0x69,0x1,0x27fcb78]
guest:atfdcwd_dyn	[m47] num=381 args=[0x1801b7eb4,0x2,0x27fbe70] policy="Sandbox" op="syscall-unix" ret=0xe err=true writes=0
guest:atfdcwd_dyn	[trap] num=381 (0x17d) pc=0x1804af730 args=[0x18df1ac55,0x2,0x27fbcc0,0x28,0x0,0x20,0x30,0x470]
guest:atfdcwd_dyn	[m47] num=381 args=[0x18df1ac55,0x2,0x27fbcc0] policy="Sandbox" op="file-write-data" ret=0x16 err=true writes=0
guest:closefd_dyn	[trap] num=381 (0x17d) pc=0x180119ecc args=[0x1801b7eb4,0x2,0x27ff250,0xa,0x73,0x69,0x0,0x0]
guest:closefd_dyn	[m47] num=381 args=[0x1801b7eb4,0x2,0x27ff250] policy="Sandbox" op="syscall-unix" ret=0xe err=true writes=0
guest:closefd_dyn	[trap] num=381 (0x17d) pc=0x180119ecc args=[0x1801b4bf1,0x5a,0x27ff2d0,0xa,0x0,0x0,0x0,0x90]
guest:closefd_dyn	[m47] amfi policy_resident="AMFI\0"
guest:closefd_dyn	[probe] AMFI dyld policy in=0x0 r=0 out=0x1df out_ptr=0x27ff2c8
guest:closefd_dyn	[trap] num=381 (0x17d) pc=0x180119ecc args=[0x1801b7eb4,0x2,0x27feda0,0xa,0x73,0x69,0x0,0x80]
guest:closefd_dyn	[m47] num=381 args=[0x1801b7eb4,0x2,0x27feda0] policy="Sandbox" op="syscall-unix" ret=0xe err=true writes=0
guest:closefd_dyn	[trap] num=381 (0x17d) pc=0x180119ecc args=[0x1801b7eb4,0x2,0x27fbe70,0xa,0x73,0x69,0x1,0x27fcb78]
guest:closefd_dyn	[m47] num=381 args=[0x1801b7eb4,0x2,0x27fbe70] policy="Sandbox" op="syscall-unix" ret=0xe err=true writes=0
guest:closefd_dyn	[trap] num=381 (0x17d) pc=0x1804af730 args=[0x18df1ac55,0x2,0x27fbcc0,0x28,0x0,0x20,0x30,0x470]
guest:closefd_dyn	[m47] num=381 args=[0x18df1ac55,0x2,0x27fbcc0] policy="Sandbox" op="file-write-data" ret=0x16 err=true writes=0
guest:closewrite_dyn	[trap] num=381 (0x17d) pc=0x180119ecc args=[0x1801b7eb4,0x2,0x27ff240,0xa,0x73,0x69,0x0,0x0]
guest:closewrite_dyn	[m47] num=381 args=[0x1801b7eb4,0x2,0x27ff240] policy="Sandbox" op="syscall-unix" ret=0xe err=true writes=0
guest:closewrite_dyn	[trap] num=381 (0x17d) pc=0x180119ecc args=[0x1801b4bf1,0x5a,0x27ff2c0,0xa,0x0,0x0,0x0,0x90]
guest:closewrite_dyn	[m47] amfi policy_resident="AMFI\0"
guest:closewrite_dyn	[probe] AMFI dyld policy in=0x0 r=0 out=0x1df out_ptr=0x27ff2b8
guest:closewrite_dyn	[trap] num=381 (0x17d) pc=0x180119ecc args=[0x1801b7eb4,0x2,0x27fed90,0xa,0x73,0x69,0x0,0x80]
guest:closewrite_dyn	[m47] num=381 args=[0x1801b7eb4,0x2,0x27fed90] policy="Sandbox" op="syscall-unix" ret=0xe err=true writes=0
guest:closewrite_dyn	[trap] num=381 (0x17d) pc=0x180119ecc args=[0x1801b7eb4,0x2,0x27fbe60,0xa,0x73,0x69,0x1,0x27fcb68]
guest:closewrite_dyn	[m47] num=381 args=[0x1801b7eb4,0x2,0x27fbe60] policy="Sandbox" op="syscall-unix" ret=0xe err=true writes=0
guest:closewrite_dyn	[trap] num=381 (0x17d) pc=0x1804af730 args=[0x18df1ac55,0x2,0x27fbcb0,0x28,0x0,0x20,0x30,0x470]
guest:closewrite_dyn	[m47] num=381 args=[0x18df1ac55,0x2,0x27fbcb0] policy="Sandbox" op="file-write-data" ret=0x16 err=true writes=0
guest:crashthread	[trap] num=381 (0x17d) pc=0x180119ecc args=[0x1801b7eb4,0x2,0x27ff250,0xa,0x73,0x69,0x0,0x0]
guest:crashthread	[m47] num=381 args=[0x1801b7eb4,0x2,0x27ff250] policy="Sandbox" op="syscall-unix" ret=0xe err=true writes=0
guest:crashthread	[trap] num=381 (0x17d) pc=0x180119ecc args=[0x1801b4bf1,0x5a,0x27ff2d0,0xa,0x0,0x0,0x0,0x90]
guest:crashthread	[m47] amfi policy_resident="AMFI\0"
guest:crashthread	[probe] AMFI dyld policy in=0x0 r=0 out=0x1df out_ptr=0x27ff2c8
guest:crashthread	[trap] num=381 (0x17d) pc=0x180119ecc args=[0x1801b7eb4,0x2,0x27feda0,0xa,0x73,0x69,0x0,0x80]
guest:crashthread	[m47] num=381 args=[0x1801b7eb4,0x2,0x27feda0] policy="Sandbox" op="syscall-unix" ret=0xe err=true writes=0
guest:crashthread	[trap] num=381 (0x17d) pc=0x180119ecc args=[0x1801b7eb4,0x2,0x27fbe70,0xa,0x73,0x69,0x1,0x27fcb78]
guest:crashthread	[m47] num=381 args=[0x1801b7eb4,0x2,0x27fbe70] policy="Sandbox" op="syscall-unix" ret=0xe err=true writes=0
guest:crashthread	[trap] num=381 (0x17d) pc=0x1804af730 args=[0x18df1ac55,0x2,0x27fbcc0,0x28,0x0,0x20,0x30,0x470]
guest:crashthread	[m47] num=381 args=[0x18df1ac55,0x2,0x27fbcc0] policy="Sandbox" op="file-write-data" ret=0x16 err=true writes=0
guest:crashy	[trap] num=381 (0x17d) pc=0x180119ecc args=[0x1801b7eb4,0x2,0x27ff250,0xa,0x73,0x69,0x0,0x0]
guest:crashy	[m47] num=381 args=[0x1801b7eb4,0x2,0x27ff250] policy="Sandbox" op="syscall-unix" ret=0xe err=true writes=0
guest:crashy	[trap] num=381 (0x17d) pc=0x180119ecc args=[0x1801b4bf1,0x5a,0x27ff2d0,0x2,0x8,0x0,0x0,0x90]
guest:crashy	[m47] amfi policy_resident="AMFI\0"
guest:crashy	[probe] AMFI dyld policy in=0x0 r=0 out=0x1df out_ptr=0x27ff2c8
guest:crashy	[trap] num=381 (0x17d) pc=0x180119ecc args=[0x1801b7eb4,0x2,0x27feda0,0xa,0x73,0x69,0x0,0x80]
guest:crashy	[m47] num=381 args=[0x1801b7eb4,0x2,0x27feda0] policy="Sandbox" op="syscall-unix" ret=0xe err=true writes=0
guest:crashy	[trap] num=381 (0x17d) pc=0x180119ecc args=[0x1801b7eb4,0x2,0x27fbe70,0xa,0x73,0x69,0x1,0x27fcb78]
guest:crashy	[m47] num=381 args=[0x1801b7eb4,0x2,0x27fbe70] policy="Sandbox" op="syscall-unix" ret=0xe err=true writes=0
guest:crashy	[trap] num=381 (0x17d) pc=0x1804af730 args=[0x18df1ac55,0x2,0x27fbcc0,0x28,0x0,0x20,0x30,0x470]
guest:crashy	[m47] num=381 args=[0x18df1ac55,0x2,0x27fbcc0] policy="Sandbox" op="file-write-data" ret=0x16 err=true writes=0
guest:dispatch_dyn	[trap] num=381 (0x17d) pc=0x180119ecc args=[0x1801b7eb4,0x2,0x27ff250,0xa,0x73,0x69,0x0,0x0]
guest:dispatch_dyn	[m47] num=381 args=[0x1801b7eb4,0x2,0x27ff250] policy="Sandbox" op="syscall-unix" ret=0xe err=true writes=0
guest:dispatch_dyn	[trap] num=381 (0x17d) pc=0x180119ecc args=[0x1801b4bf1,0x5a,0x27ff2d0,0xa,0x0,0x0,0x0,0x90]
guest:dispatch_dyn	[m47] amfi policy_resident="AMFI\0"
guest:dispatch_dyn	[probe] AMFI dyld policy in=0x0 r=0 out=0x1df out_ptr=0x27ff2c8
guest:dispatch_dyn	[trap] num=381 (0x17d) pc=0x180119ecc args=[0x1801b7eb4,0x2,0x27feda0,0xa,0x73,0x69,0x0,0x80]
guest:dispatch_dyn	[m47] num=381 args=[0x1801b7eb4,0x2,0x27feda0] policy="Sandbox" op="syscall-unix" ret=0xe err=true writes=0
guest:dispatch_dyn	[trap] num=381 (0x17d) pc=0x180119ecc args=[0x1801b7eb4,0x2,0x27fbe70,0xa,0x73,0x69,0x1,0x27fcb78]
guest:dispatch_dyn	[m47] num=381 args=[0x1801b7eb4,0x2,0x27fbe70] policy="Sandbox" op="syscall-unix" ret=0xe err=true writes=0
guest:dispatch_dyn	[trap] num=381 (0x17d) pc=0x1804af730 args=[0x18df1ac55,0x2,0x27fbcc0,0x28,0x0,0x20,0x30,0x470]
guest:dispatch_dyn	[m47] num=381 args=[0x18df1ac55,0x2,0x27fbcc0] policy="Sandbox" op="file-write-data" ret=0x16 err=true writes=0
guest:dup2_dyn	[trap] num=381 (0x17d) pc=0x180119ecc args=[0x1801b7eb4,0x2,0x27ff250,0xa,0x73,0x69,0x0,0x0]
guest:dup2_dyn	[m47] num=381 args=[0x1801b7eb4,0x2,0x27ff250] policy="Sandbox" op="syscall-unix" ret=0xe err=true writes=0
guest:dup2_dyn	[trap] num=381 (0x17d) pc=0x180119ecc args=[0x1801b4bf1,0x5a,0x27ff2d0,0xa,0x0,0x0,0x0,0x90]
guest:dup2_dyn	[m47] amfi policy_resident="AMFI\0"
guest:dup2_dyn	[probe] AMFI dyld policy in=0x0 r=0 out=0x1df out_ptr=0x27ff2c8
guest:dup2_dyn	[trap] num=381 (0x17d) pc=0x180119ecc args=[0x1801b7eb4,0x2,0x27feda0,0xa,0x73,0x69,0x0,0x80]
guest:dup2_dyn	[m47] num=381 args=[0x1801b7eb4,0x2,0x27feda0] policy="Sandbox" op="syscall-unix" ret=0xe err=true writes=0
guest:dup2_dyn	[trap] num=381 (0x17d) pc=0x180119ecc args=[0x1801b7eb4,0x2,0x27fbe70,0xa,0x73,0x69,0x1,0x27fcb78]
guest:dup2_dyn	[m47] num=381 args=[0x1801b7eb4,0x2,0x27fbe70] policy="Sandbox" op="syscall-unix" ret=0xe err=true writes=0
guest:dup2_dyn	[trap] num=381 (0x17d) pc=0x1804af730 args=[0x18df1ac55,0x2,0x27fbcc0,0x28,0x0,0x20,0x30,0x470]
guest:dup2_dyn	[m47] num=381 args=[0x18df1ac55,0x2,0x27fbcc0] policy="Sandbox" op="file-write-data" ret=0x16 err=true writes=0
guest:dupfd_dyn	[trap] num=381 (0x17d) pc=0x180119ecc args=[0x1801b7eb4,0x2,0x27ff250,0xa,0x73,0x69,0x0,0x0]
guest:dupfd_dyn	[m47] num=381 args=[0x1801b7eb4,0x2,0x27ff250] policy="Sandbox" op="syscall-unix" ret=0xe err=true writes=0
guest:dupfd_dyn	[trap] num=381 (0x17d) pc=0x180119ecc args=[0x1801b4bf1,0x5a,0x27ff2d0,0xa,0x0,0x0,0x0,0x90]
guest:dupfd_dyn	[m47] amfi policy_resident="AMFI\0"
guest:dupfd_dyn	[probe] AMFI dyld policy in=0x0 r=0 out=0x1df out_ptr=0x27ff2c8
guest:dupfd_dyn	[trap] num=381 (0x17d) pc=0x180119ecc args=[0x1801b7eb4,0x2,0x27feda0,0xa,0x73,0x69,0x0,0x80]
guest:dupfd_dyn	[m47] num=381 args=[0x1801b7eb4,0x2,0x27feda0] policy="Sandbox" op="syscall-unix" ret=0xe err=true writes=0
guest:dupfd_dyn	[trap] num=381 (0x17d) pc=0x180119ecc args=[0x1801b7eb4,0x2,0x27fbe70,0xa,0x73,0x69,0x1,0x27fcb78]
guest:dupfd_dyn	[m47] num=381 args=[0x1801b7eb4,0x2,0x27fbe70] policy="Sandbox" op="syscall-unix" ret=0xe err=true writes=0
guest:dupfd_dyn	[trap] num=381 (0x17d) pc=0x1804af730 args=[0x18df1ac55,0x2,0x27fbcc0,0x28,0x0,0x20,0x30,0x470]
guest:dupfd_dyn	[m47] num=381 args=[0x18df1ac55,0x2,0x27fbcc0] policy="Sandbox" op="file-write-data" ret=0x16 err=true writes=0
guest:dupkind_dyn	[trap] num=381 (0x17d) pc=0x180119ecc args=[0x1801b7eb4,0x2,0x27ff250,0xa,0x73,0x69,0x0,0x0]
guest:dupkind_dyn	[m47] num=381 args=[0x1801b7eb4,0x2,0x27ff250] policy="Sandbox" op="syscall-unix" ret=0xe err=true writes=0
guest:dupkind_dyn	[trap] num=381 (0x17d) pc=0x180119ecc args=[0x1801b4bf1,0x5a,0x27ff2d0,0xa,0x0,0x0,0x0,0x90]
guest:dupkind_dyn	[m47] amfi policy_resident="AMFI\0"
guest:dupkind_dyn	[probe] AMFI dyld policy in=0x0 r=0 out=0x1df out_ptr=0x27ff2c8
guest:dupkind_dyn	[trap] num=381 (0x17d) pc=0x180119ecc args=[0x1801b7eb4,0x2,0x27feda0,0xa,0x73,0x69,0x0,0x80]
guest:dupkind_dyn	[m47] num=381 args=[0x1801b7eb4,0x2,0x27feda0] policy="Sandbox" op="syscall-unix" ret=0xe err=true writes=0
guest:dupkind_dyn	[trap] num=381 (0x17d) pc=0x180119ecc args=[0x1801b7eb4,0x2,0x27fbe70,0xa,0x73,0x69,0x1,0x27fcb78]
guest:dupkind_dyn	[m47] num=381 args=[0x1801b7eb4,0x2,0x27fbe70] policy="Sandbox" op="syscall-unix" ret=0xe err=true writes=0
guest:dupkind_dyn	[trap] num=381 (0x17d) pc=0x1804af730 args=[0x18df1ac55,0x2,0x27fbcc0,0x28,0x0,0x20,0x30,0x470]
guest:dupkind_dyn	[m47] num=381 args=[0x18df1ac55,0x2,0x27fbcc0] policy="Sandbox" op="file-write-data" ret=0x16 err=true writes=0
guest:exec_dyn	[trap] num=381 (0x17d) pc=0x180119ecc args=[0x1801b7eb4,0x2,0x27ff250,0xa,0x73,0x69,0x0,0x0]
guest:exec_dyn	[m47] num=381 args=[0x1801b7eb4,0x2,0x27ff250] policy="Sandbox" op="syscall-unix" ret=0xe err=true writes=0
guest:exec_dyn	[trap] num=381 (0x17d) pc=0x180119ecc args=[0x1801b4bf1,0x5a,0x27ff2d0,0xa,0x0,0x0,0x0,0x90]
guest:exec_dyn	[m47] amfi policy_resident="AMFI\0"
guest:exec_dyn	[probe] AMFI dyld policy in=0x0 r=0 out=0x1df out_ptr=0x27ff2c8
guest:exec_dyn	[trap] num=381 (0x17d) pc=0x180119ecc args=[0x1801b7eb4,0x2,0x27feda0,0xa,0x73,0x69,0x0,0x80]
guest:exec_dyn	[m47] num=381 args=[0x1801b7eb4,0x2,0x27feda0] policy="Sandbox" op="syscall-unix" ret=0xe err=true writes=0
guest:exec_dyn	[trap] num=381 (0x17d) pc=0x180119ecc args=[0x1801b7eb4,0x2,0x27fbe70,0xa,0x73,0x69,0x1,0x27fcb78]
guest:exec_dyn	[m47] num=381 args=[0x1801b7eb4,0x2,0x27fbe70] policy="Sandbox" op="syscall-unix" ret=0xe err=true writes=0
guest:exec_dyn	[trap] num=381 (0x17d) pc=0x1804af730 args=[0x18df1ac55,0x2,0x27fbcc0,0x28,0x0,0x20,0x30,0x470]
guest:exec_dyn	[m47] num=381 args=[0x18df1ac55,0x2,0x27fbcc0] policy="Sandbox" op="file-write-data" ret=0x16 err=true writes=0
guest:fdtable_dyn	[trap] num=381 (0x17d) pc=0x180119ecc args=[0x1801b7eb4,0x2,0x27ff250,0xa,0x73,0x69,0x0,0x0]
guest:fdtable_dyn	[m47] num=381 args=[0x1801b7eb4,0x2,0x27ff250] policy="Sandbox" op="syscall-unix" ret=0xe err=true writes=0
guest:fdtable_dyn	[trap] num=381 (0x17d) pc=0x180119ecc args=[0x1801b4bf1,0x5a,0x27ff2d0,0xa,0x0,0x0,0x0,0x90]
guest:fdtable_dyn	[m47] amfi policy_resident="AMFI\0"
guest:fdtable_dyn	[probe] AMFI dyld policy in=0x0 r=0 out=0x1df out_ptr=0x27ff2c8
guest:fdtable_dyn	[trap] num=381 (0x17d) pc=0x180119ecc args=[0x1801b7eb4,0x2,0x27feda0,0xa,0x73,0x69,0x0,0x80]
guest:fdtable_dyn	[m47] num=381 args=[0x1801b7eb4,0x2,0x27feda0] policy="Sandbox" op="syscall-unix" ret=0xe err=true writes=0
guest:fdtable_dyn	[trap] num=381 (0x17d) pc=0x180119ecc args=[0x1801b7eb4,0x2,0x27fbe70,0xa,0x73,0x69,0x1,0x27fcb78]
guest:fdtable_dyn	[m47] num=381 args=[0x1801b7eb4,0x2,0x27fbe70] policy="Sandbox" op="syscall-unix" ret=0xe err=true writes=0
guest:fdtable_dyn	[trap] num=381 (0x17d) pc=0x1804af730 args=[0x18df1ac55,0x2,0x27fbcc0,0x28,0x0,0x20,0x30,0x470]
guest:fdtable_dyn	[m47] num=381 args=[0x18df1ac55,0x2,0x27fbcc0] policy="Sandbox" op="file-write-data" ret=0x16 err=true writes=0
guest:hello_dyn	[trap] num=381 (0x17d) pc=0x180119ecc args=[0x1801b7eb4,0x2,0x27ff250,0xa,0x73,0x69,0x0,0x0]
guest:hello_dyn	[m47] num=381 args=[0x1801b7eb4,0x2,0x27ff250] policy="Sandbox" op="syscall-unix" ret=0xe err=true writes=0
guest:hello_dyn	[trap] num=381 (0x17d) pc=0x180119ecc args=[0x1801b4bf1,0x5a,0x27ff2d0,0xa,0x0,0x0,0x0,0x90]
guest:hello_dyn	[m47] amfi policy_resident="AMFI\0"
guest:hello_dyn	[probe] AMFI dyld policy in=0x0 r=0 out=0x1df out_ptr=0x27ff2c8
guest:hello_dyn	[trap] num=381 (0x17d) pc=0x180119ecc args=[0x1801b7eb4,0x2,0x27feda0,0xa,0x73,0x69,0x0,0x80]
guest:hello_dyn	[m47] num=381 args=[0x1801b7eb4,0x2,0x27feda0] policy="Sandbox" op="syscall-unix" ret=0xe err=true writes=0
guest:hello_dyn	[trap] num=381 (0x17d) pc=0x180119ecc args=[0x1801b7eb4,0x2,0x27fbe70,0xa,0x73,0x69,0x1,0x27fcb78]
guest:hello_dyn	[m47] num=381 args=[0x1801b7eb4,0x2,0x27fbe70] policy="Sandbox" op="syscall-unix" ret=0xe err=true writes=0
guest:hello_dyn	[trap] num=381 (0x17d) pc=0x1804af730 args=[0x18df1ac55,0x2,0x27fbcc0,0x28,0x0,0x20,0x30,0x470]
guest:hello_dyn	[m47] num=381 args=[0x18df1ac55,0x2,0x27fbcc0] policy="Sandbox" op="file-write-data" ret=0x16 err=true writes=0
guest:hello_rust	[trap] num=381 (0x17d) pc=0x180119ecc args=[0x1801b7eb4,0x2,0x27ff250,0xa,0x73,0x69,0x0,0x0]
guest:hello_rust	[m47] num=381 args=[0x1801b7eb4,0x2,0x27ff250] policy="Sandbox" op="syscall-unix" ret=0xe err=true writes=0
guest:hello_rust	[trap] num=381 (0x17d) pc=0x180119ecc args=[0x1801b4bf1,0x5a,0x27ff2d0,0x2,0x8,0x72,0x0,0x90]
guest:hello_rust	[m47] amfi policy_resident="AMFI\0"
guest:hello_rust	[probe] AMFI dyld policy in=0x0 r=0 out=0x1df out_ptr=0x27ff2c8
guest:hello_rust	[trap] num=381 (0x17d) pc=0x180119ecc args=[0x1801b7eb4,0x2,0x27feda0,0xa,0x73,0x69,0x0,0x80]
guest:hello_rust	[m47] num=381 args=[0x1801b7eb4,0x2,0x27feda0] policy="Sandbox" op="syscall-unix" ret=0xe err=true writes=0
guest:hello_rust	[trap] num=381 (0x17d) pc=0x1804af730 args=[0x18df1ac55,0x2,0x27fbcc0,0x28,0x0,0x20,0x30,0x470]
guest:hello_rust	[m47] num=381 args=[0x18df1ac55,0x2,0x27fbcc0] policy="Sandbox" op="file-write-data" ret=0x16 err=true writes=0
guest:kqinit_dyn	[trap] num=381 (0x17d) pc=0x180119ecc args=[0x1801b7eb4,0x2,0x27ff250,0xa,0x73,0x69,0x0,0x0]
guest:kqinit_dyn	[m47] num=381 args=[0x1801b7eb4,0x2,0x27ff250] policy="Sandbox" op="syscall-unix" ret=0xe err=true writes=0
guest:kqinit_dyn	[trap] num=381 (0x17d) pc=0x180119ecc args=[0x1801b4bf1,0x5a,0x27ff2d0,0xa,0x0,0x0,0x0,0x90]
guest:kqinit_dyn	[m47] amfi policy_resident="AMFI\0"
guest:kqinit_dyn	[probe] AMFI dyld policy in=0x0 r=0 out=0x1df out_ptr=0x27ff2c8
guest:kqinit_dyn	[trap] num=381 (0x17d) pc=0x180119ecc args=[0x1801b7eb4,0x2,0x27feda0,0xa,0x73,0x69,0x0,0x80]
guest:kqinit_dyn	[m47] num=381 args=[0x1801b7eb4,0x2,0x27feda0] policy="Sandbox" op="syscall-unix" ret=0xe err=true writes=0
guest:kqinit_dyn	[trap] num=381 (0x17d) pc=0x180119ecc args=[0x1801b7eb4,0x2,0x27fbe70,0xa,0x73,0x69,0x1,0x27fcb78]
guest:kqinit_dyn	[m47] num=381 args=[0x1801b7eb4,0x2,0x27fbe70] policy="Sandbox" op="syscall-unix" ret=0xe err=true writes=0
guest:kqinit_dyn	[trap] num=381 (0x17d) pc=0x1804af730 args=[0x18df1ac55,0x2,0x27fbcc0,0x28,0x0,0x20,0x30,0x470]
guest:kqinit_dyn	[m47] num=381 args=[0x18df1ac55,0x2,0x27fbcc0] policy="Sandbox" op="file-write-data" ret=0x16 err=true writes=0
guest:overflow	[trap] num=381 (0x17d) pc=0x180119ecc args=[0x1801b7eb4,0x2,0x27ff250,0xa,0x73,0x69,0x0,0x0]
guest:overflow	[m47] num=381 args=[0x1801b7eb4,0x2,0x27ff250] policy="Sandbox" op="syscall-unix" ret=0xe err=true writes=0
guest:overflow	[trap] num=381 (0x17d) pc=0x180119ecc args=[0x1801b4bf1,0x5a,0x27ff2d0,0x2,0x8,0x72,0x0,0x90]
guest:overflow	[m47] amfi policy_resident="AMFI\0"
guest:overflow	[probe] AMFI dyld policy in=0x0 r=0 out=0x1df out_ptr=0x27ff2c8
guest:overflow	[trap] num=381 (0x17d) pc=0x180119ecc args=[0x1801b7eb4,0x2,0x27feda0,0xa,0x73,0x69,0x0,0x80]
guest:overflow	[m47] num=381 args=[0x1801b7eb4,0x2,0x27feda0] policy="Sandbox" op="syscall-unix" ret=0xe err=true writes=0
guest:overflow	[trap] num=381 (0x17d) pc=0x1804af730 args=[0x18df1ac55,0x2,0x27fbcc0,0x28,0x0,0x20,0x30,0x470]
guest:overflow	[m47] num=381 args=[0x18df1ac55,0x2,0x27fbcc0] policy="Sandbox" op="file-write-data" ret=0x16 err=true writes=0
guest:panicky	[trap] num=381 (0x17d) pc=0x180119ecc args=[0x1801b7eb4,0x2,0x27ff250,0xa,0x73,0x69,0x0,0x0]
guest:panicky	[m47] num=381 args=[0x1801b7eb4,0x2,0x27ff250] policy="Sandbox" op="syscall-unix" ret=0xe err=true writes=0
guest:panicky	[trap] num=381 (0x17d) pc=0x180119ecc args=[0x1801b4bf1,0x5a,0x27ff2d0,0x2,0x8,0x72,0x0,0x90]
guest:panicky	[m47] amfi policy_resident="AMFI\0"
guest:panicky	[probe] AMFI dyld policy in=0x0 r=0 out=0x1df out_ptr=0x27ff2c8
guest:panicky	[trap] num=381 (0x17d) pc=0x180119ecc args=[0x1801b7eb4,0x2,0x27feda0,0xa,0x73,0x69,0x0,0x80]
guest:panicky	[m47] num=381 args=[0x1801b7eb4,0x2,0x27feda0] policy="Sandbox" op="syscall-unix" ret=0xe err=true writes=0
guest:panicky	[trap] num=381 (0x17d) pc=0x1804af730 args=[0x18df1ac55,0x2,0x27fbcc0,0x28,0x0,0x20,0x30,0x470]
guest:panicky	[m47] num=381 args=[0x18df1ac55,0x2,0x27fbcc0] policy="Sandbox" op="file-write-data" ret=0x16 err=true writes=0
guest:pipe_dyn	[trap] num=381 (0x17d) pc=0x180119ecc args=[0x1801b7eb4,0x2,0x27ff250,0xa,0x73,0x69,0x0,0x0]
guest:pipe_dyn	[m47] num=381 args=[0x1801b7eb4,0x2,0x27ff250] policy="Sandbox" op="syscall-unix" ret=0xe err=true writes=0
guest:pipe_dyn	[trap] num=381 (0x17d) pc=0x180119ecc args=[0x1801b4bf1,0x5a,0x27ff2d0,0xa,0x0,0x0,0x0,0x90]
guest:pipe_dyn	[m47] amfi policy_resident="AMFI\0"
guest:pipe_dyn	[probe] AMFI dyld policy in=0x0 r=0 out=0x1df out_ptr=0x27ff2c8
guest:pipe_dyn	[trap] num=381 (0x17d) pc=0x180119ecc args=[0x1801b7eb4,0x2,0x27feda0,0xa,0x73,0x69,0x0,0x80]
guest:pipe_dyn	[m47] num=381 args=[0x1801b7eb4,0x2,0x27feda0] policy="Sandbox" op="syscall-unix" ret=0xe err=true writes=0
guest:pipe_dyn	[trap] num=381 (0x17d) pc=0x180119ecc args=[0x1801b7eb4,0x2,0x27fbe70,0xa,0x73,0x69,0x1,0x27fcb78]
guest:pipe_dyn	[m47] num=381 args=[0x1801b7eb4,0x2,0x27fbe70] policy="Sandbox" op="syscall-unix" ret=0xe err=true writes=0
guest:pipe_dyn	[trap] num=381 (0x17d) pc=0x1804af730 args=[0x18df1ac55,0x2,0x27fbcc0,0x28,0x0,0x20,0x30,0x470]
guest:pipe_dyn	[m47] num=381 args=[0x18df1ac55,0x2,0x27fbcc0] policy="Sandbox" op="file-write-data" ret=0x16 err=true writes=0
guest:protrust	[trap] num=381 (0x17d) pc=0x180119ecc args=[0x1801b7eb4,0x2,0x27ff250,0xa,0x73,0x69,0x0,0x0]
guest:protrust	[m47] num=381 args=[0x1801b7eb4,0x2,0x27ff250] policy="Sandbox" op="syscall-unix" ret=0xe err=true writes=0
guest:protrust	[trap] num=381 (0x17d) pc=0x180119ecc args=[0x1801b4bf1,0x5a,0x27ff2d0,0x2,0x8,0x72,0x0,0x90]
guest:protrust	[m47] amfi policy_resident="AMFI\0"
guest:protrust	[probe] AMFI dyld policy in=0x0 r=0 out=0x1df out_ptr=0x27ff2c8
guest:protrust	[trap] num=381 (0x17d) pc=0x180119ecc args=[0x1801b7eb4,0x2,0x27feda0,0xa,0x73,0x69,0x0,0x80]
guest:protrust	[m47] num=381 args=[0x1801b7eb4,0x2,0x27feda0] policy="Sandbox" op="syscall-unix" ret=0xe err=true writes=0
guest:protrust	[trap] num=381 (0x17d) pc=0x1804af730 args=[0x18df1ac55,0x2,0x27fbcc0,0x28,0x0,0x20,0x30,0x470]
guest:protrust	[m47] num=381 args=[0x18df1ac55,0x2,0x27fbcc0] policy="Sandbox" op="file-write-data" ret=0x16 err=true writes=0
guest:segvy	[trap] num=381 (0x17d) pc=0x180119ecc args=[0x1801b7eb4,0x2,0x27ff260,0xa,0x73,0x69,0x0,0x0]
guest:segvy	[m47] num=381 args=[0x1801b7eb4,0x2,0x27ff260] policy="Sandbox" op="syscall-unix" ret=0xe err=true writes=0
guest:segvy	[trap] num=381 (0x17d) pc=0x180119ecc args=[0x1801b4bf1,0x5a,0x27ff2e0,0x2,0x8,0x72,0x0,0x90]
guest:segvy	[m47] amfi policy_resident="AMFI\0"
guest:segvy	[probe] AMFI dyld policy in=0x0 r=0 out=0x1df out_ptr=0x27ff2d8
guest:segvy	[trap] num=381 (0x17d) pc=0x180119ecc args=[0x1801b7eb4,0x2,0x27fedb0,0xa,0x73,0x69,0x0,0x80]
guest:segvy	[m47] num=381 args=[0x1801b7eb4,0x2,0x27fedb0] policy="Sandbox" op="syscall-unix" ret=0xe err=true writes=0
guest:segvy	[trap] num=381 (0x17d) pc=0x1804af730 args=[0x18df1ac55,0x2,0x27fbcd0,0x28,0x0,0x20,0x30,0x470]
guest:segvy	[m47] num=381 args=[0x18df1ac55,0x2,0x27fbcd0] policy="Sandbox" op="file-write-data" ret=0x16 err=true writes=0
guest:sigblocked	[trap] num=381 (0x17d) pc=0x180119ecc args=[0x1801b7eb4,0x2,0x27ff250,0xa,0x73,0x69,0x0,0x0]
guest:sigblocked	[m47] num=381 args=[0x1801b7eb4,0x2,0x27ff250] policy="Sandbox" op="syscall-unix" ret=0xe err=true writes=0
guest:sigblocked	[trap] num=381 (0x17d) pc=0x180119ecc args=[0x1801b4bf1,0x5a,0x27ff2d0,0x2,0x8,0x72,0x0,0x90]
guest:sigblocked	[m47] amfi policy_resident="AMFI\0"
guest:sigblocked	[probe] AMFI dyld policy in=0x0 r=0 out=0x1df out_ptr=0x27ff2c8
guest:sigblocked	[trap] num=381 (0x17d) pc=0x180119ecc args=[0x1801b7eb4,0x2,0x27feda0,0xa,0x73,0x69,0x0,0x80]
guest:sigblocked	[m47] num=381 args=[0x1801b7eb4,0x2,0x27feda0] policy="Sandbox" op="syscall-unix" ret=0xe err=true writes=0
guest:sigblocked	[trap] num=381 (0x17d) pc=0x1804af730 args=[0x18df1ac55,0x2,0x27fbcc0,0x28,0x0,0x20,0x30,0x470]
guest:sigblocked	[m47] num=381 args=[0x18df1ac55,0x2,0x27fbcc0] policy="Sandbox" op="file-write-data" ret=0x16 err=true writes=0
guest:sigcatch_dyn	[trap] num=381 (0x17d) pc=0x180119ecc args=[0x1801b7eb4,0x2,0x27ff250,0xa,0x73,0x69,0x0,0x0]
guest:sigcatch_dyn	[m47] num=381 args=[0x1801b7eb4,0x2,0x27ff250] policy="Sandbox" op="syscall-unix" ret=0xe err=true writes=0
guest:sigcatch_dyn	[trap] num=381 (0x17d) pc=0x180119ecc args=[0x1801b4bf1,0x5a,0x27ff2d0,0xa,0x0,0x0,0x0,0x90]
guest:sigcatch_dyn	[m47] amfi policy_resident="AMFI\0"
guest:sigcatch_dyn	[probe] AMFI dyld policy in=0x0 r=0 out=0x1df out_ptr=0x27ff2c8
guest:sigcatch_dyn	[trap] num=381 (0x17d) pc=0x180119ecc args=[0x1801b7eb4,0x2,0x27feda0,0xa,0x73,0x69,0x0,0x80]
guest:sigcatch_dyn	[m47] num=381 args=[0x1801b7eb4,0x2,0x27feda0] policy="Sandbox" op="syscall-unix" ret=0xe err=true writes=0
guest:sigcatch_dyn	[trap] num=381 (0x17d) pc=0x180119ecc args=[0x1801b7eb4,0x2,0x27fbe70,0xa,0x73,0x69,0x1,0x27fcb78]
guest:sigcatch_dyn	[m47] num=381 args=[0x1801b7eb4,0x2,0x27fbe70] policy="Sandbox" op="syscall-unix" ret=0xe err=true writes=0
guest:sigcatch_dyn	[trap] num=381 (0x17d) pc=0x1804af730 args=[0x18df1ac55,0x2,0x27fbcc0,0x28,0x0,0x20,0x30,0x470]
guest:sigcatch_dyn	[m47] num=381 args=[0x18df1ac55,0x2,0x27fbcc0] policy="Sandbox" op="file-write-data" ret=0x16 err=true writes=0
guest:sigthread	[trap] num=381 (0x17d) pc=0x180119ecc args=[0x1801b7eb4,0x2,0x27ff250,0xa,0x73,0x69,0x0,0x0]
guest:sigthread	[m47] num=381 args=[0x1801b7eb4,0x2,0x27ff250] policy="Sandbox" op="syscall-unix" ret=0xe err=true writes=0
guest:sigthread	[trap] num=381 (0x17d) pc=0x180119ecc args=[0x1801b4bf1,0x5a,0x27ff2d0,0x2,0x8,0x72,0x0,0x90]
guest:sigthread	[m47] amfi policy_resident="AMFI\0"
guest:sigthread	[probe] AMFI dyld policy in=0x0 r=0 out=0x1df out_ptr=0x27ff2c8
guest:sigthread	[trap] num=381 (0x17d) pc=0x180119ecc args=[0x1801b7eb4,0x2,0x27feda0,0xa,0x73,0x69,0x0,0x80]
guest:sigthread	[m47] num=381 args=[0x1801b7eb4,0x2,0x27feda0] policy="Sandbox" op="syscall-unix" ret=0xe err=true writes=0
guest:sigthread	[trap] num=381 (0x17d) pc=0x1804af730 args=[0x18df1ac55,0x2,0x27fbcc0,0x28,0x0,0x20,0x30,0x470]
guest:sigthread	[m47] num=381 args=[0x18df1ac55,0x2,0x27fbcc0] policy="Sandbox" op="file-write-data" ret=0x16 err=true writes=0
guest:stdio_dyn	[trap] num=381 (0x17d) pc=0x180119ecc args=[0x1801b7eb4,0x2,0x27ff250,0xa,0x73,0x69,0x0,0x0]
guest:stdio_dyn	[m47] num=381 args=[0x1801b7eb4,0x2,0x27ff250] policy="Sandbox" op="syscall-unix" ret=0xe err=true writes=0
guest:stdio_dyn	[trap] num=381 (0x17d) pc=0x180119ecc args=[0x1801b4bf1,0x5a,0x27ff2d0,0xa,0x0,0x0,0x0,0x90]
guest:stdio_dyn	[m47] amfi policy_resident="AMFI\0"
guest:stdio_dyn	[probe] AMFI dyld policy in=0x0 r=0 out=0x1df out_ptr=0x27ff2c8
guest:stdio_dyn	[trap] num=381 (0x17d) pc=0x180119ecc args=[0x1801b7eb4,0x2,0x27feda0,0xa,0x73,0x69,0x0,0x80]
guest:stdio_dyn	[m47] num=381 args=[0x1801b7eb4,0x2,0x27feda0] policy="Sandbox" op="syscall-unix" ret=0xe err=true writes=0
guest:stdio_dyn	[trap] num=381 (0x17d) pc=0x180119ecc args=[0x1801b7eb4,0x2,0x27fbe70,0xa,0x73,0x69,0x1,0x27fcb78]
guest:stdio_dyn	[m47] num=381 args=[0x1801b7eb4,0x2,0x27fbe70] policy="Sandbox" op="syscall-unix" ret=0xe err=true writes=0
guest:stdio_dyn	[trap] num=381 (0x17d) pc=0x1804af730 args=[0x18df1ac55,0x2,0x27fbcc0,0x28,0x0,0x20,0x30,0x470]
guest:stdio_dyn	[m47] num=381 args=[0x18df1ac55,0x2,0x27fbcc0] policy="Sandbox" op="file-write-data" ret=0x16 err=true writes=0
guest:threadrust	[trap] num=381 (0x17d) pc=0x180119ecc args=[0x1801b7eb4,0x2,0x27ff250,0xa,0x73,0x69,0x0,0x0]
guest:threadrust	[m47] num=381 args=[0x1801b7eb4,0x2,0x27ff250] policy="Sandbox" op="syscall-unix" ret=0xe err=true writes=0
guest:threadrust	[trap] num=381 (0x17d) pc=0x180119ecc args=[0x1801b4bf1,0x5a,0x27ff2d0,0x2,0x8,0x72,0x0,0x90]
guest:threadrust	[m47] amfi policy_resident="AMFI\0"
guest:threadrust	[probe] AMFI dyld policy in=0x0 r=0 out=0x1df out_ptr=0x27ff2c8
guest:threadrust	[trap] num=381 (0x17d) pc=0x180119ecc args=[0x1801b7eb4,0x2,0x27feda0,0xa,0x73,0x69,0x0,0x80]
guest:threadrust	[m47] num=381 args=[0x1801b7eb4,0x2,0x27feda0] policy="Sandbox" op="syscall-unix" ret=0xe err=true writes=0
guest:threadrust	[trap] num=381 (0x17d) pc=0x1804af730 args=[0x18df1ac55,0x2,0x27fbcc0,0x28,0x0,0x20,0x30,0x470]
guest:threadrust	[m47] num=381 args=[0x18df1ac55,0x2,0x27fbcc0] policy="Sandbox" op="file-write-data" ret=0x16 err=true writes=0
guest:timer_dyn	[trap] num=381 (0x17d) pc=0x180119ecc args=[0x1801b7eb4,0x2,0x27ff250,0xa,0x73,0x69,0x0,0x0]
guest:timer_dyn	[m47] num=381 args=[0x1801b7eb4,0x2,0x27ff250] policy="Sandbox" op="syscall-unix" ret=0xe err=true writes=0
guest:timer_dyn	[trap] num=381 (0x17d) pc=0x180119ecc args=[0x1801b4bf1,0x5a,0x27ff2d0,0xa,0x0,0x0,0x0,0x90]
guest:timer_dyn	[m47] amfi policy_resident="AMFI\0"
guest:timer_dyn	[probe] AMFI dyld policy in=0x0 r=0 out=0x1df out_ptr=0x27ff2c8
guest:timer_dyn	[trap] num=381 (0x17d) pc=0x180119ecc args=[0x1801b7eb4,0x2,0x27feda0,0xa,0x73,0x69,0x0,0x80]
guest:timer_dyn	[m47] num=381 args=[0x1801b7eb4,0x2,0x27feda0] policy="Sandbox" op="syscall-unix" ret=0xe err=true writes=0
guest:timer_dyn	[trap] num=381 (0x17d) pc=0x180119ecc args=[0x1801b7eb4,0x2,0x27fbe70,0xa,0x73,0x69,0x1,0x27fcb78]
guest:timer_dyn	[m47] num=381 args=[0x1801b7eb4,0x2,0x27fbe70] policy="Sandbox" op="syscall-unix" ret=0xe err=true writes=0
guest:timer_dyn	[trap] num=381 (0x17d) pc=0x1804af730 args=[0x18df1ac55,0x2,0x27fbcc0,0x28,0x0,0x20,0x30,0x470]
guest:timer_dyn	[m47] num=381 args=[0x18df1ac55,0x2,0x27fbcc0] policy="Sandbox" op="file-write-data" ret=0x16 err=true writes=0
guest:vmremap_dyn	[trap] num=381 (0x17d) pc=0x180119ecc args=[0x1801b7eb4,0x2,0x27ff250,0xa,0x73,0x69,0x0,0x0]
guest:vmremap_dyn	[m47] num=381 args=[0x1801b7eb4,0x2,0x27ff250] policy="Sandbox" op="syscall-unix" ret=0xe err=true writes=0
guest:vmremap_dyn	[trap] num=381 (0x17d) pc=0x180119ecc args=[0x1801b4bf1,0x5a,0x27ff2d0,0xa,0x0,0x0,0x0,0x90]
guest:vmremap_dyn	[m47] amfi policy_resident="AMFI\0"
guest:vmremap_dyn	[probe] AMFI dyld policy in=0x0 r=0 out=0x1df out_ptr=0x27ff2c8
guest:vmremap_dyn	[trap] num=381 (0x17d) pc=0x180119ecc args=[0x1801b7eb4,0x2,0x27feda0,0xa,0x73,0x69,0x0,0x80]
guest:vmremap_dyn	[m47] num=381 args=[0x1801b7eb4,0x2,0x27feda0] policy="Sandbox" op="syscall-unix" ret=0xe err=true writes=0
guest:vmremap_dyn	[trap] num=381 (0x17d) pc=0x180119ecc args=[0x1801b7eb4,0x2,0x27fbe70,0xa,0x73,0x69,0x1,0x27fcb78]
guest:vmremap_dyn	[m47] num=381 args=[0x1801b7eb4,0x2,0x27fbe70] policy="Sandbox" op="syscall-unix" ret=0xe err=true writes=0
guest:vmremap_dyn	[trap] num=381 (0x17d) pc=0x1804af730 args=[0x18df1ac55,0x2,0x27fbcc0,0x28,0x0,0x20,0x30,0x470]
guest:vmremap_dyn	[m47] num=381 args=[0x18df1ac55,0x2,0x27fbcc0] policy="Sandbox" op="file-write-data" ret=0x16 err=true writes=0
guest:watchthread	[trap] num=381 (0x17d) pc=0x180119ecc args=[0x1801b7eb4,0x2,0x27ff250,0xa,0x73,0x69,0x0,0x0]
guest:watchthread	[m47] num=381 args=[0x1801b7eb4,0x2,0x27ff250] policy="Sandbox" op="syscall-unix" ret=0xe err=true writes=0
guest:watchthread	[trap] num=381 (0x17d) pc=0x180119ecc args=[0x1801b4bf1,0x5a,0x27ff2d0,0x2,0x8,0x72,0x0,0x90]
guest:watchthread	[m47] amfi policy_resident="AMFI\0"
guest:watchthread	[probe] AMFI dyld policy in=0x0 r=0 out=0x1df out_ptr=0x27ff2c8
guest:watchthread	[trap] num=381 (0x17d) pc=0x180119ecc args=[0x1801b7eb4,0x2,0x27feda0,0xa,0x73,0x69,0x0,0x80]
guest:watchthread	[m47] num=381 args=[0x1801b7eb4,0x2,0x27feda0] policy="Sandbox" op="syscall-unix" ret=0xe err=true writes=0
guest:watchthread	[trap] num=381 (0x17d) pc=0x1804af730 args=[0x18df1ac55,0x2,0x27fbcc0,0x28,0x0,0x20,0x30,0x470]
guest:watchthread	[m47] num=381 args=[0x18df1ac55,0x2,0x27fbcc0] policy="Sandbox" op="file-write-data" ret=0x16 err=true writes=0
fix:fsops	[trap] num=381 (0x17d) pc=0x180119ecc args=[0x1801b7eb4,0x2,0x27ff190,0xa,0x73,0x69,0x0,0x120]
fix:fsops	[m47] num=381 args=[0x1801b7eb4,0x2,0x27ff190] policy="Sandbox" op="syscall-unix" ret=0xe err=true writes=0
fix:fsops	[trap] num=381 (0x17d) pc=0x180119ecc args=[0x1801b4bf1,0x5a,0x27ff210,0xa,0x0,0x0,0x0,0xf20]
fix:fsops	[m47] amfi policy_resident="AMFI\0"
fix:fsops	[probe] AMFI dyld policy in=0x0 r=0 out=0x1df out_ptr=0x27ff208
fix:fsops	[trap] num=381 (0x17d) pc=0x180119ecc args=[0x1801b7eb4,0x2,0x27fece0,0xa,0x73,0x69,0x0,0x80]
fix:fsops	[m47] num=381 args=[0x1801b7eb4,0x2,0x27fece0] policy="Sandbox" op="syscall-unix" ret=0xe err=true writes=0
fix:fsops	[trap] num=381 (0x17d) pc=0x180119ecc args=[0x1801b7eb4,0x2,0x27fbdb0,0xa,0x73,0x69,0x1,0x27fcab8]
fix:fsops	[m47] num=381 args=[0x1801b7eb4,0x2,0x27fbdb0] policy="Sandbox" op="syscall-unix" ret=0xe err=true writes=0
fix:fsops	[trap] num=381 (0x17d) pc=0x1804af730 args=[0x18df1ac55,0x2,0x27fbc00,0x28,0x0,0x20,0x30,0x470]
fix:fsops	[m47] num=381 args=[0x18df1ac55,0x2,0x27fbc00] policy="Sandbox" op="file-write-data" ret=0x16 err=true writes=0
fix:madv-zero	[trap] num=381 (0x17d) pc=0x180119ecc args=[0x1801b7eb4,0x2,0x27ff1e0,0xa,0x73,0x69,0x0,0x0]
fix:madv-zero	[m47] num=381 args=[0x1801b7eb4,0x2,0x27ff1e0] policy="Sandbox" op="syscall-unix" ret=0xe err=true writes=0
fix:madv-zero	[trap] num=381 (0x17d) pc=0x180119ecc args=[0x1801b4bf1,0x5a,0x27ff260,0xa,0x0,0x0,0x0,0x90]
fix:madv-zero	[m47] amfi policy_resident="AMFI\0"
fix:madv-zero	[probe] AMFI dyld policy in=0x0 r=0 out=0x1df out_ptr=0x27ff258
fix:madv-zero	[trap] num=381 (0x17d) pc=0x180119ecc args=[0x1801b7eb4,0x2,0x27fed30,0xa,0x73,0x69,0x0,0x80]
fix:madv-zero	[m47] num=381 args=[0x1801b7eb4,0x2,0x27fed30] policy="Sandbox" op="syscall-unix" ret=0xe err=true writes=0
fix:madv-zero	[trap] num=381 (0x17d) pc=0x180119ecc args=[0x1801b7eb4,0x2,0x27fbe00,0xa,0x73,0x69,0x1,0x27fcb08]
fix:madv-zero	[m47] num=381 args=[0x1801b7eb4,0x2,0x27fbe00] policy="Sandbox" op="syscall-unix" ret=0xe err=true writes=0
fix:madv-zero	[trap] num=381 (0x17d) pc=0x1804af730 args=[0x18df1ac55,0x2,0x27fbc50,0x28,0x0,0x20,0x30,0x470]
fix:madv-zero	[m47] num=381 args=[0x18df1ac55,0x2,0x27fbc50] policy="Sandbox" op="file-write-data" ret=0x16 err=true writes=0
fix:madv-zero	[trap] num=75 (0x4b) pc=0x1804b09b0 args=[0xa004fc000,0x80000,0xb,0x0,0x0,0x0,0x63,0x0]
fix:madv-reuse	[trap] num=381 (0x17d) pc=0x180119ecc args=[0x1801b7eb4,0x2,0x27ff1e0,0xa,0x73,0x69,0x0,0x0]
fix:madv-reuse	[m47] num=381 args=[0x1801b7eb4,0x2,0x27ff1e0] policy="Sandbox" op="syscall-unix" ret=0xe err=true writes=0
fix:madv-reuse	[trap] num=381 (0x17d) pc=0x180119ecc args=[0x1801b4bf1,0x5a,0x27ff260,0xa,0x0,0x0,0x0,0x90]
fix:madv-reuse	[m47] amfi policy_resident="AMFI\0"
fix:madv-reuse	[probe] AMFI dyld policy in=0x0 r=0 out=0x1df out_ptr=0x27ff258
fix:madv-reuse	[trap] num=381 (0x17d) pc=0x180119ecc args=[0x1801b7eb4,0x2,0x27fed30,0xa,0x73,0x69,0x0,0x80]
fix:madv-reuse	[m47] num=381 args=[0x1801b7eb4,0x2,0x27fed30] policy="Sandbox" op="syscall-unix" ret=0xe err=true writes=0
fix:madv-reuse	[trap] num=381 (0x17d) pc=0x180119ecc args=[0x1801b7eb4,0x2,0x27fbe00,0xa,0x73,0x69,0x1,0x27fcb08]
fix:madv-reuse	[m47] num=381 args=[0x1801b7eb4,0x2,0x27fbe00] policy="Sandbox" op="syscall-unix" ret=0xe err=true writes=0
fix:madv-reuse	[trap] num=381 (0x17d) pc=0x1804af730 args=[0x18df1ac55,0x2,0x27fbc50,0x28,0x0,0x20,0x30,0x470]
fix:madv-reuse	[m47] num=381 args=[0x18df1ac55,0x2,0x27fbc50] policy="Sandbox" op="file-write-data" ret=0x16 err=true writes=0
fix:madv-reuse	[trap] num=75 (0x4b) pc=0x1804b09b0 args=[0xa00444000,0x100000,0x7,0x0,0x0,0x0,0x63,0x0]
fix:madv-reuse	[m47] num=75 args=[0xa00444000,0x100000,0x7] policy="" op="" ret=0x0 err=false writes=0
fix:madv-reuse	[trap] num=75 (0x4b) pc=0x1804b09b0 args=[0xa00444000,0x100000,0x8,0x0,0x0,0x0,0x63,0x0]
fix:madv-reuse	[m47] num=75 args=[0xa00444000,0x100000,0x8] policy="" op="" ret=0x0 err=false writes=0
fix:madv-bad	[trap] num=381 (0x17d) pc=0x180119ecc args=[0x1801b7eb4,0x2,0x27ff1e0,0xa,0x73,0x69,0x0,0x0]
fix:madv-bad	[m47] num=381 args=[0x1801b7eb4,0x2,0x27ff1e0] policy="Sandbox" op="syscall-unix" ret=0xe err=true writes=0
fix:madv-bad	[trap] num=381 (0x17d) pc=0x180119ecc args=[0x1801b4bf1,0x5a,0x27ff260,0xa,0x0,0x0,0x0,0x90]
fix:madv-bad	[m47] amfi policy_resident="AMFI\0"
fix:madv-bad	[probe] AMFI dyld policy in=0x0 r=0 out=0x1df out_ptr=0x27ff258
fix:madv-bad	[trap] num=381 (0x17d) pc=0x180119ecc args=[0x1801b7eb4,0x2,0x27fed30,0xa,0x73,0x69,0x0,0x80]
fix:madv-bad	[m47] num=381 args=[0x1801b7eb4,0x2,0x27fed30] policy="Sandbox" op="syscall-unix" ret=0xe err=true writes=0
fix:madv-bad	[trap] num=381 (0x17d) pc=0x180119ecc args=[0x1801b7eb4,0x2,0x27fbe00,0xa,0x73,0x69,0x1,0x27fcb08]
fix:madv-bad	[m47] num=381 args=[0x1801b7eb4,0x2,0x27fbe00] policy="Sandbox" op="syscall-unix" ret=0xe err=true writes=0
fix:madv-bad	[trap] num=381 (0x17d) pc=0x1804af730 args=[0x18df1ac55,0x2,0x27fbc50,0x28,0x0,0x20,0x30,0x470]
fix:madv-bad	[m47] num=381 args=[0x18df1ac55,0x2,0x27fbc50] policy="Sandbox" op="file-write-data" ret=0x16 err=true writes=0
fix:madv-bad	[trap] num=75 (0x4b) pc=0x1804b09b0 args=[0xa004c0000,0x100000,0x9,0x0,0x0,0x0,0x63,0x0]
fix:madv-bad	[m47] num=75 args=[0xa004c0000,0x100000,0x9] policy="" op="" ret=0x0 err=false writes=0
fix:rpath	[trap] num=381 (0x17d) pc=0x180119ecc args=[0x1801b7eb4,0x2,0x27ff1f0,0xa,0x73,0x69,0x0,0x0]
fix:rpath	[m47] num=381 args=[0x1801b7eb4,0x2,0x27ff1f0] policy="Sandbox" op="syscall-unix" ret=0xe err=true writes=0
fix:rpath	[trap] num=381 (0x17d) pc=0x180119ecc args=[0x1801b4bf1,0x5a,0x27ff270,0xa,0x0,0x0,0x0,0x90]
fix:rpath	[m47] amfi policy_resident="AMFI\0"
fix:rpath	[probe] AMFI dyld policy in=0x0 r=0 out=0x1df out_ptr=0x27ff268
fix:rpath	[trap] num=381 (0x17d) pc=0x180119ecc args=[0x1801b7eb4,0x2,0x27fed40,0xa,0x73,0x69,0x0,0x80]
fix:rpath	[m47] num=381 args=[0x1801b7eb4,0x2,0x27fed40] policy="Sandbox" op="syscall-unix" ret=0xe err=true writes=0
fix:rpath	[trap] num=381 (0x17d) pc=0x180119ecc args=[0x1801b7eb4,0x2,0x27fbe10,0xa,0x73,0x69,0x1,0x27fcb18]
fix:rpath	[m47] num=381 args=[0x1801b7eb4,0x2,0x27fbe10] policy="Sandbox" op="syscall-unix" ret=0xe err=true writes=0
fix:rpath	[trap] num=381 (0x17d) pc=0x180119ecc args=[0x1801b7eb4,0x2,0x27fbe10,0xa,0x73,0x69,0x1,0x27fcb18]
fix:rpath	[m47] num=381 args=[0x1801b7eb4,0x2,0x27fbe10] policy="Sandbox" op="syscall-unix" ret=0xe err=true writes=0
fix:rpath	[trap] num=381 (0x17d) pc=0x1804af730 args=[0x18df1ac55,0x2,0x27fbc60,0x28,0x0,0x20,0x30,0x470]
fix:rpath	[m47] num=381 args=[0x18df1ac55,0x2,0x27fbc60] policy="Sandbox" op="file-write-data" ret=0x16 err=true writes=0
fix:forkfail	[trap] num=381 (0x17d) pc=0x180119ecc args=[0x1801b7eb4,0x2,0x27ff1e0,0xa,0x73,0x69,0x0,0x0]
fix:forkfail	[m47] num=381 args=[0x1801b7eb4,0x2,0x27ff1e0] policy="Sandbox" op="syscall-unix" ret=0xe err=true writes=0
fix:forkfail	[trap] num=381 (0x17d) pc=0x180119ecc args=[0x1801b4bf1,0x5a,0x27ff260,0xa,0x0,0x0,0x0,0x90]
fix:forkfail	[m47] amfi policy_resident="AMFI\0"
fix:forkfail	[probe] AMFI dyld policy in=0x0 r=0 out=0x1df out_ptr=0x27ff258
fix:forkfail	[trap] num=381 (0x17d) pc=0x180119ecc args=[0x1801b7eb4,0x2,0x27fed30,0xa,0x73,0x69,0x0,0x80]
fix:forkfail	[m47] num=381 args=[0x1801b7eb4,0x2,0x27fed30] policy="Sandbox" op="syscall-unix" ret=0xe err=true writes=0
fix:forkfail	[trap] num=381 (0x17d) pc=0x180119ecc args=[0x1801b7eb4,0x2,0x27fbe00,0xa,0x73,0x69,0x1,0x27fcb08]
fix:forkfail	[m47] num=381 args=[0x1801b7eb4,0x2,0x27fbe00] policy="Sandbox" op="syscall-unix" ret=0xe err=true writes=0
fix:forkfail	[trap] num=381 (0x17d) pc=0x1804af730 args=[0x18df1ac55,0x2,0x27fbc50,0x28,0x0,0x20,0x30,0x470]
fix:forkfail	[m47] num=381 args=[0x18df1ac55,0x2,0x27fbc50] policy="Sandbox" op="file-write-data" ret=0x16 err=true writes=0
jq:--version	[trap] num=381 (0x17d) pc=0x180119ecc args=[0x1801b7eb4,0x2,0x27ff2c0,0xa,0x73,0x69,0x0,0x0]
jq:--version	[m47] num=381 args=[0x1801b7eb4,0x2,0x27ff2c0] policy="Sandbox" op="syscall-unix" ret=0xe err=true writes=0
jq:--version	[trap] num=381 (0x17d) pc=0x180119ecc args=[0x1801b4bf1,0x5a,0x27ff340,0xa,0x0,0x0,0x0,0x90]
jq:--version	[m47] amfi policy_resident="AMFI\0"
jq:--version	[probe] AMFI dyld policy in=0x0 r=0 out=0x1df out_ptr=0x27ff338
jq:--version	[trap] num=381 (0x17d) pc=0x180119ecc args=[0x1801b7eb4,0x2,0x27fee10,0xa,0x73,0x69,0x0,0x80]
jq:--version	[m47] num=381 args=[0x1801b7eb4,0x2,0x27fee10] policy="Sandbox" op="syscall-unix" ret=0xe err=true writes=0
jq:--version	[trap] num=381 (0x17d) pc=0x180119ecc args=[0x1801b7eb4,0x2,0x27fbed0,0xa,0x73,0x69,0x1,0x27fcbd8]
jq:--version	[m47] num=381 args=[0x1801b7eb4,0x2,0x27fbed0] policy="Sandbox" op="syscall-unix" ret=0xe err=true writes=0
jq:--version	[trap] num=381 (0x17d) pc=0x1804af730 args=[0x18df1ac55,0x2,0x27fbd00,0x28,0x0,0x56,0x0,0x470]
jq:--version	[m47] num=381 args=[0x18df1ac55,0x2,0x27fbd00] policy="Sandbox" op="file-write-data" ret=0x16 err=true writes=0
jq:--version	[trap] num=75 (0x4b) pc=0x1804b09b0 args=[0x701400000,0x10000,0x7,0x0,0x0,0x1,0xa,0x0]
jq:--version	[m47] num=75 args=[0x701400000,0x10000,0x7] policy="" op="" ret=0x0 err=false writes=0
jq:file	[trap] num=381 (0x17d) pc=0x180119ecc args=[0x1801b7eb4,0x2,0x27ff240,0xa,0x73,0x69,0x0,0x0]
jq:file	[m47] num=381 args=[0x1801b7eb4,0x2,0x27ff240] policy="Sandbox" op="syscall-unix" ret=0xe err=true writes=0
jq:file	[trap] num=381 (0x17d) pc=0x180119ecc args=[0x1801b4bf1,0x5a,0x27ff2c0,0xa,0x0,0x0,0x0,0x90]
jq:file	[m47] amfi policy_resident="AMFI\0"
jq:file	[probe] AMFI dyld policy in=0x0 r=0 out=0x1df out_ptr=0x27ff2b8
jq:file	[trap] num=381 (0x17d) pc=0x180119ecc args=[0x1801b7eb4,0x2,0x27fed90,0xa,0x73,0x69,0x0,0x80]
jq:file	[m47] num=381 args=[0x1801b7eb4,0x2,0x27fed90] policy="Sandbox" op="syscall-unix" ret=0xe err=true writes=0
jq:file	[trap] num=381 (0x17d) pc=0x180119ecc args=[0x1801b7eb4,0x2,0x27fbe50,0xa,0x73,0x69,0x1,0x27fcb58]
jq:file	[m47] num=381 args=[0x1801b7eb4,0x2,0x27fbe50] policy="Sandbox" op="syscall-unix" ret=0xe err=true writes=0
jq:file	[trap] num=381 (0x17d) pc=0x1804af730 args=[0x18df1ac55,0x2,0x27fbc80,0x28,0x0,0x56,0x0,0x470]
jq:file	[m47] num=381 args=[0x18df1ac55,0x2,0x27fbc80] policy="Sandbox" op="file-write-data" ret=0x16 err=true writes=0
jq:file	[trap] num=75 (0x4b) pc=0x1804b09b0 args=[0x701058000,0x4000,0x7,0x0,0x0,0x0,0xffffffffbfc007ff,0xfffff0003ffff800]
jq:file	[m47] num=75 args=[0x701058000,0x4000,0x7] policy="" op="" ret=0x0 err=false writes=0
jq:file	[trap] num=75 (0x4b) pc=0x1804b09b0 args=[0x70105c000,0x4000,0x7,0x0,0x0,0x0,0xffffffffbfc007ff,0xfffff0003ffff800]
jq:file	[m47] num=75 args=[0x70105c000,0x4000,0x7] policy="" op="" ret=0x0 err=false writes=0
jq:file	[trap] num=75 (0x4b) pc=0x1804b09b0 args=[0x701060000,0x4000,0x7,0x0,0x0,0x0,0xffffffffbfc007ff,0xfffff0003ffff800]
jq:file	[m47] num=75 args=[0x701060000,0x4000,0x7] policy="" op="" ret=0x0 err=false writes=0
jq:file	[trap] num=75 (0x4b) pc=0x1804b09b0 args=[0x701064000,0x4000,0x7,0x0,0x0,0x0,0xffffffffbfc007ff,0xfffff0003ffff800]
jq:file	[m47] num=75 args=[0x701064000,0x4000,0x7] policy="" op="" ret=0x0 err=false writes=0
jq:file	[trap] num=75 (0x4b) pc=0x1804b09b0 args=[0x701068000,0x4000,0x7,0x0,0x0,0x0,0xffffffffbfc007ff,0xfffff0003ffff800]
jq:file	[m47] num=75 args=[0x701068000,0x4000,0x7] policy="" op="" ret=0x0 err=false writes=0
jq:file	[trap] num=75 (0x4b) pc=0x1804b09b0 args=[0x70106c000,0x4000,0x7,0x0,0x0,0x0,0xffffffffbfc007ff,0xfffff0003ffff800]
jq:file	[m47] num=75 args=[0x70106c000,0x4000,0x7] policy="" op="" ret=0x0 err=false writes=0
jq:file	[trap] num=75 (0x4b) pc=0x1804b09b0 args=[0x701070000,0x4000,0x7,0x0,0x0,0x0,0xffffffffbfc007ff,0xfffff0003ffff800]
jq:file	[m47] num=75 args=[0x701070000,0x4000,0x7] policy="" op="" ret=0x0 err=false writes=0
jq:file	[trap] num=75 (0x4b) pc=0x1804b09b0 args=[0x701074000,0x4000,0x7,0x0,0x0,0x0,0xffffffffbfc007ff,0xfffff0003ffff800]
jq:file	[m47] num=75 args=[0x701074000,0x4000,0x7] policy="" op="" ret=0x0 err=false writes=0
jq:file	[trap] num=75 (0x4b) pc=0x1804b09b0 args=[0x701078000,0x4000,0x7,0x0,0x0,0x0,0xffffffffbfc007ff,0xfffff0003ffff800]
jq:file	[m47] num=75 args=[0x701078000,0x4000,0x7] policy="" op="" ret=0x0 err=false writes=0
jq:file	[trap] num=75 (0x4b) pc=0x1804b09b0 args=[0x70107c000,0x4000,0x7,0x0,0x0,0x0,0xffffffffbfc007ff,0xfffff0003ffff800]
jq:file	[m47] num=75 args=[0x70107c000,0x4000,0x7] policy="" op="" ret=0x0 err=false writes=0
jq:file	[trap] num=75 (0x4b) pc=0x1804b09b0 args=[0x70102c000,0x4000,0x7,0x0,0x0,0x480,0x0,0xfffff0003ffff800]
jq:file	[m47] num=75 args=[0x70102c000,0x4000,0x7] policy="" op="" ret=0x0 err=false writes=0
jq:file	[trap] num=75 (0x4b) pc=0x1804b09b0 args=[0x701030000,0x4000,0x7,0x0,0x0,0x480,0x0,0xfffff0003ffff800]
jq:file	[m47] num=75 args=[0x701030000,0x4000,0x7] policy="" op="" ret=0x0 err=false writes=0
jq:file	[trap] num=75 (0x4b) pc=0x1804b09b0 args=[0x701034000,0x4000,0x7,0x0,0x0,0x480,0x0,0xfffff0003ffff800]
jq:file	[m47] num=75 args=[0x701034000,0x4000,0x7] policy="" op="" ret=0x0 err=false writes=0
jq:file	[trap] num=75 (0x4b) pc=0x1804b09b0 args=[0x701038000,0x4000,0x7,0x0,0x0,0x480,0x0,0xfffff0003ffff800]
jq:file	[m47] num=75 args=[0x701038000,0x4000,0x7] policy="" op="" ret=0x0 err=false writes=0
jq:file	[trap] num=75 (0x4b) pc=0x1804b09b0 args=[0x70103c000,0x4000,0x7,0x0,0x0,0x480,0x0,0xfffff0003ffff800]
jq:file	[m47] num=75 args=[0x70103c000,0x4000,0x7] policy="" op="" ret=0x0 err=false writes=0
jq:file	[trap] num=75 (0x4b) pc=0x1804b09b0 args=[0x701040000,0x4000,0x7,0x0,0x0,0x480,0x0,0xfffff0003ffff800]
jq:file	[m47] num=75 args=[0x701040000,0x4000,0x7] policy="" op="" ret=0x0 err=false writes=0
jq:file	[trap] num=75 (0x4b) pc=0x1804b09b0 args=[0x701048000,0x4000,0x7,0x0,0x0,0x480,0x0,0xfffff0003ffff800]
jq:file	[m47] num=75 args=[0x701048000,0x4000,0x7] policy="" op="" ret=0x0 err=false writes=0
jq:file	[trap] num=75 (0x4b) pc=0x1804b09b0 args=[0x70104c000,0x4000,0x7,0x0,0x0,0x480,0x0,0xfffff0003ffff800]
jq:file	[m47] num=75 args=[0x70104c000,0x4000,0x7] policy="" op="" ret=0x0 err=false writes=0
jq:file	[trap] num=75 (0x4b) pc=0x1804b09b0 args=[0x701050000,0x4000,0x7,0x0,0x0,0x480,0x0,0xfffff0003ffff800]
jq:file	[m47] num=75 args=[0x701050000,0x4000,0x7] policy="" op="" ret=0x0 err=false writes=0
jq:file	[trap] num=75 (0x4b) pc=0x1804b09b0 args=[0x701054000,0x4000,0x7,0x0,0x0,0x480,0x0,0xfffff0003ffff800]
jq:file	[m47] num=75 args=[0x701054000,0x4000,0x7] policy="" op="" ret=0x0 err=false writes=0
jq:file	[trap] num=75 (0x4b) pc=0x1804b09b0 args=[0x701084000,0x4000,0x7,0x0,0x0,0x480,0x0,0xfffff0003ffff800]
jq:file	[m47] num=75 args=[0x701084000,0x4000,0x7] policy="" op="" ret=0x0 err=false writes=0
jq:file	[trap] num=75 (0x4b) pc=0x1804b09b0 args=[0x701080000,0x4000,0x7,0x0,0x0,0x480,0x0,0xfffff0003ffff800]
jq:file	[m47] num=75 args=[0x701080000,0x4000,0x7] policy="" op="" ret=0x0 err=false writes=0
jq:file	[trap] num=75 (0x4b) pc=0x1804b09b0 args=[0x701004000,0x4000,0x7,0x0,0x0,0x480,0x0,0xfffff0003ffff800]
jq:file	[m47] num=75 args=[0x701004000,0x4000,0x7] policy="" op="" ret=0x0 err=false writes=0
jq:file	[trap] num=75 (0x4b) pc=0x1804b09b0 args=[0x70100c000,0x4000,0x7,0x0,0x0,0x480,0x0,0xfffff0003ffff800]
jq:file	[m47] num=75 args=[0x70100c000,0x4000,0x7] policy="" op="" ret=0x0 err=false writes=0
jq:file	[trap] num=75 (0x4b) pc=0x1804b09b0 args=[0x701010000,0x4000,0x7,0x0,0x0,0x480,0x0,0xfffff0003ffff800]
jq:file	[m47] num=75 args=[0x701010000,0x4000,0x7] policy="" op="" ret=0x0 err=false writes=0
jq:file	[trap] num=75 (0x4b) pc=0x1804b09b0 args=[0x701018000,0x4000,0x7,0x0,0x0,0x480,0x0,0xfffff0003ffff800]
jq:file	[m47] num=75 args=[0x701018000,0x4000,0x7] policy="" op="" ret=0x0 err=false writes=0
jq:file	[trap] num=75 (0x4b) pc=0x1804b09b0 args=[0x70101c000,0x4000,0x7,0x0,0x0,0x480,0x0,0xfffff0003ffff800]
jq:file	[m47] num=75 args=[0x70101c000,0x4000,0x7] policy="" op="" ret=0x0 err=false writes=0
jq:file	[trap] num=75 (0x4b) pc=0x1804b09b0 args=[0x701020000,0x4000,0x7,0x0,0x0,0x480,0x0,0xfffff0003ffff800]
jq:file	[m47] num=75 args=[0x701020000,0x4000,0x7] policy="" op="" ret=0x0 err=false writes=0
jq:file	[trap] num=75 (0x4b) pc=0x1804b09b0 args=[0x701024000,0x4000,0x7,0x0,0x0,0x480,0x0,0xfffff0003ffff800]
jq:file	[m47] num=75 args=[0x701024000,0x4000,0x7] policy="" op="" ret=0x0 err=false writes=0
jq:file	[trap] num=75 (0x4b) pc=0x1804b09b0 args=[0x701028000,0x4000,0x7,0x0,0x0,0x480,0x0,0xfffff0003ffff800]
jq:file	[m47] num=75 args=[0x701028000,0x4000,0x7] policy="" op="" ret=0x0 err=false writes=0
jq:file	[trap] num=75 (0x4b) pc=0x1804b09b0 args=[0x700800000,0x10000,0x7,0x0,0x0,0x1,0xa,0x0]
jq:file	[m47] num=75 args=[0x700800000,0x10000,0x7] policy="" op="" ret=0x0 err=false writes=0
cpython:print	[trap] num=381 (0x17d) pc=0x180119ecc args=[0x1801b7eb4,0x2,0x27ff220,0xa,0x73,0x69,0x0,0x0]
cpython:print	[m47] num=381 args=[0x1801b7eb4,0x2,0x27ff220] policy="Sandbox" op="syscall-unix" ret=0xe err=true writes=0
cpython:print	[trap] num=381 (0x17d) pc=0x180119ecc args=[0x1801b4bf1,0x5a,0x27ff2a0,0xa,0x0,0x0,0x0,0x90]
cpython:print	[m47] amfi policy_resident="AMFI\0"
cpython:print	[probe] AMFI dyld policy in=0x0 r=0 out=0x1df out_ptr=0x27ff298
cpython:print	[trap] num=381 (0x17d) pc=0x180119ecc args=[0x1801b7eb4,0x2,0x27fed70,0xa,0x73,0x69,0x0,0x80]
cpython:print	[m47] num=381 args=[0x1801b7eb4,0x2,0x27fed70] policy="Sandbox" op="syscall-unix" ret=0xe err=true writes=0
cpython:print	[trap] num=381 (0x17d) pc=0x180119ecc args=[0x1801b7eb4,0x2,0x27fbe40,0xa,0x73,0x69,0x1,0x27fcb48]
cpython:print	[m47] num=381 args=[0x1801b7eb4,0x2,0x27fbe40] policy="Sandbox" op="syscall-unix" ret=0xe err=true writes=0
cpython:print	[trap] num=381 (0x17d) pc=0x180119ecc args=[0x1801b7eb4,0x2,0x27fbe40,0xa,0x73,0x69,0x1,0x27fcb48]
cpython:print	[m47] num=381 args=[0x1801b7eb4,0x2,0x27fbe40] policy="Sandbox" op="syscall-unix" ret=0xe err=true writes=0
cpython:print	[trap] num=381 (0x17d) pc=0x1804af730 args=[0x18df1ac55,0x2,0x27fb320,0x28,0x0,0x20,0xffffffffbfc007ff,0xfffff0003ffff800]
cpython:print	[m47] num=381 args=[0x18df1ac55,0x2,0x27fb320] policy="Sandbox" op="file-write-data" ret=0x16 err=true writes=0
cpython:print	[trap] num=75 (0x4b) pc=0x1804b09b0 args=[0xa0002c000,0xc000,0x7,0x0,0x0,0x0,0x1,0x0]
cpython:print	[m47] num=75 args=[0xa0002c000,0xc000,0x7] policy="" op="" ret=0x0 err=false writes=0
cpython:print	[trap] num=75 (0x4b) pc=0x1804b09b0 args=[0xa00020000,0xc000,0x7,0x0,0x0,0x0,0x33,0x0]
cpython:print	[m47] num=75 args=[0xa00020000,0xc000,0x7] policy="" op="" ret=0x0 err=false writes=0
cpython:print	[trap] num=75 (0x4b) pc=0x1804b09b0 args=[0xa0002c000,0xc000,0x7,0x0,0x0,0x0,0x1,0x0]
cpython:print	[m47] num=75 args=[0xa0002c000,0xc000,0x7] policy="" op="" ret=0x0 err=false writes=0
cpython:print	[trap] num=75 (0x4b) pc=0x1804b09b0 args=[0xa00020000,0xc000,0x7,0x0,0x0,0x0,0x33,0x0]
cpython:print	[m47] num=75 args=[0xa00020000,0xc000,0x7] policy="" op="" ret=0x0 err=false writes=0
cpython:print	[trap] num=75 (0x4b) pc=0x1804b09b0 args=[0x70088c000,0x20000,0x7,0x0,0x0,0xa00cfadfc,0x3ff800,0xffffffffbfc007ff]
cpython:print	[m47] num=75 args=[0x70088c000,0x20000,0x7] policy="" op="" ret=0x0 err=false writes=0
cpython:print	[trap] num=75 (0x4b) pc=0x1804b09b0 args=[0x70088c000,0x20000,0x7,0x0,0x0,0xa00cfadfc,0x3ff800,0xfffff0007ffff800]
cpython:print	[m47] num=75 args=[0x70088c000,0x20000,0x7] policy="" op="" ret=0x0 err=false writes=0
cpython:print	[trap] num=75 (0x4b) pc=0x1804b09b0 args=[0x70088c000,0x20000,0x7,0x0,0x0,0xa00cfadfc,0xffffffffbfc007ff,0xfffff0003ffff800]
cpython:print	[m47] num=75 args=[0x70088c000,0x20000,0x7] policy="" op="" ret=0x0 err=false writes=0
cpython:print	[trap] num=75 (0x4b) pc=0x1804b09b0 args=[0x70087c000,0x10000,0x7,0x0,0x0,0x20,0x0,0x0]
cpython:print	[m47] num=75 args=[0x70087c000,0x10000,0x7] policy="" op="" ret=0x0 err=false writes=0
cpython:print	[trap] num=75 (0x4b) pc=0x1804b09b0 args=[0x700908000,0x20000,0x7,0x0,0x0,0xa00cfadfc,0x3ff800,0xffffffffbfc007ff]
cpython:print	[m47] num=75 args=[0x700908000,0x20000,0x7] policy="" op="" ret=0x0 err=false writes=0
cpython:print	[trap] num=75 (0x4b) pc=0x1804b09b0 args=[0x700908000,0x20000,0x7,0x0,0x0,0xa00cfadfc,0x0,0x0]
cpython:print	[m47] num=75 args=[0x700908000,0x20000,0x7] policy="" op="" ret=0x0 err=false writes=0
cpython:print	[trap] num=75 (0x4b) pc=0x1804b09b0 args=[0x700908000,0x20000,0x7,0x0,0x0,0xa00cfadfc,0x0,0x0]
cpython:print	[m47] num=75 args=[0x700908000,0x20000,0x7] policy="" op="" ret=0x0 err=false writes=0
cpython:print	[trap] num=75 (0x4b) pc=0x1804b09b0 args=[0x700928000,0x18000,0x7,0x0,0x0,0xa0162aef0,0xa015e0f60,0xfffff0003ffff800]
cpython:print	[m47] num=75 args=[0x700928000,0x18000,0x7] policy="" op="" ret=0x0 err=false writes=0
cpython:print	[trap] num=75 (0x4b) pc=0x1804b09b0 args=[0x700908000,0x20000,0x7,0x0,0x0,0xa00cfadfc,0x3ff800,0xfffff0007ffff800]
cpython:print	[m47] num=75 args=[0x700908000,0x20000,0x7] policy="" op="" ret=0x0 err=false writes=0
cpython:print	[trap] num=75 (0x4b) pc=0x1804b09b0 args=[0x700908000,0x20000,0x7,0x0,0x0,0xa00cfadfc,0x3ff800,0xffffffffbfc007ff]
cpython:print	[m47] num=75 args=[0x700908000,0x20000,0x7] policy="" op="" ret=0x0 err=false writes=0
cpython:print	[trap] num=75 (0x4b) pc=0x1804b09b0 args=[0x700908000,0x20000,0x7,0x0,0x0,0xa00cfadfc,0x0,0x0]
cpython:print	[m47] num=75 args=[0x700908000,0x20000,0x7] policy="" op="" ret=0x0 err=false writes=0
cpython:print	[trap] num=75 (0x4b) pc=0x1804b09b0 args=[0x70087c000,0xc000,0x7,0x0,0x0,0xa0162bdf6,0xa015e15e8,0x0]
cpython:print	[m47] num=75 args=[0x70087c000,0xc000,0x7] policy="" op="" ret=0x0 err=false writes=0
cpython:print	[trap] num=75 (0x4b) pc=0x1804b09b0 args=[0x700908000,0x20000,0x7,0x0,0x0,0xa00cfadfc,0x0,0x0]
cpython:print	[m47] num=75 args=[0x700908000,0x20000,0x7] policy="" op="" ret=0x0 err=false writes=0
cpython:print	[trap] num=75 (0x4b) pc=0x1804b09b0 args=[0x700908000,0x20000,0x7,0x0,0x0,0xa00cfadfc,0xffffffffbfc007ff,0xfffff0003ffff800]
cpython:print	[m47] num=75 args=[0x700908000,0x20000,0x7] policy="" op="" ret=0x0 err=false writes=0
cpython:print	[trap] num=75 (0x4b) pc=0x1804b09b0 args=[0x700908000,0x20000,0x7,0x0,0x0,0xa00cfadfc,0x0,0x0]
cpython:print	[m47] num=75 args=[0x700908000,0x20000,0x7] policy="" op="" ret=0x0 err=false writes=0
cpython:print	[trap] num=75 (0x4b) pc=0x1804b09b0 args=[0x70087c000,0xc000,0x7,0x0,0x0,0xa016b4c95,0xa015e0f60,0xfffff0003ffff800]
cpython:print	[m47] num=75 args=[0x70087c000,0xc000,0x7] policy="" op="" ret=0x0 err=false writes=0
cpython:print	[trap] num=75 (0x4b) pc=0x1804b09b0 args=[0x700908000,0x20000,0x7,0x0,0x0,0xa00cfadfc,0x0,0x0]
cpython:print	[m47] num=75 args=[0x700908000,0x20000,0x7] policy="" op="" ret=0x0 err=false writes=0
cpython:print	[trap] num=75 (0x4b) pc=0x1804b09b0 args=[0x700928000,0x14000,0x7,0x0,0x0,0xa016e40c0,0xa015e1330,0x0]
cpython:print	[m47] num=75 args=[0x700928000,0x14000,0x7] policy="" op="" ret=0x0 err=false writes=0
cpython:print	[trap] num=75 (0x4b) pc=0x1804b09b0 args=[0x700908000,0x20000,0x7,0x0,0x0,0xa00cfadfc,0xffffffffbfc007ff,0xfffff0003ffff800]
cpython:print	[m47] num=75 args=[0x700908000,0x20000,0x7] policy="" op="" ret=0x0 err=false writes=0
cpython:print	[trap] num=75 (0x4b) pc=0x1804b09b0 args=[0x700908000,0x20000,0x7,0x0,0x0,0xa00cfadfc,0x3ff800,0xfffff0007ffff800]
cpython:print	[m47] num=75 args=[0x700908000,0x20000,0x7] policy="" op="" ret=0x0 err=false writes=0
cpython:print	[trap] num=75 (0x4b) pc=0x1804b09b0 args=[0x700908000,0x20000,0x7,0x0,0x0,0xa00cfadfc,0x0,0x0]
cpython:print	[m47] num=75 args=[0x700908000,0x20000,0x7] policy="" op="" ret=0x0 err=false writes=0
cpython:print	[trap] num=75 (0x4b) pc=0x1804b09b0 args=[0x700908000,0x20000,0x7,0x0,0x0,0xa00cfadfc,0x3ff800,0xffffffffbfc007ff]
cpython:print	[m47] num=75 args=[0x700908000,0x20000,0x7] policy="" op="" ret=0x0 err=false writes=0
cpython:print	[trap] num=75 (0x4b) pc=0x1804b09b0 args=[0x700908000,0x20000,0x7,0x0,0x0,0xa00cfadfc,0x3ff800,0xfffff0007ffff800]
cpython:print	[m47] num=75 args=[0x700908000,0x20000,0x7] policy="" op="" ret=0x0 err=false writes=0
cpython:print	[trap] num=75 (0x4b) pc=0x1804b09b0 args=[0x700908000,0x20000,0x7,0x0,0x0,0xa00cfadfc,0x3ff800,0xffffffffbfc007ff]
cpython:print	[m47] num=75 args=[0x700908000,0x20000,0x7] policy="" op="" ret=0x0 err=false writes=0
cpython:print	[trap] num=75 (0x4b) pc=0x1804b09b0 args=[0x700908000,0x20000,0x7,0x0,0x0,0xa00cfadfc,0x3ff800,0xfffff0007ffff800]
cpython:print	[m47] num=75 args=[0x700908000,0x20000,0x7] policy="" op="" ret=0x0 err=false writes=0
cpython:print	[trap] num=75 (0x4b) pc=0x1804b09b0 args=[0x700908000,0x20000,0x7,0x0,0x0,0xa00cfadfc,0x3ff800,0xffffffffbfc007ff]
cpython:print	[m47] num=75 args=[0x700908000,0x20000,0x7] policy="" op="" ret=0x0 err=false writes=0
cpython:print	[trap] num=75 (0x4b) pc=0x1804b09b0 args=[0x7008cc000,0x20000,0x7,0x0,0x0,0xa00cfadfc,0xffffffffbfc007ff,0xfffff0003ffff800]
cpython:print	[m47] num=75 args=[0x7008cc000,0x20000,0x7] policy="" op="" ret=0x0 err=false writes=0
cpython:print	[trap] num=75 (0x4b) pc=0x1804b09b0 args=[0x70088c000,0x20000,0x7,0x0,0x0,0xa00cfadfc,0x0,0xfffff0003ffff800]
cpython:print	[m47] num=75 args=[0x70088c000,0x20000,0x7] policy="" op="" ret=0x0 err=false writes=0
cpython:print	[trap] num=75 (0x4b) pc=0x1804b09b0 args=[0x7008ac000,0x20000,0x7,0x0,0x0,0xa00cfadfc,0x0,0xfffff0003ffff800]
cpython:print	[m47] num=75 args=[0x7008ac000,0x20000,0x7] policy="" op="" ret=0x0 err=false writes=0
cpython:print	[trap] num=75 (0x4b) pc=0x1804b09b0 args=[0x700ca8000,0x4000,0x7,0x0,0x0,0x73,0x73,0xfffff0003ffff800]
cpython:print	[m47] num=75 args=[0x700ca8000,0x4000,0x7] policy="" op="" ret=0x0 err=false writes=0
cpython:print	[trap] num=75 (0x4b) pc=0x1804b09b0 args=[0x700c98000,0x4000,0x7,0x0,0x0,0x73,0x73,0xfffff0003ffff800]
cpython:print	[m47] num=75 args=[0x700c98000,0x4000,0x7] policy="" op="" ret=0x0 err=false writes=0
cpython:print	[trap] num=75 (0x4b) pc=0x1804b09b0 args=[0x700d48000,0x4000,0x7,0x0,0x0,0x73,0x73,0xfffff0003ffff800]
cpython:print	[m47] num=75 args=[0x700d48000,0x4000,0x7] policy="" op="" ret=0x0 err=false writes=0
cpython:print	[trap] num=75 (0x4b) pc=0x1804b09b0 args=[0x700d20000,0x4000,0x7,0x0,0x0,0x73,0x73,0xfffff0003ffff800]
cpython:print	[m47] num=75 args=[0x700d20000,0x4000,0x7] policy="" op="" ret=0x0 err=false writes=0
cpython:print	[trap] num=75 (0x4b) pc=0x1804b09b0 args=[0x700cc0000,0x4000,0x7,0x0,0x0,0x73,0x73,0xfffff0003ffff800]
cpython:print	[m47] num=75 args=[0x700cc0000,0x4000,0x7] policy="" op="" ret=0x0 err=false writes=0
cpython:print	[trap] num=75 (0x4b) pc=0x1804b09b0 args=[0x700d40000,0x4000,0x7,0x0,0x0,0x73,0x73,0xfffff0003ffff800]
cpython:print	[m47] num=75 args=[0x700d40000,0x4000,0x7] policy="" op="" ret=0x0 err=false writes=0
cpython:print	[trap] num=75 (0x4b) pc=0x1804b09b0 args=[0x700cc4000,0x4000,0x7,0x0,0x0,0x73,0x73,0xfffff0003ffff800]
cpython:print	[m47] num=75 args=[0x700cc4000,0x4000,0x7] policy="" op="" ret=0x0 err=false writes=0
cpython:print	[trap] num=75 (0x4b) pc=0x1804b09b0 args=[0x700d24000,0x4000,0x7,0x0,0x0,0x73,0x73,0xfffff0003ffff800]
cpython:print	[m47] num=75 args=[0x700d24000,0x4000,0x7] policy="" op="" ret=0x0 err=false writes=0
cpython:print	[trap] num=75 (0x4b) pc=0x1804b09b0 args=[0x700ccc000,0x4000,0x7,0x0,0x0,0x73,0x73,0xfffff0003ffff800]
cpython:print	[m47] num=75 args=[0x700ccc000,0x4000,0x7] policy="" op="" ret=0x0 err=false writes=0
cpython:print	[trap] num=75 (0x4b) pc=0x1804b09b0 args=[0x700d3c000,0x4000,0x7,0x0,0x0,0x73,0x73,0xfffff0003ffff800]
cpython:print	[m47] num=75 args=[0x700d3c000,0x4000,0x7] policy="" op="" ret=0x0 err=false writes=0
cpython:print	[trap] num=75 (0x4b) pc=0x1804b09b0 args=[0x7008ec000,0x1c000,0x7,0x0,0x0,0x73,0x73,0xfffff0003ffff800]
cpython:print	[m47] num=75 args=[0x7008ec000,0x1c000,0x7] policy="" op="" ret=0x0 err=false writes=0
cpython:crash	[trap] num=381 (0x17d) pc=0x180119ecc args=[0x1801b7eb4,0x2,0x27ff1c0,0xa,0x73,0x69,0x0,0x0]
cpython:crash	[m47] num=381 args=[0x1801b7eb4,0x2,0x27ff1c0] policy="Sandbox" op="syscall-unix" ret=0xe err=true writes=0
cpython:crash	[trap] num=381 (0x17d) pc=0x180119ecc args=[0x1801b4bf1,0x5a,0x27ff240,0xa,0x0,0x0,0x0,0x90]
cpython:crash	[m47] amfi policy_resident="AMFI\0"
cpython:crash	[probe] AMFI dyld policy in=0x0 r=0 out=0x1df out_ptr=0x27ff238
cpython:crash	[trap] num=381 (0x17d) pc=0x180119ecc args=[0x1801b7eb4,0x2,0x27fed10,0xa,0x73,0x69,0x0,0x80]
cpython:crash	[m47] num=381 args=[0x1801b7eb4,0x2,0x27fed10] policy="Sandbox" op="syscall-unix" ret=0xe err=true writes=0
cpython:crash	[trap] num=381 (0x17d) pc=0x180119ecc args=[0x1801b7eb4,0x2,0x27fbde0,0xa,0x73,0x69,0x1,0x27fcae8]
cpython:crash	[m47] num=381 args=[0x1801b7eb4,0x2,0x27fbde0] policy="Sandbox" op="syscall-unix" ret=0xe err=true writes=0
cpython:crash	[trap] num=381 (0x17d) pc=0x180119ecc args=[0x1801b7eb4,0x2,0x27fbde0,0xa,0x73,0x69,0x1,0x27fcae8]
cpython:crash	[m47] num=381 args=[0x1801b7eb4,0x2,0x27fbde0] policy="Sandbox" op="syscall-unix" ret=0xe err=true writes=0
cpython:crash	[trap] num=381 (0x17d) pc=0x1804af730 args=[0x18df1ac55,0x2,0x27fb2c0,0x28,0x0,0x10,0xffffffffbfc007ff,0xb10]
cpython:crash	[m47] num=381 args=[0x18df1ac55,0x2,0x27fb2c0] policy="Sandbox" op="file-write-data" ret=0x16 err=true writes=0
cpython:crash	[trap] num=75 (0x4b) pc=0x1804b09b0 args=[0xa0002c000,0xc000,0x7,0x0,0x0,0x0,0x1,0x0]
cpython:crash	[m47] num=75 args=[0xa0002c000,0xc000,0x7] policy="" op="" ret=0x0 err=false writes=0
cpython:crash	[trap] num=75 (0x4b) pc=0x1804b09b0 args=[0xa00020000,0xc000,0x7,0x0,0x0,0x0,0x33,0x0]
cpython:crash	[m47] num=75 args=[0xa00020000,0xc000,0x7] policy="" op="" ret=0x0 err=false writes=0
cpython:crash	[trap] num=75 (0x4b) pc=0x1804b09b0 args=[0xa0002c000,0xc000,0x7,0x0,0x0,0x0,0x1,0x0]
cpython:crash	[m47] num=75 args=[0xa0002c000,0xc000,0x7] policy="" op="" ret=0x0 err=false writes=0
cpython:crash	[trap] num=75 (0x4b) pc=0x1804b09b0 args=[0xa00020000,0xc000,0x7,0x0,0x0,0x0,0x33,0x0]
cpython:crash	[m47] num=75 args=[0xa00020000,0xc000,0x7] policy="" op="" ret=0x0 err=false writes=0
cpython:crash	[trap] num=75 (0x4b) pc=0x1804b09b0 args=[0x70088c000,0x20000,0x7,0x0,0x0,0xa00cfadfc,0x3ff800,0xffffffffbfc007ff]
cpython:crash	[m47] num=75 args=[0x70088c000,0x20000,0x7] policy="" op="" ret=0x0 err=false writes=0
cpython:crash	[trap] num=75 (0x4b) pc=0x1804b09b0 args=[0x70088c000,0x20000,0x7,0x0,0x0,0xa00cfadfc,0x3ff800,0xfffff0007ffff800]
cpython:crash	[m47] num=75 args=[0x70088c000,0x20000,0x7] policy="" op="" ret=0x0 err=false writes=0
cpython:crash	[trap] num=75 (0x4b) pc=0x1804b09b0 args=[0x70088c000,0x20000,0x7,0x0,0x0,0xa00cfadfc,0xffffffffbfc007ff,0xfffff0003ffff800]
cpython:crash	[m47] num=75 args=[0x70088c000,0x20000,0x7] policy="" op="" ret=0x0 err=false writes=0
cpython:crash	[trap] num=75 (0x4b) pc=0x1804b09b0 args=[0x70087c000,0x10000,0x7,0x0,0x0,0x20,0x0,0x0]
cpython:crash	[m47] num=75 args=[0x70087c000,0x10000,0x7] policy="" op="" ret=0x0 err=false writes=0
cpython:crash	[trap] num=75 (0x4b) pc=0x1804b09b0 args=[0x700908000,0x20000,0x7,0x0,0x0,0xa00cfadfc,0x3ff800,0xffffffffbfc007ff]
cpython:crash	[m47] num=75 args=[0x700908000,0x20000,0x7] policy="" op="" ret=0x0 err=false writes=0
cpython:crash	[trap] num=75 (0x4b) pc=0x1804b09b0 args=[0x700908000,0x20000,0x7,0x0,0x0,0xa00cfadfc,0x0,0x0]
cpython:crash	[m47] num=75 args=[0x700908000,0x20000,0x7] policy="" op="" ret=0x0 err=false writes=0
cpython:crash	[trap] num=75 (0x4b) pc=0x1804b09b0 args=[0x700908000,0x20000,0x7,0x0,0x0,0xa00cfadfc,0x0,0x0]
cpython:crash	[m47] num=75 args=[0x700908000,0x20000,0x7] policy="" op="" ret=0x0 err=false writes=0
cpython:crash	[trap] num=75 (0x4b) pc=0x1804b09b0 args=[0x700928000,0x18000,0x7,0x0,0x0,0xa01593030,0xa01548f60,0xfffff0003ffff800]
cpython:crash	[m47] num=75 args=[0x700928000,0x18000,0x7] policy="" op="" ret=0x0 err=false writes=0
cpython:crash	[trap] num=75 (0x4b) pc=0x1804b09b0 args=[0x700908000,0x20000,0x7,0x0,0x0,0xa00cfadfc,0x0,0x0]
cpython:crash	[m47] num=75 args=[0x700908000,0x20000,0x7] policy="" op="" ret=0x0 err=false writes=0
cpython:crash	[trap] num=75 (0x4b) pc=0x1804b09b0 args=[0x700908000,0x20000,0x7,0x0,0x0,0xa00cfadfc,0x0,0x0]
cpython:crash	[m47] num=75 args=[0x700908000,0x20000,0x7] policy="" op="" ret=0x0 err=false writes=0
cpython:crash	[trap] num=75 (0x4b) pc=0x1804b09b0 args=[0x700908000,0x20000,0x7,0x0,0x0,0xa00cfadfc,0x0,0x0]
cpython:crash	[m47] num=75 args=[0x700908000,0x20000,0x7] policy="" op="" ret=0x0 err=false writes=0
cpython:crash	[trap] num=75 (0x4b) pc=0x1804b09b0 args=[0x70087c000,0xc000,0x7,0x0,0x0,0xa01593f36,0xa015495e8,0x0]
cpython:crash	[m47] num=75 args=[0x70087c000,0xc000,0x7] policy="" op="" ret=0x0 err=false writes=0
cpython:crash	[trap] num=75 (0x4b) pc=0x1804b09b0 args=[0x700908000,0x20000,0x7,0x0,0x0,0xa00cfadfc,0x0,0x0]
cpython:crash	[m47] num=75 args=[0x700908000,0x20000,0x7] policy="" op="" ret=0x0 err=false writes=0
cpython:crash	[trap] num=75 (0x4b) pc=0x1804b09b0 args=[0x700908000,0x20000,0x7,0x0,0x0,0xa00cfadfc,0xffffffffbfc007ff,0xfffff0003ffff800]
cpython:crash	[m47] num=75 args=[0x700908000,0x20000,0x7] policy="" op="" ret=0x0 err=false writes=0
cpython:crash	[trap] num=75 (0x4b) pc=0x1804b09b0 args=[0x700908000,0x20000,0x7,0x0,0x0,0xa00cfadfc,0x0,0x0]
cpython:crash	[m47] num=75 args=[0x700908000,0x20000,0x7] policy="" op="" ret=0x0 err=false writes=0
cpython:crash	[trap] num=75 (0x4b) pc=0x1804b09b0 args=[0x70087c000,0xc000,0x7,0x0,0x0,0xa01610dd5,0xa01548f60,0xfffff0003ffff800]
cpython:crash	[m47] num=75 args=[0x70087c000,0xc000,0x7] policy="" op="" ret=0x0 err=false writes=0
cpython:crash	[trap] num=75 (0x4b) pc=0x1804b09b0 args=[0x700908000,0x20000,0x7,0x0,0x0,0xa00cfadfc,0x0,0x0]
cpython:crash	[m47] num=75 args=[0x700908000,0x20000,0x7] policy="" op="" ret=0x0 err=false writes=0
cpython:crash	[trap] num=75 (0x4b) pc=0x1804b09b0 args=[0x700928000,0x14000,0x7,0x0,0x0,0xa0164c0c0,0xa01549330,0xfffff0007ffff800]
cpython:crash	[m47] num=75 args=[0x700928000,0x14000,0x7] policy="" op="" ret=0x0 err=false writes=0
cpython:crash	[trap] num=75 (0x4b) pc=0x1804b09b0 args=[0x700908000,0x20000,0x7,0x0,0x0,0xa00cfadfc,0xffffffffbfc007ff,0xfffff0003ffff800]
cpython:crash	[m47] num=75 args=[0x700908000,0x20000,0x7] policy="" op="" ret=0x0 err=false writes=0
cpython:crash	[trap] num=75 (0x4b) pc=0x1804b09b0 args=[0x700908000,0x20000,0x7,0x0,0x0,0xa00cfadfc,0x3ff800,0xfffff0007ffff800]
cpython:crash	[m47] num=75 args=[0x700908000,0x20000,0x7] policy="" op="" ret=0x0 err=false writes=0
cpython:crash	[trap] num=75 (0x4b) pc=0x1804b09b0 args=[0x700908000,0x20000,0x7,0x0,0x0,0xa00cfadfc,0x0,0x0]
cpython:crash	[m47] num=75 args=[0x700908000,0x20000,0x7] policy="" op="" ret=0x0 err=false writes=0
cpython:crash	[trap] num=75 (0x4b) pc=0x1804b09b0 args=[0x700908000,0x20000,0x7,0x0,0x0,0xa00cfadfc,0x3ff800,0xffffffffbfc007ff]
cpython:crash	[m47] num=75 args=[0x700908000,0x20000,0x7] policy="" op="" ret=0x0 err=false writes=0
cpython:crash	[trap] num=75 (0x4b) pc=0x1804b09b0 args=[0x700908000,0x20000,0x7,0x0,0x0,0xa00cfadfc,0x3ff800,0xfffff0007ffff800]
cpython:crash	[m47] num=75 args=[0x700908000,0x20000,0x7] policy="" op="" ret=0x0 err=false writes=0
cpython:crash	[trap] num=75 (0x4b) pc=0x1804b09b0 args=[0x700908000,0x20000,0x7,0x0,0x0,0xa00cfadfc,0x3ff800,0xffffffffbfc007ff]
cpython:crash	[m47] num=75 args=[0x700908000,0x20000,0x7] policy="" op="" ret=0x0 err=false writes=0
cpython:crash	[trap] num=75 (0x4b) pc=0x1804b09b0 args=[0x700908000,0x20000,0x7,0x0,0x0,0xa00cfadfc,0x3ff800,0xfffff0007ffff800]
cpython:crash	[m47] num=75 args=[0x700908000,0x20000,0x7] policy="" op="" ret=0x0 err=false writes=0
cpython:crash	[trap] num=75 (0x4b) pc=0x1804b09b0 args=[0x700928000,0x14000,0x7,0x0,0x0,0x20,0x3ff800,0xfffff0007ffff800]
cpython:crash	[m47] num=75 args=[0x700928000,0x14000,0x7] policy="" op="" ret=0x0 err=false writes=0
cpython:crash	[trap] num=75 (0x4b) pc=0x1804b09b0 args=[0x700908000,0x20000,0x7,0x0,0x0,0xa00cfadfc,0xffffffffbfc007ff,0xfffff0003ffff800]
cpython:crash	[m47] num=75 args=[0x700908000,0x20000,0x7] policy="" op="" ret=0x0 err=false writes=0
cpython:crash	[trap] num=75 (0x4b) pc=0x1804b09b0 args=[0x700908000,0x20000,0x7,0x0,0x0,0xa00cfadfc,0x3ff800,0xffffffffbfc007ff]
cpython:crash	[m47] num=75 args=[0x700908000,0x20000,0x7] policy="" op="" ret=0x0 err=false writes=0
cpython:crash	[trap] num=75 (0x4b) pc=0x1804b09b0 args=[0x700908000,0x20000,0x7,0x0,0x0,0xa00cfadfc,0x3ff800,0xffffffffbfc007ff]
cpython:crash	[m47] num=75 args=[0x700908000,0x20000,0x7] policy="" op="" ret=0x0 err=false writes=0
cpython:crash	[trap] num=75 (0x4b) pc=0x1804b09b0 args=[0x700908000,0x20000,0x7,0x0,0x0,0xa00cfadfc,0x0,0x0]
cpython:crash	[m47] num=75 args=[0x700908000,0x20000,0x7] policy="" op="" ret=0x0 err=false writes=0
cpython:crash	[trap] num=75 (0x4b) pc=0x1804b09b0 args=[0x700928000,0x14000,0x7,0x0,0x0,0xa01613fd5,0xa01548c50,0xfffff0003ffff800]
cpython:crash	[m47] num=75 args=[0x700928000,0x14000,0x7] policy="" op="" ret=0x0 err=false writes=0
cpython:crash	[trap] num=75 (0x4b) pc=0x1804b09b0 args=[0x700908000,0x20000,0x7,0x0,0x0,0xa00cfadfc,0x3ff800,0xffffffffbfc007ff]
cpython:crash	[m47] num=75 args=[0x700908000,0x20000,0x7] policy="" op="" ret=0x0 err=false writes=0
cpython:crash	[trap] num=75 (0x4b) pc=0x1804b09b0 args=[0x700908000,0x20000,0x7,0x0,0x0,0xa00cfadfc,0x3ff800,0xfffff0007ffff800]
cpython:crash	[m47] num=75 args=[0x700908000,0x20000,0x7] policy="" op="" ret=0x0 err=false writes=0
cpython:crash	[trap] num=75 (0x4b) pc=0x1804b09b0 args=[0x700908000,0x20000,0x7,0x0,0x0,0xa00cfadfc,0xffffffffbfc007ff,0xfffff0003ffff800]
cpython:crash	[m47] num=75 args=[0x700908000,0x20000,0x7] policy="" op="" ret=0x0 err=false writes=0
cpython:crash	[trap] num=75 (0x4b) pc=0x1804b09b0 args=[0x700908000,0x20000,0x7,0x0,0x0,0xa00cfadfc,0x3ff800,0xfffff0007ffff800]
cpython:crash	[m47] num=75 args=[0x700908000,0x20000,0x7] policy="" op="" ret=0x0 err=false writes=0
cpython:crash	[trap] num=75 (0x4b) pc=0x1804b09b0 args=[0x7008ec000,0x1c000,0x7,0x0,0x0,0x20,0x0,0x0]
cpython:crash	[m47] num=75 args=[0x7008ec000,0x1c000,0x7] policy="" op="" ret=0x0 err=false writes=0
cpython:crash	[trap] num=75 (0x4b) pc=0x1804b09b0 args=[0x70093c000,0x20000,0x7,0x0,0x0,0xa00cfadfc,0x3ff800,0xffffffffbfc007ff]
cpython:crash	[m47] num=75 args=[0x70093c000,0x20000,0x7] policy="" op="" ret=0x0 err=false writes=0
cpython:crash	[trap] num=75 (0x4b) pc=0x1804b09b0 args=[0x70093c000,0x20000,0x7,0x0,0x0,0xa00cfadfc,0xffffffffbfc007ff,0xfffff0003ffff800]
cpython:crash	[m47] num=75 args=[0x70093c000,0x20000,0x7] policy="" op="" ret=0x0 err=false writes=0
cpython:crash	[trap] num=75 (0x4b) pc=0x1804b09b0 args=[0x70093c000,0x20000,0x7,0x0,0x0,0xa00cfadfc,0x3ff800,0xfffff0007ffff800]
cpython:crash	[m47] num=75 args=[0x70093c000,0x20000,0x7] policy="" op="" ret=0x0 err=false writes=0
cpython:crash	[trap] num=75 (0x4b) pc=0x1804b09b0 args=[0x70093c000,0x20000,0x7,0x0,0x0,0xa00cfadfc,0x3ff800,0xfffff0007ffff800]
cpython:crash	[m47] num=75 args=[0x70093c000,0x20000,0x7] policy="" op="" ret=0x0 err=false writes=0
node:-e	[trap] num=381 (0x17d) pc=0x180119ecc args=[0x1801b7eb4,0x2,0x27ff280,0xa,0x73,0x69,0x0,0x0]
node:-e	[m47] num=381 args=[0x1801b7eb4,0x2,0x27ff280] policy="Sandbox" op="syscall-unix" ret=0xe err=true writes=0
node:-e	[trap] num=381 (0x17d) pc=0x180119ecc args=[0x1801b4bf1,0x5a,0x27ff300,0xa,0x0,0x0,0x0,0x90]
node:-e	[m47] amfi policy_resident="AMFI\0"
node:-e	[probe] AMFI dyld policy in=0x0 r=0 out=0x1df out_ptr=0x27ff2f8
node:-e	[trap] num=381 (0x17d) pc=0x180119ecc args=[0x1801b7eb4,0x2,0x27fedd0,0xa,0x73,0x69,0x0,0x80]
node:-e	[m47] num=381 args=[0x1801b7eb4,0x2,0x27fedd0] policy="Sandbox" op="syscall-unix" ret=0xe err=true writes=0
node:-e	[trap] num=381 (0x17d) pc=0x180119ecc args=[0x1801b7eb4,0x2,0x27fbe00,0xa,0x73,0x69,0x1,0x27fcb08]
node:-e	[m47] num=381 args=[0x1801b7eb4,0x2,0x27fbe00] policy="Sandbox" op="syscall-unix" ret=0xe err=true writes=0
node:-e	[trap] num=381 (0x17d) pc=0x180119ecc args=[0x1801b7eb4,0x2,0x27fbe00,0xa,0x73,0x69,0x1,0x27fcb08]
node:-e	[m47] num=381 args=[0x1801b7eb4,0x2,0x27fbe00] policy="Sandbox" op="syscall-unix" ret=0xe err=true writes=0
node:-e	[trap] num=381 (0x17d) pc=0x180119ecc args=[0x1801b7eb4,0x2,0x27fbe00,0xa,0x73,0x69,0x1,0x27fcb08]
node:-e	[m47] num=381 args=[0x1801b7eb4,0x2,0x27fbe00] policy="Sandbox" op="syscall-unix" ret=0xe err=true writes=0
node:-e	[trap] num=381 (0x17d) pc=0x180119ecc args=[0x1801b7eb4,0x2,0x27fbe00,0xa,0x73,0x69,0x1,0x27fcb08]
node:-e	[m47] num=381 args=[0x1801b7eb4,0x2,0x27fbe00] policy="Sandbox" op="syscall-unix" ret=0xe err=true writes=0
node:-e	[trap] num=381 (0x17d) pc=0x180119ecc args=[0x1801b7eb4,0x2,0x27fbe00,0xa,0x73,0x69,0x1,0x27fcb08]
node:-e	[m47] num=381 args=[0x1801b7eb4,0x2,0x27fbe00] policy="Sandbox" op="syscall-unix" ret=0xe err=true writes=0
node:-e	[trap] num=381 (0x17d) pc=0x180119ecc args=[0x1801b7eb4,0x2,0x27fbe00,0xa,0x73,0x69,0x1,0x27fcb08]
node:-e	[m47] num=381 args=[0x1801b7eb4,0x2,0x27fbe00] policy="Sandbox" op="syscall-unix" ret=0xe err=true writes=0
node:-e	[trap] num=381 (0x17d) pc=0x180119ecc args=[0x1801b7eb4,0x2,0x27fbe00,0xa,0x73,0x69,0x1,0x27fcb08]
node:-e	[m47] num=381 args=[0x1801b7eb4,0x2,0x27fbe00] policy="Sandbox" op="syscall-unix" ret=0xe err=true writes=0
node:-e	[trap] num=381 (0x17d) pc=0x180119ecc args=[0x1801b7eb4,0x2,0x27fbe00,0xa,0x73,0x69,0x1,0x27fcb08]
node:-e	[m47] num=381 args=[0x1801b7eb4,0x2,0x27fbe00] policy="Sandbox" op="syscall-unix" ret=0xe err=true writes=0
node:-e	[trap] num=381 (0x17d) pc=0x180119ecc args=[0x1801b7eb4,0x2,0x27fbe00,0xa,0x73,0x69,0x1,0x27fcb08]
node:-e	[m47] num=381 args=[0x1801b7eb4,0x2,0x27fbe00] policy="Sandbox" op="syscall-unix" ret=0xe err=true writes=0
node:-e	[trap] num=381 (0x17d) pc=0x180119ecc args=[0x1801b7eb4,0x2,0x27fbe00,0xa,0x73,0x69,0x1,0x27fcb08]
node:-e	[m47] num=381 args=[0x1801b7eb4,0x2,0x27fbe00] policy="Sandbox" op="syscall-unix" ret=0xe err=true writes=0
node:-e	[trap] num=381 (0x17d) pc=0x180119ecc args=[0x1801b7eb4,0x2,0x27fbe00,0xa,0x73,0x69,0x1,0x27fcb08]
node:-e	[m47] num=381 args=[0x1801b7eb4,0x2,0x27fbe00] policy="Sandbox" op="syscall-unix" ret=0xe err=true writes=0
node:-e	[trap] num=381 (0x17d) pc=0x180119ecc args=[0x1801b7eb4,0x2,0x27fbe00,0xa,0x73,0x69,0x1,0x27fcb08]
node:-e	[m47] num=381 args=[0x1801b7eb4,0x2,0x27fbe00] policy="Sandbox" op="syscall-unix" ret=0xe err=true writes=0
node:-e	[trap] num=381 (0x17d) pc=0x180119ecc args=[0x1801b7eb4,0x2,0x27fbe00,0xa,0x73,0x69,0x1,0x27fcb08]
node:-e	[m47] num=381 args=[0x1801b7eb4,0x2,0x27fbe00] policy="Sandbox" op="syscall-unix" ret=0xe err=true writes=0
node:-e	[trap] num=381 (0x17d) pc=0x180119ecc args=[0x1801b7eb4,0x2,0x27fbe00,0xa,0x73,0x69,0x1,0x27fcb08]
node:-e	[m47] num=381 args=[0x1801b7eb4,0x2,0x27fbe00] policy="Sandbox" op="syscall-unix" ret=0xe err=true writes=0
node:-e	[trap] num=381 (0x17d) pc=0x180119ecc args=[0x1801b7eb4,0x2,0x27fbe00,0xa,0x73,0x69,0x1,0x27fcb08]
node:-e	[m47] num=381 args=[0x1801b7eb4,0x2,0x27fbe00] policy="Sandbox" op="syscall-unix" ret=0xe err=true writes=0
node:-e	[trap] num=381 (0x17d) pc=0x180119ecc args=[0x1801b7eb4,0x2,0x27fbe00,0xa,0x73,0x69,0x1,0x27fcb08]
node:-e	[m47] num=381 args=[0x1801b7eb4,0x2,0x27fbe00] policy="Sandbox" op="syscall-unix" ret=0xe err=true writes=0
node:-e	[trap] num=381 (0x17d) pc=0x180119ecc args=[0x1801b7eb4,0x2,0x27fbe00,0xa,0x73,0x69,0x1,0x27fcb08]
node:-e	[m47] num=381 args=[0x1801b7eb4,0x2,0x27fbe00] policy="Sandbox" op="syscall-unix" ret=0xe err=true writes=0
node:-e	[trap] num=381 (0x17d) pc=0x180119ecc args=[0x1801b7eb4,0x2,0x27fbe00,0xa,0x73,0x69,0x1,0x27fcb08]
node:-e	[m47] num=381 args=[0x1801b7eb4,0x2,0x27fbe00] policy="Sandbox" op="syscall-unix" ret=0xe err=true writes=0
node:-e	[trap] num=381 (0x17d) pc=0x180119ecc args=[0x1801b7eb4,0x2,0x27fbe00,0xa,0x73,0x69,0x1,0x27fcb08]
node:-e	[m47] num=381 args=[0x1801b7eb4,0x2,0x27fbe00] policy="Sandbox" op="syscall-unix" ret=0xe err=true writes=0
node:-e	[trap] num=381 (0x17d) pc=0x180119ecc args=[0x1801b7eb4,0x2,0x27fbe00,0xa,0x73,0x69,0x1,0x27fcb08]
node:-e	[m47] num=381 args=[0x1801b7eb4,0x2,0x27fbe00] policy="Sandbox" op="syscall-unix" ret=0xe err=true writes=0
node:-e	[trap] num=381 (0x17d) pc=0x180119ecc args=[0x1801b7eb4,0x2,0x27fbe00,0xa,0x73,0x69,0x1,0x27fcb08]
node:-e	[m47] num=381 args=[0x1801b7eb4,0x2,0x27fbe00] policy="Sandbox" op="syscall-unix" ret=0xe err=true writes=0
node:-e	[trap] num=381 (0x17d) pc=0x180119ecc args=[0x1801b7eb4,0x2,0x27fbe00,0xa,0x73,0x69,0x1,0x27fcb08]
node:-e	[m47] num=381 args=[0x1801b7eb4,0x2,0x27fbe00] policy="Sandbox" op="syscall-unix" ret=0xe err=true writes=0
node:-e	[trap] num=381 (0x17d) pc=0x1804af730 args=[0x18df1ac55,0x2,0x27fb1a0,0x28,0x0,0x56,0x0,0x470]
node:-e	[m47] num=381 args=[0x18df1ac55,0x2,0x27fb1a0] policy="Sandbox" op="file-write-data" ret=0x16 err=true writes=0
apple:/bin/[	[trap] num=381 (0x17d) pc=0x180119ecc args=[0x1801b7eb4,0x2,0x27ff2f0,0xa,0x73,0x69,0x0,0x20]
apple:/bin/[	[m47] num=381 args=[0x1801b7eb4,0x2,0x27ff2f0] policy="Sandbox" op="syscall-unix" ret=0xe err=true writes=0
apple:/bin/[	[trap] num=381 (0x17d) pc=0x180119ecc args=[0x1801b4bf1,0x5a,0x27ff370,0x2,0x8,0x72,0x0,0x90]
apple:/bin/[	[m47] amfi policy_resident="AMFI\0"
apple:/bin/[	[probe] AMFI dyld policy in=0x0 r=0 out=0x1df out_ptr=0x27ff368
apple:/bin/[	[trap] num=381 (0x17d) pc=0x180119ecc args=[0x1801b7eb4,0x2,0x27fee40,0xa,0x73,0x69,0x0,0x80]
apple:/bin/[	[m47] num=381 args=[0x1801b7eb4,0x2,0x27fee40] policy="Sandbox" op="syscall-unix" ret=0xe err=true writes=0
apple:/bin/[	[trap] num=381 (0x17d) pc=0x180119ecc args=[0x1801b7eb4,0x2,0x27fbf10,0xa,0x73,0x69,0x1,0x27fcc18]
apple:/bin/[	[m47] num=381 args=[0x1801b7eb4,0x2,0x27fbf10] policy="Sandbox" op="syscall-unix" ret=0xe err=true writes=0
apple:/bin/bash	[trap] num=381 (0x17d) pc=0x180119ecc args=[0x1801b7eb4,0x2,0x27ff2e0,0xa,0x73,0x69,0x0,0x20]
apple:/bin/bash	[m47] num=381 args=[0x1801b7eb4,0x2,0x27ff2e0] policy="Sandbox" op="syscall-unix" ret=0xe err=true writes=0
apple:/bin/bash	[trap] num=381 (0x17d) pc=0x180119ecc args=[0x1801b4bf1,0x5a,0x27ff360,0x2,0x8,0x72,0x0,0x90]
apple:/bin/bash	[m47] amfi policy_resident="AMFI\0"
apple:/bin/bash	[probe] AMFI dyld policy in=0x0 r=0 out=0x1df out_ptr=0x27ff358
apple:/bin/bash	[trap] num=381 (0x17d) pc=0x180119ecc args=[0x1801b7eb4,0x2,0x27fee30,0xa,0x73,0x69,0x0,0x80]
apple:/bin/bash	[m47] num=381 args=[0x1801b7eb4,0x2,0x27fee30] policy="Sandbox" op="syscall-unix" ret=0xe err=true writes=0
apple:/bin/bash	[trap] num=381 (0x17d) pc=0x180119ecc args=[0x1801b7eb4,0x2,0x27fbf00,0xa,0x73,0x69,0x1,0x27fcc08]
apple:/bin/bash	[m47] num=381 args=[0x1801b7eb4,0x2,0x27fbf00] policy="Sandbox" op="syscall-unix" ret=0xe err=true writes=0
apple:/bin/cat	[trap] num=381 (0x17d) pc=0x180119ecc args=[0x1801b7eb4,0x2,0x27ff2f0,0xa,0x73,0x69,0x0,0x20]
apple:/bin/cat	[m47] num=381 args=[0x1801b7eb4,0x2,0x27ff2f0] policy="Sandbox" op="syscall-unix" ret=0xe err=true writes=0
apple:/bin/cat	[trap] num=381 (0x17d) pc=0x180119ecc args=[0x1801b4bf1,0x5a,0x27ff370,0x2,0x8,0x72,0x0,0x90]
apple:/bin/cat	[m47] amfi policy_resident="AMFI\0"
apple:/bin/cat	[probe] AMFI dyld policy in=0x0 r=0 out=0x1df out_ptr=0x27ff368
apple:/bin/cat	[trap] num=381 (0x17d) pc=0x180119ecc args=[0x1801b7eb4,0x2,0x27fee40,0xa,0x73,0x69,0x0,0x80]
apple:/bin/cat	[m47] num=381 args=[0x1801b7eb4,0x2,0x27fee40] policy="Sandbox" op="syscall-unix" ret=0xe err=true writes=0
apple:/bin/cat	[trap] num=381 (0x17d) pc=0x180119ecc args=[0x1801b7eb4,0x2,0x27fbf10,0xa,0x73,0x69,0x1,0x27fcc18]
apple:/bin/cat	[m47] num=381 args=[0x1801b7eb4,0x2,0x27fbf10] policy="Sandbox" op="syscall-unix" ret=0xe err=true writes=0
apple:/bin/chmod	[trap] num=381 (0x17d) pc=0x180119ecc args=[0x1801b7eb4,0x2,0x27ff2e0,0xa,0x73,0x69,0x0,0x20]
apple:/bin/chmod	[m47] num=381 args=[0x1801b7eb4,0x2,0x27ff2e0] policy="Sandbox" op="syscall-unix" ret=0xe err=true writes=0
apple:/bin/chmod	[trap] num=381 (0x17d) pc=0x180119ecc args=[0x1801b4bf1,0x5a,0x27ff360,0x2,0x8,0x72,0x0,0x90]
apple:/bin/chmod	[m47] amfi policy_resident="AMFI\0"
apple:/bin/chmod	[probe] AMFI dyld policy in=0x0 r=0 out=0x1df out_ptr=0x27ff358
apple:/bin/chmod	[trap] num=381 (0x17d) pc=0x180119ecc args=[0x1801b7eb4,0x2,0x27fee30,0xa,0x73,0x69,0x0,0x80]
apple:/bin/chmod	[m47] num=381 args=[0x1801b7eb4,0x2,0x27fee30] policy="Sandbox" op="syscall-unix" ret=0xe err=true writes=0
apple:/bin/chmod	[trap] num=381 (0x17d) pc=0x180119ecc args=[0x1801b7eb4,0x2,0x27fbf00,0xa,0x73,0x69,0x1,0x27fcc08]
apple:/bin/chmod	[m47] num=381 args=[0x1801b7eb4,0x2,0x27fbf00] policy="Sandbox" op="syscall-unix" ret=0xe err=true writes=0
apple:/bin/cp	[trap] num=381 (0x17d) pc=0x180119ecc args=[0x1801b7eb4,0x2,0x27ff2f0,0xa,0x73,0x69,0x70632f6e69622f,0x20]
apple:/bin/cp	[m47] num=381 args=[0x1801b7eb4,0x2,0x27ff2f0] policy="Sandbox" op="syscall-unix" ret=0xe err=true writes=0
apple:/bin/cp	[trap] num=381 (0x17d) pc=0x180119ecc args=[0x1801b4bf1,0x5a,0x27ff370,0x2,0x8,0x72,0x70632f6e69622f,0x90]
apple:/bin/cp	[m47] amfi policy_resident="AMFI\0"
apple:/bin/cp	[probe] AMFI dyld policy in=0x0 r=0 out=0x1df out_ptr=0x27ff368
apple:/bin/cp	[trap] num=381 (0x17d) pc=0x180119ecc args=[0x1801b7eb4,0x2,0x27fee40,0xa,0x73,0x69,0x0,0x80]
apple:/bin/cp	[m47] num=381 args=[0x1801b7eb4,0x2,0x27fee40] policy="Sandbox" op="syscall-unix" ret=0xe err=true writes=0
apple:/bin/cp	[trap] num=381 (0x17d) pc=0x180119ecc args=[0x1801b7eb4,0x2,0x27fbf10,0xa,0x73,0x69,0x1,0x27fcc18]
apple:/bin/cp	[m47] num=381 args=[0x1801b7eb4,0x2,0x27fbf10] policy="Sandbox" op="syscall-unix" ret=0xe err=true writes=0
apple:/bin/csh	[trap] num=381 (0x17d) pc=0x180119ecc args=[0x1801b7eb4,0x2,0x27ff2f0,0xa,0x73,0x69,0x0,0x20]
apple:/bin/csh	[m47] num=381 args=[0x1801b7eb4,0x2,0x27ff2f0] policy="Sandbox" op="syscall-unix" ret=0xe err=true writes=0
apple:/bin/csh	[trap] num=381 (0x17d) pc=0x180119ecc args=[0x1801b4bf1,0x5a,0x27ff370,0x2,0x8,0x72,0x0,0x90]
apple:/bin/csh	[m47] amfi policy_resident="AMFI\0"
apple:/bin/csh	[probe] AMFI dyld policy in=0x0 r=0 out=0x1df out_ptr=0x27ff368
apple:/bin/csh	[trap] num=381 (0x17d) pc=0x180119ecc args=[0x1801b7eb4,0x2,0x27fee40,0xa,0x73,0x69,0x0,0x80]
apple:/bin/csh	[m47] num=381 args=[0x1801b7eb4,0x2,0x27fee40] policy="Sandbox" op="syscall-unix" ret=0xe err=true writes=0
apple:/bin/csh	[trap] num=381 (0x17d) pc=0x180119ecc args=[0x1801b7eb4,0x2,0x27fbf10,0xa,0x73,0x69,0x1,0x27fcc18]
apple:/bin/csh	[m47] num=381 args=[0x1801b7eb4,0x2,0x27fbf10] policy="Sandbox" op="syscall-unix" ret=0xe err=true writes=0
apple:/bin/dash	[trap] num=381 (0x17d) pc=0x180119ecc args=[0x1801b7eb4,0x2,0x27ff2e0,0xa,0x73,0x69,0x0,0x20]
apple:/bin/dash	[m47] num=381 args=[0x1801b7eb4,0x2,0x27ff2e0] policy="Sandbox" op="syscall-unix" ret=0xe err=true writes=0
apple:/bin/dash	[trap] num=381 (0x17d) pc=0x180119ecc args=[0x1801b4bf1,0x5a,0x27ff360,0x2,0x8,0x72,0x0,0x90]
apple:/bin/dash	[m47] amfi policy_resident="AMFI\0"
apple:/bin/dash	[probe] AMFI dyld policy in=0x0 r=0 out=0x1df out_ptr=0x27ff358
apple:/bin/dash	[trap] num=381 (0x17d) pc=0x180119ecc args=[0x1801b7eb4,0x2,0x27fee30,0xa,0x73,0x69,0x0,0x80]
apple:/bin/dash	[m47] num=381 args=[0x1801b7eb4,0x2,0x27fee30] policy="Sandbox" op="syscall-unix" ret=0xe err=true writes=0
apple:/bin/dash	[trap] num=381 (0x17d) pc=0x180119ecc args=[0x1801b7eb4,0x2,0x27fbf00,0xa,0x73,0x69,0x1,0x27fcc08]
apple:/bin/dash	[m47] num=381 args=[0x1801b7eb4,0x2,0x27fbf00] policy="Sandbox" op="syscall-unix" ret=0xe err=true writes=0
apple:/bin/date	[trap] num=381 (0x17d) pc=0x180119ecc args=[0x1801b7eb4,0x2,0x27ff2e0,0xa,0x73,0x69,0x0,0x20]
apple:/bin/date	[m47] num=381 args=[0x1801b7eb4,0x2,0x27ff2e0] policy="Sandbox" op="syscall-unix" ret=0xe err=true writes=0
apple:/bin/date	[trap] num=381 (0x17d) pc=0x180119ecc args=[0x1801b4bf1,0x5a,0x27ff360,0x2,0x8,0x72,0x0,0x90]
apple:/bin/date	[m47] amfi policy_resident="AMFI\0"
apple:/bin/date	[probe] AMFI dyld policy in=0x0 r=0 out=0x1df out_ptr=0x27ff358
apple:/bin/date	[trap] num=381 (0x17d) pc=0x180119ecc args=[0x1801b7eb4,0x2,0x27fee30,0xa,0x73,0x69,0x0,0x80]
apple:/bin/date	[m47] num=381 args=[0x1801b7eb4,0x2,0x27fee30] policy="Sandbox" op="syscall-unix" ret=0xe err=true writes=0
apple:/bin/date	[trap] num=381 (0x17d) pc=0x180119ecc args=[0x1801b7eb4,0x2,0x27fbf00,0xa,0x73,0x69,0x1,0x27fcc08]
apple:/bin/date	[m47] num=381 args=[0x1801b7eb4,0x2,0x27fbf00] policy="Sandbox" op="syscall-unix" ret=0xe err=true writes=0
apple:/bin/date	[trap] num=75 (0x4b) pc=0x1804b09b0 args=[0xa0053c000,0xc000,0x7,0x0,0x0,0x0,0x1,0x0]
apple:/bin/date	[m47] num=75 args=[0xa0053c000,0xc000,0x7] policy="" op="" ret=0x0 err=false writes=0
apple:/bin/date	[trap] num=75 (0x4b) pc=0x1804b09b0 args=[0xa00530000,0xc000,0x7,0x0,0x0,0x0,0x33,0x0]
apple:/bin/date	[m47] num=75 args=[0xa00530000,0xc000,0x7] policy="" op="" ret=0x0 err=false writes=0
apple:/bin/date	[trap] num=75 (0x4b) pc=0x1804b09b0 args=[0xa0053c000,0xc000,0x7,0x0,0x0,0x0,0x1,0x0]
apple:/bin/date	[m47] num=75 args=[0xa0053c000,0xc000,0x7] policy="" op="" ret=0x0 err=false writes=0
apple:/bin/date	[trap] num=75 (0x4b) pc=0x1804b09b0 args=[0xa00530000,0xc000,0x7,0x0,0x0,0x0,0x33,0x0]
apple:/bin/date	[m47] num=75 args=[0xa00530000,0xc000,0x7] policy="" op="" ret=0x0 err=false writes=0
apple:/bin/dd	[trap] num=381 (0x17d) pc=0x180119ecc args=[0x1801b7eb4,0x2,0x27ff2f0,0xa,0x73,0x69,0x64642f6e69622f,0x20]
apple:/bin/dd	[m47] num=381 args=[0x1801b7eb4,0x2,0x27ff2f0] policy="Sandbox" op="syscall-unix" ret=0xe err=true writes=0
apple:/bin/dd	[trap] num=381 (0x17d) pc=0x180119ecc args=[0x1801b4bf1,0x5a,0x27ff370,0x2,0x8,0x72,0x64642f6e69622f,0x90]
apple:/bin/dd	[m47] amfi policy_resident="AMFI\0"
apple:/bin/dd	[probe] AMFI dyld policy in=0x0 r=0 out=0x1df out_ptr=0x27ff368
apple:/bin/dd	[trap] num=381 (0x17d) pc=0x180119ecc args=[0x1801b7eb4,0x2,0x27fee40,0xa,0x73,0x69,0x0,0x80]
apple:/bin/dd	[m47] num=381 args=[0x1801b7eb4,0x2,0x27fee40] policy="Sandbox" op="syscall-unix" ret=0xe err=true writes=0
apple:/bin/dd	[trap] num=381 (0x17d) pc=0x180119ecc args=[0x1801b7eb4,0x2,0x27fbf10,0xa,0x73,0x69,0x1,0x27fcc18]
apple:/bin/dd	[m47] num=381 args=[0x1801b7eb4,0x2,0x27fbf10] policy="Sandbox" op="syscall-unix" ret=0xe err=true writes=0
apple:/bin/df	[trap] num=381 (0x17d) pc=0x180119ecc args=[0x1801b7eb4,0x2,0x27ff2f0,0xa,0x73,0x69,0x66642f6e69622f,0x20]
apple:/bin/df	[m47] num=381 args=[0x1801b7eb4,0x2,0x27ff2f0] policy="Sandbox" op="syscall-unix" ret=0xe err=true writes=0
apple:/bin/df	[trap] num=381 (0x17d) pc=0x180119ecc args=[0x1801b4bf1,0x5a,0x27ff370,0x2,0x8,0x72,0x66642f6e69622f,0x90]
apple:/bin/df	[m47] amfi policy_resident="AMFI\0"
apple:/bin/df	[probe] AMFI dyld policy in=0x0 r=0 out=0x1df out_ptr=0x27ff368
apple:/bin/df	[trap] num=381 (0x17d) pc=0x180119ecc args=[0x1801b7eb4,0x2,0x27fee40,0xa,0x73,0x69,0x0,0x80]
apple:/bin/df	[m47] num=381 args=[0x1801b7eb4,0x2,0x27fee40] policy="Sandbox" op="syscall-unix" ret=0xe err=true writes=0
apple:/bin/df	[trap] num=381 (0x17d) pc=0x180119ecc args=[0x1801b7eb4,0x2,0x27fbf10,0xa,0x73,0x69,0x1,0x27fcc18]
apple:/bin/df	[m47] num=381 args=[0x1801b7eb4,0x2,0x27fbf10] policy="Sandbox" op="syscall-unix" ret=0xe err=true writes=0
apple:/bin/echo	[trap] num=381 (0x17d) pc=0x180119ecc args=[0x1801b7eb4,0x2,0x27ff2e0,0xa,0x73,0x69,0x0,0x20]
apple:/bin/echo	[m47] num=381 args=[0x1801b7eb4,0x2,0x27ff2e0] policy="Sandbox" op="syscall-unix" ret=0xe err=true writes=0
apple:/bin/echo	[trap] num=381 (0x17d) pc=0x180119ecc args=[0x1801b4bf1,0x5a,0x27ff360,0xa,0x0,0x72,0x0,0x90]
apple:/bin/echo	[m47] amfi policy_resident="AMFI\0"
apple:/bin/echo	[probe] AMFI dyld policy in=0x0 r=0 out=0x1df out_ptr=0x27ff358
apple:/bin/echo	[trap] num=381 (0x17d) pc=0x180119ecc args=[0x1801b7eb4,0x2,0x27fee30,0xa,0x73,0x69,0x0,0x80]
apple:/bin/echo	[m47] num=381 args=[0x1801b7eb4,0x2,0x27fee30] policy="Sandbox" op="syscall-unix" ret=0xe err=true writes=0
apple:/bin/echo	[trap] num=381 (0x17d) pc=0x180119ecc args=[0x1801b7eb4,0x2,0x27fbf00,0xa,0x73,0x69,0x1,0x27fcc08]
apple:/bin/echo	[m47] num=381 args=[0x1801b7eb4,0x2,0x27fbf00] policy="Sandbox" op="syscall-unix" ret=0xe err=true writes=0
apple:/bin/ed	[trap] num=381 (0x17d) pc=0x180119ecc args=[0x1801b7eb4,0x2,0x27ff2f0,0xa,0x73,0x69,0x64652f6e69622f,0x20]
apple:/bin/ed	[m47] num=381 args=[0x1801b7eb4,0x2,0x27ff2f0] policy="Sandbox" op="syscall-unix" ret=0xe err=true writes=0
apple:/bin/ed	[trap] num=381 (0x17d) pc=0x180119ecc args=[0x1801b4bf1,0x5a,0x27ff370,0x2,0x8,0x72,0x64652f6e69622f,0x90]
apple:/bin/ed	[m47] amfi policy_resident="AMFI\0"
apple:/bin/ed	[probe] AMFI dyld policy in=0x0 r=0 out=0x1df out_ptr=0x27ff368
apple:/bin/ed	[trap] num=381 (0x17d) pc=0x180119ecc args=[0x1801b7eb4,0x2,0x27fee40,0xa,0x73,0x69,0x0,0x80]
apple:/bin/ed	[m47] num=381 args=[0x1801b7eb4,0x2,0x27fee40] policy="Sandbox" op="syscall-unix" ret=0xe err=true writes=0
apple:/bin/ed	[trap] num=381 (0x17d) pc=0x180119ecc args=[0x1801b7eb4,0x2,0x27fbf10,0xa,0x73,0x69,0x1,0x27fcc18]
apple:/bin/ed	[m47] num=381 args=[0x1801b7eb4,0x2,0x27fbf10] policy="Sandbox" op="syscall-unix" ret=0xe err=true writes=0
apple:/bin/expr	[trap] num=381 (0x17d) pc=0x180119ecc args=[0x1801b7eb4,0x2,0x27ff2e0,0xa,0x73,0x69,0x0,0x20]
apple:/bin/expr	[m47] num=381 args=[0x1801b7eb4,0x2,0x27ff2e0] policy="Sandbox" op="syscall-unix" ret=0xe err=true writes=0
apple:/bin/expr	[trap] num=381 (0x17d) pc=0x180119ecc args=[0x1801b4bf1,0x5a,0x27ff360,0x2,0x8,0x72,0x0,0x90]
apple:/bin/expr	[m47] amfi policy_resident="AMFI\0"
apple:/bin/expr	[probe] AMFI dyld policy in=0x0 r=0 out=0x1df out_ptr=0x27ff358
apple:/bin/expr	[trap] num=381 (0x17d) pc=0x180119ecc args=[0x1801b7eb4,0x2,0x27fee30,0xa,0x73,0x69,0x0,0x80]
apple:/bin/expr	[m47] num=381 args=[0x1801b7eb4,0x2,0x27fee30] policy="Sandbox" op="syscall-unix" ret=0xe err=true writes=0
apple:/bin/expr	[trap] num=381 (0x17d) pc=0x180119ecc args=[0x1801b7eb4,0x2,0x27fbf00,0xa,0x73,0x69,0x1,0x27fcc08]
apple:/bin/expr	[m47] num=381 args=[0x1801b7eb4,0x2,0x27fbf00] policy="Sandbox" op="syscall-unix" ret=0xe err=true writes=0
apple:/bin/hostname	[trap] num=381 (0x17d) pc=0x180119ecc args=[0x1801b7eb4,0x2,0x27ff2e0,0xa,0x73,0x69,0x0,0x20]
apple:/bin/hostname	[m47] num=381 args=[0x1801b7eb4,0x2,0x27ff2e0] policy="Sandbox" op="syscall-unix" ret=0xe err=true writes=0
apple:/bin/hostname	[trap] num=381 (0x17d) pc=0x180119ecc args=[0x1801b4bf1,0x5a,0x27ff360,0xa,0x0,0x72,0x0,0x90]
apple:/bin/hostname	[m47] amfi policy_resident="AMFI\0"
apple:/bin/hostname	[probe] AMFI dyld policy in=0x0 r=0 out=0x1df out_ptr=0x27ff358
apple:/bin/hostname	[trap] num=381 (0x17d) pc=0x180119ecc args=[0x1801b7eb4,0x2,0x27fee30,0xa,0x73,0x69,0x0,0x80]
apple:/bin/hostname	[m47] num=381 args=[0x1801b7eb4,0x2,0x27fee30] policy="Sandbox" op="syscall-unix" ret=0xe err=true writes=0
apple:/bin/hostname	[trap] num=381 (0x17d) pc=0x180119ecc args=[0x1801b7eb4,0x2,0x27fbf00,0xa,0x73,0x69,0x1,0x27fcc08]
apple:/bin/hostname	[m47] num=381 args=[0x1801b7eb4,0x2,0x27fbf00] policy="Sandbox" op="syscall-unix" ret=0xe err=true writes=0
apple:/bin/kill	[trap] num=381 (0x17d) pc=0x180119ecc args=[0x1801b7eb4,0x2,0x27ff2e0,0xa,0x73,0x69,0x0,0x20]
apple:/bin/kill	[m47] num=381 args=[0x1801b7eb4,0x2,0x27ff2e0] policy="Sandbox" op="syscall-unix" ret=0xe err=true writes=0
apple:/bin/kill	[trap] num=381 (0x17d) pc=0x180119ecc args=[0x1801b4bf1,0x5a,0x27ff360,0xa,0x0,0x72,0x0,0x90]
apple:/bin/kill	[m47] amfi policy_resident="AMFI\0"
apple:/bin/kill	[probe] AMFI dyld policy in=0x0 r=0 out=0x1df out_ptr=0x27ff358
apple:/bin/kill	[trap] num=381 (0x17d) pc=0x180119ecc args=[0x1801b7eb4,0x2,0x27fee30,0xa,0x73,0x69,0x0,0x80]
apple:/bin/kill	[m47] num=381 args=[0x1801b7eb4,0x2,0x27fee30] policy="Sandbox" op="syscall-unix" ret=0xe err=true writes=0
apple:/bin/kill	[trap] num=381 (0x17d) pc=0x180119ecc args=[0x1801b7eb4,0x2,0x27fbf00,0xa,0x73,0x69,0x1,0x27fcc08]
apple:/bin/kill	[m47] num=381 args=[0x1801b7eb4,0x2,0x27fbf00] policy="Sandbox" op="syscall-unix" ret=0xe err=true writes=0
apple:/bin/ksh	[trap] num=381 (0x17d) pc=0x180119ecc args=[0x1801b7eb4,0x2,0x27ff2f0,0xa,0x73,0x69,0x0,0x20]
apple:/bin/ksh	[m47] num=381 args=[0x1801b7eb4,0x2,0x27ff2f0] policy="Sandbox" op="syscall-unix" ret=0xe err=true writes=0
apple:/bin/ksh	[trap] num=381 (0x17d) pc=0x180119ecc args=[0x1801b4bf1,0x5a,0x27ff370,0x2,0x8,0x72,0x0,0x90]
apple:/bin/ksh	[m47] amfi policy_resident="AMFI\0"
apple:/bin/ksh	[probe] AMFI dyld policy in=0x0 r=0 out=0x1df out_ptr=0x27ff368
apple:/bin/ksh	[trap] num=381 (0x17d) pc=0x180119ecc args=[0x1801b7eb4,0x2,0x27fee40,0xa,0x73,0x69,0x0,0x80]
apple:/bin/ksh	[m47] num=381 args=[0x1801b7eb4,0x2,0x27fee40] policy="Sandbox" op="syscall-unix" ret=0xe err=true writes=0
apple:/bin/ksh	[trap] num=381 (0x17d) pc=0x180119ecc args=[0x1801b7eb4,0x2,0x27fbf10,0xa,0x73,0x69,0x1,0x27fcc18]
apple:/bin/ksh	[m47] num=381 args=[0x1801b7eb4,0x2,0x27fbf10] policy="Sandbox" op="syscall-unix" ret=0xe err=true writes=0
apple:/bin/launchctl	[trap] num=381 (0x17d) pc=0x180119ecc args=[0x1801b7eb4,0x2,0x27ff2e0,0xa,0x73,0x69,0x0,0x20]
apple:/bin/launchctl	[m47] num=381 args=[0x1801b7eb4,0x2,0x27ff2e0] policy="Sandbox" op="syscall-unix" ret=0xe err=true writes=0
apple:/bin/launchctl	[trap] num=381 (0x17d) pc=0x180119ecc args=[0x1801b4bf1,0x5a,0x27ff360,0x2,0x8,0x72,0x0,0x90]
apple:/bin/launchctl	[m47] amfi policy_resident="AMFI\0"
apple:/bin/launchctl	[probe] AMFI dyld policy in=0x0 r=0 out=0x1df out_ptr=0x27ff358
apple:/bin/launchctl	[trap] num=381 (0x17d) pc=0x180119ecc args=[0x1801b7eb4,0x2,0x27fee30,0xa,0x73,0x69,0x0,0x80]
apple:/bin/launchctl	[m47] num=381 args=[0x1801b7eb4,0x2,0x27fee30] policy="Sandbox" op="syscall-unix" ret=0xe err=true writes=0
apple:/bin/launchctl	[trap] num=381 (0x17d) pc=0x180119ecc args=[0x1801b7eb4,0x2,0x27fbf00,0xa,0x73,0x69,0x1,0x27fcc08]
apple:/bin/launchctl	[m47] num=381 args=[0x1801b7eb4,0x2,0x27fbf00] policy="Sandbox" op="syscall-unix" ret=0xe err=true writes=0
apple:/bin/launchctl	[trap] num=381 (0x17d) pc=0x1804af730 args=[0x180231d05,0x5a,0x27fedc0,0x69f80,0x69f00,0x27feb60,0x74,0x470]
apple:/bin/launchctl	[m47] amfi policy_resident="AMFI\0"
apple:/bin/launchctl	[probe] AMFI dyld policy in=0x0 r=0 out=0x1df out_ptr=0x27fedb8
apple:/bin/link	[trap] num=381 (0x17d) pc=0x180119ecc args=[0x1801b7eb4,0x2,0x27ff2e0,0xa,0x73,0x69,0x0,0x20]
apple:/bin/link	[m47] num=381 args=[0x1801b7eb4,0x2,0x27ff2e0] policy="Sandbox" op="syscall-unix" ret=0xe err=true writes=0
apple:/bin/link	[trap] num=381 (0x17d) pc=0x180119ecc args=[0x1801b4bf1,0x5a,0x27ff360,0x2,0x8,0x72,0x0,0x90]
apple:/bin/link	[m47] amfi policy_resident="AMFI\0"
apple:/bin/link	[probe] AMFI dyld policy in=0x0 r=0 out=0x1df out_ptr=0x27ff358
apple:/bin/link	[trap] num=381 (0x17d) pc=0x180119ecc args=[0x1801b7eb4,0x2,0x27fee30,0xa,0x73,0x69,0x0,0x80]
apple:/bin/link	[m47] num=381 args=[0x1801b7eb4,0x2,0x27fee30] policy="Sandbox" op="syscall-unix" ret=0xe err=true writes=0
apple:/bin/link	[trap] num=381 (0x17d) pc=0x180119ecc args=[0x1801b7eb4,0x2,0x27fbf00,0xa,0x73,0x69,0x1,0x27fcc08]
apple:/bin/link	[m47] num=381 args=[0x1801b7eb4,0x2,0x27fbf00] policy="Sandbox" op="syscall-unix" ret=0xe err=true writes=0
apple:/bin/ln	[trap] num=381 (0x17d) pc=0x180119ecc args=[0x1801b7eb4,0x2,0x27ff2f0,0xa,0x73,0x69,0x6e6c2f6e69622f,0x20]
apple:/bin/ln	[m47] num=381 args=[0x1801b7eb4,0x2,0x27ff2f0] policy="Sandbox" op="syscall-unix" ret=0xe err=true writes=0
apple:/bin/ln	[trap] num=381 (0x17d) pc=0x180119ecc args=[0x1801b4bf1,0x5a,0x27ff370,0x2,0x8,0x72,0x6e6c2f6e69622f,0x90]
apple:/bin/ln	[m47] amfi policy_resident="AMFI\0"
apple:/bin/ln	[probe] AMFI dyld policy in=0x0 r=0 out=0x1df out_ptr=0x27ff368
apple:/bin/ln	[trap] num=381 (0x17d) pc=0x180119ecc args=[0x1801b7eb4,0x2,0x27fee40,0xa,0x73,0x69,0x0,0x80]
apple:/bin/ln	[m47] num=381 args=[0x1801b7eb4,0x2,0x27fee40] policy="Sandbox" op="syscall-unix" ret=0xe err=true writes=0
apple:/bin/ln	[trap] num=381 (0x17d) pc=0x180119ecc args=[0x1801b7eb4,0x2,0x27fbf10,0xa,0x73,0x69,0x1,0x27fcc18]
apple:/bin/ln	[m47] num=381 args=[0x1801b7eb4,0x2,0x27fbf10] policy="Sandbox" op="syscall-unix" ret=0xe err=true writes=0
apple:/bin/ls	[trap] num=381 (0x17d) pc=0x180119ecc args=[0x1801b7eb4,0x2,0x27ff2f0,0xa,0x73,0x69,0x736c2f6e69622f,0x20]
apple:/bin/ls	[m47] num=381 args=[0x1801b7eb4,0x2,0x27ff2f0] policy="Sandbox" op="syscall-unix" ret=0xe err=true writes=0
apple:/bin/ls	[trap] num=381 (0x17d) pc=0x180119ecc args=[0x1801b4bf1,0x5a,0x27ff370,0x2,0x8,0x72,0x736c2f6e69622f,0x90]
apple:/bin/ls	[m47] amfi policy_resident="AMFI\0"
apple:/bin/ls	[probe] AMFI dyld policy in=0x0 r=0 out=0x1df out_ptr=0x27ff368
apple:/bin/ls	[trap] num=381 (0x17d) pc=0x180119ecc args=[0x1801b7eb4,0x2,0x27fee40,0xa,0x73,0x69,0x0,0x80]
apple:/bin/ls	[m47] num=381 args=[0x1801b7eb4,0x2,0x27fee40] policy="Sandbox" op="syscall-unix" ret=0xe err=true writes=0
apple:/bin/ls	[trap] num=381 (0x17d) pc=0x180119ecc args=[0x1801b7eb4,0x2,0x27fbf10,0xa,0x73,0x69,0x1,0x27fcc18]
apple:/bin/ls	[m47] num=381 args=[0x1801b7eb4,0x2,0x27fbf10] policy="Sandbox" op="syscall-unix" ret=0xe err=true writes=0
apple:/bin/mkdir	[trap] num=381 (0x17d) pc=0x180119ecc args=[0x1801b7eb4,0x2,0x27ff2e0,0xa,0x73,0x69,0x0,0x20]
apple:/bin/mkdir	[m47] num=381 args=[0x1801b7eb4,0x2,0x27ff2e0] policy="Sandbox" op="syscall-unix" ret=0xe err=true writes=0
apple:/bin/mkdir	[trap] num=381 (0x17d) pc=0x180119ecc args=[0x1801b4bf1,0x5a,0x27ff360,0x2,0x8,0x72,0x0,0x90]
apple:/bin/mkdir	[m47] amfi policy_resident="AMFI\0"
apple:/bin/mkdir	[probe] AMFI dyld policy in=0x0 r=0 out=0x1df out_ptr=0x27ff358
apple:/bin/mkdir	[trap] num=381 (0x17d) pc=0x180119ecc args=[0x1801b7eb4,0x2,0x27fee30,0xa,0x73,0x69,0x0,0x80]
apple:/bin/mkdir	[m47] num=381 args=[0x1801b7eb4,0x2,0x27fee30] policy="Sandbox" op="syscall-unix" ret=0xe err=true writes=0
apple:/bin/mkdir	[trap] num=381 (0x17d) pc=0x180119ecc args=[0x1801b7eb4,0x2,0x27fbf00,0xa,0x73,0x69,0x1,0x27fcc08]
apple:/bin/mkdir	[m47] num=381 args=[0x1801b7eb4,0x2,0x27fbf00] policy="Sandbox" op="syscall-unix" ret=0xe err=true writes=0
apple:/bin/mv	[trap] num=381 (0x17d) pc=0x180119ecc args=[0x1801b7eb4,0x2,0x27ff2f0,0xa,0x73,0x69,0x766d2f6e69622f,0x20]
apple:/bin/mv	[m47] num=381 args=[0x1801b7eb4,0x2,0x27ff2f0] policy="Sandbox" op="syscall-unix" ret=0xe err=true writes=0
apple:/bin/mv	[trap] num=381 (0x17d) pc=0x180119ecc args=[0x1801b4bf1,0x5a,0x27ff370,0x2,0x8,0x72,0x766d2f6e69622f,0x90]
apple:/bin/mv	[m47] amfi policy_resident="AMFI\0"
apple:/bin/mv	[probe] AMFI dyld policy in=0x0 r=0 out=0x1df out_ptr=0x27ff368
apple:/bin/mv	[trap] num=381 (0x17d) pc=0x180119ecc args=[0x1801b7eb4,0x2,0x27fee40,0xa,0x73,0x69,0x0,0x80]
apple:/bin/mv	[m47] num=381 args=[0x1801b7eb4,0x2,0x27fee40] policy="Sandbox" op="syscall-unix" ret=0xe err=true writes=0
apple:/bin/mv	[trap] num=381 (0x17d) pc=0x180119ecc args=[0x1801b7eb4,0x2,0x27fbf10,0xa,0x73,0x69,0x1,0x27fcc18]
apple:/bin/mv	[m47] num=381 args=[0x1801b7eb4,0x2,0x27fbf10] policy="Sandbox" op="syscall-unix" ret=0xe err=true writes=0
apple:/bin/pax	[trap] num=381 (0x17d) pc=0x180119ecc args=[0x1801b7eb4,0x2,0x27ff2f0,0xa,0x73,0x69,0x0,0x20]
apple:/bin/pax	[m47] num=381 args=[0x1801b7eb4,0x2,0x27ff2f0] policy="Sandbox" op="syscall-unix" ret=0xe err=true writes=0
apple:/bin/pax	[trap] num=381 (0x17d) pc=0x180119ecc args=[0x1801b4bf1,0x5a,0x27ff370,0x2,0x8,0x72,0x0,0x90]
apple:/bin/pax	[m47] amfi policy_resident="AMFI\0"
apple:/bin/pax	[probe] AMFI dyld policy in=0x0 r=0 out=0x1df out_ptr=0x27ff368
apple:/bin/pax	[trap] num=381 (0x17d) pc=0x180119ecc args=[0x1801b7eb4,0x2,0x27fee40,0xa,0x73,0x69,0x0,0x80]
apple:/bin/pax	[m47] num=381 args=[0x1801b7eb4,0x2,0x27fee40] policy="Sandbox" op="syscall-unix" ret=0xe err=true writes=0
apple:/bin/pax	[trap] num=381 (0x17d) pc=0x180119ecc args=[0x1801b7eb4,0x2,0x27fbf10,0xa,0x73,0x69,0x1,0x27fcc18]
apple:/bin/pax	[m47] num=381 args=[0x1801b7eb4,0x2,0x27fbf10] policy="Sandbox" op="syscall-unix" ret=0xe err=true writes=0
apple:/bin/ps	[trap] num=381 (0x17d) pc=0x180119ecc args=[0x1801b7eb4,0x2,0x27ff2f0,0xa,0x73,0x69,0x73702f6e69622f,0x20]
apple:/bin/ps	[m47] num=381 args=[0x1801b7eb4,0x2,0x27ff2f0] policy="Sandbox" op="syscall-unix" ret=0xe err=true writes=0
apple:/bin/ps	[trap] num=381 (0x17d) pc=0x180119ecc args=[0x1801b4bf1,0x5a,0x27ff370,0x2,0x8,0x72,0x73702f6e69622f,0x90]
apple:/bin/ps	[m47] amfi policy_resident="AMFI\0"
apple:/bin/ps	[probe] AMFI dyld policy in=0x0 r=0 out=0x1df out_ptr=0x27ff368
apple:/bin/ps	[trap] num=381 (0x17d) pc=0x180119ecc args=[0x1801b7eb4,0x2,0x27fee40,0xa,0x73,0x69,0x0,0x80]
apple:/bin/ps	[m47] num=381 args=[0x1801b7eb4,0x2,0x27fee40] policy="Sandbox" op="syscall-unix" ret=0xe err=true writes=0
apple:/bin/ps	[trap] num=381 (0x17d) pc=0x180119ecc args=[0x1801b7eb4,0x2,0x27fbf10,0xa,0x73,0x69,0x1,0x27fcc18]
apple:/bin/ps	[m47] num=381 args=[0x1801b7eb4,0x2,0x27fbf10] policy="Sandbox" op="syscall-unix" ret=0xe err=true writes=0
apple:/bin/ps	[trap] num=75 (0x4b) pc=0x1804b09b0 args=[0x7014c8000,0x100000,0x7,0x0,0x0,0x10,0x0,0x0]
apple:/bin/ps	[m47] num=75 args=[0x7014c8000,0x100000,0x7] policy="" op="" ret=0x0 err=false writes=0
apple:/bin/ps	[trap] num=75 (0x4b) pc=0x1804b09b0 args=[0x7014c8000,0x100000,0x7,0x0,0x0,0x27ff630,0x30,0x0]
apple:/bin/ps	[m47] num=75 args=[0x7014c8000,0x100000,0x7] policy="" op="" ret=0x0 err=false writes=0
apple:/bin/ps	[trap] num=75 (0x4b) pc=0x1804b09b0 args=[0x7014c8000,0x100000,0x7,0x0,0x0,0x27ff630,0x30,0x0]
apple:/bin/ps	[m47] num=75 args=[0x7014c8000,0x100000,0x7] policy="" op="" ret=0x0 err=false writes=0
apple:/bin/ps	[trap] num=75 (0x4b) pc=0x1804b09b0 args=[0x7014c8000,0x100000,0x7,0x0,0x0,0x27ff630,0x30,0x0]
apple:/bin/ps	[m47] num=75 args=[0x7014c8000,0x100000,0x7] policy="" op="" ret=0x0 err=false writes=0
apple:/bin/ps	[trap] num=75 (0x4b) pc=0x1804b09b0 args=[0x7014c8000,0x100000,0x7,0x0,0x0,0x27ff630,0x65,0x0]
apple:/bin/ps	[m47] num=75 args=[0x7014c8000,0x100000,0x7] policy="" op="" ret=0x0 err=false writes=0
apple:/bin/ps	[trap] num=75 (0x4b) pc=0x1804b09b0 args=[0x7014c8000,0x100000,0x7,0x0,0x0,0x27ff630,0x68,0x0]
apple:/bin/ps	[m47] num=75 args=[0x7014c8000,0x100000,0x7] policy="" op="" ret=0x0 err=false writes=0
apple:/bin/ps	[trap] num=75 (0x4b) pc=0x1804b09b0 args=[0x7014c8000,0x100000,0x7,0x0,0x0,0x27ff630,0x65,0x0]
apple:/bin/ps	[m47] num=75 args=[0x7014c8000,0x100000,0x7] policy="" op="" ret=0x0 err=false writes=0
apple:/bin/ps	[trap] num=75 (0x4b) pc=0x1804b09b0 args=[0x7014c8000,0x100000,0x7,0x0,0x0,0x27ff630,0x68,0x0]
apple:/bin/ps	[m47] num=75 args=[0x7014c8000,0x100000,0x7] policy="" op="" ret=0x0 err=false writes=0
apple:/bin/ps	[trap] num=75 (0x4b) pc=0x1804b09b0 args=[0x7014c8000,0x100000,0x7,0x0,0x0,0x27ff630,0x61,0xfffff0007ffff800]
apple:/bin/ps	[m47] num=75 args=[0x7014c8000,0x100000,0x7] policy="" op="" ret=0x0 err=false writes=0
apple:/bin/ps	[trap] num=75 (0x4b) pc=0x1804b09b0 args=[0x7014c8000,0x100000,0x7,0x0,0x0,0x27ff630,0x68,0xfffff0007ffff800]
apple:/bin/ps	[m47] num=75 args=[0x7014c8000,0x100000,0x7] policy="" op="" ret=0x0 err=false writes=0
apple:/bin/ps	[trap] num=75 (0x4b) pc=0x1804b09b0 args=[0x7014c8000,0x100000,0x7,0x0,0x0,0x27ff630,0x65,0xfffff0007ffff800]
apple:/bin/ps	[m47] num=75 args=[0x7014c8000,0x100000,0x7] policy="" op="" ret=0x0 err=false writes=0
apple:/bin/ps	[trap] num=75 (0x4b) pc=0x1804b09b0 args=[0x7014c8000,0x100000,0x7,0x0,0x0,0x27ff630,0x68,0xfffff0007ffff800]
apple:/bin/ps	[m47] num=75 args=[0x7014c8000,0x100000,0x7] policy="" op="" ret=0x0 err=false writes=0
apple:/bin/ps	[trap] num=75 (0x4b) pc=0x1804b09b0 args=[0x7014c8000,0x100000,0x7,0x0,0x0,0x27ff630,0x65646f636e65706f,0xfffff0007ffff800]
apple:/bin/ps	[m47] num=75 args=[0x7014c8000,0x100000,0x7] policy="" op="" ret=0x0 err=false writes=0
apple:/bin/ps	[trap] num=75 (0x4b) pc=0x1804b09b0 args=[0x7014c8000,0x100000,0x7,0x0,0x0,0x27ff630,0x68,0xfffff0007ffff800]
apple:/bin/ps	[m47] num=75 args=[0x7014c8000,0x100000,0x7] policy="" op="" ret=0x0 err=false writes=0
apple:/bin/ps	[trap] num=75 (0x4b) pc=0x1804b09b0 args=[0x7014c8000,0x100000,0x7,0x0,0x0,0x20,0x3ff800,0xfffff0007ffff800]
apple:/bin/ps	[m47] num=75 args=[0x7014c8000,0x100000,0x7] policy="" op="" ret=0x0 err=false writes=0
apple:/bin/ps	[trap] num=75 (0x4b) pc=0x1804b09b0 args=[0x7014c8000,0x100000,0x7,0x0,0x0,0x27ff630,0x20,0xfffff0007ffff800]
apple:/bin/ps	[m47] num=75 args=[0x7014c8000,0x100000,0x7] policy="" op="" ret=0x0 err=false writes=0
apple:/bin/ps	[trap] num=75 (0x4b) pc=0x1804b09b0 args=[0x7014c8000,0x100000,0x7,0x0,0x0,0x27ff630,0x65,0xfffff0007ffff800]
apple:/bin/ps	[m47] num=75 args=[0x7014c8000,0x100000,0x7] policy="" op="" ret=0x0 err=false writes=0
apple:/bin/ps	[trap] num=75 (0x4b) pc=0x1804b09b0 args=[0x7014c8000,0x100000,0x7,0x0,0x0,0x27ff630,0x68,0xfffff0007ffff800]
apple:/bin/ps	[m47] num=75 args=[0x7014c8000,0x100000,0x7] policy="" op="" ret=0x0 err=false writes=0
apple:/bin/ps	[trap] num=75 (0x4b) pc=0x1804b09b0 args=[0x7014c8000,0x100000,0x7,0x0,0x0,0x27ff630,0x65646f636e65706f,0xfffff0007ffff800]
apple:/bin/ps	[m47] num=75 args=[0x7014c8000,0x100000,0x7] policy="" op="" ret=0x0 err=false writes=0
apple:/bin/ps	[trap] num=75 (0x4b) pc=0x1804b09b0 args=[0x7014c8000,0x100000,0x7,0x0,0x0,0x27ff630,0x68,0xfffff0007ffff800]
apple:/bin/ps	[m47] num=75 args=[0x7014c8000,0x100000,0x7] policy="" op="" ret=0x0 err=false writes=0
apple:/bin/ps	[trap] num=75 (0x4b) pc=0x1804b09b0 args=[0x7014d8000,0x100000,0x7,0x0,0x0,0x27ff600,0x68,0xfffff0007ffff800]
apple:/bin/ps	[m47] num=75 args=[0x7014d8000,0x100000,0x7] policy="" op="" ret=0x0 err=false writes=0
apple:/bin/ps	[trap] num=75 (0x4b) pc=0x1804b09b0 args=[0x7014d8000,0x100000,0x7,0x0,0x0,0x27ff600,0x65,0xfffff0007ffff800]
apple:/bin/ps	[m47] num=75 args=[0x7014d8000,0x100000,0x7] policy="" op="" ret=0x0 err=false writes=0
apple:/bin/ps	[trap] num=75 (0x4b) pc=0x1804b09b0 args=[0x7014d8000,0x100000,0x7,0x0,0x0,0x27ff600,0x68,0xfffff0007ffff800]
apple:/bin/ps	[m47] num=75 args=[0x7014d8000,0x100000,0x7] policy="" op="" ret=0x0 err=false writes=0
apple:/bin/ps	[trap] num=75 (0x4b) pc=0x1804b09b0 args=[0x7014d8000,0x100000,0x7,0x0,0x0,0x27ff600,0x65,0xfffff0007ffff800]
apple:/bin/ps	[m47] num=75 args=[0x7014d8000,0x100000,0x7] policy="" op="" ret=0x0 err=false writes=0
apple:/bin/ps	[trap] num=75 (0x4b) pc=0x1804b09b0 args=[0x7014d8000,0x100000,0x7,0x0,0x0,0x27ff600,0x30,0xfffff0007ffff800]
apple:/bin/ps	[m47] num=75 args=[0x7014d8000,0x100000,0x7] policy="" op="" ret=0x0 err=false writes=0
apple:/bin/ps	[trap] num=75 (0x4b) pc=0x1804b09b0 args=[0x7014d8000,0x100000,0x7,0x0,0x0,0x27ff600,0x68,0xfffff0007ffff800]
apple:/bin/ps	[m47] num=75 args=[0x7014d8000,0x100000,0x7] policy="" op="" ret=0x0 err=false writes=0
apple:/bin/ps	[trap] num=75 (0x4b) pc=0x1804b09b0 args=[0x7014d8000,0x100000,0x7,0x0,0x0,0x27ff600,0x65646f636e65706f,0xfffff0007ffff800]
apple:/bin/ps	[m47] num=75 args=[0x7014d8000,0x100000,0x7] policy="" op="" ret=0x0 err=false writes=0
apple:/bin/ps	[trap] num=75 (0x4b) pc=0x1804b09b0 args=[0x7014d8000,0x100000,0x7,0x0,0x0,0x27ff600,0x68,0xfffff0007ffff800]
apple:/bin/ps	[m47] num=75 args=[0x7014d8000,0x100000,0x7] policy="" op="" ret=0x0 err=false writes=0
apple:/bin/ps	[trap] num=75 (0x4b) pc=0x1804b09b0 args=[0x7014d8000,0x100000,0x7,0x0,0x0,0x27ff600,0x61,0xfffff0007ffff800]
apple:/bin/ps	[m47] num=75 args=[0x7014d8000,0x100000,0x7] policy="" op="" ret=0x0 err=false writes=0
apple:/bin/ps	[trap] num=75 (0x4b) pc=0x1804b09b0 args=[0x7014d8000,0x100000,0x7,0x0,0x0,0x27ff600,0x30,0xfffff0007ffff800]
apple:/bin/ps	[m47] num=75 args=[0x7014d8000,0x100000,0x7] policy="" op="" ret=0x0 err=false writes=0
apple:/bin/ps	[trap] num=75 (0x4b) pc=0x1804b09b0 args=[0x7014d8000,0x100000,0x7,0x0,0x0,0x27ff600,0x68,0xfffff0007ffff800]
apple:/bin/ps	[m47] num=75 args=[0x7014d8000,0x100000,0x7] policy="" op="" ret=0x0 err=false writes=0
apple:/bin/ps	[trap] num=75 (0x4b) pc=0x1804b09b0 args=[0x7014d8000,0x100000,0x7,0x0,0x0,0x27ff600,0x65,0xfffff0007ffff800]
apple:/bin/ps	[m47] num=75 args=[0x7014d8000,0x100000,0x7] policy="" op="" ret=0x0 err=false writes=0
apple:/bin/ps	[trap] num=75 (0x4b) pc=0x1804b09b0 args=[0x7014d8000,0x100000,0x7,0x0,0x0,0x27ff600,0x30,0xfffff0007ffff800]
apple:/bin/ps	[m47] num=75 args=[0x7014d8000,0x100000,0x7] policy="" op="" ret=0x0 err=false writes=0
apple:/bin/ps	[trap] num=75 (0x4b) pc=0x1804b09b0 args=[0x7014d8000,0x100000,0x7,0x0,0x0,0x20,0x3ff800,0xfffff0007ffff800]
apple:/bin/ps	[m47] num=75 args=[0x7014d8000,0x100000,0x7] policy="" op="" ret=0x0 err=false writes=0
apple:/bin/ps	[trap] num=75 (0x4b) pc=0x1804b09b0 args=[0x7014d8000,0x100000,0x7,0x0,0x0,0x27ff600,0x68,0xfffff0007ffff800]
apple:/bin/ps	[m47] num=75 args=[0x7014d8000,0x100000,0x7] policy="" op="" ret=0x0 err=false writes=0
apple:/bin/ps	[trap] num=75 (0x4b) pc=0x1804b09b0 args=[0x7014d8000,0x100000,0x7,0x0,0x0,0x27ff600,0x65,0xfffff0007ffff800]
apple:/bin/ps	[m47] num=75 args=[0x7014d8000,0x100000,0x7] policy="" op="" ret=0x0 err=false writes=0
apple:/bin/ps	[trap] num=75 (0x4b) pc=0x1804b09b0 args=[0x7014d8000,0x100000,0x7,0x0,0x0,0x27ff600,0x20,0xfffff0007ffff800]
apple:/bin/ps	[m47] num=75 args=[0x7014d8000,0x100000,0x7] policy="" op="" ret=0x0 err=false writes=0
apple:/bin/ps	[trap] num=75 (0x4b) pc=0x1804b09b0 args=[0x7014d8000,0x100000,0x7,0x0,0x0,0x20,0x3ff800,0xfffff0007ffff800]
apple:/bin/ps	[m47] num=75 args=[0x7014d8000,0x100000,0x7] policy="" op="" ret=0x0 err=false writes=0
apple:/bin/ps	[trap] num=75 (0x4b) pc=0x1804b09b0 args=[0x7014d8000,0x100000,0x7,0x0,0x0,0x27ff600,0x68,0xfffff0007ffff800]
apple:/bin/ps	[m47] num=75 args=[0x7014d8000,0x100000,0x7] policy="" op="" ret=0x0 err=false writes=0
apple:/bin/ps	[trap] num=75 (0x4b) pc=0x1804b09b0 args=[0x7014d8000,0x100000,0x7,0x0,0x0,0x27ff600,0x65646f636e65706f,0xfffff0007ffff800]
apple:/bin/ps	[m47] num=75 args=[0x7014d8000,0x100000,0x7] policy="" op="" ret=0x0 err=false writes=0
apple:/bin/ps	[trap] num=75 (0x4b) pc=0x1804b09b0 args=[0x701400000,0x88000,0x7,0x0,0x0,0x1ec701f90,0x65646f636e65706f,0xfffff0003ffff800]
apple:/bin/ps	[m47] num=75 args=[0x701400000,0x88000,0x7] policy="" op="" ret=0x0 err=false writes=0
apple:/bin/ps	[trap] num=75 (0x4b) pc=0x1804b09b0 args=[0x701488000,0x40000,0x7,0x0,0x0,0x0,0x0,0xfffff0003ffff800]
apple:/bin/ps	[m47] num=75 args=[0x701488000,0x40000,0x7] policy="" op="" ret=0x0 err=false writes=0
apple:/bin/pwd	[trap] num=381 (0x17d) pc=0x180119ecc args=[0x1801b7eb4,0x2,0x27ff2f0,0xa,0x73,0x69,0x0,0x20]
apple:/bin/pwd	[m47] num=381 args=[0x1801b7eb4,0x2,0x27ff2f0] policy="Sandbox" op="syscall-unix" ret=0xe err=true writes=0
apple:/bin/pwd	[trap] num=381 (0x17d) pc=0x180119ecc args=[0x1801b4bf1,0x5a,0x27ff370,0xa,0x0,0x72,0x0,0x90]
apple:/bin/pwd	[m47] amfi policy_resident="AMFI\0"
apple:/bin/pwd	[probe] AMFI dyld policy in=0x0 r=0 out=0x1df out_ptr=0x27ff368
apple:/bin/pwd	[trap] num=381 (0x17d) pc=0x180119ecc args=[0x1801b7eb4,0x2,0x27fee40,0xa,0x73,0x69,0x0,0x80]
apple:/bin/pwd	[m47] num=381 args=[0x1801b7eb4,0x2,0x27fee40] policy="Sandbox" op="syscall-unix" ret=0xe err=true writes=0
apple:/bin/pwd	[trap] num=381 (0x17d) pc=0x180119ecc args=[0x1801b7eb4,0x2,0x27fbf10,0xa,0x73,0x69,0x1,0x27fcc18]
apple:/bin/pwd	[m47] num=381 args=[0x1801b7eb4,0x2,0x27fbf10] policy="Sandbox" op="syscall-unix" ret=0xe err=true writes=0
apple:/bin/realpath	[trap] num=381 (0x17d) pc=0x180119ecc args=[0x1801b7eb4,0x2,0x27ff2e0,0xa,0x73,0x69,0x0,0x20]
apple:/bin/realpath	[m47] num=381 args=[0x1801b7eb4,0x2,0x27ff2e0] policy="Sandbox" op="syscall-unix" ret=0xe err=true writes=0
apple:/bin/realpath	[trap] num=381 (0x17d) pc=0x180119ecc args=[0x1801b4bf1,0x5a,0x27ff360,0xa,0x0,0x72,0x0,0x90]
apple:/bin/realpath	[m47] amfi policy_resident="AMFI\0"
apple:/bin/realpath	[probe] AMFI dyld policy in=0x0 r=0 out=0x1df out_ptr=0x27ff358
apple:/bin/realpath	[trap] num=381 (0x17d) pc=0x180119ecc args=[0x1801b7eb4,0x2,0x27fee30,0xa,0x73,0x69,0x0,0x80]
apple:/bin/realpath	[m47] num=381 args=[0x1801b7eb4,0x2,0x27fee30] policy="Sandbox" op="syscall-unix" ret=0xe err=true writes=0
apple:/bin/realpath	[trap] num=381 (0x17d) pc=0x180119ecc args=[0x1801b7eb4,0x2,0x27fbf00,0xa,0x73,0x69,0x1,0x27fcc08]
apple:/bin/realpath	[m47] num=381 args=[0x1801b7eb4,0x2,0x27fbf00] policy="Sandbox" op="syscall-unix" ret=0xe err=true writes=0
apple:/bin/rm	[trap] num=381 (0x17d) pc=0x180119ecc args=[0x1801b7eb4,0x2,0x27ff2f0,0xa,0x73,0x69,0x6d722f6e69622f,0x20]
apple:/bin/rm	[m47] num=381 args=[0x1801b7eb4,0x2,0x27ff2f0] policy="Sandbox" op="syscall-unix" ret=0xe err=true writes=0
apple:/bin/rm	[trap] num=381 (0x17d) pc=0x180119ecc args=[0x1801b4bf1,0x5a,0x27ff370,0x2,0x8,0x72,0x6d722f6e69622f,0x90]
apple:/bin/rm	[m47] amfi policy_resident="AMFI\0"
apple:/bin/rm	[probe] AMFI dyld policy in=0x0 r=0 out=0x1df out_ptr=0x27ff368
apple:/bin/rm	[trap] num=381 (0x17d) pc=0x180119ecc args=[0x1801b7eb4,0x2,0x27fee40,0xa,0x73,0x69,0x0,0x80]
apple:/bin/rm	[m47] num=381 args=[0x1801b7eb4,0x2,0x27fee40] policy="Sandbox" op="syscall-unix" ret=0xe err=true writes=0
apple:/bin/rm	[trap] num=381 (0x17d) pc=0x180119ecc args=[0x1801b7eb4,0x2,0x27fbf10,0xa,0x73,0x69,0x1,0x27fcc18]
apple:/bin/rm	[m47] num=381 args=[0x1801b7eb4,0x2,0x27fbf10] policy="Sandbox" op="syscall-unix" ret=0xe err=true writes=0
apple:/bin/rmdir	[trap] num=381 (0x17d) pc=0x180119ecc args=[0x1801b7eb4,0x2,0x27ff2e0,0xa,0x73,0x69,0x0,0x20]
apple:/bin/rmdir	[m47] num=381 args=[0x1801b7eb4,0x2,0x27ff2e0] policy="Sandbox" op="syscall-unix" ret=0xe err=true writes=0
apple:/bin/rmdir	[trap] num=381 (0x17d) pc=0x180119ecc args=[0x1801b4bf1,0x5a,0x27ff360,0x2,0x8,0x72,0x0,0x90]
apple:/bin/rmdir	[m47] amfi policy_resident="AMFI\0"
apple:/bin/rmdir	[probe] AMFI dyld policy in=0x0 r=0 out=0x1df out_ptr=0x27ff358
apple:/bin/rmdir	[trap] num=381 (0x17d) pc=0x180119ecc args=[0x1801b7eb4,0x2,0x27fee30,0xa,0x73,0x69,0x0,0x80]
apple:/bin/rmdir	[m47] num=381 args=[0x1801b7eb4,0x2,0x27fee30] policy="Sandbox" op="syscall-unix" ret=0xe err=true writes=0
apple:/bin/rmdir	[trap] num=381 (0x17d) pc=0x180119ecc args=[0x1801b7eb4,0x2,0x27fbf00,0xa,0x73,0x69,0x1,0x27fcc08]
apple:/bin/rmdir	[m47] num=381 args=[0x1801b7eb4,0x2,0x27fbf00] policy="Sandbox" op="syscall-unix" ret=0xe err=true writes=0
apple:/bin/sh	[trap] num=381 (0x17d) pc=0x180119ecc args=[0x1801b7eb4,0x2,0x27ff2f0,0xa,0x73,0x69,0x68732f6e69622f,0x20]
apple:/bin/sh	[m47] num=381 args=[0x1801b7eb4,0x2,0x27ff2f0] policy="Sandbox" op="syscall-unix" ret=0xe err=true writes=0
apple:/bin/sh	[trap] num=381 (0x17d) pc=0x180119ecc args=[0x1801b4bf1,0x5a,0x27ff370,0xa,0x0,0x72,0x68732f6e69622f,0x90]
apple:/bin/sh	[m47] amfi policy_resident="AMFI\0"
apple:/bin/sh	[probe] AMFI dyld policy in=0x0 r=0 out=0x1df out_ptr=0x27ff368
apple:/bin/sh	[trap] num=381 (0x17d) pc=0x180119ecc args=[0x1801b7eb4,0x2,0x27fee40,0xa,0x73,0x69,0x0,0x80]
apple:/bin/sh	[m47] num=381 args=[0x1801b7eb4,0x2,0x27fee40] policy="Sandbox" op="syscall-unix" ret=0xe err=true writes=0
apple:/bin/sh	[trap] num=381 (0x17d) pc=0x180119ecc args=[0x1801b7eb4,0x2,0x27fbf10,0xa,0x73,0x69,0x1,0x27fcc18]
apple:/bin/sh	[m47] num=381 args=[0x1801b7eb4,0x2,0x27fbf10] policy="Sandbox" op="syscall-unix" ret=0xe err=true writes=0
apple:/bin/sleep	[trap] num=381 (0x17d) pc=0x180119ecc args=[0x1801b7eb4,0x2,0x27ff2e0,0xa,0x73,0x69,0x0,0x20]
apple:/bin/sleep	[m47] num=381 args=[0x1801b7eb4,0x2,0x27ff2e0] policy="Sandbox" op="syscall-unix" ret=0xe err=true writes=0
apple:/bin/sleep	[trap] num=381 (0x17d) pc=0x180119ecc args=[0x1801b4bf1,0x5a,0x27ff360,0x2,0x8,0x72,0x0,0x90]
apple:/bin/sleep	[m47] amfi policy_resident="AMFI\0"
apple:/bin/sleep	[probe] AMFI dyld policy in=0x0 r=0 out=0x1df out_ptr=0x27ff358
apple:/bin/sleep	[trap] num=381 (0x17d) pc=0x180119ecc args=[0x1801b7eb4,0x2,0x27fee30,0xa,0x73,0x69,0x0,0x80]
apple:/bin/sleep	[m47] num=381 args=[0x1801b7eb4,0x2,0x27fee30] policy="Sandbox" op="syscall-unix" ret=0xe err=true writes=0
apple:/bin/sleep	[trap] num=381 (0x17d) pc=0x180119ecc args=[0x1801b7eb4,0x2,0x27fbf00,0xa,0x73,0x69,0x1,0x27fcc08]
apple:/bin/sleep	[m47] num=381 args=[0x1801b7eb4,0x2,0x27fbf00] policy="Sandbox" op="syscall-unix" ret=0xe err=true writes=0
apple:/bin/stty	[trap] num=381 (0x17d) pc=0x180119ecc args=[0x1801b7eb4,0x2,0x27ff2e0,0xa,0x73,0x69,0x0,0x20]
apple:/bin/stty	[m47] num=381 args=[0x1801b7eb4,0x2,0x27ff2e0] policy="Sandbox" op="syscall-unix" ret=0xe err=true writes=0
apple:/bin/stty	[trap] num=381 (0x17d) pc=0x180119ecc args=[0x1801b4bf1,0x5a,0x27ff360,0x2,0x8,0x72,0x0,0x90]
apple:/bin/stty	[m47] amfi policy_resident="AMFI\0"
apple:/bin/stty	[probe] AMFI dyld policy in=0x0 r=0 out=0x1df out_ptr=0x27ff358
apple:/bin/stty	[trap] num=381 (0x17d) pc=0x180119ecc args=[0x1801b7eb4,0x2,0x27fee30,0xa,0x73,0x69,0x0,0x80]
apple:/bin/stty	[m47] num=381 args=[0x1801b7eb4,0x2,0x27fee30] policy="Sandbox" op="syscall-unix" ret=0xe err=true writes=0
apple:/bin/stty	[trap] num=381 (0x17d) pc=0x180119ecc args=[0x1801b7eb4,0x2,0x27fbf00,0xa,0x73,0x69,0x1,0x27fcc08]
apple:/bin/stty	[m47] num=381 args=[0x1801b7eb4,0x2,0x27fbf00] policy="Sandbox" op="syscall-unix" ret=0xe err=true writes=0
apple:/bin/sync	[trap] num=381 (0x17d) pc=0x180119ecc args=[0x1801b7eb4,0x2,0x27ff2e0,0xa,0x73,0x69,0x0,0x20]
apple:/bin/sync	[m47] num=381 args=[0x1801b7eb4,0x2,0x27ff2e0] policy="Sandbox" op="syscall-unix" ret=0xe err=true writes=0
apple:/bin/sync	[trap] num=381 (0x17d) pc=0x180119ecc args=[0x1801b4bf1,0x5a,0x27ff360,0xa,0x0,0x72,0x0,0x90]
apple:/bin/sync	[m47] amfi policy_resident="AMFI\0"
apple:/bin/sync	[probe] AMFI dyld policy in=0x0 r=0 out=0x1df out_ptr=0x27ff358
apple:/bin/sync	[trap] num=381 (0x17d) pc=0x180119ecc args=[0x1801b7eb4,0x2,0x27fee30,0xa,0x73,0x69,0x0,0x80]
apple:/bin/sync	[m47] num=381 args=[0x1801b7eb4,0x2,0x27fee30] policy="Sandbox" op="syscall-unix" ret=0xe err=true writes=0
apple:/bin/sync	[trap] num=381 (0x17d) pc=0x180119ecc args=[0x1801b7eb4,0x2,0x27fbf00,0xa,0x73,0x69,0x1,0x27fcc08]
apple:/bin/sync	[m47] num=381 args=[0x1801b7eb4,0x2,0x27fbf00] policy="Sandbox" op="syscall-unix" ret=0xe err=true writes=0
apple:/bin/tcsh	[trap] num=381 (0x17d) pc=0x180119ecc args=[0x1801b7eb4,0x2,0x27ff2e0,0xa,0x73,0x69,0x0,0x20]
apple:/bin/tcsh	[m47] num=381 args=[0x1801b7eb4,0x2,0x27ff2e0] policy="Sandbox" op="syscall-unix" ret=0xe err=true writes=0
apple:/bin/tcsh	[trap] num=381 (0x17d) pc=0x180119ecc args=[0x1801b4bf1,0x5a,0x27ff360,0x2,0x8,0x72,0x0,0x90]
apple:/bin/tcsh	[m47] amfi policy_resident="AMFI\0"
apple:/bin/tcsh	[probe] AMFI dyld policy in=0x0 r=0 out=0x1df out_ptr=0x27ff358
apple:/bin/tcsh	[trap] num=381 (0x17d) pc=0x180119ecc args=[0x1801b7eb4,0x2,0x27fee30,0xa,0x73,0x69,0x0,0x80]
apple:/bin/tcsh	[m47] num=381 args=[0x1801b7eb4,0x2,0x27fee30] policy="Sandbox" op="syscall-unix" ret=0xe err=true writes=0
apple:/bin/tcsh	[trap] num=381 (0x17d) pc=0x180119ecc args=[0x1801b7eb4,0x2,0x27fbf00,0xa,0x73,0x69,0x1,0x27fcc08]
apple:/bin/tcsh	[m47] num=381 args=[0x1801b7eb4,0x2,0x27fbf00] policy="Sandbox" op="syscall-unix" ret=0xe err=true writes=0
apple:/bin/test	[trap] num=381 (0x17d) pc=0x180119ecc args=[0x1801b7eb4,0x2,0x27ff2e0,0xa,0x73,0x69,0x0,0x20]
apple:/bin/test	[m47] num=381 args=[0x1801b7eb4,0x2,0x27ff2e0] policy="Sandbox" op="syscall-unix" ret=0xe err=true writes=0
apple:/bin/test	[trap] num=381 (0x17d) pc=0x180119ecc args=[0x1801b4bf1,0x5a,0x27ff360,0x2,0x8,0x72,0x0,0x90]
apple:/bin/test	[m47] amfi policy_resident="AMFI\0"
apple:/bin/test	[probe] AMFI dyld policy in=0x0 r=0 out=0x1df out_ptr=0x27ff358
apple:/bin/test	[trap] num=381 (0x17d) pc=0x180119ecc args=[0x1801b7eb4,0x2,0x27fee30,0xa,0x73,0x69,0x0,0x80]
apple:/bin/test	[m47] num=381 args=[0x1801b7eb4,0x2,0x27fee30] policy="Sandbox" op="syscall-unix" ret=0xe err=true writes=0
apple:/bin/test	[trap] num=381 (0x17d) pc=0x180119ecc args=[0x1801b7eb4,0x2,0x27fbf00,0xa,0x73,0x69,0x1,0x27fcc08]
apple:/bin/test	[m47] num=381 args=[0x1801b7eb4,0x2,0x27fbf00] policy="Sandbox" op="syscall-unix" ret=0xe err=true writes=0
apple:/bin/unlink	[trap] num=381 (0x17d) pc=0x180119ecc args=[0x1801b7eb4,0x2,0x27ff2e0,0xa,0x73,0x69,0x0,0x20]
apple:/bin/unlink	[m47] num=381 args=[0x1801b7eb4,0x2,0x27ff2e0] policy="Sandbox" op="syscall-unix" ret=0xe err=true writes=0
apple:/bin/unlink	[trap] num=381 (0x17d) pc=0x180119ecc args=[0x1801b4bf1,0x5a,0x27ff360,0x2,0x8,0x72,0x0,0x90]
apple:/bin/unlink	[m47] amfi policy_resident="AMFI\0"
apple:/bin/unlink	[probe] AMFI dyld policy in=0x0 r=0 out=0x1df out_ptr=0x27ff358
apple:/bin/unlink	[trap] num=381 (0x17d) pc=0x180119ecc args=[0x1801b7eb4,0x2,0x27fee30,0xa,0x73,0x69,0x0,0x80]
apple:/bin/unlink	[m47] num=381 args=[0x1801b7eb4,0x2,0x27fee30] policy="Sandbox" op="syscall-unix" ret=0xe err=true writes=0
apple:/bin/unlink	[trap] num=381 (0x17d) pc=0x180119ecc args=[0x1801b7eb4,0x2,0x27fbf00,0xa,0x73,0x69,0x1,0x27fcc08]
apple:/bin/unlink	[m47] num=381 args=[0x1801b7eb4,0x2,0x27fbf00] policy="Sandbox" op="syscall-unix" ret=0xe err=true writes=0
apple:/bin/wait4path	[trap] num=381 (0x17d) pc=0x180119ecc args=[0x1801b7eb4,0x2,0x27ff2e0,0xa,0x73,0x69,0x0,0x20]
apple:/bin/wait4path	[m47] num=381 args=[0x1801b7eb4,0x2,0x27ff2e0] policy="Sandbox" op="syscall-unix" ret=0xe err=true writes=0
apple:/bin/wait4path	[trap] num=381 (0x17d) pc=0x180119ecc args=[0x1801b4bf1,0x5a,0x27ff360,0xa,0x0,0x72,0x0,0x90]
apple:/bin/wait4path	[m47] amfi policy_resident="AMFI\0"
apple:/bin/wait4path	[probe] AMFI dyld policy in=0x0 r=0 out=0x1df out_ptr=0x27ff358
apple:/bin/wait4path	[trap] num=381 (0x17d) pc=0x180119ecc args=[0x1801b7eb4,0x2,0x27fee30,0xa,0x73,0x69,0x0,0x80]
apple:/bin/wait4path	[m47] num=381 args=[0x1801b7eb4,0x2,0x27fee30] policy="Sandbox" op="syscall-unix" ret=0xe err=true writes=0
apple:/bin/wait4path	[trap] num=381 (0x17d) pc=0x180119ecc args=[0x1801b7eb4,0x2,0x27fbf00,0xa,0x73,0x69,0x1,0x27fcc08]
apple:/bin/wait4path	[m47] num=381 args=[0x1801b7eb4,0x2,0x27fbf00] policy="Sandbox" op="syscall-unix" ret=0xe err=true writes=0
apple:/bin/zsh	[trap] num=381 (0x17d) pc=0x180119ecc args=[0x1801b7eb4,0x2,0x27ff2f0,0xa,0x73,0x69,0x0,0x20]
apple:/bin/zsh	[m47] num=381 args=[0x1801b7eb4,0x2,0x27ff2f0] policy="Sandbox" op="syscall-unix" ret=0xe err=true writes=0
apple:/bin/zsh	[trap] num=381 (0x17d) pc=0x180119ecc args=[0x1801b4bf1,0x5a,0x27ff370,0x2,0x8,0x72,0x0,0x90]
apple:/bin/zsh	[m47] amfi policy_resident="AMFI\0"
apple:/bin/zsh	[probe] AMFI dyld policy in=0x0 r=0 out=0x1df out_ptr=0x27ff368
apple:/bin/zsh	[trap] num=381 (0x17d) pc=0x180119ecc args=[0x1801b7eb4,0x2,0x27fee40,0xa,0x73,0x69,0x0,0x80]
apple:/bin/zsh	[m47] num=381 args=[0x1801b7eb4,0x2,0x27fee40] policy="Sandbox" op="syscall-unix" ret=0xe err=true writes=0
apple:/bin/zsh	[trap] num=381 (0x17d) pc=0x180119ecc args=[0x1801b7eb4,0x2,0x27fbf10,0xa,0x73,0x69,0x1,0x27fcc18]
apple:/bin/zsh	[m47] num=381 args=[0x1801b7eb4,0x2,0x27fbf10] policy="Sandbox" op="syscall-unix" ret=0xe err=true writes=0
apple:/bin/zsh	[trap] num=75 (0x4b) pc=0x1804b09b0 args=[0xa005f0000,0xc000,0x7,0x0,0x0,0x0,0x1,0x0]
apple:/bin/zsh	[m47] num=75 args=[0xa005f0000,0xc000,0x7] policy="" op="" ret=0x0 err=false writes=0
apple:/bin/zsh	[trap] num=75 (0x4b) pc=0x1804b09b0 args=[0xa005e4000,0xc000,0x7,0x0,0x0,0x0,0x33,0x0]
apple:/bin/zsh	[m47] num=75 args=[0xa005e4000,0xc000,0x7] policy="" op="" ret=0x0 err=false writes=0
apple:/usr/bin/automationmodetool	[trap] num=381 (0x17d) pc=0x180119ecc args=[0x1801b7eb4,0x2,0x27ff2c0,0xa,0x73,0x69,0x0,0x20]
apple:/usr/bin/automationmodetool	[m47] num=381 args=[0x1801b7eb4,0x2,0x27ff2c0] policy="Sandbox" op="syscall-unix" ret=0xe err=true writes=0
apple:/usr/bin/automationmodetool	[trap] num=381 (0x17d) pc=0x180119ecc args=[0x1801b4bf1,0x5a,0x27ff340,0x2,0x8,0x72,0x0,0x90]
apple:/usr/bin/automationmodetool	[m47] amfi policy_resident="AMFI\0"
apple:/usr/bin/automationmodetool	[probe] AMFI dyld policy in=0x0 r=0 out=0x1df out_ptr=0x27ff338
apple:/usr/bin/automationmodetool	[trap] num=381 (0x17d) pc=0x180119ecc args=[0x1801b7eb4,0x2,0x27fee10,0xa,0x73,0x69,0x0,0x80]
apple:/usr/bin/automationmodetool	[m47] num=381 args=[0x1801b7eb4,0x2,0x27fee10] policy="Sandbox" op="syscall-unix" ret=0xe err=true writes=0
apple:/usr/bin/automationmodetool	[trap] num=381 (0x17d) pc=0x180119ecc args=[0x1801b7eb4,0x2,0x27fbee0,0xa,0x73,0x69,0x1,0x27fcbe8]
apple:/usr/bin/automationmodetool	[m47] num=381 args=[0x1801b7eb4,0x2,0x27fbee0] policy="Sandbox" op="syscall-unix" ret=0xe err=true writes=0
apple:/usr/bin/automationmodetool	[trap] num=381 (0x17d) pc=0x1804af730 args=[0x180231d05,0x5a,0x27ff2e0,0x14,0x6b600,0x27ff080,0x74,0x470]
apple:/usr/bin/automationmodetool	[m47] amfi policy_resident="AMFI\0"
apple:/usr/bin/automationmodetool	[probe] AMFI dyld policy in=0x0 r=0 out=0x1df out_ptr=0x27ff2d8
apple:/usr/bin/desdp	[trap] num=381 (0x17d) pc=0x180119ecc args=[0x1801b7eb4,0x2,0x27ff2e0,0xa,0x73,0x69,0x0,0x20]
apple:/usr/bin/desdp	[m47] num=381 args=[0x1801b7eb4,0x2,0x27ff2e0] policy="Sandbox" op="syscall-unix" ret=0xe err=true writes=0
apple:/usr/bin/desdp	[trap] num=381 (0x17d) pc=0x180119ecc args=[0x1801b4bf1,0x5a,0x27ff360,0x2,0x8,0x72,0x0,0x90]
apple:/usr/bin/desdp	[m47] amfi policy_resident="AMFI\0"
apple:/usr/bin/desdp	[probe] AMFI dyld policy in=0x0 r=0 out=0x1df out_ptr=0x27ff358
apple:/usr/bin/desdp	[trap] num=381 (0x17d) pc=0x180119ecc args=[0x1801b7eb4,0x2,0x27fee30,0xa,0x73,0x69,0x0,0x80]
apple:/usr/bin/desdp	[m47] num=381 args=[0x1801b7eb4,0x2,0x27fee30] policy="Sandbox" op="syscall-unix" ret=0xe err=true writes=0
apple:/usr/bin/desdp	[trap] num=381 (0x17d) pc=0x180119ecc args=[0x1801b7eb4,0x2,0x27fbf00,0xa,0x73,0x69,0x1,0x27fcc08]
apple:/usr/bin/desdp	[m47] num=381 args=[0x1801b7eb4,0x2,0x27fbf00] policy="Sandbox" op="syscall-unix" ret=0xe err=true writes=0
apple:/usr/bin/desdp	[trap] num=381 (0x17d) pc=0x1804af730 args=[0x18df1ac55,0x4,0x27fe778,0x27feb88,0x27fe840,0x20,0x0,0x0]
apple:/usr/bin/desdp	[m47] num=381 args=[0x18df1ac55,0x4,0x27fe778] policy="Sandbox" op="" ret=0x2d err=true writes=0
apple:/usr/bin/desdp	[trap] num=381 (0x17d) pc=0x1804af730 args=[0x180231d05,0x5a,0x27fd4b0,0x6cd10,0x6cc80,0x27fd250,0x74,0x470]
apple:/usr/bin/desdp	[m47] amfi policy_resident="AMFI\0"
apple:/usr/bin/desdp	[probe] AMFI dyld policy in=0x0 r=0 out=0x1df out_ptr=0x27fd4a8
apple:/usr/bin/desdp	[trap] num=381 (0x17d) pc=0x1804af730 args=[0x18df1ac55,0x4,0x27fd4a8,0x1,0x1e9c2fc00,0x3de,0x0,0x3de]
apple:/usr/bin/desdp	[m47] num=381 args=[0x18df1ac55,0x4,0x27fd4a8] policy="Sandbox" op="" ret=0x2d err=true writes=0
apple:/usr/bin/dyld_info	[trap] num=381 (0x17d) pc=0x180119ecc args=[0x1801b7eb4,0x2,0x27ff2d0,0xa,0x73,0x69,0x0,0x20]
apple:/usr/bin/dyld_info	[m47] num=381 args=[0x1801b7eb4,0x2,0x27ff2d0] policy="Sandbox" op="syscall-unix" ret=0xe err=true writes=0
apple:/usr/bin/dyld_info	[trap] num=381 (0x17d) pc=0x180119ecc args=[0x1801b4bf1,0x5a,0x27ff350,0x2,0x8,0x72,0x0,0x90]
apple:/usr/bin/dyld_info	[m47] amfi policy_resident="AMFI\0"
apple:/usr/bin/dyld_info	[probe] AMFI dyld policy in=0x0 r=0 out=0x1df out_ptr=0x27ff348
apple:/usr/bin/dyld_info	[trap] num=381 (0x17d) pc=0x180119ecc args=[0x1801b7eb4,0x2,0x27fee20,0xa,0x73,0x69,0x0,0x80]
apple:/usr/bin/dyld_info	[m47] num=381 args=[0x1801b7eb4,0x2,0x27fee20] policy="Sandbox" op="syscall-unix" ret=0xe err=true writes=0
apple:/usr/bin/dyld_info	[trap] num=381 (0x17d) pc=0x180119ecc args=[0x1801b7eb4,0x2,0x27fbef0,0xa,0x73,0x69,0x1,0x27fcbf8]
apple:/usr/bin/dyld_info	[m47] num=381 args=[0x1801b7eb4,0x2,0x27fbef0] policy="Sandbox" op="syscall-unix" ret=0xe err=true writes=0
apple:/usr/bin/dyld_info	[trap] num=381 (0x17d) pc=0x1804af730 args=[0x18df1ac55,0x4,0x27fe758,0x27feb68,0x27fe800,0x6c,0x0,0x640]
apple:/usr/bin/dyld_info	[m47] num=381 args=[0x18df1ac55,0x4,0x27fe758] policy="Sandbox" op="" ret=0x2d err=true writes=0
apple:/usr/bin/dyld_info	[trap] num=381 (0x17d) pc=0x1804af730 args=[0x180231d05,0x5a,0x27fd490,0x6d180,0x6d100,0x27fd230,0x74,0x470]
apple:/usr/bin/dyld_info	[m47] amfi policy_resident="AMFI\0"
apple:/usr/bin/dyld_info	[probe] AMFI dyld policy in=0x0 r=0 out=0x1df out_ptr=0x27fd488
apple:/usr/bin/dyld_info	[trap] num=381 (0x17d) pc=0x1804af730 args=[0x18df1ac55,0x4,0x27fd488,0x1,0x1e9c2fc00,0x3de,0x0,0x3de]
apple:/usr/bin/dyld_info	[m47] num=381 args=[0x18df1ac55,0x4,0x27fd488] policy="Sandbox" op="" ret=0x2d err=true writes=0
apple:/usr/bin/flex	[trap] num=381 (0x17d) pc=0x180119ecc args=[0x1801b7eb4,0x2,0x27ff2e0,0xa,0x73,0x69,0x0,0x20]
apple:/usr/bin/flex	[m47] num=381 args=[0x1801b7eb4,0x2,0x27ff2e0] policy="Sandbox" op="syscall-unix" ret=0xe err=true writes=0
apple:/usr/bin/flex	[trap] num=381 (0x17d) pc=0x180119ecc args=[0x1801b4bf1,0x5a,0x27ff360,0x2,0x8,0x72,0x0,0x90]
apple:/usr/bin/flex	[m47] amfi policy_resident="AMFI\0"
apple:/usr/bin/flex	[probe] AMFI dyld policy in=0x0 r=0 out=0x1df out_ptr=0x27ff358
apple:/usr/bin/flex	[trap] num=381 (0x17d) pc=0x180119ecc args=[0x1801b7eb4,0x2,0x27fee30,0xa,0x73,0x69,0x0,0x80]
apple:/usr/bin/flex	[m47] num=381 args=[0x1801b7eb4,0x2,0x27fee30] policy="Sandbox" op="syscall-unix" ret=0xe err=true writes=0
apple:/usr/bin/flex	[trap] num=381 (0x17d) pc=0x180119ecc args=[0x1801b7eb4,0x2,0x27fbf00,0xa,0x73,0x69,0x1,0x27fcc08]
apple:/usr/bin/flex	[m47] num=381 args=[0x1801b7eb4,0x2,0x27fbf00] policy="Sandbox" op="syscall-unix" ret=0xe err=true writes=0
apple:/usr/bin/flex	[trap] num=381 (0x17d) pc=0x1804af730 args=[0x18df1ac55,0x4,0x27fe768,0x27feb78,0x27fe800,0x6c,0x0,0x640]
apple:/usr/bin/flex	[m47] num=381 args=[0x18df1ac55,0x4,0x27fe768] policy="Sandbox" op="" ret=0x2d err=true writes=0
apple:/usr/bin/flex	[trap] num=381 (0x17d) pc=0x1804af730 args=[0x180231d05,0x5a,0x27fd4a0,0x6b2b0,0x6b200,0x27fd240,0x74,0x470]
apple:/usr/bin/flex	[m47] amfi policy_resident="AMFI\0"
apple:/usr/bin/flex	[probe] AMFI dyld policy in=0x0 r=0 out=0x1df out_ptr=0x27fd498
apple:/usr/bin/flex	[trap] num=381 (0x17d) pc=0x1804af730 args=[0x18df1ac55,0x4,0x27fd498,0x1,0x1e9c2fc00,0x3de,0x0,0x3de]
apple:/usr/bin/flex	[m47] num=381 args=[0x18df1ac55,0x4,0x27fd498] policy="Sandbox" op="" ret=0x2d err=true writes=0
apple:/usr/bin/dddiagnose	[trap] num=381 (0x17d) pc=0x180119ecc args=[0x1801b7eb4,0x2,0x27ff2d0,0xa,0x73,0x69,0x0,0x20]
apple:/usr/bin/dddiagnose	[m47] num=381 args=[0x1801b7eb4,0x2,0x27ff2d0] policy="Sandbox" op="syscall-unix" ret=0xe err=true writes=0
apple:/usr/bin/dddiagnose	[trap] num=381 (0x17d) pc=0x180119ecc args=[0x1801b4bf1,0x5a,0x27ff350,0x2,0x8,0x72,0x0,0x90]
apple:/usr/bin/dddiagnose	[m47] amfi policy_resident="AMFI\0"
apple:/usr/bin/dddiagnose	[probe] AMFI dyld policy in=0x0 r=0 out=0x1df out_ptr=0x27ff348
apple:/usr/bin/dddiagnose	[trap] num=381 (0x17d) pc=0x180119ecc args=[0x1801b7eb4,0x2,0x27fee20,0xa,0x73,0x69,0x0,0x80]
apple:/usr/bin/dddiagnose	[m47] num=381 args=[0x1801b7eb4,0x2,0x27fee20] policy="Sandbox" op="syscall-unix" ret=0xe err=true writes=0
apple:/usr/bin/dddiagnose	[trap] num=381 (0x17d) pc=0x180119ecc args=[0x1801b7eb4,0x2,0x27fbef0,0xa,0x73,0x69,0x1,0x27fcbf8]
apple:/usr/bin/dddiagnose	[m47] num=381 args=[0x1801b7eb4,0x2,0x27fbef0] policy="Sandbox" op="syscall-unix" ret=0xe err=true writes=0
apple:/usr/bin/dddiagnose	[trap] num=381 (0x17d) pc=0x1804af730 args=[0x180231d05,0x5a,0x27fcca0,0x6b4f0,0x6b440,0x27fca40,0x74,0x470]
apple:/usr/bin/dddiagnose	[m47] amfi policy_resident="AMFI\0"
apple:/usr/bin/dddiagnose	[probe] AMFI dyld policy in=0x0 r=0 out=0x1df out_ptr=0x27fcc98
apple:/usr/bin/basename	[trap] num=381 (0x17d) pc=0x180119ecc args=[0x1801b7eb4,0x2,0x27ff2d0,0xa,0x73,0x69,0x0,0x20]
apple:/usr/bin/basename	[m47] num=381 args=[0x1801b7eb4,0x2,0x27ff2d0] policy="Sandbox" op="syscall-unix" ret=0xe err=true writes=0
apple:/usr/bin/basename	[trap] num=381 (0x17d) pc=0x180119ecc args=[0x1801b4bf1,0x5a,0x27ff350,0xa,0x0,0x72,0x0,0x90]
apple:/usr/bin/basename	[m47] amfi policy_resident="AMFI\0"
apple:/usr/bin/basename	[probe] AMFI dyld policy in=0x0 r=0 out=0x1df out_ptr=0x27ff348
apple:/usr/bin/basename	[trap] num=381 (0x17d) pc=0x180119ecc args=[0x1801b7eb4,0x2,0x27fee20,0xa,0x73,0x69,0x0,0x80]
apple:/usr/bin/basename	[m47] num=381 args=[0x1801b7eb4,0x2,0x27fee20] policy="Sandbox" op="syscall-unix" ret=0xe err=true writes=0
apple:/usr/bin/basename	[trap] num=381 (0x17d) pc=0x180119ecc args=[0x1801b7eb4,0x2,0x27fbef0,0xa,0x73,0x69,0x1,0x27fcbf8]
apple:/usr/bin/basename	[m47] num=381 args=[0x1801b7eb4,0x2,0x27fbef0] policy="Sandbox" op="syscall-unix" ret=0xe err=true writes=0
apple:/usr/bin/dirname	[trap] num=381 (0x17d) pc=0x180119ecc args=[0x1801b7eb4,0x2,0x27ff2e0,0xa,0x73,0x69,0x0,0x20]
apple:/usr/bin/dirname	[m47] num=381 args=[0x1801b7eb4,0x2,0x27ff2e0] policy="Sandbox" op="syscall-unix" ret=0xe err=true writes=0
apple:/usr/bin/dirname	[trap] num=381 (0x17d) pc=0x180119ecc args=[0x1801b4bf1,0x5a,0x27ff360,0xa,0x0,0x72,0x0,0x90]
apple:/usr/bin/dirname	[m47] amfi policy_resident="AMFI\0"
apple:/usr/bin/dirname	[probe] AMFI dyld policy in=0x0 r=0 out=0x1df out_ptr=0x27ff358
apple:/usr/bin/dirname	[trap] num=381 (0x17d) pc=0x180119ecc args=[0x1801b7eb4,0x2,0x27fee30,0xa,0x73,0x69,0x0,0x80]
apple:/usr/bin/dirname	[m47] num=381 args=[0x1801b7eb4,0x2,0x27fee30] policy="Sandbox" op="syscall-unix" ret=0xe err=true writes=0
apple:/usr/bin/dirname	[trap] num=381 (0x17d) pc=0x180119ecc args=[0x1801b7eb4,0x2,0x27fbf00,0xa,0x73,0x69,0x1,0x27fcc08]
apple:/usr/bin/dirname	[m47] num=381 args=[0x1801b7eb4,0x2,0x27fbf00] policy="Sandbox" op="syscall-unix" ret=0xe err=true writes=0
apple:/usr/bin/env	[trap] num=381 (0x17d) pc=0x180119ecc args=[0x1801b7eb4,0x2,0x27ff2e0,0xa,0x73,0x69,0x0,0x20]
apple:/usr/bin/env	[m47] num=381 args=[0x1801b7eb4,0x2,0x27ff2e0] policy="Sandbox" op="syscall-unix" ret=0xe err=true writes=0
apple:/usr/bin/env	[trap] num=381 (0x17d) pc=0x180119ecc args=[0x1801b4bf1,0x5a,0x27ff360,0x2,0x8,0x72,0x0,0x90]
apple:/usr/bin/env	[m47] amfi policy_resident="AMFI\0"
apple:/usr/bin/env	[probe] AMFI dyld policy in=0x0 r=0 out=0x1df out_ptr=0x27ff358
apple:/usr/bin/env	[trap] num=381 (0x17d) pc=0x180119ecc args=[0x1801b7eb4,0x2,0x27fee30,0xa,0x73,0x69,0x0,0x80]
apple:/usr/bin/env	[m47] num=381 args=[0x1801b7eb4,0x2,0x27fee30] policy="Sandbox" op="syscall-unix" ret=0xe err=true writes=0
apple:/usr/bin/env	[trap] num=381 (0x17d) pc=0x180119ecc args=[0x1801b7eb4,0x2,0x27fbf00,0xa,0x73,0x69,0x1,0x27fcc08]
apple:/usr/bin/env	[m47] num=381 args=[0x1801b7eb4,0x2,0x27fbf00] policy="Sandbox" op="syscall-unix" ret=0xe err=true writes=0
apple:/usr/bin/head	[trap] num=381 (0x17d) pc=0x180119ecc args=[0x1801b7eb4,0x2,0x27ff2e0,0xa,0x73,0x69,0x0,0x20]
apple:/usr/bin/head	[m47] num=381 args=[0x1801b7eb4,0x2,0x27ff2e0] policy="Sandbox" op="syscall-unix" ret=0xe err=true writes=0
apple:/usr/bin/head	[trap] num=381 (0x17d) pc=0x180119ecc args=[0x1801b4bf1,0x5a,0x27ff360,0xa,0x0,0x72,0x0,0x90]
apple:/usr/bin/head	[m47] amfi policy_resident="AMFI\0"
apple:/usr/bin/head	[probe] AMFI dyld policy in=0x0 r=0 out=0x1df out_ptr=0x27ff358
apple:/usr/bin/head	[trap] num=381 (0x17d) pc=0x180119ecc args=[0x1801b7eb4,0x2,0x27fee30,0xa,0x73,0x69,0x0,0x80]
apple:/usr/bin/head	[m47] num=381 args=[0x1801b7eb4,0x2,0x27fee30] policy="Sandbox" op="syscall-unix" ret=0xe err=true writes=0
apple:/usr/bin/head	[trap] num=381 (0x17d) pc=0x180119ecc args=[0x1801b7eb4,0x2,0x27fbf00,0xa,0x73,0x69,0x1,0x27fcc08]
apple:/usr/bin/head	[m47] num=381 args=[0x1801b7eb4,0x2,0x27fbf00] policy="Sandbox" op="syscall-unix" ret=0xe err=true writes=0
apple:/usr/bin/tail	[trap] num=381 (0x17d) pc=0x180119ecc args=[0x1801b7eb4,0x2,0x27ff2e0,0xa,0x73,0x69,0x0,0x20]
apple:/usr/bin/tail	[m47] num=381 args=[0x1801b7eb4,0x2,0x27ff2e0] policy="Sandbox" op="syscall-unix" ret=0xe err=true writes=0
apple:/usr/bin/tail	[trap] num=381 (0x17d) pc=0x180119ecc args=[0x1801b4bf1,0x5a,0x27ff360,0x2,0x8,0x72,0x0,0x90]
apple:/usr/bin/tail	[m47] amfi policy_resident="AMFI\0"
apple:/usr/bin/tail	[probe] AMFI dyld policy in=0x0 r=0 out=0x1df out_ptr=0x27ff358
apple:/usr/bin/tail	[trap] num=381 (0x17d) pc=0x180119ecc args=[0x1801b7eb4,0x2,0x27fee30,0xa,0x73,0x69,0x0,0x80]
apple:/usr/bin/tail	[m47] num=381 args=[0x1801b7eb4,0x2,0x27fee30] policy="Sandbox" op="syscall-unix" ret=0xe err=true writes=0
apple:/usr/bin/tail	[trap] num=381 (0x17d) pc=0x180119ecc args=[0x1801b7eb4,0x2,0x27fbf00,0xa,0x73,0x69,0x1,0x27fcc08]
apple:/usr/bin/tail	[m47] num=381 args=[0x1801b7eb4,0x2,0x27fbf00] policy="Sandbox" op="syscall-unix" ret=0xe err=true writes=0
apple:/usr/bin/sort	[trap] num=381 (0x17d) pc=0x180119ecc args=[0x1801b7eb4,0x2,0x27ff2e0,0xa,0x73,0x69,0x0,0x20]
apple:/usr/bin/sort	[m47] num=381 args=[0x1801b7eb4,0x2,0x27ff2e0] policy="Sandbox" op="syscall-unix" ret=0xe err=true writes=0
apple:/usr/bin/sort	[trap] num=381 (0x17d) pc=0x180119ecc args=[0x1801b4bf1,0x5a,0x27ff360,0x2,0x8,0x72,0x0,0x90]
apple:/usr/bin/sort	[m47] amfi policy_resident="AMFI\0"
apple:/usr/bin/sort	[probe] AMFI dyld policy in=0x0 r=0 out=0x1df out_ptr=0x27ff358
apple:/usr/bin/sort	[trap] num=381 (0x17d) pc=0x180119ecc args=[0x1801b7eb4,0x2,0x27fee30,0xa,0x73,0x69,0x0,0x80]
apple:/usr/bin/sort	[m47] num=381 args=[0x1801b7eb4,0x2,0x27fee30] policy="Sandbox" op="syscall-unix" ret=0xe err=true writes=0
apple:/usr/bin/sort	[trap] num=381 (0x17d) pc=0x180119ecc args=[0x1801b7eb4,0x2,0x27fbf00,0xa,0x73,0x69,0x1,0x27fcc08]
apple:/usr/bin/sort	[m47] num=381 args=[0x1801b7eb4,0x2,0x27fbf00] policy="Sandbox" op="syscall-unix" ret=0xe err=true writes=0
apple:/usr/bin/uniq	[trap] num=381 (0x17d) pc=0x180119ecc args=[0x1801b7eb4,0x2,0x27ff2e0,0xa,0x73,0x69,0x0,0x20]
apple:/usr/bin/uniq	[m47] num=381 args=[0x1801b7eb4,0x2,0x27ff2e0] policy="Sandbox" op="syscall-unix" ret=0xe err=true writes=0
apple:/usr/bin/uniq	[trap] num=381 (0x17d) pc=0x180119ecc args=[0x1801b4bf1,0x5a,0x27ff360,0x2,0x8,0x72,0x0,0x90]
apple:/usr/bin/uniq	[m47] amfi policy_resident="AMFI\0"
apple:/usr/bin/uniq	[probe] AMFI dyld policy in=0x0 r=0 out=0x1df out_ptr=0x27ff358
apple:/usr/bin/uniq	[trap] num=381 (0x17d) pc=0x180119ecc args=[0x1801b7eb4,0x2,0x27fee30,0xa,0x73,0x69,0x0,0x80]
apple:/usr/bin/uniq	[m47] num=381 args=[0x1801b7eb4,0x2,0x27fee30] policy="Sandbox" op="syscall-unix" ret=0xe err=true writes=0
apple:/usr/bin/uniq	[trap] num=381 (0x17d) pc=0x180119ecc args=[0x1801b7eb4,0x2,0x27fbf00,0xa,0x73,0x69,0x1,0x27fcc08]
apple:/usr/bin/uniq	[m47] num=381 args=[0x1801b7eb4,0x2,0x27fbf00] policy="Sandbox" op="syscall-unix" ret=0xe err=true writes=0
apple:/usr/bin/cut	[trap] num=381 (0x17d) pc=0x180119ecc args=[0x1801b7eb4,0x2,0x27ff2e0,0xa,0x73,0x69,0x0,0x20]
apple:/usr/bin/cut	[m47] num=381 args=[0x1801b7eb4,0x2,0x27ff2e0] policy="Sandbox" op="syscall-unix" ret=0xe err=true writes=0
apple:/usr/bin/cut	[trap] num=381 (0x17d) pc=0x180119ecc args=[0x1801b4bf1,0x5a,0x27ff360,0x2,0x8,0x72,0x0,0x90]
apple:/usr/bin/cut	[m47] amfi policy_resident="AMFI\0"
apple:/usr/bin/cut	[probe] AMFI dyld policy in=0x0 r=0 out=0x1df out_ptr=0x27ff358
apple:/usr/bin/cut	[trap] num=381 (0x17d) pc=0x180119ecc args=[0x1801b7eb4,0x2,0x27fee30,0xa,0x73,0x69,0x0,0x80]
apple:/usr/bin/cut	[m47] num=381 args=[0x1801b7eb4,0x2,0x27fee30] policy="Sandbox" op="syscall-unix" ret=0xe err=true writes=0
apple:/usr/bin/cut	[trap] num=381 (0x17d) pc=0x180119ecc args=[0x1801b7eb4,0x2,0x27fbf00,0xa,0x73,0x69,0x1,0x27fcc08]
apple:/usr/bin/cut	[m47] num=381 args=[0x1801b7eb4,0x2,0x27fbf00] policy="Sandbox" op="syscall-unix" ret=0xe err=true writes=0
apple:/usr/bin/tr	[trap] num=381 (0x17d) pc=0x180119ecc args=[0x1801b7eb4,0x2,0x27ff2e0,0xa,0x73,0x69,0x0,0x20]
apple:/usr/bin/tr	[m47] num=381 args=[0x1801b7eb4,0x2,0x27ff2e0] policy="Sandbox" op="syscall-unix" ret=0xe err=true writes=0
apple:/usr/bin/tr	[trap] num=381 (0x17d) pc=0x180119ecc args=[0x1801b4bf1,0x5a,0x27ff360,0x2,0x8,0x72,0x0,0x90]
apple:/usr/bin/tr	[m47] amfi policy_resident="AMFI\0"
apple:/usr/bin/tr	[probe] AMFI dyld policy in=0x0 r=0 out=0x1df out_ptr=0x27ff358
apple:/usr/bin/tr	[trap] num=381 (0x17d) pc=0x180119ecc args=[0x1801b7eb4,0x2,0x27fee30,0xa,0x73,0x69,0x0,0x80]
apple:/usr/bin/tr	[m47] num=381 args=[0x1801b7eb4,0x2,0x27fee30] policy="Sandbox" op="syscall-unix" ret=0xe err=true writes=0
apple:/usr/bin/tr	[trap] num=381 (0x17d) pc=0x180119ecc args=[0x1801b7eb4,0x2,0x27fbf00,0xa,0x73,0x69,0x1,0x27fcc08]
apple:/usr/bin/tr	[m47] num=381 args=[0x1801b7eb4,0x2,0x27fbf00] policy="Sandbox" op="syscall-unix" ret=0xe err=true writes=0
apple:/usr/bin/yes	[trap] num=381 (0x17d) pc=0x180119ecc args=[0x1801b7eb4,0x2,0x27ff2e0,0xa,0x73,0x69,0x0,0x20]
apple:/usr/bin/yes	[m47] num=381 args=[0x1801b7eb4,0x2,0x27ff2e0] policy="Sandbox" op="syscall-unix" ret=0xe err=true writes=0
apple:/usr/bin/yes	[trap] num=381 (0x17d) pc=0x180119ecc args=[0x1801b4bf1,0x5a,0x27ff360,0xa,0x0,0x72,0x0,0x90]
apple:/usr/bin/yes	[m47] amfi policy_resident="AMFI\0"
apple:/usr/bin/yes	[probe] AMFI dyld policy in=0x0 r=0 out=0x1df out_ptr=0x27ff358
apple:/usr/bin/yes	[trap] num=381 (0x17d) pc=0x180119ecc args=[0x1801b7eb4,0x2,0x27fee30,0xa,0x73,0x69,0x0,0x80]
apple:/usr/bin/yes	[m47] num=381 args=[0x1801b7eb4,0x2,0x27fee30] policy="Sandbox" op="syscall-unix" ret=0xe err=true writes=0
apple:/usr/bin/yes	[trap] num=381 (0x17d) pc=0x180119ecc args=[0x1801b7eb4,0x2,0x27fbf00,0xa,0x73,0x69,0x1,0x27fcc08]
apple:/usr/bin/yes	[m47] num=381 args=[0x1801b7eb4,0x2,0x27fbf00] policy="Sandbox" op="syscall-unix" ret=0xe err=true writes=0
apple:/usr/bin/true	[trap] num=381 (0x17d) pc=0x180119ecc args=[0x1801b7eb4,0x2,0x27ff2e0,0xa,0x73,0x69,0x0,0x20]
apple:/usr/bin/true	[m47] num=381 args=[0x1801b7eb4,0x2,0x27ff2e0] policy="Sandbox" op="syscall-unix" ret=0xe err=true writes=0
apple:/usr/bin/true	[trap] num=381 (0x17d) pc=0x180119ecc args=[0x1801b4bf1,0x5a,0x27ff360,0x2,0x8,0x0,0x0,0x90]
apple:/usr/bin/true	[m47] amfi policy_resident="AMFI\0"
apple:/usr/bin/true	[probe] AMFI dyld policy in=0x0 r=0 out=0x1df out_ptr=0x27ff358
apple:/usr/bin/true	[trap] num=381 (0x17d) pc=0x180119ecc args=[0x1801b7eb4,0x2,0x27fee30,0xa,0x73,0x69,0x0,0x80]
apple:/usr/bin/true	[m47] num=381 args=[0x1801b7eb4,0x2,0x27fee30] policy="Sandbox" op="syscall-unix" ret=0xe err=true writes=0
apple:/usr/bin/true	[trap] num=381 (0x17d) pc=0x180119ecc args=[0x1801b7eb4,0x2,0x27fbf00,0xa,0x73,0x69,0x1,0x27fcc08]
apple:/usr/bin/true	[m47] num=381 args=[0x1801b7eb4,0x2,0x27fbf00] policy="Sandbox" op="syscall-unix" ret=0xe err=true writes=0
apple:/usr/bin/printenv	[trap] num=381 (0x17d) pc=0x180119ecc args=[0x1801b7eb4,0x2,0x27ff2d0,0xa,0x73,0x69,0x0,0x20]
apple:/usr/bin/printenv	[m47] num=381 args=[0x1801b7eb4,0x2,0x27ff2d0] policy="Sandbox" op="syscall-unix" ret=0xe err=true writes=0
apple:/usr/bin/printenv	[trap] num=381 (0x17d) pc=0x180119ecc args=[0x1801b4bf1,0x5a,0x27ff350,0xa,0x0,0x72,0x0,0x90]
apple:/usr/bin/printenv	[m47] amfi policy_resident="AMFI\0"
apple:/usr/bin/printenv	[probe] AMFI dyld policy in=0x0 r=0 out=0x1df out_ptr=0x27ff348
apple:/usr/bin/printenv	[trap] num=381 (0x17d) pc=0x180119ecc args=[0x1801b7eb4,0x2,0x27fee20,0xa,0x73,0x69,0x0,0x80]
apple:/usr/bin/printenv	[m47] num=381 args=[0x1801b7eb4,0x2,0x27fee20] policy="Sandbox" op="syscall-unix" ret=0xe err=true writes=0
apple:/usr/bin/printenv	[trap] num=381 (0x17d) pc=0x180119ecc args=[0x1801b7eb4,0x2,0x27fbef0,0xa,0x73,0x69,0x1,0x27fcbf8]
apple:/usr/bin/printenv	[m47] num=381 args=[0x1801b7eb4,0x2,0x27fbef0] policy="Sandbox" op="syscall-unix" ret=0xe err=true writes=0
